prize_key,prize_name,sub_prize,year,laureate,full_name,citation,portion,institution,field,official_url,source
abel,Abel Prize,,2003,Jean-Pierre Serre,Jean-Pierre Serre,"""For playing a key role in shaping the modern form of many parts of mathematics, including topology , algebraic geometry and number theory .""",,Collège de France,,https://en.wikipedia.org/wiki/Abel_Prize,Wikipedia table
abel,Abel Prize,,2004,Michael Atiyah,Michael Atiyah,"""For their discovery and proof of the index theorem , bringing together topology , geometry and analysis , and their outstanding role in building new bridges between mathematics and theoretical physics .""",,University of Edinburgh ; University of Cambridge,,https://en.wikipedia.org/wiki/Abel_Prize,Wikipedia table
abel,Abel Prize,,2004,Isadore Singer,Isadore Singer,"""For their discovery and proof of the index theorem , bringing together topology , geometry and analysis , and their outstanding role in building new bridges between mathematics and theoretical physics .""",,"Massachusetts Institute of Technology ; University of California, Berkeley",,https://en.wikipedia.org/wiki/Abel_Prize,Wikipedia table
abel,Abel Prize,,2005,Peter Lax,Peter Lax,"""For his groundbreaking contributions to the theory and application of partial differential equations and to the computation of their solutions.""",,Courant Institute (NYU),,https://en.wikipedia.org/wiki/Abel_Prize,Wikipedia table
abel,Abel Prize,,2006,Lennart Carleson,Lennart Carleson,"""For his profound and seminal contributions to harmonic analysis and the theory of smooth dynamical systems .""",,Royal Institute of Technology,,https://en.wikipedia.org/wiki/Abel_Prize,Wikipedia table
abel,Abel Prize,,2007,S. R. Srinivasa Varadhan,S. R. Srinivasa Varadhan,"""For his fundamental contributions to probability theory and in particular for creating a unified theory of large deviation .""",,Courant Institute (NYU),,https://en.wikipedia.org/wiki/Abel_Prize,Wikipedia table
abel,Abel Prize,,2008,John G. Thompson,John G. Thompson,"""For their profound achievements in algebra and in particular for shaping modern group theory .""",,University of Florida,,https://en.wikipedia.org/wiki/Abel_Prize,Wikipedia table
abel,Abel Prize,,2008,Jacques Tits,Jacques Tits,"""For their profound achievements in algebra and in particular for shaping modern group theory .""",,Collège de France,,https://en.wikipedia.org/wiki/Abel_Prize,Wikipedia table
abel,Abel Prize,,2009,Mikhail Gromov,Mikhail Gromov,"""For his revolutionary contributions to geometry.""",,Institut des Hautes Études Scientifiques ; Courant Institute (NYU),,https://en.wikipedia.org/wiki/Abel_Prize,Wikipedia table
abel,Abel Prize,,2010,John Tate,John Tate,"""For his vast and lasting impact on the theory of numbers .""",,University of Texas at Austin,,https://en.wikipedia.org/wiki/Abel_Prize,Wikipedia table
abel,Abel Prize,,2011,John Milnor,John Milnor,"""For pioneering discoveries in topology , geometry , and algebra .""",,Stony Brook University,,https://en.wikipedia.org/wiki/Abel_Prize,Wikipedia table
abel,Abel Prize,,2012,Endre Szemerédi,Endre Szemerédi,"""For his fundamental contributions to discrete mathematics and theoretical computer science , and in recognition of the profound and lasting impact of these contributions on additive number theory and ergodic theory .""",,Alfréd Rényi Institute ; Rutgers University,,https://en.wikipedia.org/wiki/Abel_Prize,Wikipedia table
abel,Abel Prize,,2013,Pierre Deligne,Pierre Deligne,"""For seminal contributions to algebraic geometry and for their transformative impact on number theory , representation theory , and related fields.""",,Institute for Advanced Study,,https://en.wikipedia.org/wiki/Abel_Prize,Wikipedia table
abel,Abel Prize,,2014,Yakov Sinai,Yakov Sinai,"""For his fundamental contributions to dynamical systems , ergodic theory , and mathematical physics .""",,Princeton University ; Landau Institute for Theoretical Physics,,https://en.wikipedia.org/wiki/Abel_Prize,Wikipedia table
abel,Abel Prize,,2015,John Nash,John Nash,"""For striking and seminal contributions to the theory of nonlinear partial differential equations and its applications to geometric analysis .""",,Princeton University,,https://en.wikipedia.org/wiki/Abel_Prize,Wikipedia table
abel,Abel Prize,,2015,Louis Nirenberg,Louis Nirenberg,"""For striking and seminal contributions to the theory of nonlinear partial differential equations and its applications to geometric analysis .""",,Courant Institute (NYU),,https://en.wikipedia.org/wiki/Abel_Prize,Wikipedia table
abel,Abel Prize,,2016,Andrew Wiles,Andrew Wiles,"""For his stunning proof of Fermat's Last Theorem by way of the modularity conjecture for semistable elliptic curves, opening a new era in number theory.""",,University of Oxford,,https://en.wikipedia.org/wiki/Abel_Prize,Wikipedia table
abel,Abel Prize,,2017,Yves Meyer,Yves Meyer,"""For his pivotal role in the development of the mathematical theory of wavelets .""",,École normale supérieure Paris-Saclay,,https://en.wikipedia.org/wiki/Abel_Prize,Wikipedia table
abel,Abel Prize,,2018,Robert Langlands,Robert Langlands,"""For his visionary program connecting representation theory to number theory.""",,Institute for Advanced Study,,https://en.wikipedia.org/wiki/Abel_Prize,Wikipedia table
abel,Abel Prize,,2019,Karen Uhlenbeck,Karen Uhlenbeck,"""For her pioneering achievements in geometric partial differential equations, gauge theory and integrable systems , and for the fundamental impact of her work on analysis, geometry and mathematical physics.""",,University of Texas at Austin,,https://en.wikipedia.org/wiki/Abel_Prize,Wikipedia table
abel,Abel Prize,,2020,Hillel Furstenberg,Hillel Furstenberg,"""For pioneering the use of methods from probability and dynamics in group theory , number theory and combinatorics .""",,Hebrew University of Jerusalem,,https://en.wikipedia.org/wiki/Abel_Prize,Wikipedia table
abel,Abel Prize,,2020,Grigory Margulis,Grigory Margulis,"""For pioneering the use of methods from probability and dynamics in group theory , number theory and combinatorics .""",,Yale University,,https://en.wikipedia.org/wiki/Abel_Prize,Wikipedia table
abel,Abel Prize,,2021,László Lovász,László Lovász,"""For their foundational contributions to theoretical computer science and discrete mathematics, and their leading role in shaping them into central fields of modern mathematics"".",,Eötvös Loránd University,,https://en.wikipedia.org/wiki/Abel_Prize,Wikipedia table
abel,Abel Prize,,2021,Avi Wigderson,Avi Wigderson,"""For their foundational contributions to theoretical computer science and discrete mathematics, and their leading role in shaping them into central fields of modern mathematics"".",,Institute for Advanced Study,,https://en.wikipedia.org/wiki/Abel_Prize,Wikipedia table
abel,Abel Prize,,2022,Dennis Sullivan,Dennis Sullivan,"""For his groundbreaking contributions to topology in its broadest sense, and in particular its algebraic, geometric and dynamical aspects.""",,Stony Brook University ; CUNY Graduate Center,,https://en.wikipedia.org/wiki/Abel_Prize,Wikipedia table
abel,Abel Prize,,2023,Luis Caffarelli,Luis Caffarelli,"""For his seminal contributions to regularity theory for nonlinear partial differential equations including free-boundary problems and the Monge–Ampère equation .""",,University of Texas at Austin,,https://en.wikipedia.org/wiki/Abel_Prize,Wikipedia table
abel,Abel Prize,,2024,Michel Talagrand,Michel Talagrand,"""For his groundbreaking contributions to probability theory and functional analysis, with outstanding applications in mathematical physics and statistics.""",,Centre national de la recherche scientifique,,https://en.wikipedia.org/wiki/Abel_Prize,Wikipedia table
abel,Abel Prize,,2025,Masaki Kashiwara,Masaki Kashiwara,"""For his fundamental contributions to algebraic analysis and representation theory, in particular the development of the theory of D-modules and the discovery of crystal graphs .""",,Research Institute for Mathematical Sciences,,https://en.wikipedia.org/wiki/Abel_Prize,Wikipedia table
abel,Abel Prize,,2026,Gerd Faltings,Gerd Faltings,"""For introducing powerful tools in arithmetic geometry and resolving long-standing diophantine conjectures of Mordell and Lang.""",,Max Planck Institute for Mathematics,,https://en.wikipedia.org/wiki/Abel_Prize,Wikipedia table
boltzmann,Boltzmann Medal,,1975,Kenneth G. Wilson,Kenneth G. Wilson,,,Cornell University,,https://en.wikipedia.org/wiki/Boltzmann_Medal,Wikipedia table
boltzmann,Boltzmann Medal,,1977,Ryogo Kubo,Ryogo Kubo,"""his work in the field of fluctuation theory.""",,University of Tokyo,,https://en.wikipedia.org/wiki/Boltzmann_Medal,Wikipedia table
boltzmann,Boltzmann Medal,,1980,Rodney J. Baxter,Rodney J. Baxter,,,Australian National University,,https://en.wikipedia.org/wiki/Boltzmann_Medal,Wikipedia table
boltzmann,Boltzmann Medal,,1983,Michael E. Fisher,Michael E. Fisher,,,"University of Maryland, College Park",,https://en.wikipedia.org/wiki/Boltzmann_Medal,Wikipedia table
boltzmann,Boltzmann Medal,,1986,David Ruelle,David Ruelle,,,Institut des Hautes Études Scientifiques,,https://en.wikipedia.org/wiki/Boltzmann_Medal,Wikipedia table
boltzmann,Boltzmann Medal,,1986,Yakov G. Sinai,Yakov G. Sinai,,,Moscow State University,,https://en.wikipedia.org/wiki/Boltzmann_Medal,Wikipedia table
boltzmann,Boltzmann Medal,,1989,Leo Kadanoff,Leo Kadanoff,,,University of Chicago,,https://en.wikipedia.org/wiki/Boltzmann_Medal,Wikipedia table
boltzmann,Boltzmann Medal,,1992,Joel Lebowitz,Joel Lebowitz,"""his many important contributions to equilibrium and nonequilibrium statistical mechanics and for his leadership role in the statistical physics community.""",,Rutgers University,,https://en.wikipedia.org/wiki/Boltzmann_Medal,Wikipedia table
boltzmann,Boltzmann Medal,,1992,Giorgio Parisi,Giorgio Parisi,"""his fundamental contributions to statistical physics, and particularly for his solution of the mean field theory of spin glasses .""",,Sapienza University of Rome,,https://en.wikipedia.org/wiki/Boltzmann_Medal,Wikipedia table
boltzmann,Boltzmann Medal,,1995,Sam F. Edwards,Sam F. Edwards,,,University of Cambridge,,https://en.wikipedia.org/wiki/Boltzmann_Medal,Wikipedia table
boltzmann,Boltzmann Medal,,1998,Elliott Lieb,Elliott Lieb,,,Princeton University,,https://en.wikipedia.org/wiki/Boltzmann_Medal,Wikipedia table
boltzmann,Boltzmann Medal,,1998,Benjamin Widom,Benjamin Widom,"""his illuminating studies of the statistical mechanics of fluids and fluid mixtures and their interfacial properties, especially his clear and general formulation of scaling hypotheses for the equation of state and surface tensions of fluids near critical points.""",,Cornell University,,https://en.wikipedia.org/wiki/Boltzmann_Medal,Wikipedia table
boltzmann,Boltzmann Medal,,2001,Berni Alder,Berni Alder,"""inventing the technique of molecular dynamics simulation and showing that with such 'computer experiments' important discoveries in the field of statistical mechanics can be made, in particular the melting/crystallization transition of hard spheres and the long-time decay of autocorrelation functions in fluids.""",,University of California at Davis,,https://en.wikipedia.org/wiki/Boltzmann_Medal,Wikipedia table
boltzmann,Boltzmann Medal,,2001,Kyozi Kawasaki,Kyozi Kawasaki,"""contribution to our understanding of dynamic phenomena in condensed matter systems, in particular the mode-coupling theory of fluids near criticality, and nonlinear problems, such as critical phenomena in sheared fluids and phase separation kinetics.""",,Chubu University,,https://en.wikipedia.org/wiki/Boltzmann_Medal,Wikipedia table
boltzmann,Boltzmann Medal,,2004,E.G.D. Cohen,E.G.D. Cohen,"""fundamental contributions to nonequilibrium statistical mechanics, including the development of a theory of transport phenomena in dense gases, and the characterization of measures and fluctuations in non-equilibrium stationary states.""",,Rockefeller University,,https://en.wikipedia.org/wiki/Boltzmann_Medal,Wikipedia table
boltzmann,Boltzmann Medal,,2004,H. Eugene Stanley,H. Eugene Stanley,"""influential contributions to several areas of statistical physics, including the theory of phase transitions and critical phenomena in spin systems and the percolation problem, and the application of these ideas to interpret the anomalous properties of liquid water.""",,Boston University,,https://en.wikipedia.org/wiki/Boltzmann_Medal,Wikipedia table
boltzmann,Boltzmann Medal,,2007,Kurt Binder,Kurt Binder,,,University of Mainz,,https://en.wikipedia.org/wiki/Boltzmann_Medal,Wikipedia table
boltzmann,Boltzmann Medal,,2007,Giovanni Gallavotti,Giovanni Gallavotti,,,Sapienza University of Rome,,https://en.wikipedia.org/wiki/Boltzmann_Medal,Wikipedia table
boltzmann,Boltzmann Medal,,2010,John Cardy,John Cardy,,,University of Oxford,,https://en.wikipedia.org/wiki/Boltzmann_Medal,Wikipedia table
boltzmann,Boltzmann Medal,,2010,Bernard Derrida,Bernard Derrida,,,École Normale Supérieure,,https://en.wikipedia.org/wiki/Boltzmann_Medal,Wikipedia table
boltzmann,Boltzmann Medal,,2013,Giovanni Jona-Lasinio,Giovanni Jona-Lasinio,"""his seminal contributions to spontaneous symmetry breaking in particle physics and the theory of non-equilibrium fluctuations.""",,Sapienza University of Rome,,https://en.wikipedia.org/wiki/Boltzmann_Medal,Wikipedia table
boltzmann,Boltzmann Medal,,2013,Harry Swinney,Harry Swinney,"""his ingenious and challenging experiments which have had a large impact on many areas of statistical physics.""",,University of Texas at Austin,,https://en.wikipedia.org/wiki/Boltzmann_Medal,Wikipedia table
boltzmann,Boltzmann Medal,,2016,Daan Frenkel,Daan Frenkel,"""seminal contributions to the statistical-mechanical understanding of the kinetics, self-assembly and phase behaviour of soft matter .""",,University of Cambridge,,https://en.wikipedia.org/wiki/Boltzmann_Medal,Wikipedia table
boltzmann,Boltzmann Medal,,2016,Yves Pomeau,Yves Pomeau,"""key contributions to the Statistical Physics of non-equilibrium phenomena in general. And, in particular, for developing our modern understanding of fluid mechanics, instabilities, pattern formation and chaos .""",,University of Arizona and École Normale Supérieure,,https://en.wikipedia.org/wiki/Boltzmann_Medal,Wikipedia table
boltzmann,Boltzmann Medal,,2019,Herbert Spohn,Herbert Spohn,"""his wide-ranging and highly influential work in non-equilibrium statistical physics.""",,Technical University of Munich,,https://en.wikipedia.org/wiki/Boltzmann_Medal,Wikipedia table
boltzmann,Boltzmann Medal,,2022,Deepak Dhar,Deepak Dhar,"""his seminal contributions in the field of statistical physics, including exact solutions of self-organised criticality models, interfacial growth, universal long-time relaxation in disordered magnetic systems, exact solutions in percolation and cluster counting problems and definition of spectral dimension of fractals.""",,Tata Institute of Fundamental Research,,https://en.wikipedia.org/wiki/Boltzmann_Medal,Wikipedia table
boltzmann,Boltzmann Medal,,2022,John J. Hopfield,John J. Hopfield,"""extending the boundaries of statistical physics to encompass the phenomena of life, from kinetic proofreading in the transmission of information at the molecular level to the dynamics of neural networks creating a new language for thinking about computation in the brain.""",,Princeton University,,https://en.wikipedia.org/wiki/Boltzmann_Medal,Wikipedia table
boltzmann,Boltzmann Medal,,2025,Mehran Kardar,Mehran Kardar,"""groundbreaking contributions to non-equilibrium statistical physics, especially for the celebrated Kardar–Parisi–Zhang equation , the successful application of stochastic field theory to surface growth and for demonstrating the relevance of the equation to a diversity of phenomena.""",,MIT,,https://en.wikipedia.org/wiki/Boltzmann_Medal,Wikipedia table
boltzmann,Boltzmann Medal,,2025,Yoshiki Kuramoto,Yoshiki Kuramoto,"""groundbreaking work on non-equilibrium systems, especially nonlinear oscillations, synchronization, and weak turbulence. Professor Kuramoto’s work on spatially extended chaos resulting in the celebrated Kuramoto–Sivashinsky equation laid the ground for further development of nonlinear science applied across a wide range of disciplines. The Kuramoto model established the scientific field of coupled oscillators, a vibrant area of nonlinear science and complex systems with profound connections to statistical physics.""",,Kyoto University,,https://en.wikipedia.org/wiki/Boltzmann_Medal,Wikipedia table
breakthrough_fundamental_physics,Breakthrough Prize in Fundamental Physics,,2012,Nima Arkani-Hamed,Nima Arkani-Hamed,Original approaches to outstanding problems in particle physics,,"Institute for Advanced Study , Princeton",,https://en.wikipedia.org/wiki/Breakthrough_Prize_in_Fundamental_Physics,Wikipedia table
breakthrough_fundamental_physics,Breakthrough Prize in Fundamental Physics,,2012,Alan Guth,Alan Guth,"Invention of inflationary cosmology , and for contributions to the theory for the generation of cosmological density fluctuations arising from quantum fluctuations",,"Massachusetts Institute of Technology , Cambridge",,https://en.wikipedia.org/wiki/Breakthrough_Prize_in_Fundamental_Physics,Wikipedia table
breakthrough_fundamental_physics,Breakthrough Prize in Fundamental Physics,,2012,Alexei Kitaev,Alexei Kitaev,For robust quantum memories and fault-tolerant quantum computation using topological quantum phases with anyons and unpaired Majorana modes ; topological quantum computing .,,"California Institute of Technology , Pasadena, CA Currently at KITP and UCSB , Santa Barbara",,https://en.wikipedia.org/wiki/Breakthrough_Prize_in_Fundamental_Physics,Wikipedia table
breakthrough_fundamental_physics,Breakthrough Prize in Fundamental Physics,,2012,Maxim Kontsevich,Maxim Kontsevich,"Numerous contributions including development of homological mirror symmetry , and the study of wall-crossing phenomena.",,"Institut des Hautes Études Scientifiques , Bures-sur-Yvette",,https://en.wikipedia.org/wiki/Breakthrough_Prize_in_Fundamental_Physics,Wikipedia table
breakthrough_fundamental_physics,Breakthrough Prize in Fundamental Physics,,2012,Andrei Linde,Andrei Linde,"For development of inflationary cosmology , including the theory of new inflation, eternal chaotic inflation and the theory of inflationary multiverse , and for contributing to the development of vacuum stabilization mechanisms in string theory .",,"Stanford University , Stanford",,https://en.wikipedia.org/wiki/Breakthrough_Prize_in_Fundamental_Physics,Wikipedia table
breakthrough_fundamental_physics,Breakthrough Prize in Fundamental Physics,,2012,Juan Maldacena,Juan Maldacena,"Contributions to gauge/gravity duality , relating gravitational physics in a spacetime and quantum field theory on the boundary of the spacetime",,"Institute for Advanced Study , Princeton",,https://en.wikipedia.org/wiki/Breakthrough_Prize_in_Fundamental_Physics,Wikipedia table
breakthrough_fundamental_physics,Breakthrough Prize in Fundamental Physics,,2012,Nathan Seiberg,Nathan Seiberg,Contributions to our understanding of quantum field theory and string theory .,,"Institute for Advanced Study , Princeton",,https://en.wikipedia.org/wiki/Breakthrough_Prize_in_Fundamental_Physics,Wikipedia table
breakthrough_fundamental_physics,Breakthrough Prize in Fundamental Physics,,2012,Ashoke Sen,Ashoke Sen,Opening the path to the realization that all string theories are different limits of the same underlying theory.,,"Harish-Chandra Research Institute , Allahabad",,https://en.wikipedia.org/wiki/Breakthrough_Prize_in_Fundamental_Physics,Wikipedia table
breakthrough_fundamental_physics,Breakthrough Prize in Fundamental Physics,,2012,Edward Witten,Edward Witten,"For applications of topology to physics, non-perturbative duality symmetries, models of particle physics derived from string theory, dark matter detection , and the twistor-string approach to particle scattering amplitudes, as well as numerous applications of quantum field theory to mathematics.",,"Institute for Advanced Study , Princeton",,https://en.wikipedia.org/wiki/Breakthrough_Prize_in_Fundamental_Physics,Wikipedia table
breakthrough_fundamental_physics,Breakthrough Prize in Fundamental Physics,,2013,Stephen Hawking,Stephen Hawking,"For his discovery of Hawking radiation from black holes , and his deep contributions to quantum gravity and quantum aspects of the early universe .",,,,https://en.wikipedia.org/wiki/Breakthrough_Prize_in_Fundamental_Physics,Wikipedia table
breakthrough_fundamental_physics,Breakthrough Prize in Fundamental Physics,,2013,Peter Jenni,Peter Jenni,For their leadership role in the scientific endeavour that led to the discovery of the new Higgs boson by the ATLAS and CMS collaborations at CERN 's Large Hadron Collider .,,,,https://en.wikipedia.org/wiki/Breakthrough_Prize_in_Fundamental_Physics,Wikipedia table
breakthrough_fundamental_physics,Breakthrough Prize in Fundamental Physics,,2013,Fabiola Gianotti,Fabiola Gianotti,For their leadership role in the scientific endeavour that led to the discovery of the new Higgs boson by the ATLAS and CMS collaborations at CERN 's Large Hadron Collider .,,,,https://en.wikipedia.org/wiki/Breakthrough_Prize_in_Fundamental_Physics,Wikipedia table
breakthrough_fundamental_physics,Breakthrough Prize in Fundamental Physics,,2013,Alexander Polyakov,Alexander Polyakov,"For his many discoveries in field theory and string theory including the conformal bootstrap , magnetic monopoles, instantons, confinement/de-confinement, the quantization of strings in non-critical dimensions, gauge/string duality and many others. His ideas have dominated the scene in these fields during the past decades.",,"Princeton University, Princeton",,https://en.wikipedia.org/wiki/Breakthrough_Prize_in_Fundamental_Physics,Wikipedia table
breakthrough_fundamental_physics,Breakthrough Prize in Fundamental Physics,,2013,Niklas Beisert,Niklas Beisert,Development of powerful exact methods to describe a quantum gauge theory and its associated string theory,,ETH Zurich,,https://en.wikipedia.org/wiki/Breakthrough_Prize_in_Fundamental_Physics,Wikipedia table
breakthrough_fundamental_physics,Breakthrough Prize in Fundamental Physics,,2013,Davide Gaiotto,Davide Gaiotto,"Far-reaching new insights about duality, gauge theory, and geometry, and specially for his work linking theories in different dimensions in most unexpected ways",,Perimeter Institute for Theoretical Physics,,https://en.wikipedia.org/wiki/Breakthrough_Prize_in_Fundamental_Physics,Wikipedia table
breakthrough_fundamental_physics,Breakthrough Prize in Fundamental Physics,,2013,Zohar Komargodski,Zohar Komargodski,"Dynamics of four-dimensional field theories and in particular his proof (with Schwimmer) of the “a-theorem”, which has solved a long-standing problem",,Weizmann Institute of Science,,https://en.wikipedia.org/wiki/Breakthrough_Prize_in_Fundamental_Physics,Wikipedia table
breakthrough_fundamental_physics,Breakthrough Prize in Fundamental Physics,,2014,Michael Green,Michael Green,For opening new perspectives on quantum gravity and the unification of forces.,,California Institute of Technology,,https://en.wikipedia.org/wiki/Breakthrough_Prize_in_Fundamental_Physics,Wikipedia table
breakthrough_fundamental_physics,Breakthrough Prize in Fundamental Physics,,2014,John Henry Schwarz,John Henry Schwarz,For opening new perspectives on quantum gravity and the unification of forces.,,University of Cambridge,,https://en.wikipedia.org/wiki/Breakthrough_Prize_in_Fundamental_Physics,Wikipedia table
breakthrough_fundamental_physics,Breakthrough Prize in Fundamental Physics,,2014,Freddy Cachazo,Freddy Cachazo,Uncovering numerous structures underlying scattering amplitudes in gauge theories and gravity,,Perimeter Institute for Theoretical Physics,,https://en.wikipedia.org/wiki/Breakthrough_Prize_in_Fundamental_Physics,Wikipedia table
breakthrough_fundamental_physics,Breakthrough Prize in Fundamental Physics,,2014,Shiraz Minwalla,Shiraz Minwalla,Pioneering contributions to the study of string theory and quantum field theory; and in particular his work on the connection between the equations of fluid dynamics and Albert Einstein's equations of general relativity,,Tata Institute of Fundamental Research,,https://en.wikipedia.org/wiki/Breakthrough_Prize_in_Fundamental_Physics,Wikipedia table
breakthrough_fundamental_physics,Breakthrough Prize in Fundamental Physics,,2014,Slava Rychkov,Slava Rychkov,"Developing new techniques in conformal field theory, reviving the conformal bootstrap program for constraining the spectrum of operators and the structure constants in 3D and 4D CFT's",,Pierre-and-Marie-Curie University,,https://en.wikipedia.org/wiki/Breakthrough_Prize_in_Fundamental_Physics,Wikipedia table
breakthrough_fundamental_physics,Breakthrough Prize in Fundamental Physics,,2015,Sean Hartnoll,Sean Hartnoll,For applying holographic methods to obtain remarkable new insights into strongly interacting quantum matter .,,Stanford University,,https://en.wikipedia.org/wiki/Breakthrough_Prize_in_Fundamental_Physics,Wikipedia table
breakthrough_fundamental_physics,Breakthrough Prize in Fundamental Physics,,2015,Philip C. Schuster,Philip C. Schuster,"For pioneering the “simplified models” framework for new physics searches at the Large Hadron Collider , as well as spearheading new experimental searches for dark sectors using high-intensity electron beams.",,Perimeter Institute,,https://en.wikipedia.org/wiki/Breakthrough_Prize_in_Fundamental_Physics,Wikipedia table
breakthrough_fundamental_physics,Breakthrough Prize in Fundamental Physics,,2015,Natalia Toro,Natalia Toro,"For pioneering the “simplified models” framework for new physics searches at the Large Hadron Collider , as well as spearheading new experimental searches for dark sectors using high-intensity electron beams.",,Perimeter Institute,,https://en.wikipedia.org/wiki/Breakthrough_Prize_in_Fundamental_Physics,Wikipedia table
breakthrough_fundamental_physics,Breakthrough Prize in Fundamental Physics,,2015,Horacio Casini,Horacio Casini,For fundamental ideas about entropy in quantum field theory and quantum gravity.,,CONICET,,https://en.wikipedia.org/wiki/Breakthrough_Prize_in_Fundamental_Physics,Wikipedia table
breakthrough_fundamental_physics,Breakthrough Prize in Fundamental Physics,,2015,Marina Huerta,Marina Huerta,For fundamental ideas about entropy in quantum field theory and quantum gravity.,,Universidad Nacional de Cuyo,,https://en.wikipedia.org/wiki/Breakthrough_Prize_in_Fundamental_Physics,Wikipedia table
breakthrough_fundamental_physics,Breakthrough Prize in Fundamental Physics,,2015,Shinsei Ryu,Shinsei Ryu,For fundamental ideas about entropy in quantum field theory and quantum gravity.,,University of Illinois at Urbana-Champaign,,https://en.wikipedia.org/wiki/Breakthrough_Prize_in_Fundamental_Physics,Wikipedia table
breakthrough_fundamental_physics,Breakthrough Prize in Fundamental Physics,,2015,Tadashi Takayanagi,Tadashi Takayanagi,For fundamental ideas about entropy in quantum field theory and quantum gravity.,,Kyoto University,,https://en.wikipedia.org/wiki/Breakthrough_Prize_in_Fundamental_Physics,Wikipedia table
breakthrough_fundamental_physics,Breakthrough Prize in Fundamental Physics,,2016,Yifang Wang,Yifang Wang,"For the fundamental discovery and exploration of neutrino oscillations , revealing a new frontier beyond, and possibly far beyond, the standard model of particle physics.",,"Chinese Academy of Sciences , University of California, Berkeley",,https://en.wikipedia.org/wiki/Breakthrough_Prize_in_Fundamental_Physics,Wikipedia table
breakthrough_fundamental_physics,Breakthrough Prize in Fundamental Physics,,2016,Kam-Biu Luk and the Daya Bay Team,Kam-Biu Luk and the Daya Bay Team,"For the fundamental discovery and exploration of neutrino oscillations , revealing a new frontier beyond, and possibly far beyond, the standard model of particle physics.",,"Chinese Academy of Sciences , University of California, Berkeley",,https://en.wikipedia.org/wiki/Breakthrough_Prize_in_Fundamental_Physics,Wikipedia table
breakthrough_fundamental_physics,Breakthrough Prize in Fundamental Physics,,2016,Atsuto Suzuki and the KamLAND Team,Atsuto Suzuki and the KamLAND Team,"For the fundamental discovery and exploration of neutrino oscillations , revealing a new frontier beyond, and possibly far beyond, the standard model of particle physics.",,"Iwate Prefectural University , Japan",,https://en.wikipedia.org/wiki/Breakthrough_Prize_in_Fundamental_Physics,Wikipedia table
breakthrough_fundamental_physics,Breakthrough Prize in Fundamental Physics,,2016,Kōichirō Nishikawa and the K2K / T2K Team,Kōichirō Nishikawa and the K2K / T2K Team,"For the fundamental discovery and exploration of neutrino oscillations , revealing a new frontier beyond, and possibly far beyond, the standard model of particle physics.",,"High Energy Accelerator Research Organization , Japan",,https://en.wikipedia.org/wiki/Breakthrough_Prize_in_Fundamental_Physics,Wikipedia table
breakthrough_fundamental_physics,Breakthrough Prize in Fundamental Physics,,2016,Arthur B. McDonald and the Sudbury Neutrino Observatory Team,Arthur B. McDonald and the Sudbury Neutrino Observatory Team,"For the fundamental discovery and exploration of neutrino oscillations , revealing a new frontier beyond, and possibly far beyond, the standard model of particle physics.",,"Queen's University , Canada",,https://en.wikipedia.org/wiki/Breakthrough_Prize_in_Fundamental_Physics,Wikipedia table
breakthrough_fundamental_physics,Breakthrough Prize in Fundamental Physics,,2016,Takaaki Kajita,Takaaki Kajita,"For the fundamental discovery and exploration of neutrino oscillations , revealing a new frontier beyond, and possibly far beyond, the standard model of particle physics.",,"Kavli Institute for the Physics and Mathematics of the Universe , University of Tokyo , Japan",,https://en.wikipedia.org/wiki/Breakthrough_Prize_in_Fundamental_Physics,Wikipedia table
breakthrough_fundamental_physics,Breakthrough Prize in Fundamental Physics,,2016,Yōichirō Suzuki and the Super-Kamiokande Team,Yōichirō Suzuki and the Super-Kamiokande Team,"For the fundamental discovery and exploration of neutrino oscillations , revealing a new frontier beyond, and possibly far beyond, the standard model of particle physics.",,"Kavli Institute for the Physics and Mathematics of the Universe , University of Tokyo , Japan",,https://en.wikipedia.org/wiki/Breakthrough_Prize_in_Fundamental_Physics,Wikipedia table
breakthrough_fundamental_physics,Breakthrough Prize in Fundamental Physics,,2016,Ronald Drever,Ronald Drever,"For the observation of gravitational waves , opening new horizons in astronomy and physics.",,California Institute of Technology,,https://en.wikipedia.org/wiki/Breakthrough_Prize_in_Fundamental_Physics,Wikipedia table
breakthrough_fundamental_physics,Breakthrough Prize in Fundamental Physics,,2016,Kip Thorne,Kip Thorne,"For the observation of gravitational waves , opening new horizons in astronomy and physics.",,California Institute of Technology,,https://en.wikipedia.org/wiki/Breakthrough_Prize_in_Fundamental_Physics,Wikipedia table
breakthrough_fundamental_physics,Breakthrough Prize in Fundamental Physics,,2016,Rainer Weiss,Rainer Weiss,"For the observation of gravitational waves , opening new horizons in astronomy and physics.",,Massachusetts Institute of Technology,,https://en.wikipedia.org/wiki/Breakthrough_Prize_in_Fundamental_Physics,Wikipedia table
breakthrough_fundamental_physics,Breakthrough Prize in Fundamental Physics,,2016,B. Andrei Bernevig,B. Andrei Bernevig,"For outstanding contributions to condensed matter physics, especially involving the use of topology to understand new states of matter.",,Princeton University,,https://en.wikipedia.org/wiki/Breakthrough_Prize_in_Fundamental_Physics,Wikipedia table
breakthrough_fundamental_physics,Breakthrough Prize in Fundamental Physics,,2016,Xiao-Liang Qi,Xiao-Liang Qi,"For outstanding contributions to condensed matter physics, especially involving the use of topology to understand new states of matter.",,Stanford University,,https://en.wikipedia.org/wiki/Breakthrough_Prize_in_Fundamental_Physics,Wikipedia table
breakthrough_fundamental_physics,Breakthrough Prize in Fundamental Physics,,2016,Raphael Flauger,Raphael Flauger,For outstanding contributions to theoretical cosmology.,,The University of Texas at Austin,,https://en.wikipedia.org/wiki/Breakthrough_Prize_in_Fundamental_Physics,Wikipedia table
breakthrough_fundamental_physics,Breakthrough Prize in Fundamental Physics,,2016,Leonardo Senatore,Leonardo Senatore,For outstanding contributions to theoretical cosmology.,,Stanford University,,https://en.wikipedia.org/wiki/Breakthrough_Prize_in_Fundamental_Physics,Wikipedia table
breakthrough_fundamental_physics,Breakthrough Prize in Fundamental Physics,,2016,Liang Fu,Liang Fu,"For outstanding contributions to condensed matter physics, especially involving the use of topology to understand new states of matter.",,Massachusetts Institute of Technology,,https://en.wikipedia.org/wiki/Breakthrough_Prize_in_Fundamental_Physics,Wikipedia table
breakthrough_fundamental_physics,Breakthrough Prize in Fundamental Physics,,2016,Yuji Tachikawa,Yuji Tachikawa,For penetrating and incisive studies of supersymmetric quantum field theories.,,University of Tokyo,,https://en.wikipedia.org/wiki/Breakthrough_Prize_in_Fundamental_Physics,Wikipedia table
breakthrough_fundamental_physics,Breakthrough Prize in Fundamental Physics,,2017,Joseph Polchinski,Joseph Polchinski,"For transformative advances in quantum field theory, string theory, and quantum gravity.",,"University of California, Santa Barbara",,https://en.wikipedia.org/wiki/Breakthrough_Prize_in_Fundamental_Physics,Wikipedia table
breakthrough_fundamental_physics,Breakthrough Prize in Fundamental Physics,,2017,Andrew Strominger,Andrew Strominger,"For transformative advances in quantum field theory, string theory, and quantum gravity.",,Harvard University,,https://en.wikipedia.org/wiki/Breakthrough_Prize_in_Fundamental_Physics,Wikipedia table
breakthrough_fundamental_physics,Breakthrough Prize in Fundamental Physics,,2017,Cumrun Vafa,Cumrun Vafa,"For transformative advances in quantum field theory, string theory, and quantum gravity.",,Harvard University,,https://en.wikipedia.org/wiki/Breakthrough_Prize_in_Fundamental_Physics,Wikipedia table
breakthrough_fundamental_physics,Breakthrough Prize in Fundamental Physics,,2017,Frans Pretorius,Frans Pretorius,"For creating the first computer code capable of simulating the inspiral and merger of binary black holes, thereby laying crucial foundations for interpreting the recent observations of gravitational waves; and for opening new directions in numerical relativity.",,Princeton University,,https://en.wikipedia.org/wiki/Breakthrough_Prize_in_Fundamental_Physics,Wikipedia table
breakthrough_fundamental_physics,Breakthrough Prize in Fundamental Physics,,2017,Simone Giombi,Simone Giombi,For imaginative joint work on higher spin gravity and its holographic connection to a new soluble field theory.,,Princeton University,,https://en.wikipedia.org/wiki/Breakthrough_Prize_in_Fundamental_Physics,Wikipedia table
breakthrough_fundamental_physics,Breakthrough Prize in Fundamental Physics,,2017,Xi Yin,Xi Yin,For imaginative joint work on higher spin gravity and its holographic connection to a new soluble field theory.,,Harvard University,,https://en.wikipedia.org/wiki/Breakthrough_Prize_in_Fundamental_Physics,Wikipedia table
breakthrough_fundamental_physics,Breakthrough Prize in Fundamental Physics,,2017,Asimina Arvanitaki,Asimina Arvanitaki,For pioneering a wide range of new experimental probes of fundamental physics.,,Perimeter Institute,,https://en.wikipedia.org/wiki/Breakthrough_Prize_in_Fundamental_Physics,Wikipedia table
breakthrough_fundamental_physics,Breakthrough Prize in Fundamental Physics,,2017,Peter W. Graham,Peter W. Graham,For pioneering a wide range of new experimental probes of fundamental physics.,,Stanford University,,https://en.wikipedia.org/wiki/Breakthrough_Prize_in_Fundamental_Physics,Wikipedia table
breakthrough_fundamental_physics,Breakthrough Prize in Fundamental Physics,,2017,Surjeet Rajendran,Surjeet Rajendran,For pioneering a wide range of new experimental probes of fundamental physics.,,"University of California, Berkeley",,https://en.wikipedia.org/wiki/Breakthrough_Prize_in_Fundamental_Physics,Wikipedia table
breakthrough_fundamental_physics,Breakthrough Prize in Fundamental Physics,,2018,Charles L. Bennett,Charles L. Bennett,For detailed maps of the early universe that greatly improved our knowledge of the evolution of the cosmos and the fluctuations that seeded the formation of galaxies.,,Johns Hopkins University,,https://en.wikipedia.org/wiki/Breakthrough_Prize_in_Fundamental_Physics,Wikipedia table
breakthrough_fundamental_physics,Breakthrough Prize in Fundamental Physics,,2018,Gary Hinshaw,Gary Hinshaw,For detailed maps of the early universe that greatly improved our knowledge of the evolution of the cosmos and the fluctuations that seeded the formation of galaxies.,,University of British Columbia,,https://en.wikipedia.org/wiki/Breakthrough_Prize_in_Fundamental_Physics,Wikipedia table
breakthrough_fundamental_physics,Breakthrough Prize in Fundamental Physics,,2018,Norman Jarosik,Norman Jarosik,For detailed maps of the early universe that greatly improved our knowledge of the evolution of the cosmos and the fluctuations that seeded the formation of galaxies.,,Princeton University,,https://en.wikipedia.org/wiki/Breakthrough_Prize_in_Fundamental_Physics,Wikipedia table
breakthrough_fundamental_physics,Breakthrough Prize in Fundamental Physics,,2018,Lyman Page Jr,Lyman Page Jr,For detailed maps of the early universe that greatly improved our knowledge of the evolution of the cosmos and the fluctuations that seeded the formation of galaxies.,,Princeton University,,https://en.wikipedia.org/wiki/Breakthrough_Prize_in_Fundamental_Physics,Wikipedia table
breakthrough_fundamental_physics,Breakthrough Prize in Fundamental Physics,,2018,David N. Spergel,David N. Spergel,For detailed maps of the early universe that greatly improved our knowledge of the evolution of the cosmos and the fluctuations that seeded the formation of galaxies.,,Princeton University,,https://en.wikipedia.org/wiki/Breakthrough_Prize_in_Fundamental_Physics,Wikipedia table
breakthrough_fundamental_physics,Breakthrough Prize in Fundamental Physics,,2018,WMAP Science Team,WMAP Science Team,For detailed maps of the early universe that greatly improved our knowledge of the evolution of the cosmos and the fluctuations that seeded the formation of galaxies.,,Princeton University,,https://en.wikipedia.org/wiki/Breakthrough_Prize_in_Fundamental_Physics,Wikipedia table
breakthrough_fundamental_physics,Breakthrough Prize in Fundamental Physics,,2018,Jocelyn Bell Burnell,Jocelyn Bell Burnell,"For fundamental contributions to the discovery of pulsars , and a lifetime of inspiring leadership in the scientific community.",,University of Oxford and University of Dundee,,https://en.wikipedia.org/wiki/Breakthrough_Prize_in_Fundamental_Physics,Wikipedia table
breakthrough_fundamental_physics,Breakthrough Prize in Fundamental Physics,,2018,Christopher Hirata,Christopher Hirata,For fundamental contributions to understanding the physics of early galaxy formation and to sharpening and applying the most powerful tools of precision cosmology,,Ohio State University,,https://en.wikipedia.org/wiki/Breakthrough_Prize_in_Fundamental_Physics,Wikipedia table
breakthrough_fundamental_physics,Breakthrough Prize in Fundamental Physics,,2018,Douglas Stanford,Douglas Stanford,For profound new insights on quantum chaos and its relation to gravity.,,Institute for Advanced Study and Stanford University,,https://en.wikipedia.org/wiki/Breakthrough_Prize_in_Fundamental_Physics,Wikipedia table
breakthrough_fundamental_physics,Breakthrough Prize in Fundamental Physics,,2018,Andrea Young,Andrea Young,"For the co-invention of van der Waals heterostructures, and for the new quantum Hall phases that he discovered with them.",,"University of California, Santa Barbara",,https://en.wikipedia.org/wiki/Breakthrough_Prize_in_Fundamental_Physics,Wikipedia table
breakthrough_fundamental_physics,Breakthrough Prize in Fundamental Physics,,2019,Charles Kane,Charles Kane,"For new ideas about topology and symmetry in physics, leading to the prediction of a new class of materials that conduct electricity only on their surface.",,University of Pennsylvania,,https://en.wikipedia.org/wiki/Breakthrough_Prize_in_Fundamental_Physics,Wikipedia table
breakthrough_fundamental_physics,Breakthrough Prize in Fundamental Physics,,2019,Eugene Mele,Eugene Mele,"For new ideas about topology and symmetry in physics, leading to the prediction of a new class of materials that conduct electricity only on their surface.",,University of Pennsylvania,,https://en.wikipedia.org/wiki/Breakthrough_Prize_in_Fundamental_Physics,Wikipedia table
breakthrough_fundamental_physics,Breakthrough Prize in Fundamental Physics,,2019,Sergio Ferrara,Sergio Ferrara,"For the invention of supergravity , in which quantum variables are part of the description of the geometry of spacetime.",,"CERN , UCLA",,https://en.wikipedia.org/wiki/Breakthrough_Prize_in_Fundamental_Physics,Wikipedia table
breakthrough_fundamental_physics,Breakthrough Prize in Fundamental Physics,,2019,Daniel Z. Freedman,Daniel Z. Freedman,"For the invention of supergravity , in which quantum variables are part of the description of the geometry of spacetime.",,Massachusetts Institute of Technology and Stanford University,,https://en.wikipedia.org/wiki/Breakthrough_Prize_in_Fundamental_Physics,Wikipedia table
breakthrough_fundamental_physics,Breakthrough Prize in Fundamental Physics,,2019,Peter van Nieuwenhuizen,Peter van Nieuwenhuizen,"For the invention of supergravity , in which quantum variables are part of the description of the geometry of spacetime.",,Stony Brook University,,https://en.wikipedia.org/wiki/Breakthrough_Prize_in_Fundamental_Physics,Wikipedia table
breakthrough_fundamental_physics,Breakthrough Prize in Fundamental Physics,,2019,Rana Adhikari,Rana Adhikari,For research on present and future ground-based detectors of gravitational waves.,,California Institute of Technology,,https://en.wikipedia.org/wiki/Breakthrough_Prize_in_Fundamental_Physics,Wikipedia table
breakthrough_fundamental_physics,Breakthrough Prize in Fundamental Physics,,2019,Lisa Barsotti,Lisa Barsotti,For research on present and future ground-based detectors of gravitational waves.,,Massachusetts Institute of Technology,,https://en.wikipedia.org/wiki/Breakthrough_Prize_in_Fundamental_Physics,Wikipedia table
breakthrough_fundamental_physics,Breakthrough Prize in Fundamental Physics,,2019,Matthew Evans,Matthew Evans,For research on present and future ground-based detectors of gravitational waves.,,Massachusetts Institute of Technology,,https://en.wikipedia.org/wiki/Breakthrough_Prize_in_Fundamental_Physics,Wikipedia table
breakthrough_fundamental_physics,Breakthrough Prize in Fundamental Physics,,2019,Daniel Harlow,Daniel Harlow,"For fundamental insights about quantum information, quantum field theory, and gravity.",,Massachusetts Institute of Technology,,https://en.wikipedia.org/wiki/Breakthrough_Prize_in_Fundamental_Physics,Wikipedia table
breakthrough_fundamental_physics,Breakthrough Prize in Fundamental Physics,,2019,Daniel L. Jafferis,Daniel L. Jafferis,"For fundamental insights about quantum information, quantum field theory, and gravity.",,Harvard University,,https://en.wikipedia.org/wiki/Breakthrough_Prize_in_Fundamental_Physics,Wikipedia table
breakthrough_fundamental_physics,Breakthrough Prize in Fundamental Physics,,2019,Aron Wall,Aron Wall,"For fundamental insights about quantum information, quantum field theory, and gravity.",,Stanford University,,https://en.wikipedia.org/wiki/Breakthrough_Prize_in_Fundamental_Physics,Wikipedia table
breakthrough_fundamental_physics,Breakthrough Prize in Fundamental Physics,,2019,Brian Metzger,Brian Metzger,"For pioneering predictions of the electromagnetic signal from a neutron star merger , and for leadership in the emerging field of multi-messenger astronomy .",,Columbia University,,https://en.wikipedia.org/wiki/Breakthrough_Prize_in_Fundamental_Physics,Wikipedia table
breakthrough_fundamental_physics,Breakthrough Prize in Fundamental Physics,,2020,The Event Horizon Telescope Collaboration,The Event Horizon Telescope Collaboration,"For the first image of a supermassive black hole, taken by means of an Earth-sized alliance of telescopes.",,"The EHT Collaboration consists of 13 stakeholder institutes: the Academia Sinica Institute of Astronomy and Astrophysics the University of Arizona the University of Chicago the East Asian Observatory Goethe University Frankfurt Smithsonian Astrophysical Observatory (part of the Center for Astrophysics ) Institut de radioastronomie millimétrique (IRAM, itself a collaboration between the French CNRS , the German Max Planck Society , and the Spanish Instituto Geográfico Nacional ), Large Millimeter Telescope Alfonso Serrano Max Planck Institute for Radio Astronomy MIT Haystack Observatory National Astronomical Observatory of Japan Perimeter Institute for Theoretical Physics Radboud University",,https://en.wikipedia.org/wiki/Breakthrough_Prize_in_Fundamental_Physics,Wikipedia table
breakthrough_fundamental_physics,Breakthrough Prize in Fundamental Physics,,2020,Xie Chen,Xie Chen,For incisive contributions to the understanding of topological states of matter and the relationships between them.,,California Institute of Technology,,https://en.wikipedia.org/wiki/Breakthrough_Prize_in_Fundamental_Physics,Wikipedia table
breakthrough_fundamental_physics,Breakthrough Prize in Fundamental Physics,,2020,Lukasz Fidkowski,Lukasz Fidkowski,For incisive contributions to the understanding of topological states of matter and the relationships between them.,,University of Washington,,https://en.wikipedia.org/wiki/Breakthrough_Prize_in_Fundamental_Physics,Wikipedia table
breakthrough_fundamental_physics,Breakthrough Prize in Fundamental Physics,,2020,Michael Levin,Michael Levin,For incisive contributions to the understanding of topological states of matter and the relationships between them.,,University of Chicago,,https://en.wikipedia.org/wiki/Breakthrough_Prize_in_Fundamental_Physics,Wikipedia table
breakthrough_fundamental_physics,Breakthrough Prize in Fundamental Physics,,2020,Max A. Metlitski,Max A. Metlitski,For incisive contributions to the understanding of topological states of matter and the relationships between them.,,Massachusetts Institute of Technology,,https://en.wikipedia.org/wiki/Breakthrough_Prize_in_Fundamental_Physics,Wikipedia table
breakthrough_fundamental_physics,Breakthrough Prize in Fundamental Physics,,2020,Jo Dunkley,Jo Dunkley,For the development of novel techniques to extract fundamental physics from astronomical data.,,Princeton University,,https://en.wikipedia.org/wiki/Breakthrough_Prize_in_Fundamental_Physics,Wikipedia table
breakthrough_fundamental_physics,Breakthrough Prize in Fundamental Physics,,2020,Samaya Nissanke,Samaya Nissanke,For the development of novel techniques to extract fundamental physics from astronomical data.,,University of Amsterdam,,https://en.wikipedia.org/wiki/Breakthrough_Prize_in_Fundamental_Physics,Wikipedia table
breakthrough_fundamental_physics,Breakthrough Prize in Fundamental Physics,,2020,Kendrick Smith,Kendrick Smith,For the development of novel techniques to extract fundamental physics from astronomical data.,,Perimeter Institute,,https://en.wikipedia.org/wiki/Breakthrough_Prize_in_Fundamental_Physics,Wikipedia table
breakthrough_fundamental_physics,Breakthrough Prize in Fundamental Physics,,2020,Simon Caron-Huot,Simon Caron-Huot,For profound contributions to the understanding of quantum field theory.,,McGill University,,https://en.wikipedia.org/wiki/Breakthrough_Prize_in_Fundamental_Physics,Wikipedia table
breakthrough_fundamental_physics,Breakthrough Prize in Fundamental Physics,,2020,Pedro Vieira,Pedro Vieira,For profound contributions to the understanding of quantum field theory.,,Perimeter Institute and ICTP-SAIFR,,https://en.wikipedia.org/wiki/Breakthrough_Prize_in_Fundamental_Physics,Wikipedia table
breakthrough_fundamental_physics,Breakthrough Prize in Fundamental Physics,,2021,Eric Adelberger,Eric Adelberger,"For precision fundamental measurements that test our understanding of gravity, probe the nature of dark energy, and establish limits on couplings to dark matter.",,University of Washington,,https://en.wikipedia.org/wiki/Breakthrough_Prize_in_Fundamental_Physics,Wikipedia table
breakthrough_fundamental_physics,Breakthrough Prize in Fundamental Physics,,2021,Jens H. Gundlach,Jens H. Gundlach,"For precision fundamental measurements that test our understanding of gravity, probe the nature of dark energy, and establish limits on couplings to dark matter.",,University of Washington,,https://en.wikipedia.org/wiki/Breakthrough_Prize_in_Fundamental_Physics,Wikipedia table
breakthrough_fundamental_physics,Breakthrough Prize in Fundamental Physics,,2021,Blayne Heckel,Blayne Heckel,"For precision fundamental measurements that test our understanding of gravity, probe the nature of dark energy, and establish limits on couplings to dark matter.",,University of Washington,,https://en.wikipedia.org/wiki/Breakthrough_Prize_in_Fundamental_Physics,Wikipedia table
breakthrough_fundamental_physics,Breakthrough Prize in Fundamental Physics,,2021,Steven Weinberg,Steven Weinberg,"For his continuous leadership in fundamental physics, with broad impact across particle physics, gravity and cosmology, and for communicating science to a wider audience.",,University of Texas at Austin,,https://en.wikipedia.org/wiki/Breakthrough_Prize_in_Fundamental_Physics,Wikipedia table
breakthrough_fundamental_physics,Breakthrough Prize in Fundamental Physics,,2021,Tracy Slatyer,Tracy Slatyer,"For major contributions to particle astrophysics, from models of dark matter to the discovery of the “ Fermi Bubbles .”",,Massachusetts Institute of Technology,,https://en.wikipedia.org/wiki/Breakthrough_Prize_in_Fundamental_Physics,Wikipedia table
breakthrough_fundamental_physics,Breakthrough Prize in Fundamental Physics,,2021,Rouven Essig,Rouven Essig,For advances in the detection of sub-GeV dark matter especially in regards to the SENSEI experiment.,,Stony Brook University,,https://en.wikipedia.org/wiki/Breakthrough_Prize_in_Fundamental_Physics,Wikipedia table
breakthrough_fundamental_physics,Breakthrough Prize in Fundamental Physics,,2021,Javier Tiffenberg,Javier Tiffenberg,For advances in the detection of sub-GeV dark matter especially in regards to the SENSEI experiment.,,Fermilab,,https://en.wikipedia.org/wiki/Breakthrough_Prize_in_Fundamental_Physics,Wikipedia table
breakthrough_fundamental_physics,Breakthrough Prize in Fundamental Physics,,2021,Tomer Volansky,Tomer Volansky,For advances in the detection of sub-GeV dark matter especially in regards to the SENSEI experiment.,,Tel Aviv University,,https://en.wikipedia.org/wiki/Breakthrough_Prize_in_Fundamental_Physics,Wikipedia table
breakthrough_fundamental_physics,Breakthrough Prize in Fundamental Physics,,2021,Tien-Tien Yu,Tien-Tien Yu,For advances in the detection of sub-GeV dark matter especially in regards to the SENSEI experiment.,,University of Oregon,,https://en.wikipedia.org/wiki/Breakthrough_Prize_in_Fundamental_Physics,Wikipedia table
breakthrough_fundamental_physics,Breakthrough Prize in Fundamental Physics,,2021,Ahmed Almheiri,Ahmed Almheiri,For calculating the quantum information content of a black hole and its radiation.,,Institute for Advanced Study,,https://en.wikipedia.org/wiki/Breakthrough_Prize_in_Fundamental_Physics,Wikipedia table
breakthrough_fundamental_physics,Breakthrough Prize in Fundamental Physics,,2021,Netta Engelhardt,Netta Engelhardt,For calculating the quantum information content of a black hole and its radiation.,,Massachusetts Institute of Technology,,https://en.wikipedia.org/wiki/Breakthrough_Prize_in_Fundamental_Physics,Wikipedia table
breakthrough_fundamental_physics,Breakthrough Prize in Fundamental Physics,,2021,Henry Maxfield,Henry Maxfield,For calculating the quantum information content of a black hole and its radiation.,,"University of California, Santa Barbara",,https://en.wikipedia.org/wiki/Breakthrough_Prize_in_Fundamental_Physics,Wikipedia table
breakthrough_fundamental_physics,Breakthrough Prize in Fundamental Physics,,2021,Geoff Penington,Geoff Penington,For calculating the quantum information content of a black hole and its radiation.,,"University of California, Berkeley",,https://en.wikipedia.org/wiki/Breakthrough_Prize_in_Fundamental_Physics,Wikipedia table
breakthrough_fundamental_physics,Breakthrough Prize in Fundamental Physics,,2022,Hidetoshi Katori,Hidetoshi Katori,"For outstanding contributions to the invention and development of the optical lattice clock, which enables precision tests of the fundamental laws of nature.",,University of Tokyo and RIKEN,,https://en.wikipedia.org/wiki/Breakthrough_Prize_in_Fundamental_Physics,Wikipedia table
breakthrough_fundamental_physics,Breakthrough Prize in Fundamental Physics,,2022,Jun Ye,Jun Ye,"For outstanding contributions to the invention and development of the optical lattice clock, which enables precision tests of the fundamental laws of nature.",,National Institute of Standards and Technology and University of Colorado,,https://en.wikipedia.org/wiki/Breakthrough_Prize_in_Fundamental_Physics,Wikipedia table
breakthrough_fundamental_physics,Breakthrough Prize in Fundamental Physics,,2022,Suchitra Sebastian,Suchitra Sebastian,For high precision electronic and magnetic measurements that have profoundly changed our understanding of high temperature superconductors and unconventional insulators.,,University of Cambridge,,https://en.wikipedia.org/wiki/Breakthrough_Prize_in_Fundamental_Physics,Wikipedia table
breakthrough_fundamental_physics,Breakthrough Prize in Fundamental Physics,,2022,Alessandra Corsi,Alessandra Corsi,"For leadership in laying foundations for electromagnetic observations of sources of gravitational waves, and leadership in extracting rich information from the first observed collision of two neutron stars.",,Texas Tech University,,https://en.wikipedia.org/wiki/Breakthrough_Prize_in_Fundamental_Physics,Wikipedia table
breakthrough_fundamental_physics,Breakthrough Prize in Fundamental Physics,,2022,Gregg Hallinan,Gregg Hallinan,"For leadership in laying foundations for electromagnetic observations of sources of gravitational waves, and leadership in extracting rich information from the first observed collision of two neutron stars.",,California Institute of Technology,,https://en.wikipedia.org/wiki/Breakthrough_Prize_in_Fundamental_Physics,Wikipedia table
breakthrough_fundamental_physics,Breakthrough Prize in Fundamental Physics,,2022,Mansi Manoj Kasliwal,Mansi Manoj Kasliwal,"For leadership in laying foundations for electromagnetic observations of sources of gravitational waves, and leadership in extracting rich information from the first observed collision of two neutron stars.",,California Institute of Technology,,https://en.wikipedia.org/wiki/Breakthrough_Prize_in_Fundamental_Physics,Wikipedia table
breakthrough_fundamental_physics,Breakthrough Prize in Fundamental Physics,,2022,Raffaella Margutti,Raffaella Margutti,"For leadership in laying foundations for electromagnetic observations of sources of gravitational waves, and leadership in extracting rich information from the first observed collision of two neutron stars.",,"University of California, Berkeley",,https://en.wikipedia.org/wiki/Breakthrough_Prize_in_Fundamental_Physics,Wikipedia table
breakthrough_fundamental_physics,Breakthrough Prize in Fundamental Physics,,2022,Dominic Else,Dominic Else,"For pioneering theoretical work formulating novel phases of non-equilibrium quantum matter, including time crystals .",,Harvard University,,https://en.wikipedia.org/wiki/Breakthrough_Prize_in_Fundamental_Physics,Wikipedia table
breakthrough_fundamental_physics,Breakthrough Prize in Fundamental Physics,,2022,Vedika Khemani,Vedika Khemani,"For pioneering theoretical work formulating novel phases of non-equilibrium quantum matter, including time crystals .",,Stanford University,,https://en.wikipedia.org/wiki/Breakthrough_Prize_in_Fundamental_Physics,Wikipedia table
breakthrough_fundamental_physics,Breakthrough Prize in Fundamental Physics,,2022,Haruki Watanabe,Haruki Watanabe,"For pioneering theoretical work formulating novel phases of non-equilibrium quantum matter, including time crystals .",,University of Tokyo,,https://en.wikipedia.org/wiki/Breakthrough_Prize_in_Fundamental_Physics,Wikipedia table
breakthrough_fundamental_physics,Breakthrough Prize in Fundamental Physics,,2022,Norman Y. Yao,Norman Y. Yao,"For pioneering theoretical work formulating novel phases of non-equilibrium quantum matter, including time crystals .",,"University of California, Berkeley",,https://en.wikipedia.org/wiki/Breakthrough_Prize_in_Fundamental_Physics,Wikipedia table
breakthrough_fundamental_physics,Breakthrough Prize in Fundamental Physics,,2023,Charles H. Bennett,Charles H. Bennett,For foundational work in the field of quantum information.,,IBM Thomas J. Watson Research Center,,https://en.wikipedia.org/wiki/Breakthrough_Prize_in_Fundamental_Physics,Wikipedia table
breakthrough_fundamental_physics,Breakthrough Prize in Fundamental Physics,,2023,Gilles Brassard,Gilles Brassard,For foundational work in the field of quantum information.,,Université de Montréal,,https://en.wikipedia.org/wiki/Breakthrough_Prize_in_Fundamental_Physics,Wikipedia table
breakthrough_fundamental_physics,Breakthrough Prize in Fundamental Physics,,2023,David Deutsch,David Deutsch,For foundational work in the field of quantum information.,,Oxford University,,https://en.wikipedia.org/wiki/Breakthrough_Prize_in_Fundamental_Physics,Wikipedia table
breakthrough_fundamental_physics,Breakthrough Prize in Fundamental Physics,,2023,Peter W. Shor,Peter W. Shor,For foundational work in the field of quantum information.,,Massachusetts Institute of Technology,,https://en.wikipedia.org/wiki/Breakthrough_Prize_in_Fundamental_Physics,Wikipedia table
breakthrough_fundamental_physics,Breakthrough Prize in Fundamental Physics,,2023,David Simmons-Duffin,David Simmons-Duffin,"For the development of analytical and numerical techniques to study conformal field theories, including the ones describing the liquid vapor critical point and the superfluid phase transition .",,California Institute of Technology,,https://en.wikipedia.org/wiki/Breakthrough_Prize_in_Fundamental_Physics,Wikipedia table
breakthrough_fundamental_physics,Breakthrough Prize in Fundamental Physics,,2023,Anna Grassellino,Anna Grassellino,"For the discovery of major performance enhancements to niobium superconducting radio-frequency cavities, with applications ranging from accelerator physics to quantum devices.",,Fermilab,,https://en.wikipedia.org/wiki/Breakthrough_Prize_in_Fundamental_Physics,Wikipedia table
breakthrough_fundamental_physics,Breakthrough Prize in Fundamental Physics,,2023,Hannes Bernien,Hannes Bernien,"For the development of optical tweezer arrays to realize control of individual atoms for applications in quantum information science, metrology, and molecular physics.",,University of Chicago,,https://en.wikipedia.org/wiki/Breakthrough_Prize_in_Fundamental_Physics,Wikipedia table
breakthrough_fundamental_physics,Breakthrough Prize in Fundamental Physics,,2023,Manuel Endres,Manuel Endres,"For the development of optical tweezer arrays to realize control of individual atoms for applications in quantum information science, metrology, and molecular physics.",,California Institute of Technology,,https://en.wikipedia.org/wiki/Breakthrough_Prize_in_Fundamental_Physics,Wikipedia table
breakthrough_fundamental_physics,Breakthrough Prize in Fundamental Physics,,2023,Adam M. Kaufman,Adam M. Kaufman,"For the development of optical tweezer arrays to realize control of individual atoms for applications in quantum information science, metrology, and molecular physics.",,JILA,,https://en.wikipedia.org/wiki/Breakthrough_Prize_in_Fundamental_Physics,Wikipedia table
breakthrough_fundamental_physics,Breakthrough Prize in Fundamental Physics,,2023,Kang-Kuen Ni,Kang-Kuen Ni,"For the development of optical tweezer arrays to realize control of individual atoms for applications in quantum information science, metrology, and molecular physics.",,Harvard University,,https://en.wikipedia.org/wiki/Breakthrough_Prize_in_Fundamental_Physics,Wikipedia table
breakthrough_fundamental_physics,Breakthrough Prize in Fundamental Physics,,2023,Hannes Pichler,Hannes Pichler,"For the development of optical tweezer arrays to realize control of individual atoms for applications in quantum information science, metrology, and molecular physics.",,University of Innsbruck ; Austrian Academy of Sciences,,https://en.wikipedia.org/wiki/Breakthrough_Prize_in_Fundamental_Physics,Wikipedia table
breakthrough_fundamental_physics,Breakthrough Prize in Fundamental Physics,,2023,Jeff Thompson,Jeff Thompson,"For the development of optical tweezer arrays to realize control of individual atoms for applications in quantum information science, metrology, and molecular physics.",,Princeton University,,https://en.wikipedia.org/wiki/Breakthrough_Prize_in_Fundamental_Physics,Wikipedia table
breakthrough_fundamental_physics,Breakthrough Prize in Fundamental Physics,,2024,John Cardy,John Cardy,"For profound contributions to statistical physics and quantum field theory, with diverse and far-reaching applications in different branches of physics and mathematics.",,"All Souls College, University of Oxford",,https://en.wikipedia.org/wiki/Breakthrough_Prize_in_Fundamental_Physics,Wikipedia table
breakthrough_fundamental_physics,Breakthrough Prize in Fundamental Physics,,2024,Alexander Zamolodchikov,Alexander Zamolodchikov,"For profound contributions to statistical physics and quantum field theory, with diverse and far-reaching applications in different branches of physics and mathematics.",,Stony Brook University,,https://en.wikipedia.org/wiki/Breakthrough_Prize_in_Fundamental_Physics,Wikipedia table
breakthrough_fundamental_physics,Breakthrough Prize in Fundamental Physics,,2024,Michael Johnson,Michael Johnson,"For elucidating the sub-structure and universal characteristics of black hole photon rings, and their proposed detection by next-generation interferometric experiments.",,Harvard–Smithsonian Center for Astrophysics,,https://en.wikipedia.org/wiki/Breakthrough_Prize_in_Fundamental_Physics,Wikipedia table
breakthrough_fundamental_physics,Breakthrough Prize in Fundamental Physics,,2024,Alexandru Lupsasca,Alexandru Lupsasca,"For elucidating the sub-structure and universal characteristics of black hole photon rings, and their proposed detection by next-generation interferometric experiments.",,Vanderbilt University,,https://en.wikipedia.org/wiki/Breakthrough_Prize_in_Fundamental_Physics,Wikipedia table
breakthrough_fundamental_physics,Breakthrough Prize in Fundamental Physics,,2024,Mikhail Ivanov,Mikhail Ivanov,For contributions to our understanding of the large-scale structure of the universe and the development of new tools to extract fundamental physics from galaxy surveys.,,Massachusetts Institute of Technology,,https://en.wikipedia.org/wiki/Breakthrough_Prize_in_Fundamental_Physics,Wikipedia table
breakthrough_fundamental_physics,Breakthrough Prize in Fundamental Physics,,2024,Oliver Philcox,Oliver Philcox,For contributions to our understanding of the large-scale structure of the universe and the development of new tools to extract fundamental physics from galaxy surveys.,,Columbia University and Simons Foundation,,https://en.wikipedia.org/wiki/Breakthrough_Prize_in_Fundamental_Physics,Wikipedia table
breakthrough_fundamental_physics,Breakthrough Prize in Fundamental Physics,,2024,Marko Simonović,Marko Simonović,For contributions to our understanding of the large-scale structure of the universe and the development of new tools to extract fundamental physics from galaxy surveys.,,University of Florence,,https://en.wikipedia.org/wiki/Breakthrough_Prize_in_Fundamental_Physics,Wikipedia table
breakthrough_fundamental_physics,Breakthrough Prize in Fundamental Physics,,2024,Laura M. Pérez,Laura M. Pérez,"For the prediction, discovery, and modeling of dust traps in young circumstellar disks, solving a long-standing problem in planet formation.",,University of Chile,,https://en.wikipedia.org/wiki/Breakthrough_Prize_in_Fundamental_Physics,Wikipedia table
breakthrough_fundamental_physics,Breakthrough Prize in Fundamental Physics,,2024,Paola Pinilla,Paola Pinilla,"For the prediction, discovery, and modeling of dust traps in young circumstellar disks, solving a long-standing problem in planet formation.",,University College London,,https://en.wikipedia.org/wiki/Breakthrough_Prize_in_Fundamental_Physics,Wikipedia table
breakthrough_fundamental_physics,Breakthrough Prize in Fundamental Physics,,2024,Nienke van der Marel,Nienke van der Marel,"For the prediction, discovery, and modeling of dust traps in young circumstellar disks, solving a long-standing problem in planet formation.",,Leiden Observatory,,https://en.wikipedia.org/wiki/Breakthrough_Prize_in_Fundamental_Physics,Wikipedia table
breakthrough_fundamental_physics,Breakthrough Prize in Fundamental Physics,,2024,Til Birnstiel,Til Birnstiel,"For the prediction, discovery, and modeling of dust traps in young circumstellar disks, solving a long-standing problem in planet formation.",,LMU Munich,,https://en.wikipedia.org/wiki/Breakthrough_Prize_in_Fundamental_Physics,Wikipedia table
breakthrough_fundamental_physics,Breakthrough Prize in Fundamental Physics,,2025,ATLAS collaboration,ATLAS collaboration,"For detailed measurements of Higgs boson properties confirming the symmetry-breaking mechanism of mass generation, the discovery of new strongly interacting particles, the study of rare processes and matter-antimatter asymmetry, and the exploration of nature at the shortest distances and most extreme conditions at CERN’s Large Hadron Collider.",,CERN,,https://en.wikipedia.org/wiki/Breakthrough_Prize_in_Fundamental_Physics,Wikipedia table
breakthrough_fundamental_physics,Breakthrough Prize in Fundamental Physics,,2025,CMS collaboration,CMS collaboration,"For detailed measurements of Higgs boson properties confirming the symmetry-breaking mechanism of mass generation, the discovery of new strongly interacting particles, the study of rare processes and matter-antimatter asymmetry, and the exploration of nature at the shortest distances and most extreme conditions at CERN’s Large Hadron Collider.",,CERN,,https://en.wikipedia.org/wiki/Breakthrough_Prize_in_Fundamental_Physics,Wikipedia table
breakthrough_fundamental_physics,Breakthrough Prize in Fundamental Physics,,2025,ALICE collaboration,ALICE collaboration,"For detailed measurements of Higgs boson properties confirming the symmetry-breaking mechanism of mass generation, the discovery of new strongly interacting particles, the study of rare processes and matter-antimatter asymmetry, and the exploration of nature at the shortest distances and most extreme conditions at CERN’s Large Hadron Collider.",,CERN,,https://en.wikipedia.org/wiki/Breakthrough_Prize_in_Fundamental_Physics,Wikipedia table
breakthrough_fundamental_physics,Breakthrough Prize in Fundamental Physics,,2025,LHCb collaboration,LHCb collaboration,"For detailed measurements of Higgs boson properties confirming the symmetry-breaking mechanism of mass generation, the discovery of new strongly interacting particles, the study of rare processes and matter-antimatter asymmetry, and the exploration of nature at the shortest distances and most extreme conditions at CERN’s Large Hadron Collider.",,CERN,,https://en.wikipedia.org/wiki/Breakthrough_Prize_in_Fundamental_Physics,Wikipedia table
breakthrough_fundamental_physics,Breakthrough Prize in Fundamental Physics,,2025,Gerard 't Hooft,Gerard 't Hooft,For fundamental insights into gauge theory and the standard model.,,Utrecht University,,https://en.wikipedia.org/wiki/Breakthrough_Prize_in_Fundamental_Physics,Wikipedia table
breakthrough_fundamental_physics,Breakthrough Prize in Fundamental Physics,,2025,Waseem Bakr,Waseem Bakr,"For the realization of quantum gas microscopes for atoms and molecules, providing a microscopic view on correlations and transport in strongly interacting quantum systems.",,Princeton University,,https://en.wikipedia.org/wiki/Breakthrough_Prize_in_Fundamental_Physics,Wikipedia table
breakthrough_fundamental_physics,Breakthrough Prize in Fundamental Physics,,2025,Jeongwan Haah,Jeongwan Haah,"For the discovery of Haah's code, in which fractal conservation laws emerge, and other models bringing discrete mathematical structures to physics.",,Stanford University,,https://en.wikipedia.org/wiki/Breakthrough_Prize_in_Fundamental_Physics,Wikipedia table
breakthrough_fundamental_physics,Breakthrough Prize in Fundamental Physics,,2025,Sebastiaan Haffert,Sebastiaan Haffert,For demonstrating new extreme adaptive optics techniques that will allow the direct detection of the smallest exoplanets.,,"Leiden Observatory , Leiden University & Steward Observatory , University of Arizona",,https://en.wikipedia.org/wiki/Breakthrough_Prize_in_Fundamental_Physics,Wikipedia table
breakthrough_fundamental_physics,Breakthrough Prize in Fundamental Physics,,2025,Rebecca Jensen-Clem,Rebecca Jensen-Clem,For demonstrating new extreme adaptive optics techniques that will allow the direct detection of the smallest exoplanets.,,"University of California, Santa Cruz",,https://en.wikipedia.org/wiki/Breakthrough_Prize_in_Fundamental_Physics,Wikipedia table
breakthrough_fundamental_physics,Breakthrough Prize in Fundamental Physics,,2025,Maaike van Kooten,Maaike van Kooten,For demonstrating new extreme adaptive optics techniques that will allow the direct detection of the smallest exoplanets.,,National Research Council Canada,,https://en.wikipedia.org/wiki/Breakthrough_Prize_in_Fundamental_Physics,Wikipedia table
breakthrough_fundamental_physics,Breakthrough Prize in Fundamental Physics,,2026,Muon g-2 collaboration,Muon g-2 collaboration,"For multi-decade, groundbreaking contributions to the measurement of the muon's anomalous magnetic moment, pushing the boundaries of experimental precision and igniting a new era in the quest for physics beyond the Standard Model.",,Composed of: CERN Brookhaven National Laboratory Fermilab,,https://en.wikipedia.org/wiki/Breakthrough_Prize_in_Fundamental_Physics,Wikipedia table
breakthrough_fundamental_physics,Breakthrough Prize in Fundamental Physics,,2026,David Gross,David Gross,"For a lifetime of groundbreaking contributions to theoretical physics, from the strong force to string theory, and for tireless advocacy for basic science worldwide",,"University of California, Santa Barbara Kavli Institute for Theoretical Physics",,https://en.wikipedia.org/wiki/Breakthrough_Prize_in_Fundamental_Physics,Wikipedia table
breakthrough_fundamental_physics,Breakthrough Prize in Fundamental Physics,,2026,Benjamin R. Safdi,Benjamin R. Safdi,For proposing new ways to seek axion-like particles with laboratory experiments and astronomical observations.,,"University of California, Berkeley",,https://en.wikipedia.org/wiki/Breakthrough_Prize_in_Fundamental_Physics,Wikipedia table
breakthrough_fundamental_physics,Breakthrough Prize in Fundamental Physics,,2026,Clay Córdova,Clay Córdova,"For generalizing the notion of symmetry in various ways, and for exploring the consequences of these generalized symmetries, in quantum field theory, particle physics, condensed matter physics, string theory, and quantum information theory.",,University of Chicago,,https://en.wikipedia.org/wiki/Breakthrough_Prize_in_Fundamental_Physics,Wikipedia table
breakthrough_fundamental_physics,Breakthrough Prize in Fundamental Physics,,2026,Thomas Dumitrescu,Thomas Dumitrescu,"For generalizing the notion of symmetry in various ways, and for exploring the consequences of these generalized symmetries, in quantum field theory, particle physics, condensed matter physics, string theory, and quantum information theory.",,"University of California, Los Angeles",,https://en.wikipedia.org/wiki/Breakthrough_Prize_in_Fundamental_Physics,Wikipedia table
breakthrough_fundamental_physics,Breakthrough Prize in Fundamental Physics,,2026,Shu-Heng Shao,Shu-Heng Shao,"For generalizing the notion of symmetry in various ways, and for exploring the consequences of these generalized symmetries, in quantum field theory, particle physics, condensed matter physics, string theory, and quantum information theory.",,Massachusetts Institute of Technology,,https://en.wikipedia.org/wiki/Breakthrough_Prize_in_Fundamental_Physics,Wikipedia table
breakthrough_fundamental_physics,Breakthrough Prize in Fundamental Physics,,2026,Yifan Wang,Yifan Wang,"For generalizing the notion of symmetry in various ways, and for exploring the consequences of these generalized symmetries, in quantum field theory, particle physics, condensed matter physics, string theory, and quantum information theory.",,New York University,,https://en.wikipedia.org/wiki/Breakthrough_Prize_in_Fundamental_Physics,Wikipedia table
breakthrough_fundamental_physics,Breakthrough Prize in Fundamental Physics,,2026,Dillon Brout,Dillon Brout,For advances in cosmic microwave background and supernovae cosmology.,,Boston University,,https://en.wikipedia.org/wiki/Breakthrough_Prize_in_Fundamental_Physics,Wikipedia table
breakthrough_fundamental_physics,Breakthrough Prize in Fundamental Physics,,2026,J. Colin Hill,J. Colin Hill,For advances in cosmic microwave background and supernovae cosmology.,,Columbia University,,https://en.wikipedia.org/wiki/Breakthrough_Prize_in_Fundamental_Physics,Wikipedia table
breakthrough_fundamental_physics,Breakthrough Prize in Fundamental Physics,,2026,Mathew Madhavacheril,Mathew Madhavacheril,For advances in cosmic microwave background and supernovae cosmology.,,University of Pennsylvania,,https://en.wikipedia.org/wiki/Breakthrough_Prize_in_Fundamental_Physics,Wikipedia table
breakthrough_fundamental_physics,Breakthrough Prize in Fundamental Physics,,2026,Maria Vincenzi,Maria Vincenzi,For advances in cosmic microwave background and supernovae cosmology.,,University of Oxford,,https://en.wikipedia.org/wiki/Breakthrough_Prize_in_Fundamental_Physics,Wikipedia table
breakthrough_fundamental_physics,Breakthrough Prize in Fundamental Physics,,2026,Daniel Scolnic,Daniel Scolnic,For advances in cosmic microwave background and supernovae cosmology.,,Duke University,,https://en.wikipedia.org/wiki/Breakthrough_Prize_in_Fundamental_Physics,Wikipedia table
breakthrough_fundamental_physics,Breakthrough Prize in Fundamental Physics,,2026,W. L. Kimmy Wu,W. L. Kimmy Wu,For advances in cosmic microwave background and supernovae cosmology.,,California Institute of Technology,,https://en.wikipedia.org/wiki/Breakthrough_Prize_in_Fundamental_Physics,Wikipedia table
breakthrough_life_sciences,Breakthrough Prize in Life Sciences,,2013,Cornelia Bargmann,Cornelia Bargmann,"""for the genetics of neural circuits and behavior, and synaptic guidepost molecules.""",,Rockefeller University,,https://en.wikipedia.org/wiki/Breakthrough_Prize_in_Life_Sciences,Wikipedia table
breakthrough_life_sciences,Breakthrough Prize in Life Sciences,,2013,David Botstein,David Botstein,"""for linkage mapping of Mendelian disease in humans using DNA polymorphisms.""",,Princeton University,,https://en.wikipedia.org/wiki/Breakthrough_Prize_in_Life_Sciences,Wikipedia table
breakthrough_life_sciences,Breakthrough Prize in Life Sciences,,2013,Lewis C. Cantley,Lewis C. Cantley,"""for the discovery of PI 3-Kinase and its role in cancer metabolism.""",,Harvard Medical School ; Weill Cornell Medical College,,https://en.wikipedia.org/wiki/Breakthrough_Prize_in_Life_Sciences,Wikipedia table
breakthrough_life_sciences,Breakthrough Prize in Life Sciences,,2013,Hans Clevers,Hans Clevers,"""for describing the role of Wnt signaling in tissue stem cells and cancer.""",,Hubrecht Institute,,https://en.wikipedia.org/wiki/Breakthrough_Prize_in_Life_Sciences,Wikipedia table
breakthrough_life_sciences,Breakthrough Prize in Life Sciences,,2013,Titia de Lange,Titia de Lange,"""for research on telomeres , illuminating how they protect chromosome ends and their role in genome instability in cancer.""",,Rockefeller University,,https://en.wikipedia.org/wiki/Breakthrough_Prize_in_Life_Sciences,Wikipedia table
breakthrough_life_sciences,Breakthrough Prize in Life Sciences,,2013,Napoleone Ferrara,Napoleone Ferrara,"""for discoveries in the mechanisms of angiogenesis that led to therapies for cancer and eye diseases.""",,"University of California, San Diego",,https://en.wikipedia.org/wiki/Breakthrough_Prize_in_Life_Sciences,Wikipedia table
breakthrough_life_sciences,Breakthrough Prize in Life Sciences,,2013,Eric S. Lander,Eric S. Lander,"""for the discovery of general principles for identifying human disease genes, and enabling their application to medicine through the creation and analysis of genetic, physical and sequence maps of the human genome.""",,Massachusetts Institute of Technology ; Broad Institute,,https://en.wikipedia.org/wiki/Breakthrough_Prize_in_Life_Sciences,Wikipedia table
breakthrough_life_sciences,Breakthrough Prize in Life Sciences,,2013,Charles L. Sawyers,Charles L. Sawyers,"""for cancer genes and targeted therapy.""",,Howard Hughes Medical Institute ; Memorial Sloan-Kettering Cancer Center,,https://en.wikipedia.org/wiki/Breakthrough_Prize_in_Life_Sciences,Wikipedia table
breakthrough_life_sciences,Breakthrough Prize in Life Sciences,,2013,Robert A. Weinberg,Robert A. Weinberg,"""for characterization of human cancer genes.""",,Massachusetts Institute of Technology ; Whitehead Institute,,https://en.wikipedia.org/wiki/Breakthrough_Prize_in_Life_Sciences,Wikipedia table
breakthrough_life_sciences,Breakthrough Prize in Life Sciences,,2013,Shinya Yamanaka,Shinya Yamanaka,"""for induced pluripotent stem cells .""",,"Kyoto University ; J. David Gladstone Institutes ; University of California, San Francisco",,https://en.wikipedia.org/wiki/Breakthrough_Prize_in_Life_Sciences,Wikipedia table
breakthrough_life_sciences,Breakthrough Prize in Life Sciences,,2013,Bert Vogelstein,Bert Vogelstein,"""for cancer genomics and tumor suppressor genes.""",,Howard Hughes Medical Institute ; Johns Hopkins University,,https://en.wikipedia.org/wiki/Breakthrough_Prize_in_Life_Sciences,Wikipedia table
breakthrough_life_sciences,Breakthrough Prize in Life Sciences,,2014,James P. Allison,James P. Allison,"""for the discovery of T cell checkpoint blockade as effective cancer therapy.""",,M. D. Anderson Cancer Center,,https://en.wikipedia.org/wiki/Breakthrough_Prize_in_Life_Sciences,Wikipedia table
breakthrough_life_sciences,Breakthrough Prize in Life Sciences,,2014,Mahlon DeLong,Mahlon DeLong,"""for defining the interlocking circuits in the brain that malfunction in Parkinson's disease – this scientific foundation underlies the circuit-based treatment of Parkinson's disease by deep brain stimulation.""",,Emory University,,https://en.wikipedia.org/wiki/Breakthrough_Prize_in_Life_Sciences,Wikipedia table
breakthrough_life_sciences,Breakthrough Prize in Life Sciences,,2014,Michael N. Hall,Michael N. Hall,"""for the discovery of Target of Rapamycin (TOR) and its role in cell growth control.""",,Biozentrum University of Basel,,https://en.wikipedia.org/wiki/Breakthrough_Prize_in_Life_Sciences,Wikipedia table
breakthrough_life_sciences,Breakthrough Prize in Life Sciences,,2014,Robert Langer,Robert Langer,"""for discoveries leading to the development of controlled drug-release systems and new biomaterials .""",,Massachusetts Institute of Technology,,https://en.wikipedia.org/wiki/Breakthrough_Prize_in_Life_Sciences,Wikipedia table
breakthrough_life_sciences,Breakthrough Prize in Life Sciences,,2014,Richard P. Lifton,Richard P. Lifton,"""for the discovery of genes and biochemical mechanisms that cause hypertension .""",,Yale University School of Medicine,,https://en.wikipedia.org/wiki/Breakthrough_Prize_in_Life_Sciences,Wikipedia table
breakthrough_life_sciences,Breakthrough Prize in Life Sciences,,2014,Alexander Varshavsky,Alexander Varshavsky,"""for discovering critical molecular determinants and biological functions of intracellular protein degradation .""",,Caltech,,https://en.wikipedia.org/wiki/Breakthrough_Prize_in_Life_Sciences,Wikipedia table
breakthrough_life_sciences,Breakthrough Prize in Life Sciences,,2015,Alim-Louis Benabid,Alim-Louis Benabid,"""for the discovery and pioneering work on the development of high-frequency deep brain stimulation (DBS), which has revolutionized the treatment of Parkinson's disease.""",,Joseph Fourier University,,https://en.wikipedia.org/wiki/Breakthrough_Prize_in_Life_Sciences,Wikipedia table
breakthrough_life_sciences,Breakthrough Prize in Life Sciences,,2015,C. David Allis,C. David Allis,"""for the discovery of covalent modifications of histone proteins and their critical roles in the regulation of gene expression and chromatin organization, advancing the understanding of diseases ranging from birth defects to cancer.""",,Rockefeller University,,https://en.wikipedia.org/wiki/Breakthrough_Prize_in_Life_Sciences,Wikipedia table
breakthrough_life_sciences,Breakthrough Prize in Life Sciences,,2015,Victor Ambros,Victor Ambros,"""for the discovery of a new world of genetic regulation by microRNAs , a class of tiny RNA molecules that inhibit translation or destabilize complementary mRNA targets.""",,University of Massachusetts Medical School,,https://en.wikipedia.org/wiki/Breakthrough_Prize_in_Life_Sciences,Wikipedia table
breakthrough_life_sciences,Breakthrough Prize in Life Sciences,,2015,Gary Ruvkun,Gary Ruvkun,"""for the discovery of a new world of genetic regulation by microRNAs , a class of tiny RNA molecules that inhibit translation or destabilize complementary mRNA targets.""",,Massachusetts General Hospital ; Harvard Medical School,,https://en.wikipedia.org/wiki/Breakthrough_Prize_in_Life_Sciences,Wikipedia table
breakthrough_life_sciences,Breakthrough Prize in Life Sciences,,2015,Jennifer Doudna,Jennifer Doudna,"""for harnessing an ancient mechanism of bacterial immunity into a powerful and general technology for editing genomes, with wide-ranging implications across biology and medicine.""",,"University of California, Berkeley ; Howard Hughes Medical Institute ; Lawrence Berkeley National Laboratory",,https://en.wikipedia.org/wiki/Breakthrough_Prize_in_Life_Sciences,Wikipedia table
breakthrough_life_sciences,Breakthrough Prize in Life Sciences,,2015,Emmanuelle Charpentier,Emmanuelle Charpentier,"""for harnessing an ancient mechanism of bacterial immunity into a powerful and general technology for editing genomes, with wide-ranging implications across biology and medicine.""",,Helmholtz Centre for Infection Research ; Umeå University,,https://en.wikipedia.org/wiki/Breakthrough_Prize_in_Life_Sciences,Wikipedia table
breakthrough_life_sciences,Breakthrough Prize in Life Sciences,,2016,Edward S. Boyden,Edward S. Boyden,"""for the development and implementation of optogenetics – the programming of neurons to express light-activated ion channels and pumps, so that their electrical activity can be controlled by light.""",,Massachusetts Institute of Technology,,https://en.wikipedia.org/wiki/Breakthrough_Prize_in_Life_Sciences,Wikipedia table
breakthrough_life_sciences,Breakthrough Prize in Life Sciences,,2016,Karl Deisseroth,Karl Deisseroth,"""for the development and implementation of optogenetics – the programming of neurons to express light-activated ion channels and pumps, so that their electrical activity can be controlled by light.""",,Stanford University ; Howard Hughes Medical Institute,,https://en.wikipedia.org/wiki/Breakthrough_Prize_in_Life_Sciences,Wikipedia table
breakthrough_life_sciences,Breakthrough Prize in Life Sciences,,2016,John Hardy,John Hardy,"""for discovering mutations in the amyloid precursor protein (APP) gene that cause early onset Alzheimer's disease, linking accumulation of APP-derived beta-amyloid peptide to Alzheimer's pathogenesis and inspiring new strategies for disease prevention.""",,University College London,,https://en.wikipedia.org/wiki/Breakthrough_Prize_in_Life_Sciences,Wikipedia table
breakthrough_life_sciences,Breakthrough Prize in Life Sciences,,2016,Helen Hobbs,Helen Hobbs,"""for the discovery of human genetic variants that alter the levels and distribution of cholesterol and other lipids, inspiring new approaches to the prevention of cardiovascular and liver disease.""",,University of Texas Southwestern Medical Center ; Howard Hughes Medical Institute,,https://en.wikipedia.org/wiki/Breakthrough_Prize_in_Life_Sciences,Wikipedia table
breakthrough_life_sciences,Breakthrough Prize in Life Sciences,,2016,Svante Pääbo,Svante Pääbo,"""for pioneering the sequencing of ancient DNA and ancient genomes, thereby illuminating the origins of modern humans, our relationships to extinct relatives such as Neanderthals, and the evolution of human populations and traits.""",,Max Planck Institute for Evolutionary Anthropology,,https://en.wikipedia.org/wiki/Breakthrough_Prize_in_Life_Sciences,Wikipedia table
breakthrough_life_sciences,Breakthrough Prize in Life Sciences,,2017,Stephen J. Elledge,Stephen J. Elledge,"""for elucidating how eukaryotic cells sense and respond to damage in their DNA and providing insights into the development and treatment of cancer.""",,Brigham and Women's Hospital ; Harvard Medical School ; Howard Hughes Medical Institute,,https://en.wikipedia.org/wiki/Breakthrough_Prize_in_Life_Sciences,Wikipedia table
breakthrough_life_sciences,Breakthrough Prize in Life Sciences,,2017,Harry F. Noller,Harry F. Noller,"""for discovering the centrality of RNA in forming the active centers of the ribosome, the fundamental machinery of protein synthesis in all cells, thereby connecting modern biology to the origin of life and also explaining how many natural antibiotics disrupt protein synthesis.""",,"University of California, Santa Cruz",,https://en.wikipedia.org/wiki/Breakthrough_Prize_in_Life_Sciences,Wikipedia table
breakthrough_life_sciences,Breakthrough Prize in Life Sciences,,2017,Roeland Nusse,Roeland Nusse,"""for pioneering research on the Wnt pathway, one of the crucial intercellular signaling systems in development, cancer and stem cell biology.""",,Stanford University ; Howard Hughes Medical Institute,,https://en.wikipedia.org/wiki/Breakthrough_Prize_in_Life_Sciences,Wikipedia table
breakthrough_life_sciences,Breakthrough Prize in Life Sciences,,2017,Yoshinori Ohsumi,Yoshinori Ohsumi,"""for elucidating autophagy , the recycling system that cells use to generate nutrients from their own inessential or damaged components.""",,Tokyo Institute of Technology,,https://en.wikipedia.org/wiki/Breakthrough_Prize_in_Life_Sciences,Wikipedia table
breakthrough_life_sciences,Breakthrough Prize in Life Sciences,,2017,Huda Zoghbi,Huda Zoghbi,"""for discoveries of the genetic causes and biochemical mechanisms of spinocerebellar ataxia and Rett syndrome, findings that have provided insight into the pathogenesis of neurodegenerative and neurological diseases.""",,Baylor College of Medicine ; Texas Children's Hospital ; Howard Hughes Medical Institute,,https://en.wikipedia.org/wiki/Breakthrough_Prize_in_Life_Sciences,Wikipedia table
breakthrough_life_sciences,Breakthrough Prize in Life Sciences,,2018,Joanne Chory,Joanne Chory,"""for discovering how plants optimize their growth, development, and cellular structure to transform sunlight into chemical energy.""",,Salk Institute for Biological Studies ; Howard Hughes Medical Institute,,https://en.wikipedia.org/wiki/Breakthrough_Prize_in_Life_Sciences,Wikipedia table
breakthrough_life_sciences,Breakthrough Prize in Life Sciences,,2018,Peter Walter,Peter Walter,"""for elucidating the unfolded protein response, a cellular quality-control system that detects disease-causing unfolded proteins and directs cells to take corrective measures.""",,"University of California, San Francisco ; Howard Hughes Medical Institute",,https://en.wikipedia.org/wiki/Breakthrough_Prize_in_Life_Sciences,Wikipedia table
breakthrough_life_sciences,Breakthrough Prize in Life Sciences,,2018,Kazutoshi Mori,Kazutoshi Mori,"""for elucidating the unfolded protein response, a cellular quality-control system that detects disease-causing unfolded proteins and directs cells to take corrective measures.""",,Kyoto University,,https://en.wikipedia.org/wiki/Breakthrough_Prize_in_Life_Sciences,Wikipedia table
breakthrough_life_sciences,Breakthrough Prize in Life Sciences,,2018,Kim Nasmyth,Kim Nasmyth,"""for elucidating the sophisticated mechanism that mediates the perilous separation of duplicated chromosomes during cell division and thereby prevents genetic diseases such as cancer.""",,University of Oxford,,https://en.wikipedia.org/wiki/Breakthrough_Prize_in_Life_Sciences,Wikipedia table
breakthrough_life_sciences,Breakthrough Prize in Life Sciences,,2018,Don W. Cleveland,Don W. Cleveland,"""for elucidating the molecular pathogenesis of a type of inherited ALS, including the role of glia in neurodegeneration, and for establishing antisense oligonucleotide therapy in animal models of ALS and Huntington disease.""",,"University of California, San Diego",,https://en.wikipedia.org/wiki/Breakthrough_Prize_in_Life_Sciences,Wikipedia table
breakthrough_life_sciences,Breakthrough Prize in Life Sciences,,2019,C. Frank Bennett,C. Frank Bennett,"""for the development of an effective antisense oligonucleotide therapy for children with the neurodegenerative disease spinal muscular atrophy.""",,Ionis Pharmaceuticals,,https://en.wikipedia.org/wiki/Breakthrough_Prize_in_Life_Sciences,Wikipedia table
breakthrough_life_sciences,Breakthrough Prize in Life Sciences,,2019,Adrian R. Krainer,Adrian R. Krainer,"""for the development of an effective antisense oligonucleotide therapy for children with the neurodegenerative disease spinal muscular atrophy.""",,Cold Spring Harbor Laboratory,,https://en.wikipedia.org/wiki/Breakthrough_Prize_in_Life_Sciences,Wikipedia table
breakthrough_life_sciences,Breakthrough Prize in Life Sciences,,2019,Angelika Amon,Angelika Amon,"""for determining the consequences of aneuploidy , an abnormal chromosome number resulting from chromosome mis-segregation.""",,Massachusetts Institute of Technology,,https://en.wikipedia.org/wiki/Breakthrough_Prize_in_Life_Sciences,Wikipedia table
breakthrough_life_sciences,Breakthrough Prize in Life Sciences,,2019,Xiaowei Zhuang,Xiaowei Zhuang,"""for discovering hidden structures in cells by developing super-resolution imaging – a method that transcends the fundamental spatial resolution limit of light microscopy.""",,Harvard University ; Howard Hughes Medical Institute,,https://en.wikipedia.org/wiki/Breakthrough_Prize_in_Life_Sciences,Wikipedia table
breakthrough_life_sciences,Breakthrough Prize in Life Sciences,,2019,Zhijian James Chen,Zhijian James Chen,"""for elucidating how DNA triggers immune and autoimmune responses from the interior of a cell through the discovery of the DNA-sensing enzyme cGAS.""",,UT Southwestern Medical Center ; Howard Hughes Medical Institute,,https://en.wikipedia.org/wiki/Breakthrough_Prize_in_Life_Sciences,Wikipedia table
breakthrough_life_sciences,Breakthrough Prize in Life Sciences,,2020,Jeffrey M. Friedman,Jeffrey M. Friedman,"""for the discovery of a new endocrine system through which adipose tissue signals the brain to regulate food intake.""",,Rockefeller University ; Howard Hughes Medical Institute,,https://en.wikipedia.org/wiki/Breakthrough_Prize_in_Life_Sciences,Wikipedia table
breakthrough_life_sciences,Breakthrough Prize in Life Sciences,,2020,Franz-Ulrich Hartl,Franz-Ulrich Hartl,"""for discovering functions of molecular chaperones in mediating protein folding and preventing protein aggregation.""",,Max Planck Institute of Biochemistry,,https://en.wikipedia.org/wiki/Breakthrough_Prize_in_Life_Sciences,Wikipedia table
breakthrough_life_sciences,Breakthrough Prize in Life Sciences,,2020,Arthur L. Horwich,Arthur L. Horwich,"""for discovering functions of molecular chaperones in mediating protein folding and preventing protein aggregation.""",,Yale School of Medicine ; Howard Hughes Medical Institute,,https://en.wikipedia.org/wiki/Breakthrough_Prize_in_Life_Sciences,Wikipedia table
breakthrough_life_sciences,Breakthrough Prize in Life Sciences,,2020,David Julius,David Julius,"""for discovering molecules, cells, and mechanisms underlying pain sensation.""",,"University of California, San Francisco",,https://en.wikipedia.org/wiki/Breakthrough_Prize_in_Life_Sciences,Wikipedia table
breakthrough_life_sciences,Breakthrough Prize in Life Sciences,,2020,Virginia Man-Yee Lee,Virginia Man-Yee Lee,"""for discovering TDP43 protein aggregates in frontotemporal dementia and amyotrophic lateral sclerosis, and revealing that different forms of alpha-synuclein, in different cell types, underlie Parkinson's disease and Multiple System Atrophy.""",,University of Pennsylvania,,https://en.wikipedia.org/wiki/Breakthrough_Prize_in_Life_Sciences,Wikipedia table
breakthrough_life_sciences,Breakthrough Prize in Life Sciences,,2021,David Baker,David Baker,"""for developing technology that allowed the design of proteins never seen before in nature, including novel proteins that have the potential for therapeutic intervention in human diseases.""",,University of Washington ; Howard Hughes Medical Institute,,https://en.wikipedia.org/wiki/Breakthrough_Prize_in_Life_Sciences,Wikipedia table
breakthrough_life_sciences,Breakthrough Prize in Life Sciences,,2021,Catherine Dulac,Catherine Dulac,"""for deconstructing the complex behavior of parenting to the level of cell-types and their wiring, and demonstrating that the neural circuits governing both male and female-specific parenting behaviors are present in both sexes.""",,Harvard University ; Howard Hughes Medical Institute,,https://en.wikipedia.org/wiki/Breakthrough_Prize_in_Life_Sciences,Wikipedia table
breakthrough_life_sciences,Breakthrough Prize in Life Sciences,,2021,Yuk Ming Dennis Lo,Yuk Ming Dennis Lo,"""for discovering that fetal DNA is present in maternal blood and can be used for the prenatal testing of trisomy 21 and other genetic disorders""",,The Chinese University of Hong Kong,,https://en.wikipedia.org/wiki/Breakthrough_Prize_in_Life_Sciences,Wikipedia table
breakthrough_life_sciences,Breakthrough Prize in Life Sciences,,2021,Richard J. Youle,Richard J. Youle,"""for elucidating a quality control pathway that clears damaged mitochondria and thereby protects against Parkinson's Disease.""",,National Institutes of Health,,https://en.wikipedia.org/wiki/Breakthrough_Prize_in_Life_Sciences,Wikipedia table
breakthrough_life_sciences,Breakthrough Prize in Life Sciences,,2022,Jeffery W. Kelly,Jeffery W. Kelly,"""for elucidating the molecular basis of neurodegenerative and cardiac transthyretin diseases, and for developing tafamidis, a drug that slows their progression.""",,Scripps Research Institute,,https://en.wikipedia.org/wiki/Breakthrough_Prize_in_Life_Sciences,Wikipedia table
breakthrough_life_sciences,Breakthrough Prize in Life Sciences,,2022,Katalin Karikó,Katalin Karikó,"""for engineering modified RNA technology which enabled rapid development of effective COVID-19 vaccines.""",,BioNTech ; University of Pennsylvania,,https://en.wikipedia.org/wiki/Breakthrough_Prize_in_Life_Sciences,Wikipedia table
breakthrough_life_sciences,Breakthrough Prize in Life Sciences,,2022,Drew Weissman,Drew Weissman,"""for engineering modified RNA technology which enabled rapid development of effective COVID-19 vaccines.""",,University of Pennsylvania,,https://en.wikipedia.org/wiki/Breakthrough_Prize_in_Life_Sciences,Wikipedia table
breakthrough_life_sciences,Breakthrough Prize in Life Sciences,,2022,Shankar Balasubramanian,Shankar Balasubramanian,"""for the development of a robust and affordable method to determine DNA sequences on a massive scale, which has transformed the practice of science and medicine.""",,University of Cambridge,,https://en.wikipedia.org/wiki/Breakthrough_Prize_in_Life_Sciences,Wikipedia table
breakthrough_life_sciences,Breakthrough Prize in Life Sciences,,2022,David Klenerman,David Klenerman,"""for the development of a robust and affordable method to determine DNA sequences on a massive scale, which has transformed the practice of science and medicine.""",,University of Cambridge,,https://en.wikipedia.org/wiki/Breakthrough_Prize_in_Life_Sciences,Wikipedia table
breakthrough_life_sciences,Breakthrough Prize in Life Sciences,,2022,Pascal Mayer,Pascal Mayer,"""for the development of a robust and affordable method to determine DNA sequences on a massive scale, which has transformed the practice of science and medicine.""",,Alphanosos,,https://en.wikipedia.org/wiki/Breakthrough_Prize_in_Life_Sciences,Wikipedia table
breakthrough_life_sciences,Breakthrough Prize in Life Sciences,,2023,Clifford P. Brangwynne,Clifford P. Brangwynne,"""for discovering a fundamental mechanism of cellular organization mediated by phase separation of proteins and RNA into membraneless liquid droplets.""",,Princeton University ; Howard Hughes Medical Institute ; Marine Biological Laboratory,,https://en.wikipedia.org/wiki/Breakthrough_Prize_in_Life_Sciences,Wikipedia table
breakthrough_life_sciences,Breakthrough Prize in Life Sciences,,2023,Anthony A. Hyman,Anthony A. Hyman,"""for discovering a fundamental mechanism of cellular organization mediated by phase separation of proteins and RNA into membraneless liquid droplets.""",,Max Planck Institute of Molecular Cell Biology and Genetics,,https://en.wikipedia.org/wiki/Breakthrough_Prize_in_Life_Sciences,Wikipedia table
breakthrough_life_sciences,Breakthrough Prize in Life Sciences,,2023,Demis Hassabis,Demis Hassabis,"""for developing a deep learning AI method that rapidly and accurately predicts the three-dimensional structure of proteins from their amino acid sequence..""",,DeepMind,,https://en.wikipedia.org/wiki/Breakthrough_Prize_in_Life_Sciences,Wikipedia table
breakthrough_life_sciences,Breakthrough Prize in Life Sciences,,2023,John Jumper,John Jumper,"""for developing a deep learning AI method that rapidly and accurately predicts the three-dimensional structure of proteins from their amino acid sequence..""",,DeepMind,,https://en.wikipedia.org/wiki/Breakthrough_Prize_in_Life_Sciences,Wikipedia table
breakthrough_life_sciences,Breakthrough Prize in Life Sciences,,2023,Emmanuel Mignot,Emmanuel Mignot,"""for discovering that narcolepsy is caused by the loss of a small population of brain cells that make a wake-promoting substance, paving the way for the development of new treatments for sleep disorders..""",,Stanford University School of Medicine,,https://en.wikipedia.org/wiki/Breakthrough_Prize_in_Life_Sciences,Wikipedia table
breakthrough_life_sciences,Breakthrough Prize in Life Sciences,,2023,Masashi Yanagisawa,Masashi Yanagisawa,"""for discovering that narcolepsy is caused by the loss of a small population of brain cells that make a wake-promoting substance, paving the way for the development of new treatments for sleep disorders..""",,University of Texas Southwestern Medical Center ; University of Tsukuba,,https://en.wikipedia.org/wiki/Breakthrough_Prize_in_Life_Sciences,Wikipedia table
breakthrough_life_sciences,Breakthrough Prize in Life Sciences,,2024,Carl H. June,Carl H. June,"""for the development of chimeric antigen receptor T cell immunotherapy whereby the patient's T cells are modified to target and kill cancer cells.""",,"Perelman School of Medicine, University of Pennsylvania",,https://en.wikipedia.org/wiki/Breakthrough_Prize_in_Life_Sciences,Wikipedia table
breakthrough_life_sciences,Breakthrough Prize in Life Sciences,,2024,Michel Sadelain,Michel Sadelain,"""for the development of chimeric antigen receptor T cell immunotherapy whereby the patient's T cells are modified to target and kill cancer cells.""",,Memorial Sloan Kettering Cancer Center,,https://en.wikipedia.org/wiki/Breakthrough_Prize_in_Life_Sciences,Wikipedia table
breakthrough_life_sciences,Breakthrough Prize in Life Sciences,,2024,Sabine Hadida,Sabine Hadida,"""for developing life-transforming drug combinations that repair the defective chloride channel protein in patients with cystic fibrosis.""",,Vertex Pharmaceuticals,,https://en.wikipedia.org/wiki/Breakthrough_Prize_in_Life_Sciences,Wikipedia table
breakthrough_life_sciences,Breakthrough Prize in Life Sciences,,2024,Paul Negulescu,Paul Negulescu,"""for developing life-transforming drug combinations that repair the defective chloride channel protein in patients with cystic fibrosis.""",,Vertex Pharmaceuticals,,https://en.wikipedia.org/wiki/Breakthrough_Prize_in_Life_Sciences,Wikipedia table
breakthrough_life_sciences,Breakthrough Prize in Life Sciences,,2024,Fredrick Van Goor,Fredrick Van Goor,"""for developing life-transforming drug combinations that repair the defective chloride channel protein in patients with cystic fibrosis.""",,Vertex Pharmaceuticals,,https://en.wikipedia.org/wiki/Breakthrough_Prize_in_Life_Sciences,Wikipedia table
breakthrough_life_sciences,Breakthrough Prize in Life Sciences,,2024,Thomas Gasser,Thomas Gasser,"""for identifying GBA1 and LRRK2 as risk genes for Parkinson's disease, implicating autophagy and lysosomal biology as critical contributors to the pathogenesis of the disease.""",,"Hertie Institute for Clinical Brain Research, University of Tübingen and German Center for Neurodegenerative Diseases",,https://en.wikipedia.org/wiki/Breakthrough_Prize_in_Life_Sciences,Wikipedia table
breakthrough_life_sciences,Breakthrough Prize in Life Sciences,,2024,Ellen Sidransky,Ellen Sidransky,"""for identifying GBA1 and LRRK2 as risk genes for Parkinson's disease, implicating autophagy and lysosomal biology as critical contributors to the pathogenesis of the disease.""",,"National Human Genome Research Institute , NIH",,https://en.wikipedia.org/wiki/Breakthrough_Prize_in_Life_Sciences,Wikipedia table
breakthrough_life_sciences,Breakthrough Prize in Life Sciences,,2024,Andrew Singleton,Andrew Singleton,"""for identifying GBA1 and LRRK2 as risk genes for Parkinson's disease, implicating autophagy and lysosomal biology as critical contributors to the pathogenesis of the disease.""",,"National Institute on Aging , NIH",,https://en.wikipedia.org/wiki/Breakthrough_Prize_in_Life_Sciences,Wikipedia table
breakthrough_life_sciences,Breakthrough Prize in Life Sciences,,2025,Daniel J. Drucker,Daniel J. Drucker,"""For the discovery and characterization of GLP-1 and revealing its physiology and potential in treating diabetes and obesity.""",,Lunenfeld-Tanenbaum Research Institute ; Sinai Health ; University of Toronto,,https://en.wikipedia.org/wiki/Breakthrough_Prize_in_Life_Sciences,Wikipedia table
breakthrough_life_sciences,Breakthrough Prize in Life Sciences,,2025,Joel Habener,Joel Habener,"""For the discovery and characterization of GLP-1 and revealing its physiology and potential in treating diabetes and obesity.""",,Massachusetts General Hospital ; Harvard Medical School,,https://en.wikipedia.org/wiki/Breakthrough_Prize_in_Life_Sciences,Wikipedia table
breakthrough_life_sciences,Breakthrough Prize in Life Sciences,,2025,Jens Juul Holst,Jens Juul Holst,"""For the discovery and characterization of GLP-1 and revealing its physiology and potential in treating diabetes and obesity.""",,Novo Nordisk ; University of Copenhagen,,https://en.wikipedia.org/wiki/Breakthrough_Prize_in_Life_Sciences,Wikipedia table
breakthrough_life_sciences,Breakthrough Prize in Life Sciences,,2025,Lotte Bjerre Knudsen,Lotte Bjerre Knudsen,"""For the discovery and characterization of GLP-1 and revealing its physiology and potential in treating diabetes and obesity.""",,Novo Nordisk ; University of Copenhagen,,https://en.wikipedia.org/wiki/Breakthrough_Prize_in_Life_Sciences,Wikipedia table
breakthrough_life_sciences,Breakthrough Prize in Life Sciences,,2025,Svetlana Mojsov,Svetlana Mojsov,"""For the discovery and characterization of GLP-1 and revealing its physiology and potential in treating diabetes and obesity.""",,Rockefeller University,,https://en.wikipedia.org/wiki/Breakthrough_Prize_in_Life_Sciences,Wikipedia table
breakthrough_life_sciences,Breakthrough Prize in Life Sciences,,2025,Stephen L. Hauser,Stephen L. Hauser,"""For establishing the role of B cells in multiple sclerosis and developing B-cell based treatments, and for revealing that Epstein-Barr virus infection is the leading risk for multiple sclerosis.""",,"University of California, San Francisco",,https://en.wikipedia.org/wiki/Breakthrough_Prize_in_Life_Sciences,Wikipedia table
breakthrough_life_sciences,Breakthrough Prize in Life Sciences,,2025,Alberto Ascherio,Alberto Ascherio,"""For establishing the role of B cells in multiple sclerosis and developing B-cell based treatments, and for revealing that Epstein-Barr virus infection is the leading risk for multiple sclerosis.""",,Harvard University,,https://en.wikipedia.org/wiki/Breakthrough_Prize_in_Life_Sciences,Wikipedia table
breakthrough_life_sciences,Breakthrough Prize in Life Sciences,,2025,David R. Liu,David R. Liu,"""For developing base editing and prime editing, technologies that edit the DNA of living systems without cutting the DNA double helix, and rewrite segments of genes at their native locations, enabling the correction or replacement of virtually any mutation.""",,Merkin Institute for Transformative Technologies ; Harvard University ; Howard Hughes Medical Institute,,https://en.wikipedia.org/wiki/Breakthrough_Prize_in_Life_Sciences,Wikipedia table
breakthrough_life_sciences,Breakthrough Prize in Life Sciences,,2026,Jean Bennett,Jean Bennett,For developing a therapy for inherited retinal degeneration that became the first FDA-approved gene therapy for a genetic disease.,,University of Pennsylvania,,https://en.wikipedia.org/wiki/Breakthrough_Prize_in_Life_Sciences,Wikipedia table
breakthrough_life_sciences,Breakthrough Prize in Life Sciences,,2026,Katherine A. High,Katherine A. High,For developing a therapy for inherited retinal degeneration that became the first FDA-approved gene therapy for a genetic disease.,,"University of Pennsylvania, Children’s Hospital of Philadelphia ; Rockefeller University",,https://en.wikipedia.org/wiki/Breakthrough_Prize_in_Life_Sciences,Wikipedia table
breakthrough_life_sciences,Breakthrough Prize in Life Sciences,,2026,Albert Maguire,Albert Maguire,For developing a therapy for inherited retinal degeneration that became the first FDA-approved gene therapy for a genetic disease.,,University of Pennsylvania,,https://en.wikipedia.org/wiki/Breakthrough_Prize_in_Life_Sciences,Wikipedia table
breakthrough_life_sciences,Breakthrough Prize in Life Sciences,,2026,Stuart H. Orkin,Stuart H. Orkin,For elucidating the mechanism driving the switch from fetal to adult hemoglobin and validating it as a therapeutic target for sickle-cell disease and beta-thalassemia.,,Harvard Medical School ; Howard Hughes Medical Institute,,https://en.wikipedia.org/wiki/Breakthrough_Prize_in_Life_Sciences,Wikipedia table
breakthrough_life_sciences,Breakthrough Prize in Life Sciences,,2026,Swee Lay Thein,Swee Lay Thein,For elucidating the mechanism driving the switch from fetal to adult hemoglobin and validating it as a therapeutic target for sickle-cell disease and beta-thalassemia.,,"National Heart, Lung and Blood Institute, National Institutes of Health",,https://en.wikipedia.org/wiki/Breakthrough_Prize_in_Life_Sciences,Wikipedia table
breakthrough_life_sciences,Breakthrough Prize in Life Sciences,,2026,Rosa Rademakers,Rosa Rademakers,For the discovery of the most common genetic cause of ALS and frontotemporal dementia which charted the path for new mechanistic studies of these diseases.,,"VIB, University of Antwerp ; Mayo Clinic",,https://en.wikipedia.org/wiki/Breakthrough_Prize_in_Life_Sciences,Wikipedia table
breakthrough_life_sciences,Breakthrough Prize in Life Sciences,,2026,Bryan Traynor,Bryan Traynor,For the discovery of the most common genetic cause of ALS and frontotemporal dementia which charted the path for new mechanistic studies of these diseases.,,"National Institute on Aging, National Institutes of Health",,https://en.wikipedia.org/wiki/Breakthrough_Prize_in_Life_Sciences,Wikipedia table
breakthrough_mathematics,Breakthrough Prize in Mathematics,,2015,Simon Donaldson,Simon Donaldson,"""for the new revolutionary invariants of 4-dimensional manifolds and for the study of the relation between stability in algebraic geometry and in global differential geometry , both for bundles and for Fano varieties .""",,Stony Brook University ; Imperial College London,,https://en.wikipedia.org/wiki/Breakthrough_Prize_in_Mathematics,Wikipedia table
breakthrough_mathematics,Breakthrough Prize in Mathematics,,2015,Maxim Kontsevich,Maxim Kontsevich,"""for work making a deep impact in a vast variety of mathematical disciplines, including algebraic geometry , deformation theory , symplectic topology , homological algebra and dynamical systems .""",,Institut des Hautes Études Scientifiques,,https://en.wikipedia.org/wiki/Breakthrough_Prize_in_Mathematics,Wikipedia table
breakthrough_mathematics,Breakthrough Prize in Mathematics,,2015,Jacob Lurie,Jacob Lurie,"""for his work on the foundations of higher category theory and derived algebraic geometry ; for the classification of fully extended topological quantum field theories ; and for providing a moduli-theoretic interpretation of elliptic cohomology .""",,Harvard University,,https://en.wikipedia.org/wiki/Breakthrough_Prize_in_Mathematics,Wikipedia table
breakthrough_mathematics,Breakthrough Prize in Mathematics,,2015,Terence Tao,Terence Tao,"""for numerous breakthrough contributions to harmonic analysis , combinatorics , partial differential equations and analytic number theory .""",,"University of California, Los Angeles",,https://en.wikipedia.org/wiki/Breakthrough_Prize_in_Mathematics,Wikipedia table
breakthrough_mathematics,Breakthrough Prize in Mathematics,,2015,Richard Taylor,Richard Taylor,"""for numerous breakthrough results in the theory of automorphic forms , including the Taniyama–Weil conjecture , the local Langlands conjecture for general linear groups , and the Sato–Tate conjecture .""",,Institute for Advanced Study,,https://en.wikipedia.org/wiki/Breakthrough_Prize_in_Mathematics,Wikipedia table
breakthrough_mathematics,Breakthrough Prize in Mathematics,,2016,Ian Agol,Ian Agol,"""for spectacular contributions to low dimensional topology and geometric group theory , including work on the solutions of the tameness , virtually Haken and virtual fibering conjectures.""",,"University of California, Berkeley ; Institute for Advanced Study",,https://en.wikipedia.org/wiki/Breakthrough_Prize_in_Mathematics,Wikipedia table
breakthrough_mathematics,Breakthrough Prize in Mathematics,,2017,Jean Bourgain,Jean Bourgain,"""for multiple transformative contributions to analysis , combinatorics , partial differential equations , high-dimensional geometry and number theory .""",,Institute for Advanced Study,,https://en.wikipedia.org/wiki/Breakthrough_Prize_in_Mathematics,Wikipedia table
breakthrough_mathematics,Breakthrough Prize in Mathematics,,2018,Christopher Hacon,Christopher Hacon,"""for transformational contributions to birational algebraic geometry , especially to the minimal model program in all dimensions.""",,University of Utah,,https://en.wikipedia.org/wiki/Breakthrough_Prize_in_Mathematics,Wikipedia table
breakthrough_mathematics,Breakthrough Prize in Mathematics,,2018,James McKernan,James McKernan,"""for transformational contributions to birational algebraic geometry , especially to the minimal model program in all dimensions.""",,"University of California, San Diego",,https://en.wikipedia.org/wiki/Breakthrough_Prize_in_Mathematics,Wikipedia table
breakthrough_mathematics,Breakthrough Prize in Mathematics,,2019,Vincent Lafforgue,Vincent Lafforgue,"""for ground breaking contributions to several areas of mathematics, in particular to the Langlands program in the function field case.""",,"Centre National de la Recherche Scientifique ; Institut Fourier, Université Grenoble-Alpes",,https://en.wikipedia.org/wiki/Breakthrough_Prize_in_Mathematics,Wikipedia table
breakthrough_mathematics,Breakthrough Prize in Mathematics,,2020,Alex Eskin,Alex Eskin,"""for revolutionary discoveries in the dynamics and geometry of moduli spaces of Abelian differentials, including the proof of the 'magic wand theorem'.""",,University of Chicago,,https://en.wikipedia.org/wiki/Breakthrough_Prize_in_Mathematics,Wikipedia table
breakthrough_mathematics,Breakthrough Prize in Mathematics,,2020,Maryam Mirzakhani,Maryam Mirzakhani,"""for revolutionary discoveries in the dynamics and geometry of moduli spaces of Abelian differentials, including the proof of the 'magic wand theorem'.""",,Stanford University,,https://en.wikipedia.org/wiki/Breakthrough_Prize_in_Mathematics,Wikipedia table
breakthrough_mathematics,Breakthrough Prize in Mathematics,,2021,Martin Hairer,Martin Hairer,"""for transformative contributions to the theory of stochastic analysis, particularly the theory of regularity structures in stochastic partial differential equations.""",,Imperial College London,,https://en.wikipedia.org/wiki/Breakthrough_Prize_in_Mathematics,Wikipedia table
breakthrough_mathematics,Breakthrough Prize in Mathematics,,2022,Takurō Mochizuki,Takurō Mochizuki,"""for monumental work leading to a breakthrough in our understanding of the theory of bundles with flat connections over algebraic varieties, including the case of irregular singularities.""",,Kyoto University,,https://en.wikipedia.org/wiki/Breakthrough_Prize_in_Mathematics,Wikipedia table
breakthrough_mathematics,Breakthrough Prize in Mathematics,,2023,Daniel Spielman,Daniel Spielman,"""for breakthrough contributions to theoretical computer science and mathematics, including to spectral graph theory , the Kadison-Singer problem , numerical linear algebra, optimization, and coding theory.""",,Yale University,,https://en.wikipedia.org/wiki/Breakthrough_Prize_in_Mathematics,Wikipedia table
breakthrough_mathematics,Breakthrough Prize in Mathematics,,2024,Simon Brendle,Simon Brendle,"""for transformative contributions to differential geometry, including sharp geometric inequalities, many results on Ricci flow and mean curvature flow and the Lawson conjecture on minimal tori in the 3-sphere.""",,Columbia University,,https://en.wikipedia.org/wiki/Breakthrough_Prize_in_Mathematics,Wikipedia table
breakthrough_mathematics,Breakthrough Prize in Mathematics,,2025,Dennis Gaitsgory,Dennis Gaitsgory,"""for his central role in the proof of the geometric Langlands conjecture .""",,Max Planck Institute for Mathematics,,https://en.wikipedia.org/wiki/Breakthrough_Prize_in_Mathematics,Wikipedia table
breakthrough_mathematics,Breakthrough Prize in Mathematics,,2026,Frank Merle,Frank Merle,"""for breakthroughs in nonlinear evolution equations, with regards to their stability, singularity formation, or resolution into solitons.""",,CY Cergy Paris University and Institut des Hautes Études Scientifiques,,https://en.wikipedia.org/wiki/Breakthrough_Prize_in_Mathematics,Wikipedia table
copley,Copley Medal,,1731,Stephen Gray,Stephen Gray,"""For his new Electrical Experiments: – as an encouragement to him for the readiness he has always shown in obliging the Society with his discoveries and improvements in this part of Natural Knowledge""",,,,https://en.wikipedia.org/wiki/Copley_Medal,Wikipedia table
copley,Copley Medal,,1732,Stephen Gray,Stephen Gray,"""For the Experiments he made for the year 1732""",,,,https://en.wikipedia.org/wiki/Copley_Medal,Wikipedia table
copley,Copley Medal,,1734,John Theophilus Desaguliers,John Theophilus Desaguliers,"""In consideration of his several Experiments performed before the Society""",,,,https://en.wikipedia.org/wiki/Copley_Medal,Wikipedia table
copley,Copley Medal,,1736,John Theophilus Desaguliers,John Theophilus Desaguliers,"""For his experiments made during the year""",,,,https://en.wikipedia.org/wiki/Copley_Medal,Wikipedia table
copley,Copley Medal,,1737,John Belchier,John Belchier,"""For his Experiment to show the property of a Diet of Madder Root in dyeing the Bones of living animals of a red colour""",,,,https://en.wikipedia.org/wiki/Copley_Medal,Wikipedia table
copley,Copley Medal,,1738,James Valoue,James Valoue,"""For his invention of an Engine for driving the Piles to make a Foundation for the Bridge to be erected at Westminster, the Model whereof had been shown to the Society""",,,,https://en.wikipedia.org/wiki/Copley_Medal,Wikipedia table
copley,Copley Medal,,1739,Stephen Hales,Stephen Hales,"""For his Experiments towards the Discovery of Medicines for dissolving the Stone; and Preservatives for keeping Meat in long voyages at Sea""",,,,https://en.wikipedia.org/wiki/Copley_Medal,Wikipedia table
copley,Copley Medal,,1740,Alexander Stuart,Alexander Stuart,"""For his Lectures on Muscular Motion. As a further addition for his services to the Society in the care and pains he has taken therein""",,,,https://en.wikipedia.org/wiki/Copley_Medal,Wikipedia table
copley,Copley Medal,,1741,John Theophilus Desaguliers,John Theophilus Desaguliers,"""For his Experiments towards the discovery of the properties of Electricity. As an addition to his allowance (as Curator) for the present year.""",,,,https://en.wikipedia.org/wiki/Copley_Medal,Wikipedia table
copley,Copley Medal,,1742,Christopher Middleton,Christopher Middleton,"""For the communication of his Observations in the attempt of discovering a North-West passage to the East Indies through Hudsons Bay""",,,,https://en.wikipedia.org/wiki/Copley_Medal,Wikipedia table
copley,Copley Medal,,1743,Abraham Trembley,Abraham Trembley,"""For his Experiments on the Polypus""",,,,https://en.wikipedia.org/wiki/Copley_Medal,Wikipedia table
copley,Copley Medal,,1744,Henry Baker,Henry Baker,"""For his curious Experiments relating to the Crystallization or Configuration of the minute particles of Saline Bodies dissolved in a menstruum""",,,,https://en.wikipedia.org/wiki/Copley_Medal,Wikipedia table
copley,Copley Medal,,1745,William Watson,William Watson,"""On account of the surprising discoveries in the phenomena of Electricity, exhibited in his late Experiments""",,,,https://en.wikipedia.org/wiki/Copley_Medal,Wikipedia table
copley,Copley Medal,,1746,Benjamin Robins,Benjamin Robins,"""On account of his curious Experiments for showing the resistance of the Air, and his rules for establishing his doctrine thereon for the motion of Projectiles""",,,,https://en.wikipedia.org/wiki/Copley_Medal,Wikipedia table
copley,Copley Medal,,1747,Gowin Knight,Gowin Knight,"""On account of several very curious Experiments exhibited by him, both with Natural and Artificial Magnets""",,,,https://en.wikipedia.org/wiki/Copley_Medal,Wikipedia table
copley,Copley Medal,,1748,James Bradley,James Bradley,"""On account of his very curious and wonderful discoveries in the apparent motion of the Fixed Stars, and the causes of such apparent motion""",,,,https://en.wikipedia.org/wiki/Copley_Medal,Wikipedia table
copley,Copley Medal,,1749,John Harrison,John Harrison,"""On account of those very curious Instruments, invented and made by him, for the exact mensuration of Time""",,,,https://en.wikipedia.org/wiki/Copley_Medal,Wikipedia table
copley,Copley Medal,,1750,George Edwards,George Edwards,"""On account of a very curious Book lately published by him, and intiyled, A Natural History of Birds, &c. – containing the Figures elegantly drawn, and illuminated in their proper colours, of 209 different Birds, and about 20 very rare Quadrupeds, Serpents, Fishes, and Insects.""",,,,https://en.wikipedia.org/wiki/Copley_Medal,Wikipedia table
copley,Copley Medal,,1751,John Canton,John Canton,"""On account of his communicating to the Society, and exhibiting before them, his curious method of making Artificial Magnets without the use of Natural ones""",,,,https://en.wikipedia.org/wiki/Copley_Medal,Wikipedia table
copley,Copley Medal,,1752,"Sir John Pringle, 1st Baronet","Sir John Pringle, 1st Baronet","""On account of his very curious and useful Experiments and Observations on Septic and Anti-septic Substances, communicated to the Society""",,,,https://en.wikipedia.org/wiki/Copley_Medal,Wikipedia table
copley,Copley Medal,,1753,Benjamin Franklin,Benjamin Franklin,"""On account of his curious Experiments and Observations on Electricity """,,,,https://en.wikipedia.org/wiki/Copley_Medal,Wikipedia table
copley,Copley Medal,,1754,William Lewis,William Lewis,"""For the many Experiments made by him on Platina, which tend to the discovery of the sophistication of gold: – which he would have entirely completed, but was obliged to put a stop to his further enquiries for want of materials""",,,,https://en.wikipedia.org/wiki/Copley_Medal,Wikipedia table
copley,Copley Medal,,1755,John Huxham,John Huxham,"""For his many useful Experiments on Antimony, of which an account had been read to the Society""",,,,https://en.wikipedia.org/wiki/Copley_Medal,Wikipedia table
copley,Copley Medal,,1757,Lord Charles Cavendish,Lord Charles Cavendish,"""On account of his very curious and useful invention of making Thermometers, showing respectively the greatest degrees of heat and cold which have happened at any time during the absence of the observer""",,,,https://en.wikipedia.org/wiki/Copley_Medal,Wikipedia table
copley,Copley Medal,,1758,John Dollond,John Dollond,"""On account of his curious Experiments and Discoveries concerning the different refrangibility of the Rays of Light, communicated to the Society""",,,,https://en.wikipedia.org/wiki/Copley_Medal,Wikipedia table
copley,Copley Medal,,1759,John Smeaton,John Smeaton,"""On account of his curious Experiments concerning Water-wheels and Wind-mill Sails, communicated to the Society. For his experimental enquiry concerning the powers of water and wind in the moving of Mills""",,,,https://en.wikipedia.org/wiki/Copley_Medal,Wikipedia table
copley,Copley Medal,,1760,Benjamin Wilson,Benjamin Wilson,"""For his many curious Experiments in Electricity, communicated to the Society within the year""",,,,https://en.wikipedia.org/wiki/Copley_Medal,Wikipedia table
copley,Copley Medal,,1764,John Canton,John Canton,"""For his very ingenious and elegant Experiments in the Air Pump and Condensing Engine, to prove the Compressibility of Water, and some other Fluids""",,,,https://en.wikipedia.org/wiki/Copley_Medal,Wikipedia table
copley,Copley Medal,,1766,William Brownrigg,William Brownrigg,"""For an experimental enquiry into the Mineral Elastic Spirit, or Air, contained in Spa-Water; as well as into the Mephitic qualities of this Spirit. (Brownrigg)"" ""For his Experiments and Observations on the agreement between the specific gravities of the several Metals, and their colours when united to glass, as well as those of their other preparations. (Delaval)"" ""For his Paper communicated this present year, containing his Experiments relating to Fixed Air. (Cavendish)""",,,,https://en.wikipedia.org/wiki/Copley_Medal,Wikipedia table
copley,Copley Medal,,1766,Edward Delaval,Edward Delaval,"""For an experimental enquiry into the Mineral Elastic Spirit, or Air, contained in Spa-Water; as well as into the Mephitic qualities of this Spirit. (Brownrigg)"" ""For his Experiments and Observations on the agreement between the specific gravities of the several Metals, and their colours when united to glass, as well as those of their other preparations. (Delaval)"" ""For his Paper communicated this present year, containing his Experiments relating to Fixed Air. (Cavendish)""",,,,https://en.wikipedia.org/wiki/Copley_Medal,Wikipedia table
copley,Copley Medal,,1766,Henry Cavendish,Henry Cavendish,"""For an experimental enquiry into the Mineral Elastic Spirit, or Air, contained in Spa-Water; as well as into the Mephitic qualities of this Spirit. (Brownrigg)"" ""For his Experiments and Observations on the agreement between the specific gravities of the several Metals, and their colours when united to glass, as well as those of their other preparations. (Delaval)"" ""For his Paper communicated this present year, containing his Experiments relating to Fixed Air. (Cavendish)""",,,,https://en.wikipedia.org/wiki/Copley_Medal,Wikipedia table
copley,Copley Medal,,1767,John Ellis,John Ellis,"""For his Papers of the year 1767, On the animal nature of the Genus of Zoophytes called Corallina, and the Actinia Sociata, or Clustered Animal Flower, lately found on the sea coasts of the new-ceded Islands""",,,,https://en.wikipedia.org/wiki/Copley_Medal,Wikipedia table
copley,Copley Medal,,1768,Peter Woulfe,Peter Woulfe,"""For his Experiments on the Distillation of Acids, Volatile Alkalies, and other substances""",,,,https://en.wikipedia.org/wiki/Copley_Medal,Wikipedia table
copley,Copley Medal,,1769,William Hewson,William Hewson,"""For his Two Papers, entitled, An Account of the Lymphatic System in Amphibious Animals, – and An Account of the Lymphatic System in Fish""",,,,https://en.wikipedia.org/wiki/Copley_Medal,Wikipedia table
copley,Copley Medal,,1770,William Hamilton,William Hamilton,"""For his Paper, entitled, An Account of a Journey to Mount Etna """,,,,https://en.wikipedia.org/wiki/Copley_Medal,Wikipedia table
copley,Copley Medal,,1771,Matthew Raper,Matthew Raper,"""For his paper entitled, An Enquiry into the value of ancient Greek and Roman Money """,,,,https://en.wikipedia.org/wiki/Copley_Medal,Wikipedia table
copley,Copley Medal,,1772,Joseph Priestley,Joseph Priestley,"""On account of the many curious and useful Experiments contained in his observations on different kinds of Air""",,,,https://en.wikipedia.org/wiki/Copley_Medal,Wikipedia table
copley,Copley Medal,,1773,John Walsh,John Walsh,"""For his Paper on the Torpedo""",,,,https://en.wikipedia.org/wiki/Copley_Medal,Wikipedia table
copley,Copley Medal,,1775,Nevil Maskelyne,Nevil Maskelyne,"""In consideration of his curious and laborious Observations on the Attraction of Mountains, made in Scotland, – on Schehallien""",,,,https://en.wikipedia.org/wiki/Copley_Medal,Wikipedia table
copley,Copley Medal,,1776,James Cook,James Cook,"""For his Paper, giving an account of the method he had taken to preserve the health of the crew of H.M. Ship the Resolution, during her late voyage round the world. Whose communication to the Society was of such importance to the public""",,,,https://en.wikipedia.org/wiki/Copley_Medal,Wikipedia table
copley,Copley Medal,,1777,John Mudge,John Mudge,"""On account of his valuable Paper containing directions for making the best Composition for the metals of Reflecting Telescopes; together with a description of the process for grinding, polishing, and giving the best speculum the true parabolic form""",,,,https://en.wikipedia.org/wiki/Copley_Medal,Wikipedia table
copley,Copley Medal,,1778,Charles Hutton,Charles Hutton,"""For his paper, entitled, The force of Fired Gunpowder, and the initial velocity of Cannon Balls, determined by Experiments""",,,,https://en.wikipedia.org/wiki/Copley_Medal,Wikipedia table
copley,Copley Medal,,1780,Samuel Vince,Samuel Vince,"""For his paper, entitled, An investigation of the Principles of Progressive and Rotatory Motion, printed in the Philosophical Transactions """,,,,https://en.wikipedia.org/wiki/Copley_Medal,Wikipedia table
copley,Copley Medal,,1781,William Herschel,William Herschel,"""For the Communication of his Discovery of a new and singular Star; a discovery which does him particular honour, as, in all probability, this star has been for many years, perhaps ages, within the bounds of astronomic vision, and yet till now, eluded the most diligent researches of other observers""",,,,https://en.wikipedia.org/wiki/Copley_Medal,Wikipedia table
copley,Copley Medal,,1782,Richard Kirwan,Richard Kirwan,"""As a reward for the merit of his labours in the science of Chemistry. For his chemical analyses of Salts""",,,,https://en.wikipedia.org/wiki/Copley_Medal,Wikipedia table
copley,Copley Medal,,1783,John Goodricke,John Goodricke,"""For his discovery of the Period of the Variation of Light in the Star Algol. (Goodricke)"" ""For his Experiments to ascertain the point of Mercurial Congelation. (Hutchins)""",,,,https://en.wikipedia.org/wiki/Copley_Medal,Wikipedia table
copley,Copley Medal,,1783,Thomas Hutchins,Thomas Hutchins,"""For his discovery of the Period of the Variation of Light in the Star Algol. (Goodricke)"" ""For his Experiments to ascertain the point of Mercurial Congelation. (Hutchins)""",,,,https://en.wikipedia.org/wiki/Copley_Medal,Wikipedia table
copley,Copley Medal,,1784,Edward Waring,Edward Waring,"""For his Mathematical Communications to the Society. For his Paper On the Summation of Series, whose general term is a determinate function of z the distance from the first term of the series""",,,,https://en.wikipedia.org/wiki/Copley_Medal,Wikipedia table
copley,Copley Medal,,1785,William Roy,William Roy,"""For his Measurement of a Base on Hounslow Heath""",,,,https://en.wikipedia.org/wiki/Copley_Medal,Wikipedia table
copley,Copley Medal,,1787,John Hunter,John Hunter,"""For his three Papers, – On the Ovaria, On the identity of the dog, wolf, and jackall species, and On the anatomy of Whales, printed in the Philosophical Transactions for 1787""",,,,https://en.wikipedia.org/wiki/Copley_Medal,Wikipedia table
copley,Copley Medal,,1788,Charles Blagden,Charles Blagden,"""For his two Papers on Congelation, printed in the last (78th) volume of the Philosophical transactions""",,,,https://en.wikipedia.org/wiki/Copley_Medal,Wikipedia table
copley,Copley Medal,,1789,William Morgan,William Morgan,"""For his two Papers on the values of Reversions and Survivorships, printed in the two last volumes of the Philosophical Transactions""",,,,https://en.wikipedia.org/wiki/Copley_Medal,Wikipedia table
copley,Copley Medal,,1791,James Rennell,James Rennell,"""For his Paper on the Rate of Travelling as performed by Camels, printed in the last (81st) volume of the Philosophical Transactions. (Rennell)"" ""For his Improvements in Hygrometry. (De Luc)""",,,,https://en.wikipedia.org/wiki/Copley_Medal,Wikipedia table
copley,Copley Medal,,1791,Jean-André Deluc,Jean-André Deluc,"""For his Paper on the Rate of Travelling as performed by Camels, printed in the last (81st) volume of the Philosophical Transactions. (Rennell)"" ""For his Improvements in Hygrometry. (De Luc)""",,,,https://en.wikipedia.org/wiki/Copley_Medal,Wikipedia table
copley,Copley Medal,,1792,Benjamin Thompson,Benjamin Thompson,"""For his various Papers on the Properties and Communication of Heat""",,,,https://en.wikipedia.org/wiki/Copley_Medal,Wikipedia table
copley,Copley Medal,,1794,Alessandro Volta,Alessandro Volta,"""For his several Communications explanatory of certain Experiments published by Professor Galvani""",,,,https://en.wikipedia.org/wiki/Copley_Medal,Wikipedia table
copley,Copley Medal,,1795,Jesse Ramsden,Jesse Ramsden,"""For his various inventions and improvements in the construction of the Instruments for the Trigonometrical measurements carried on by the late Major General Roy, and by Lieut. Col. Williams and his associates""",,,,https://en.wikipedia.org/wiki/Copley_Medal,Wikipedia table
copley,Copley Medal,,1796,George Atwood,George Atwood,"""For his Paper on the construction and analysis of geometrical propositions determining the positions assumed by homogeneal bodies which float freely, and at rest; and also determining the Stability of Ships and other floating bodies""",,,,https://en.wikipedia.org/wiki/Copley_Medal,Wikipedia table
copley,Copley Medal,,1798,George Shuckburgh-Evelyn,George Shuckburgh-Evelyn,"""For his various Communications printed in the Philosophical Transactions. (Evelyn)"" ""For his Chemical Communications printed in the Philosophical Transactions. (Hatchett)""",,,,https://en.wikipedia.org/wiki/Copley_Medal,Wikipedia table
copley,Copley Medal,,1798,Charles Hatchett,Charles Hatchett,"""For his various Communications printed in the Philosophical Transactions. (Evelyn)"" ""For his Chemical Communications printed in the Philosophical Transactions. (Hatchett)""",,,,https://en.wikipedia.org/wiki/Copley_Medal,Wikipedia table
copley,Copley Medal,,1799,John Hellins,John Hellins,"""For his improved Solution of a problem in Physical Astronomy, &c. printed in the Philosophical Transactions for the year 1798; and his other Mathematical Papers""",,,,https://en.wikipedia.org/wiki/Copley_Medal,Wikipedia table
copley,Copley Medal,,1800,Edward Charles Howard,Edward Charles Howard,"""For his Paper on a New Fulminating Mercury""",,,,https://en.wikipedia.org/wiki/Copley_Medal,Wikipedia table
copley,Copley Medal,,1801,Astley Cooper,Astley Cooper,"""For his Papers – on the effects which take place from the destruction of the Membrana Tympani of the Ear; with an account of an operation for the removal of a particular species of Deafness""",,,,https://en.wikipedia.org/wiki/Copley_Medal,Wikipedia table
copley,Copley Medal,,1802,William Hyde Wollaston,William Hyde Wollaston,"""For his various Papers printed in the Philosophical Transactions""",,,,https://en.wikipedia.org/wiki/Copley_Medal,Wikipedia table
copley,Copley Medal,,1803,Richard Chenevix,Richard Chenevix,"""For his various Chemical Papers printed in the Philosophical Transactions""",,,,https://en.wikipedia.org/wiki/Copley_Medal,Wikipedia table
copley,Copley Medal,,1804,Smithson Tennant,Smithson Tennant,"""For his various Chemical Discoveries communicated to the Society, and printed in several volumes of the Philosophical Transactions""",,,,https://en.wikipedia.org/wiki/Copley_Medal,Wikipedia table
copley,Copley Medal,,1805,Humphry Davy,Humphry Davy,"""For his various Communications published in the Philosophical Transactions""",,,,https://en.wikipedia.org/wiki/Copley_Medal,Wikipedia table
copley,Copley Medal,,1806,Thomas Andrew Knight,Thomas Andrew Knight,"""For his various Papers on Vegetation, printed in the Philosophical Transactions""",,,,https://en.wikipedia.org/wiki/Copley_Medal,Wikipedia table
copley,Copley Medal,,1807,Everard Home,Everard Home,"""For his various Papers on Anatomy and Physiology, printed in the Philosophical Transactions""",,,,https://en.wikipedia.org/wiki/Copley_Medal,Wikipedia table
copley,Copley Medal,,1808,William Henry,William Henry,"""For his various papers communicated to the society, and printed in the Philosophical Transactions""",,,,https://en.wikipedia.org/wiki/Copley_Medal,Wikipedia table
copley,Copley Medal,,1809,Edward Troughton,Edward Troughton,"""For the Account of his Method of dividing Astronomical Instruments, printed in the last volume of the Philosophical Transactions""",,,,https://en.wikipedia.org/wiki/Copley_Medal,Wikipedia table
copley,Copley Medal,,1811,Benjamin Collins Brodie,Benjamin Collins Brodie,"""For his Papers printed in the Philosophical Transactions. On the influence of the Brain on the action of the Heart, and the generation of Animal Heat; and on the different modes in which death is brought on by certain Vegetable Poisons""",,,,https://en.wikipedia.org/wiki/Copley_Medal,Wikipedia table
copley,Copley Medal,,1813,William Thomas Brande,William Thomas Brande,"""For his Communications concerning the Alcohol contained in Fermented Liquors and other Papers, printed in the Philosophical Transactions""",,,,https://en.wikipedia.org/wiki/Copley_Medal,Wikipedia table
copley,Copley Medal,,1814,James Ivory,James Ivory,"""For his various Mathematical Contributions printed in the Philosophical Transactions""",,,,https://en.wikipedia.org/wiki/Copley_Medal,Wikipedia table
copley,Copley Medal,,1815,David Brewster,David Brewster,"""For his Paper on the Polarization of Light by Reflection from Transparent Bodies""",,,,https://en.wikipedia.org/wiki/Copley_Medal,Wikipedia table
copley,Copley Medal,,1817,Henry Kater,Henry Kater,"""For his Experiments on the Pendulum""",,,,https://en.wikipedia.org/wiki/Copley_Medal,Wikipedia table
copley,Copley Medal,,1818,Robert Seppings,Robert Seppings,"""For his Papers on the construction of Ships of War, printed in the Philosophical Transactions""",,,,https://en.wikipedia.org/wiki/Copley_Medal,Wikipedia table
copley,Copley Medal,,1820,Hans Christian Ørsted,Hans Christian Ørsted,"""For his Electro-magnetic Discoveries""",,,,https://en.wikipedia.org/wiki/Copley_Medal,Wikipedia table
copley,Copley Medal,,1821,Edward Sabine,Edward Sabine,"""For his various Communications to the Royal Society relating to his researches made in the late Expedition to the Arctic Regions. (Sabine)"" ""For his Papers printed in the Philosophical Transactions. (Herschel)""",,,,https://en.wikipedia.org/wiki/Copley_Medal,Wikipedia table
copley,Copley Medal,,1821,John Herschel,John Herschel,"""For his various Communications to the Royal Society relating to his researches made in the late Expedition to the Arctic Regions. (Sabine)"" ""For his Papers printed in the Philosophical Transactions. (Herschel)""",,,,https://en.wikipedia.org/wiki/Copley_Medal,Wikipedia table
copley,Copley Medal,,1822,William Buckland,William Buckland,"""For his Paper on the Fossil Teeth and Bones discovered in a Cave at Kirkdale""",,,,https://en.wikipedia.org/wiki/Copley_Medal,Wikipedia table
copley,Copley Medal,,1823,John Pond,John Pond,"""For his various Communications to the Royal Society""",,,,https://en.wikipedia.org/wiki/Copley_Medal,Wikipedia table
copley,Copley Medal,,1824,John Brinkley,John Brinkley,"""For his various Communications to the Royal Society""",,,,https://en.wikipedia.org/wiki/Copley_Medal,Wikipedia table
copley,Copley Medal,,1825,François Arago,François Arago,"""For the Discovery of the Magnetic Properties of substances not containing Iron. For the Discovery of the power of various bodies, principally metallic, to receive magnetic impressions, in the same, though in a more evanescent manner than malleable Iron, and in an infinitely less intense degree. (Arago)"" ""For his various Communications on the subject of Magnetism. (Barlow)""",,,,https://en.wikipedia.org/wiki/Copley_Medal,Wikipedia table
copley,Copley Medal,,1825,Peter Barlow,Peter Barlow,"""For the Discovery of the Magnetic Properties of substances not containing Iron. For the Discovery of the power of various bodies, principally metallic, to receive magnetic impressions, in the same, though in a more evanescent manner than malleable Iron, and in an infinitely less intense degree. (Arago)"" ""For his various Communications on the subject of Magnetism. (Barlow)""",,,,https://en.wikipedia.org/wiki/Copley_Medal,Wikipedia table
copley,Copley Medal,,1826,James South,James South,"""For his observations of Double Stars, and his Paper on the Discordances between the Suns observed and computed Right Ascensions, published in the Transactions of the Society. For his Paper of Observations of the Apparent Distances and Positions of Four Hundred and Fifty-eight Double and Triple Stars, published in the present volume (1826, Part 1.) of the Transactions""",,,,https://en.wikipedia.org/wiki/Copley_Medal,Wikipedia table
copley,Copley Medal,,1827,William Prout,William Prout,"""For his Paper entitled, On the ultimate Composition of simple alimentary substances, with some preliminary remarks on the analysis of organized bodies in general. (Prout)"" ""For his magnetic and other observations made during the Arctic expedition to Port Bowen. (Foster)""",,,,https://en.wikipedia.org/wiki/Copley_Medal,Wikipedia table
copley,Copley Medal,,1827,Henry Foster,Henry Foster,"""For his Paper entitled, On the ultimate Composition of simple alimentary substances, with some preliminary remarks on the analysis of organized bodies in general. (Prout)"" ""For his magnetic and other observations made during the Arctic expedition to Port Bowen. (Foster)""",,,,https://en.wikipedia.org/wiki/Copley_Medal,Wikipedia table
copley,Copley Medal,,1831,George Biddell Airy,George Biddell Airy,"""For his Papers, On the principle of the construction of the Achromatic Eye-pieces of Telescopes, – On the Spherical Aberration of the Eye-pieces of Telescopes, and for other Papers on Optical Subjects in the Transactions of the Cambridge Philosophical Society""",,,,https://en.wikipedia.org/wiki/Copley_Medal,Wikipedia table
copley,Copley Medal,,1832,Michael Faraday,Michael Faraday,"""For his discovery of Magneto-Electricity as detailed in his Experimental Researches in Electricity, published in the Philosophical Transactions for the present year. (Faraday)"" ""For his work entitled, Nouvelle Theorie de lAction Capillaire. (Poisson)""",,,,https://en.wikipedia.org/wiki/Copley_Medal,Wikipedia table
copley,Copley Medal,,1832,Siméon Denis Poisson,Siméon Denis Poisson,"""For his discovery of Magneto-Electricity as detailed in his Experimental Researches in Electricity, published in the Philosophical Transactions for the present year. (Faraday)"" ""For his work entitled, Nouvelle Theorie de lAction Capillaire. (Poisson)""",,,,https://en.wikipedia.org/wiki/Copley_Medal,Wikipedia table
copley,Copley Medal,,1834,Giovanni Antonio Amedeo Plana,Giovanni Antonio Amedeo Plana,"""For his work entitled, Theorie du Mouvement de la Lune""",,,,https://en.wikipedia.org/wiki/Copley_Medal,Wikipedia table
copley,Copley Medal,,1835,William Snow Harris,William Snow Harris,"""For his experimental investigations of the force of electricity of high intensity contained in the Philosophical Transactions of 1834""",,,,https://en.wikipedia.org/wiki/Copley_Medal,Wikipedia table
copley,Copley Medal,,1836,Jöns Jacob Berzelius,Jöns Jacob Berzelius,"""For his systematic application of the doctrine of definite proportions to the analysis of mineral bodies, as contained in his Nouveau Systeme de Mineralogie, and in other of his works. (Berzelius)"" ""For his discoveries relating to the structure of the liver, as detailed in his paper communicated to the Royal Society, and published in the Philosophical Transactions for 1833. (Kiernan)""",,,,https://en.wikipedia.org/wiki/Copley_Medal,Wikipedia table
copley,Copley Medal,,1836,Francis Kiernan,Francis Kiernan,"""For his systematic application of the doctrine of definite proportions to the analysis of mineral bodies, as contained in his Nouveau Systeme de Mineralogie, and in other of his works. (Berzelius)"" ""For his discoveries relating to the structure of the liver, as detailed in his paper communicated to the Royal Society, and published in the Philosophical Transactions for 1833. (Kiernan)""",,,,https://en.wikipedia.org/wiki/Copley_Medal,Wikipedia table
copley,Copley Medal,,1837,Antoine César Becquerel,Antoine César Becquerel,"""For his various memoirs on the subject of electricity, published in the Memoires deacademie Royale des Sciences de lInstitut de France, and particularly for those on the production of crystals of metallic sulphurets and of sulphur, by the long-continued action of electricity of very low tension, and published in the tenth volume of those Memoires. (Becquerel)"" ""For his two papers on voltaic combinations published in the Philosophical Transactions for 1836. (Daniell)""",,,,https://en.wikipedia.org/wiki/Copley_Medal,Wikipedia table
copley,Copley Medal,,1837,John Frederic Daniell,John Frederic Daniell,"""For his various memoirs on the subject of electricity, published in the Memoires deacademie Royale des Sciences de lInstitut de France, and particularly for those on the production of crystals of metallic sulphurets and of sulphur, by the long-continued action of electricity of very low tension, and published in the tenth volume of those Memoires. (Becquerel)"" ""For his two papers on voltaic combinations published in the Philosophical Transactions for 1836. (Daniell)""",,,,https://en.wikipedia.org/wiki/Copley_Medal,Wikipedia table
copley,Copley Medal,,1838,Carl Friedrich Gauss,Carl Friedrich Gauss,"""For his inventions and mathematical researches in magnetism. (Gauss)"" ""For his researches in specific electrical induction. (Faraday)""",,,,https://en.wikipedia.org/wiki/Copley_Medal,Wikipedia table
copley,Copley Medal,,1838,Michael Faraday,Michael Faraday,"""For his inventions and mathematical researches in magnetism. (Gauss)"" ""For his researches in specific electrical induction. (Faraday)""",,,,https://en.wikipedia.org/wiki/Copley_Medal,Wikipedia table
copley,Copley Medal,,1839,Robert Brown,Robert Brown,"""For his discoveries during a series of years, on the subject of vegetable impregnation""",,,,https://en.wikipedia.org/wiki/Copley_Medal,Wikipedia table
copley,Copley Medal,,1840,Justus von Liebig,Justus von Liebig,"""For his discoveries in organic chemistry, and particularly for his development of the composition and theory of organic radicals. (Liebig)"" ""For his ""Memoire sur la Resolution des Equations Numeriques,"" published in the Memoires des Savans Etrangers for 1835. (Sturm)""",,,,https://en.wikipedia.org/wiki/Copley_Medal,Wikipedia table
copley,Copley Medal,,1840,Jacques Charles François Sturm,Jacques Charles François Sturm,"""For his discoveries in organic chemistry, and particularly for his development of the composition and theory of organic radicals. (Liebig)"" ""For his ""Memoire sur la Resolution des Equations Numeriques,"" published in the Memoires des Savans Etrangers for 1835. (Sturm)""",,,,https://en.wikipedia.org/wiki/Copley_Medal,Wikipedia table
copley,Copley Medal,,1841,Georg Ohm,Georg Ohm,"""For his researches into the laws of electric currents contained in various memoirs published in Schweiggers Journal, Poggendorffs Annalen and in a separate work entitled Die galvanische Kette mathematisch bearbeitet""",,,,https://en.wikipedia.org/wiki/Copley_Medal,Wikipedia table
copley,Copley Medal,,1842,James MacCullagh,James MacCullagh,"""For his researches connected with the wave theory of light, contained in the Transactions of the Royal Irish Academy""",,,,https://en.wikipedia.org/wiki/Copley_Medal,Wikipedia table
copley,Copley Medal,,1843,Jean-Baptiste Dumas,Jean-Baptiste Dumas,"""For his late valuable researches in organic chemistry, particularly those contained in a series of memoirs on chemical types and the doctrine of substitution, and also for his elaborate investigations of the atomic weights of carbon, oxygen, hydrogen, nitrogen and other elements""",,,,https://en.wikipedia.org/wiki/Copley_Medal,Wikipedia table
copley,Copley Medal,,1844,Carlo Matteucci,Carlo Matteucci,"""For his various researches in animal electricity""",,,,https://en.wikipedia.org/wiki/Copley_Medal,Wikipedia table
copley,Copley Medal,,1845,Theodor Schwann,Theodor Schwann,"""For his physiological researches on the development of animal & vegetable textures, published in his work entitled Mikroskopische Untersuchungen uber die Uebereinstimmung in der Struktur u. dem Wachsthun der Thiese u. Pflanzen""",,,,https://en.wikipedia.org/wiki/Copley_Medal,Wikipedia table
copley,Copley Medal,,1846,Urbain Le Verrier,Urbain Le Verrier,"""For his investigations relative to the disturbances of Uranus by which he proved the existence and predicted the place of the new Planet; the Council considering such prediction confirmed as it was by the immediate discovery of the Planet to be one of the proudest triumphs of modern analysis applied to the Newtonian Theory of Gravitation""",,,,https://en.wikipedia.org/wiki/Copley_Medal,Wikipedia table
copley,Copley Medal,,1847,John Herschel,John Herschel,"""For his work entitled Results of Astronomical Observations made during the years 1834, 1835, 1836, 1837 and 1838, at the Cape of Good Hope; being a completion of a telescopic survey of the whole surface of the visible heavens, commenced in 1825""",,,,https://en.wikipedia.org/wiki/Copley_Medal,Wikipedia table
copley,Copley Medal,,1848,John Couch Adams,John Couch Adams,"""For his investigations relative to the disturbances of Uranus, and for his application of the inverse problem of perturbations thereto""",,,,https://en.wikipedia.org/wiki/Copley_Medal,Wikipedia table
copley,Copley Medal,,1849,Roderick Murchison,Roderick Murchison,"""For the eminent services he has rendered to geological science during many years of active observation in several parts of Europe; and especially for the establishment of that classification of the older Palaeozoic deposits designated the Silurian System, as set forth in the two works entitled The Silurian System founded on Geological Researches in England, and The Geology of Russia in Europe and the Ural Mountains""",,,,https://en.wikipedia.org/wiki/Copley_Medal,Wikipedia table
copley,Copley Medal,,1850,Peter Andreas Hansen,Peter Andreas Hansen,"""For his researches in physical astronomy""",,,,https://en.wikipedia.org/wiki/Copley_Medal,Wikipedia table
copley,Copley Medal,,1851,Richard Owen,Richard Owen,"""On account of his important discoveries in comparative anatomy & palaeontology, contained in the Philosophical Transactions and numerous other works""",,,,https://en.wikipedia.org/wiki/Copley_Medal,Wikipedia table
copley,Copley Medal,,1852,Alexander von Humboldt,Alexander von Humboldt,"""For his eminent services in terrestrial physics, during a series of years""",,,,https://en.wikipedia.org/wiki/Copley_Medal,Wikipedia table
copley,Copley Medal,,1853,Heinrich Wilhelm Dove,Heinrich Wilhelm Dove,"""For his work on the distribution of heat over the surface of the Earth""",,,,https://en.wikipedia.org/wiki/Copley_Medal,Wikipedia table
copley,Copley Medal,,1854,Johannes Peter Müller,Johannes Peter Müller,"""For his important contributions to different branches of physiology and comparative anatomy, and particularly for his researches on the embryology of the Echinodermata, contained in a series of memoirs published in the Transactions of the Royal Academy of Sciences of Berlin""",,,,https://en.wikipedia.org/wiki/Copley_Medal,Wikipedia table
copley,Copley Medal,,1855,Léon Foucault,Léon Foucault,"""For his various researches in experimental physics""",,,,https://en.wikipedia.org/wiki/Copley_Medal,Wikipedia table
copley,Copley Medal,,1856,Henri Milne-Edwards,Henri Milne-Edwards,"""For his researches in comparative anatomy and zoology""",,,,https://en.wikipedia.org/wiki/Copley_Medal,Wikipedia table
copley,Copley Medal,,1857,Michel Eugène Chevreul,Michel Eugène Chevreul,"""For his researches in organic chemistry, particularly on the composition of the fats, and for his researches on the contrast of coulours""",,,,https://en.wikipedia.org/wiki/Copley_Medal,Wikipedia table
copley,Copley Medal,,1858,Charles Lyell,Charles Lyell,"""For his various researches and writings by which he has contributed to the advance of geology""",,,,https://en.wikipedia.org/wiki/Copley_Medal,Wikipedia table
copley,Copley Medal,,1859,Wilhelm Eduard Weber,Wilhelm Eduard Weber,"""For the investigations contained in his Maasbestimmungen and other researches in electricity, magnetism, acoustics""",,,,https://en.wikipedia.org/wiki/Copley_Medal,Wikipedia table
copley,Copley Medal,,1860,Robert Bunsen,Robert Bunsen,"""For his researches on cacodyls, gaseous analysis, the volcanic phenomena of Iceland; and other researches""",,,,https://en.wikipedia.org/wiki/Copley_Medal,Wikipedia table
copley,Copley Medal,,1861,Louis Agassiz,Louis Agassiz,"""For his eminent researches in palaeontology and other branches of science, and particularly for his great works the Poissons Fossiles, and his Poissons du Vieux Gres Rouge dEcosse""",,,,https://en.wikipedia.org/wiki/Copley_Medal,Wikipedia table
copley,Copley Medal,,1862,Thomas Graham,Thomas Graham,"""For three memoirs of the diffusion of liquids, published in the Philosophical Transactions for 1850 and 1851; for a memoir on osmotic force in the Philosophical Transactions for 1854; and particularly for a paper on liquid diffusion applied to analysis, including a distinction of compounds into colloids & crystalloids published in the Philosophical Transactions for 1861""",,,,https://en.wikipedia.org/wiki/Copley_Medal,Wikipedia table
copley,Copley Medal,,1863,Adam Sedgwick,Adam Sedgwick,"""For his original observations and discoveries in the geology of the Palaeozoic Series of rocks, and more especially for his determination of the characters of the Devonian System, by observations of the order of superposition of the Killas rocks & their fossils in Devonshire""",,,,https://en.wikipedia.org/wiki/Copley_Medal,Wikipedia table
copley,Copley Medal,,1864,Charles Darwin,Charles Darwin,"""For his important researches in geology, zoology, and botanical physiology""",,,,https://en.wikipedia.org/wiki/Copley_Medal,Wikipedia table
copley,Copley Medal,,1865,Michel Chasles,Michel Chasles,"""For his historical and original researches in pure geometry""",,,,https://en.wikipedia.org/wiki/Copley_Medal,Wikipedia table
copley,Copley Medal,,1866,Julius Plücker,Julius Plücker,"""For his researches in analytical geometry, magnetism, & spectral analysis""",,,,https://en.wikipedia.org/wiki/Copley_Medal,Wikipedia table
copley,Copley Medal,,1867,Karl Ernst von Baer,Karl Ernst von Baer,"""For his discoveries in embryology and comparative anatomy, and for his contributions to the philosophy of zoology""",,,,https://en.wikipedia.org/wiki/Copley_Medal,Wikipedia table
copley,Copley Medal,,1868,Charles Wheatstone,Charles Wheatstone,"""For his researches in acoustics, optics, electricity and magnetism""",,,,https://en.wikipedia.org/wiki/Copley_Medal,Wikipedia table
copley,Copley Medal,,1869,Henri Victor Regnault,Henri Victor Regnault,"""For the second volume of his Relation des Experiences pour determiner les lois et les donnees physiques necessaires au calcul des machines a feu , including his elaborate investigations on the specific heat of gases and vapours, and various papers on the elastic force of vapours""",,,,https://en.wikipedia.org/wiki/Copley_Medal,Wikipedia table
copley,Copley Medal,,1870,James Prescott Joule,James Prescott Joule,"""For his experimental researches on the dynamical theory of heat""",,,,https://en.wikipedia.org/wiki/Copley_Medal,Wikipedia table
copley,Copley Medal,,1871,Julius von Mayer,Julius von Mayer,"""For his researches on the mechanics of heat; including essays on: – 1. The force of inorganic nature. 2. Organic motion in connection with nutrition. 3. Fever. 4. Celestial dynamics. 5. The mechanical equivalent of heat""",,,,https://en.wikipedia.org/wiki/Copley_Medal,Wikipedia table
copley,Copley Medal,,1872,Friedrich Wöhler,Friedrich Wöhler,"""For his numerous contributions to the science of chemistry, and more especially for his researches on the products of the decomposition of cyanogens by ammonia; on the derivatives of uric acid; on the benzoyl series; on boron, silicon, & their compounds; and on meteoric stones""",,,,https://en.wikipedia.org/wiki/Copley_Medal,Wikipedia table
copley,Copley Medal,,1873,Hermann von Helmholtz,Hermann von Helmholtz,"""For his researches in physics and physiology""",,,,https://en.wikipedia.org/wiki/Copley_Medal,Wikipedia table
copley,Copley Medal,,1874,Louis Pasteur,Louis Pasteur,"""For his researches on fermentation and on pelerine""",,,,https://en.wikipedia.org/wiki/Copley_Medal,Wikipedia table
copley,Copley Medal,,1875,August Wilhelm von Hofmann,August Wilhelm von Hofmann,"""For his numerous contributions to the science of chemistry, and especially for his researches on the derivatives of ammonia""",,,,https://en.wikipedia.org/wiki/Copley_Medal,Wikipedia table
copley,Copley Medal,,1876,Claude Bernard,Claude Bernard,"""For his numerous contributions to the science of physiology""",,,,https://en.wikipedia.org/wiki/Copley_Medal,Wikipedia table
copley,Copley Medal,,1877,James Dwight Dana,James Dwight Dana,"""For his biological, geological, and mineralogical investigations, carried on through half a century, and for the valuable works in which his conclusions and discoveries have been published""",,,,https://en.wikipedia.org/wiki/Copley_Medal,Wikipedia table
copley,Copley Medal,,1878,Jean-Baptiste Boussingault,Jean-Baptiste Boussingault,"""For his long-continued and important researches and discoveries in agricultural chemistry""",,,,https://en.wikipedia.org/wiki/Copley_Medal,Wikipedia table
copley,Copley Medal,,1879,Rudolf Clausius,Rudolf Clausius,"""For his well-known researches upon heat""",,,,https://en.wikipedia.org/wiki/Copley_Medal,Wikipedia table
copley,Copley Medal,,1880,James Joseph Sylvester,James Joseph Sylvester,"""For his long continued investigations & discoveries in mathematics""",,,,https://en.wikipedia.org/wiki/Copley_Medal,Wikipedia table
copley,Copley Medal,,1881,Charles-Adolphe Wurtz,Charles-Adolphe Wurtz,"""For his discovery of the organic ammonias, the glycols, and other investigations which have exercised considerable influence on the progress of chemistry""",,,,https://en.wikipedia.org/wiki/Copley_Medal,Wikipedia table
copley,Copley Medal,,1882,Arthur Cayley,Arthur Cayley,"""For his numerous profound and comprehensive researches in pure mathematics""",,,,https://en.wikipedia.org/wiki/Copley_Medal,Wikipedia table
copley,Copley Medal,,1883,William Thomson,William Thomson,"""For (1) his discovery of the law of the universal dissipation of energy; (2) his researches and eminent services in physics, both experimental & mathematical, especially in the theory of electricity and thermodynamics""",,,,https://en.wikipedia.org/wiki/Copley_Medal,Wikipedia table
copley,Copley Medal,,1884,Carl Ludwig,Carl Ludwig,"""For his investigations in physiology, and the great services which he has rendered to physiological science""",,,,https://en.wikipedia.org/wiki/Copley_Medal,Wikipedia table
copley,Copley Medal,,1885,August Kekulé,August Kekulé,"""For his researches in organic chemistry""",,,,https://en.wikipedia.org/wiki/Copley_Medal,Wikipedia table
copley,Copley Medal,,1886,Franz Ernst Neumann,Franz Ernst Neumann,"""For his researches in theoretical optics and electro-dynamics""",,,,https://en.wikipedia.org/wiki/Copley_Medal,Wikipedia table
copley,Copley Medal,,1887,Joseph Dalton Hooker,Joseph Dalton Hooker,"""For his services to botanical science as an investigator, author, and traveller""",,,,https://en.wikipedia.org/wiki/Copley_Medal,Wikipedia table
copley,Copley Medal,,1888,Thomas Henry Huxley,Thomas Henry Huxley,"""For his investigations on the morphology and histology of vertebrate and invertebrate animals, and for his services to biological science in general during many past years""",,,,https://en.wikipedia.org/wiki/Copley_Medal,Wikipedia table
copley,Copley Medal,,1889,George Salmon,George Salmon,"""For his various papers on subjects of pure mathematics, and for the valuable mathematical treatises of which he is the author""",,,,https://en.wikipedia.org/wiki/Copley_Medal,Wikipedia table
copley,Copley Medal,,1890,Simon Newcomb,Simon Newcomb,"""For his contributions to the progress of gravitational astronomy""",,,,https://en.wikipedia.org/wiki/Copley_Medal,Wikipedia table
copley,Copley Medal,,1891,Stanislao Cannizzaro,Stanislao Cannizzaro,"""For his contributions to chemical philosophy especially for his application of Avogadros theory""",,,,https://en.wikipedia.org/wiki/Copley_Medal,Wikipedia table
copley,Copley Medal,,1892,Rudolf Virchow,Rudolf Virchow,"""For his investigations in pathology, pathological anatomy, and prehistoric archaeology""",,,,https://en.wikipedia.org/wiki/Copley_Medal,Wikipedia table
copley,Copley Medal,,1893,George Stokes,George Stokes,"""For his researches and discoveries in physical science""",,,,https://en.wikipedia.org/wiki/Copley_Medal,Wikipedia table
copley,Copley Medal,,1894,Edward Frankland,Edward Frankland,"""For his eminent services to theoretical & applied chemistry""",,,,https://en.wikipedia.org/wiki/Copley_Medal,Wikipedia table
copley,Copley Medal,,1895,Karl Weierstrass,Karl Weierstrass,"""For his investigations in pure mathematics""",,,,https://en.wikipedia.org/wiki/Copley_Medal,Wikipedia table
copley,Copley Medal,,1896,Carl Gegenbaur,Carl Gegenbaur,"""For his life-long researches in comparative anatomy in all branches of the animal kingdom. etc., etc""",,,,https://en.wikipedia.org/wiki/Copley_Medal,Wikipedia table
copley,Copley Medal,,1897,Albert von Kölliker,Albert von Kölliker,"""In recognition of his important work in embryology, comparative anatomy, and physiology, and especially for his eminence as a histologist""",,,,https://en.wikipedia.org/wiki/Copley_Medal,Wikipedia table
copley,Copley Medal,,1898,William Huggins,William Huggins,"""For his researches in spectrum analysis applied to the heavenly bodies""",,,,https://en.wikipedia.org/wiki/Copley_Medal,Wikipedia table
copley,Copley Medal,,1899,Lord Rayleigh,Lord Rayleigh,"""In recognition of his contributions to physical science""",,,,https://en.wikipedia.org/wiki/Copley_Medal,Wikipedia table
copley,Copley Medal,,1900,Marcellin Berthelot,Marcellin Berthelot,"""For his brilliant services to chemical science""",,,,https://en.wikipedia.org/wiki/Copley_Medal,Wikipedia table
copley,Copley Medal,,1901,Josiah Willard Gibbs,Josiah Willard Gibbs,"""For his contributions to mathematical physics""",,,,https://en.wikipedia.org/wiki/Copley_Medal,Wikipedia table
copley,Copley Medal,,1902,Joseph Lister,Joseph Lister,"""In recognition of the value of his physiological and pathological researches in regard to their influence on the modern practice of surgery""",,,,https://en.wikipedia.org/wiki/Copley_Medal,Wikipedia table
copley,Copley Medal,,1903,Eduard Suess,Eduard Suess,"""For his eminent geological services, & especially for the original researches & conclusions published in his great work 'Das Antlitz der Erde'""",,,,https://en.wikipedia.org/wiki/Copley_Medal,Wikipedia table
copley,Copley Medal,,1904,William Crookes,William Crookes,"""For his long-continued researches in spectroscopic chemistry, on electrical & mechanical phenomena in highly-rarefied gases, on radio-active phenomena, and other subjects""",,,,https://en.wikipedia.org/wiki/Copley_Medal,Wikipedia table
copley,Copley Medal,,1905,Dmitri Mendeleev,Dmitri Mendeleev,"""For his contributions to chemical and physical science""",,,,https://en.wikipedia.org/wiki/Copley_Medal,Wikipedia table
copley,Copley Medal,,1906,Élie Metchnikoff,Élie Metchnikoff,"""On the ground of the importance of his work in zoology and in pathology""",,,,https://en.wikipedia.org/wiki/Copley_Medal,Wikipedia table
copley,Copley Medal,,1907,Albert Abraham Michelson,Albert Abraham Michelson,"""On the ground of his investigations in optics""",,,,https://en.wikipedia.org/wiki/Copley_Medal,Wikipedia table
copley,Copley Medal,,1908,Alfred Russel Wallace,Alfred Russel Wallace,"""On the ground of the great value of his numerous contributions to natural history, and of the part he took in working out the theory of the origin of species by natural selection""",,,,https://en.wikipedia.org/wiki/Copley_Medal,Wikipedia table
copley,Copley Medal,,1909,George William Hill,George William Hill,"""On the ground of his researches in mathematical astronomy""",,,,https://en.wikipedia.org/wiki/Copley_Medal,Wikipedia table
copley,Copley Medal,,1910,Francis Galton,Francis Galton,"""On the ground of his researches in heredity""",,,,https://en.wikipedia.org/wiki/Copley_Medal,Wikipedia table
copley,Copley Medal,,1911,George Darwin,George Darwin,"""On the ground of his researches on tidal theory, the figures of the planets, and allied subjects""",,,,https://en.wikipedia.org/wiki/Copley_Medal,Wikipedia table
copley,Copley Medal,,1912,Felix Klein,Felix Klein,"""On the ground of his researches in mathematics""",,,,https://en.wikipedia.org/wiki/Copley_Medal,Wikipedia table
copley,Copley Medal,,1913,Ray Lankester,Ray Lankester,"""On the ground of the high scientific value of the researches in zoology carried out by him""",,,,https://en.wikipedia.org/wiki/Copley_Medal,Wikipedia table
copley,Copley Medal,,1914,Joseph John Thomson,Joseph John Thomson,"""On the ground of his discoveries in physical science""",,,,https://en.wikipedia.org/wiki/Copley_Medal,Wikipedia table
copley,Copley Medal,,1915,Ivan Pavlov,Ivan Pavlov,"""On the ground of his investigations in the physiology of digestion and of the higher centres of the nervous system""",,,,https://en.wikipedia.org/wiki/Copley_Medal,Wikipedia table
copley,Copley Medal,,1916,James Dewar,James Dewar,"""For his important investigations in physical chemistry, more especially his researches on the liquefaction of gases""",,,,https://en.wikipedia.org/wiki/Copley_Medal,Wikipedia table
copley,Copley Medal,,1917,Pierre Paul Émile Roux,Pierre Paul Émile Roux,"""On the ground of his eminence as a bacteriologist, and as a pioneer in serum therapy""",,,,https://en.wikipedia.org/wiki/Copley_Medal,Wikipedia table
copley,Copley Medal,,1918,Hendrik Lorentz,Hendrik Lorentz,"""On the ground of his distinguished researches in mathematical physics""",,,,https://en.wikipedia.org/wiki/Copley_Medal,Wikipedia table
copley,Copley Medal,,1919,William Bayliss,William Bayliss,"""On the ground of his researches in general physiology & biophysics""",,,,https://en.wikipedia.org/wiki/Copley_Medal,Wikipedia table
copley,Copley Medal,,1920,Horace Tabberer Brown,Horace Tabberer Brown,"""On the ground of his work on the chemistry of carbohydrates, &c""",,,,https://en.wikipedia.org/wiki/Copley_Medal,Wikipedia table
copley,Copley Medal,,1921,Joseph Larmor,Joseph Larmor,"""For his researches in mathematical physics""",,,,https://en.wikipedia.org/wiki/Copley_Medal,Wikipedia table
copley,Copley Medal,,1922,Ernest Rutherford,Ernest Rutherford,"""For his researches in radio activity & atomic structure""",,,,https://en.wikipedia.org/wiki/Copley_Medal,Wikipedia table
copley,Copley Medal,,1923,Horace Lamb,Horace Lamb,"""For his researches in mathematical physics""",,,,https://en.wikipedia.org/wiki/Copley_Medal,Wikipedia table
copley,Copley Medal,,1924,Edward Albert Sharpey-Schafer,Edward Albert Sharpey-Schafer,"""For the valuable work he has done in physiology and histology and the position he now occupies as a leader in these sciences""",,,,https://en.wikipedia.org/wiki/Copley_Medal,Wikipedia table
copley,Copley Medal,,1925,Albert Einstein,Albert Einstein,"""For his theory of relativity and his contributions to the quantum theory""",,,,https://en.wikipedia.org/wiki/Copley_Medal,Wikipedia table
copley,Copley Medal,,1926,Frederick Gowland Hopkins,Frederick Gowland Hopkins,"""For his distinguished and fruitful work in biochemistry""",,,,https://en.wikipedia.org/wiki/Copley_Medal,Wikipedia table
copley,Copley Medal,,1927,Charles Scott Sherrington,Charles Scott Sherrington,"""For his distinguished work on neurology""",,,,https://en.wikipedia.org/wiki/Copley_Medal,Wikipedia table
copley,Copley Medal,,1928,Charles Algernon Parsons,Charles Algernon Parsons,"""For his contributions to engineering science""",,,,https://en.wikipedia.org/wiki/Copley_Medal,Wikipedia table
copley,Copley Medal,,1929,Max Planck,Max Planck,"""For his contributions to theoretical physics and especially as the originator of the quantum theory""",,,,https://en.wikipedia.org/wiki/Copley_Medal,Wikipedia table
copley,Copley Medal,,1930,William Henry Bragg,William Henry Bragg,"""For his distinguished contributions to crystallography and radioactivity""",,,,https://en.wikipedia.org/wiki/Copley_Medal,Wikipedia table
copley,Copley Medal,,1931,Arthur Schuster,Arthur Schuster,"""For his distinguished researches in optics and terrestrial magnetism""",,,,https://en.wikipedia.org/wiki/Copley_Medal,Wikipedia table
copley,Copley Medal,,1932,George Ellery Hale,George Ellery Hale,"""For his distinguished work on the solar magnetic phenomena and for his eminence as a scientific engineer, especially in connexion with Mount Wilson Observatory""",,,,https://en.wikipedia.org/wiki/Copley_Medal,Wikipedia table
copley,Copley Medal,,1933,Theobald Smith,Theobald Smith,"""For his original research and observation on diseases of animals and man""",,,,https://en.wikipedia.org/wiki/Copley_Medal,Wikipedia table
copley,Copley Medal,,1934,John Scott Haldane,John Scott Haldane,"""In recognition of his discoveries in human physiology and of their application to medicine, mining, diving and engineering""",,,,https://en.wikipedia.org/wiki/Copley_Medal,Wikipedia table
copley,Copley Medal,,1935,Charles Thomson Rees Wilson,Charles Thomson Rees Wilson,"""For his work on the use of clouds in advancing our knowledge of atoms and their properties""",,,,https://en.wikipedia.org/wiki/Copley_Medal,Wikipedia table
copley,Copley Medal,,1936,Arthur Evans,Arthur Evans,"""In recognition of his pioneer work in Crete, particularly his contributions to the history and civilization of its Minoan age""",,,,https://en.wikipedia.org/wiki/Copley_Medal,Wikipedia table
copley,Copley Medal,,1937,Henry Dale,Henry Dale,"""In recognition of his important contributions to physiology and pharmacology, particularly in relation to the nervous and neuro-muscular systems""",,,,https://en.wikipedia.org/wiki/Copley_Medal,Wikipedia table
copley,Copley Medal,,1938,Niels Bohr,Niels Bohr,"""In recognition of his distinguished work in the development of the quantum theory of atomic structure""",,,,https://en.wikipedia.org/wiki/Copley_Medal,Wikipedia table
copley,Copley Medal,,1939,Thomas Hunt Morgan,Thomas Hunt Morgan,"""For his establishment of the modern science of genetics which had revolutionized our understanding, not only of heredity, but of the mechanism and nature of evolution""",,,,https://en.wikipedia.org/wiki/Copley_Medal,Wikipedia table
copley,Copley Medal,,1940,Paul Langevin,Paul Langevin,"""For his pioneer work on the electron theory of magnetism, his fundamental contributions to discharge of electricity in gases, and his important work in many branches of theoretical physics""",,,,https://en.wikipedia.org/wiki/Copley_Medal,Wikipedia table
copley,Copley Medal,,1941,Thomas Lewis,Thomas Lewis,"""For his clinical and experimental investigations upon the mammalian heart""",,,,https://en.wikipedia.org/wiki/Copley_Medal,Wikipedia table
copley,Copley Medal,,1942,Robert Robinson,Robert Robinson,"""For his research work of outstanding originality and brilliance which has influenced the whole field of organic chemistry""",,,,https://en.wikipedia.org/wiki/Copley_Medal,Wikipedia table
copley,Copley Medal,,1943,Joseph Barcroft,Joseph Barcroft,"""For his distinguished work on respiration and the respiratory function of the blood""",,,,https://en.wikipedia.org/wiki/Copley_Medal,Wikipedia table
copley,Copley Medal,,1944,G. I. Taylor,G. I. Taylor,"""For his many contributions to aerodynamics, hydrodynamics, and the structure of metals, which have had a profound influence on the advance of physical science and its applications""",,,,https://en.wikipedia.org/wiki/Copley_Medal,Wikipedia table
copley,Copley Medal,,1945,Oswald Avery,Oswald Avery,"""For his success in introducing chemical methods in the study of immunity against infective diseases""",,,,https://en.wikipedia.org/wiki/Copley_Medal,Wikipedia table
copley,Copley Medal,,1946,Edgar Adrian,Edgar Adrian,"""For his distinguished researches on the fundamental nature of nervous activity, and recently on the localization of certain nervous functions""",,,,https://en.wikipedia.org/wiki/Copley_Medal,Wikipedia table
copley,Copley Medal,,1947,G. H. Hardy,G. H. Hardy,"""For his distinguished part in the development of mathematical analysis in England during the last thirty years""",,,,https://en.wikipedia.org/wiki/Copley_Medal,Wikipedia table
copley,Copley Medal,,1948,Archibald Hill,Archibald Hill,"""For his distinguished researches on myothermal problems and on biophysical phenomena in nerve and other tissues""",,,,https://en.wikipedia.org/wiki/Copley_Medal,Wikipedia table
copley,Copley Medal,,1949,George de Hevesy,George de Hevesy,"""For his distinguished work on the chemistry of radioactive elements and especially for his development of the radioactive tracer techniques in the investigation of biological processes""",,,,https://en.wikipedia.org/wiki/Copley_Medal,Wikipedia table
copley,Copley Medal,,1950,James Chadwick,James Chadwick,"""For his outstanding work in nuclear physics and in the development of atomic energy, especially for his discovery of the neutron""",,,,https://en.wikipedia.org/wiki/Copley_Medal,Wikipedia table
copley,Copley Medal,,1951,David Keilin,David Keilin,"""For his fundamental researches in the fields of protozoology, entomology and the biochemistry of enzymes""",,,,https://en.wikipedia.org/wiki/Copley_Medal,Wikipedia table
copley,Copley Medal,,1952,Paul Dirac,Paul Dirac,"""In recognition of his remarkable contributions to relativistic dynamics of a particle in quantum mechanics""",,,,https://en.wikipedia.org/wiki/Copley_Medal,Wikipedia table
copley,Copley Medal,,1953,Albert Kluyver,Albert Kluyver,"""For his distinguished contributions of a fundamental character to the science of microbiology""",,,,https://en.wikipedia.org/wiki/Copley_Medal,Wikipedia table
copley,Copley Medal,,1954,E. T. Whittaker,E. T. Whittaker,"""For his distinguished contributions to both pure and applied mathematics and to theoretical physics""",,,,https://en.wikipedia.org/wiki/Copley_Medal,Wikipedia table
copley,Copley Medal,,1955,Ronald Fisher,Ronald Fisher,"""In recognition of his numerous and distinguished contributions to developing the theory and application of statistics for making quantitative a vast field of biology""",,,,https://en.wikipedia.org/wiki/Copley_Medal,Wikipedia table
copley,Copley Medal,,1956,Patrick Blackett,Patrick Blackett,"""In recognition of his outstanding studies of cosmic ray showers and heavy mesons and in the field of palaeomagnetism""",,,,https://en.wikipedia.org/wiki/Copley_Medal,Wikipedia table
copley,Copley Medal,,1957,Howard Florey,Howard Florey,"""In recognition of his distinguished contributions to experimental pathology and medicine""",,,,https://en.wikipedia.org/wiki/Copley_Medal,Wikipedia table
copley,Copley Medal,,1958,John Edensor Littlewood,John Edensor Littlewood,"""In recognition of his distinguished contributions to many branches of analysis, including Tauberian theory, the Riemann zeta function, and non-linear differential equations""",,,,https://en.wikipedia.org/wiki/Copley_Medal,Wikipedia table
copley,Copley Medal,,1959,Frank Macfarlane Burnet,Frank Macfarlane Burnet,"""In recognition of his distinguished contributions to knowledge of viruses and of immunology""",,,,https://en.wikipedia.org/wiki/Copley_Medal,Wikipedia table
copley,Copley Medal,,1960,Harold Jeffreys,Harold Jeffreys,"""In recognition of his distinguished work in many branches of geophysics, and also in the theory of probability and astronomy""",,,,https://en.wikipedia.org/wiki/Copley_Medal,Wikipedia table
copley,Copley Medal,,1961,Hans Adolf Krebs,Hans Adolf Krebs,"""In recognition of his distinguished contributions to biochemistry, in particular his work on the ornithine, tricarboxylic acid and glyoxylate cycles""",,,,https://en.wikipedia.org/wiki/Copley_Medal,Wikipedia table
copley,Copley Medal,,1962,Cyril Norman Hinshelwood,Cyril Norman Hinshelwood,"""In recognition of his distinguished researches in the field of chemical kinetics, including the study of biological reaction mechanisms, and of his outstanding contributions to natural philosophy""",,,,https://en.wikipedia.org/wiki/Copley_Medal,Wikipedia table
copley,Copley Medal,,1963,Paul Fildes,Paul Fildes,"""In recognition of his pioneering contributions to bacteriology.""",,,,https://en.wikipedia.org/wiki/Copley_Medal,Wikipedia table
copley,Copley Medal,,1964,Sydney Chapman,Sydney Chapman,"""In recognition of his theoretical contributions to terrestrial and interplanetary magnetism, the ionosphere and the aurora borealis""",,,,https://en.wikipedia.org/wiki/Copley_Medal,Wikipedia table
copley,Copley Medal,,1965,Alan Lloyd Hodgkin,Alan Lloyd Hodgkin,"""In recognition of his discovery of the mechanism of excitation and impulse conduction in nerve, and his outstanding leadership in the development of neurophysiology""",,,,https://en.wikipedia.org/wiki/Copley_Medal,Wikipedia table
copley,Copley Medal,,1966,William Lawrence Bragg,William Lawrence Bragg,"""In recognition of his distinguished contributions to the development of methods of structural determination by X-ray diffraction""",,,,https://en.wikipedia.org/wiki/Copley_Medal,Wikipedia table
copley,Copley Medal,,1967,Bernard Katz,Bernard Katz,"""In recognition of his distinguished contributions to knowledge of the fundamental processes involved in transmission across the neuromuscular junction""",,,,https://en.wikipedia.org/wiki/Copley_Medal,Wikipedia table
copley,Copley Medal,,1968,Tadeusz Reichstein,Tadeusz Reichstein,"""In recognition of his distinguished work on the chemistry of vitamin C and his authoritative studies of the cortico-steroids""",,,,https://en.wikipedia.org/wiki/Copley_Medal,Wikipedia table
copley,Copley Medal,,1969,Peter Medawar,Peter Medawar,"""In recognition of his distinguished studies of tissue transplantation and immunological tolerance""",,,,https://en.wikipedia.org/wiki/Copley_Medal,Wikipedia table
copley,Copley Medal,,1970,Alexander R. Todd,Alexander R. Todd,"""In recognition of his outstanding contributions to both the analytical and synthetic chemistry of natural products of diverse types""",,,,https://en.wikipedia.org/wiki/Copley_Medal,Wikipedia table
copley,Copley Medal,,1971,Norman Pirie,Norman Pirie,"""In recognition of his distinguished contributions to biochemistry and especially for his elucidation of the nature of plant viruses""",,,,https://en.wikipedia.org/wiki/Copley_Medal,Wikipedia table
copley,Copley Medal,,1972,Nevill Francis Mott,Nevill Francis Mott,"""In recognition of his original contributions over a long period to atomic and solid state physics""",,,,https://en.wikipedia.org/wiki/Copley_Medal,Wikipedia table
copley,Copley Medal,,1973,Andrew Huxley,Andrew Huxley,"""In recognition of his outstanding studies on the mechanisms of the nerve impulse and of activation of muscular contraction""",,,,https://en.wikipedia.org/wiki/Copley_Medal,Wikipedia table
copley,Copley Medal,,1974,W. V. D. Hodge,W. V. D. Hodge,"""In recognition of his pioneering work in algebraic geometry, notably in his theory of harmonic integrals""",,,,https://en.wikipedia.org/wiki/Copley_Medal,Wikipedia table
copley,Copley Medal,,1975,Francis Crick,Francis Crick,"""In recognition of his elucidation of the structure of DNA and his continuing contribution to molecular biology""",,,,https://en.wikipedia.org/wiki/Copley_Medal,Wikipedia table
copley,Copley Medal,,1976,Dorothy Hodgkin,Dorothy Hodgkin,"""In recognition of her outstanding work on the structures of complex molecules, particularly Penicillin, vitamin B 12 and insulin""",,,,https://en.wikipedia.org/wiki/Copley_Medal,Wikipedia table
copley,Copley Medal,,1977,Frederick Sanger,Frederick Sanger,"""In recognition of his distinguished work on the chemical structure of proteins and his studies on the sequences of nucleic acids""",,,,https://en.wikipedia.org/wiki/Copley_Medal,Wikipedia table
copley,Copley Medal,,1978,Robert Burns Woodward,Robert Burns Woodward,"""In recognition of his masterly contributions to the synthesis of complex natural products and his discovery of the importance of orbital symmetry""",,,,https://en.wikipedia.org/wiki/Copley_Medal,Wikipedia table
copley,Copley Medal,,1979,Max Perutz,Max Perutz,"""In recognition of his distinguished contributions to molecular biology through his own studies of the structure and biological activity of haemoglobin and his leadership in the development of the subject""",,,,https://en.wikipedia.org/wiki/Copley_Medal,Wikipedia table
copley,Copley Medal,,1980,Derek Barton,Derek Barton,"""In recognition of his distinguished contributions to a wide range of problems in structural and synthetic organic chemistry and, in particular, his introduction of conformational analysis into stereochemistry""",,,,https://en.wikipedia.org/wiki/Copley_Medal,Wikipedia table
copley,Copley Medal,,1981,Peter D. Mitchell,Peter D. Mitchell,"""In recognition of his distinguished contribution to biology in his formulation and development of the chemiosmotic theory of energy transduction""",,,,https://en.wikipedia.org/wiki/Copley_Medal,Wikipedia table
copley,Copley Medal,,1982,John Cornforth,John Cornforth,"""In recognition of his distinguished research on the stereochemically-controlled synthesis and biosynthesis of biologically important molecules""",,,,https://en.wikipedia.org/wiki/Copley_Medal,Wikipedia table
copley,Copley Medal,,1983,Rodney Robert Porter,Rodney Robert Porter,"""In recognition of his elucidation of the structure of immunoglobulins and of the reactions involved in activating the complement system of proteins""",,,,https://en.wikipedia.org/wiki/Copley_Medal,Wikipedia table
copley,Copley Medal,,1984,Subrahmanyan Chandrasekhar,Subrahmanyan Chandrasekhar,"""In recognition of his distinguished work on theoretical physics, including stellar structure, theory of radiation, hydrodynamic stability and relativity""",,,,https://en.wikipedia.org/wiki/Copley_Medal,Wikipedia table
copley,Copley Medal,,1985,Aaron Klug,Aaron Klug,"""In recognition of his outstanding contributions to our understanding of complex biological structures and the methods used for determining them""",,,,https://en.wikipedia.org/wiki/Copley_Medal,Wikipedia table
copley,Copley Medal,,1986,Rudolf Peierls,Rudolf Peierls,"""In recognition of his fundamental contributions to a very wide range of theoretical physics, and signal advances in proposing the probable existence of nuclear chain reactions in fissile materials""",,,,https://en.wikipedia.org/wiki/Copley_Medal,Wikipedia table
copley,Copley Medal,,1987,Robin Hill,Robin Hill,"""In recognition of his pioneering contributions to the understanding of the nature and mechanism of the main pathway of electron transport in photosynthesis""",,,,https://en.wikipedia.org/wiki/Copley_Medal,Wikipedia table
copley,Copley Medal,,1988,Michael Atiyah,Michael Atiyah,"""In recognition of his fundamental contributions to a wide range of topics in geometry, topology, analysis and theoretical physics""",,,,https://en.wikipedia.org/wiki/Copley_Medal,Wikipedia table
copley,Copley Medal,,1989,César Milstein,César Milstein,"""In recognition of his outstanding contributions to immunology, in particular to the discovery of monoclonal antibodies and to the understanding of the role of somatic mutations in the maturation of the immune response""",,,,https://en.wikipedia.org/wiki/Copley_Medal,Wikipedia table
copley,Copley Medal,,1990,Abdus Salam,Abdus Salam,"""In recognition of his work on the symmetries of the laws of nature, and especially the unification of the electromagnetic and weak forces""",,,,https://en.wikipedia.org/wiki/Copley_Medal,Wikipedia table
copley,Copley Medal,,1991,Sydney Brenner,Sydney Brenner,"""In recognition of his many contributions to molecular genetics and developmental biology, and his recent role in the Human Genome mapping project""",,,,https://en.wikipedia.org/wiki/Copley_Medal,Wikipedia table
copley,Copley Medal,,1992,George Porter,George Porter,"""In recognition of his contributions to fundamental understanding of fast photochemical and photophysical processes and their role in chemistry and biology""",,,,https://en.wikipedia.org/wiki/Copley_Medal,Wikipedia table
copley,Copley Medal,,1993,James Watson,James Watson,"""In recognition of his tireless pursuit of DNA, from the elucidation of its structure to the social and medical implications of the sequencing of the human genome""",,,,https://en.wikipedia.org/wiki/Copley_Medal,Wikipedia table
copley,Copley Medal,,1994,Charles Frank,Charles Frank,"""In recognition of his fundamental contribution to the theory of crystal morphology, in particular to the source of dislocations and their consequences in interfaces and crystal growth; to fundamental understanding of liquid crystals and the concept of disclination; and to the extension of crystallinity concepts to aperiodic crystals. He has also contributed through a variety of remarkable insights into a great number of physical problems""",,,,https://en.wikipedia.org/wiki/Copley_Medal,Wikipedia table
copley,Copley Medal,,1995,Frank Fenner,Frank Fenner,"""In recognition of his contribution to animal virology with special emphasis on the pox and myxomatosis viruses and their relationship with the host in causing disease""",,,,https://en.wikipedia.org/wiki/Copley_Medal,Wikipedia table
copley,Copley Medal,,1996,Alan Cottrell,Alan Cottrell,"""In recognition of his contribution to the understanding of mechanical properties of materials and related topics through his pioneering studies on crystal plasticity, dislocation impurity interactions, fracture and irradiation effects""",,,,https://en.wikipedia.org/wiki/Copley_Medal,Wikipedia table
copley,Copley Medal,,1997,Hugh Huxley,Hugh Huxley,"""In recognition of his pioneering work on the structure of muscle and on the molecular mechanisms of muscle contraction, providing solutions to one of the great problems in physiology""",,,,https://en.wikipedia.org/wiki/Copley_Medal,Wikipedia table
copley,Copley Medal,,1998,James Lighthill,James Lighthill,"""In recognition of his profound contributions to many fields within fluid mechanics including important aspects of the interaction of sound and fluid flow and numerous other contributions which have had practical applications in aircraft engine design. He is noted also for his ground-breaking work on both external bio-fluid-dynamics – analysis of mechanisms of swimming and flying – and internal bio-fluid-dynamics, including flow in the cardiovascular system and the airways, and cochlear mechanics and other aspects of hearing""",,,,https://en.wikipedia.org/wiki/Copley_Medal,Wikipedia table
copley,Copley Medal,,1999,John Maynard Smith,John Maynard Smith,"""In recognition of his seminal contributions to evolutionary biology, including his experimental work on sexual selection, his important contributions to our understanding of ageing, his introduction of game theoretical methods for the analysis of complex evolutionary scenarios and his research into molecular evolution, both through his classic work on genetic hitchhiking, and with his more recent, ongoing work on bacterial population growth""",,,,https://en.wikipedia.org/wiki/Copley_Medal,Wikipedia table
copley,Copley Medal,,2000,Alan R. Battersby,Alan R. Battersby,"""In recognition of his pioneering work in elucidating the detailed biosynthetic pathways to all the major families of plant alkaloids. His approach, which stands as a paradigm for future biosynthetic studies on complex molecules, combines isolation work, structure determination, synthesis, isotopic labelling and spectroscopy, especially advanced NMR, as well as genetics and molecular biology. This spectacular research revealed the entire pathway to vitamin B 12 """,,,,https://en.wikipedia.org/wiki/Copley_Medal,Wikipedia table
copley,Copley Medal,,2001,Jacques Miller,Jacques Miller,"""For his work on the immunological function of the thymus and of T cells, which has revolutionised the science of immunology. Professor Millers work is paving the way for designing new methods to improve resistance to infections, producing new vaccines, enhancing graft survival, dealing with autoimmunity and even persuading the immune system to reject cancer cells""",,,,https://en.wikipedia.org/wiki/Copley_Medal,Wikipedia table
copley,Copley Medal,,2002,John Pople,John Pople,"""For his development of computational methods in quantum chemistry. His work transformed density functional theory into a powerful theoretical tool for chemistry, chemical physics and biology""",,,,https://en.wikipedia.org/wiki/Copley_Medal,Wikipedia table
copley,Copley Medal,,2003,John Gurdon,John Gurdon,"""For his unique range of groundbreaking discoveries in the fields of cell and developmental biology. He pioneered the concept that specialised cells are genetically equivalent and that they differ only in the genes they express not the genes they contain, a concept fundamental to modern biology""",,,,https://en.wikipedia.org/wiki/Copley_Medal,Wikipedia table
copley,Copley Medal,,2004,Harry Kroto,Harry Kroto,"""in recognition of his seminal contributions to understanding the fundamental dynamics of carbon chain molecules, leading to the detection of these species (polyynes) in the interstellar medium by radioastronomy, and thence to the genesis of a new era in carbon science""",,,,https://en.wikipedia.org/wiki/Copley_Medal,Wikipedia table
copley,Copley Medal,,2005,Paul Nurse,Paul Nurse,"""for his contributions to cell biology in general, and to the elucidation of the control of cell division.""",,,,https://en.wikipedia.org/wiki/Copley_Medal,Wikipedia table
copley,Copley Medal,,2006,Stephen Hawking,Stephen Hawking,"""For his outstanding contribution to theoretical physics and theoretical cosmology. """,,,,https://en.wikipedia.org/wiki/Copley_Medal,Wikipedia table
copley,Copley Medal,,2007,Robert May,Robert May,"""for his seminal studies of interactions within and among biological populations that have reshaped our understanding of how species, communities and entire ecosystems respond to natural or human created disturbance.""",,,,https://en.wikipedia.org/wiki/Copley_Medal,Wikipedia table
copley,Copley Medal,,2008,Roger Penrose,Roger Penrose,"""for his beautiful and original insights into many areas of mathematics and mathematical physics. Sir Roger has made outstanding contributions to general relativity theory and cosmology, most notably for his work on black holes and the Big Bang.""",,,,https://en.wikipedia.org/wiki/Copley_Medal,Wikipedia table
copley,Copley Medal,,2009,Martin Evans,Martin Evans,"""for his seminal work on embryonic stem cells in mice, which revolutionised the field of genetics.""",,,,https://en.wikipedia.org/wiki/Copley_Medal,Wikipedia table
copley,Copley Medal,,2010,David Cox,David Cox,"""for his seminal contributions to the theory and applications of statistics.""",,,,https://en.wikipedia.org/wiki/Copley_Medal,Wikipedia table
copley,Copley Medal,,2010,Tomas Lindahl,Tomas Lindahl,"""for his seminal contributions to the understanding of the biochemistry of DNA repair.""",,,,https://en.wikipedia.org/wiki/Copley_Medal,Wikipedia table
copley,Copley Medal,,2011,Dan McKenzie,Dan McKenzie,"""For his seminal contributions to the understanding of geological and geophysical phenomena including tectonic plates.""",,,,https://en.wikipedia.org/wiki/Copley_Medal,Wikipedia table
copley,Copley Medal,,2012,John Walker,John Walker,"""For his ground-breaking work on bioenergetics, discovering the mechanism of ATP synthesis in the mitochondrion.""",,,,https://en.wikipedia.org/wiki/Copley_Medal,Wikipedia table
copley,Copley Medal,,2013,Andre Geim,Andre Geim,"""For his numerous scientific contributions and, in particular, for initiating research on two‐dimensional atomic crystals and their artificial heterostructures.""",,,,https://en.wikipedia.org/wiki/Copley_Medal,Wikipedia table
copley,Copley Medal,,2014,Alec Jeffreys,Alec Jeffreys,"""For his pioneering work on variation and mutation in the human genome.""",,,,https://en.wikipedia.org/wiki/Copley_Medal,Wikipedia table
copley,Copley Medal,,2015,Peter Higgs,Peter Higgs,"""For his fundamental contribution to particle physics with his theory explaining the origin of mass in elementary particles, confirmed by the experiments at the Large Hadron Collider.""",,,,https://en.wikipedia.org/wiki/Copley_Medal,Wikipedia table
copley,Copley Medal,,2016,Richard Henderson,Richard Henderson,"""In recognition of his fundamental and revolutionary contributions to the development of electron microscopy of biological materials, enabling their atomic structures to be deduced.""",,,,https://en.wikipedia.org/wiki/Copley_Medal,Wikipedia table
copley,Copley Medal,,2017,Andrew Wiles,Andrew Wiles,"""For his beautiful and unexpected proof of Fermat's Last Theorem which is one of the most important mathematical achievements of the 20th century.""",,,,https://en.wikipedia.org/wiki/Copley_Medal,Wikipedia table
copley,Copley Medal,,2018,Jeffrey I. Gordon,Jeffrey I. Gordon,"""For his contributions to understanding the role of gut microbial communities to human health and disease.""",,,,https://en.wikipedia.org/wiki/Copley_Medal,Wikipedia table
copley,Copley Medal,,2019,John B. Goodenough,John B. Goodenough,"""In recognition of his exceptional contributions to the science and technology of materials, including his discovery that led to rechargeable lithium batteries.""",,,,https://en.wikipedia.org/wiki/Copley_Medal,Wikipedia table
copley,Copley Medal,,2020,Alan Fersht,Alan Fersht,"""He has developed and applied the methods of protein engineering to provide descriptions of protein folding pathways at atomic resolution, revolutionising our understanding of these processes.""",,,,https://en.wikipedia.org/wiki/Copley_Medal,Wikipedia table
copley,Copley Medal,,2021,Jocelyn Bell Burnell,Jocelyn Bell Burnell,"""for her work on the discovery of pulsars, one of the major astronomical discoveries of the 20th century""",,,,https://en.wikipedia.org/wiki/Copley_Medal,Wikipedia table
copley,Copley Medal,,2022,Oxford-AstraZeneca Vaccine Team,Oxford-AstraZeneca Vaccine Team,"""for rapidly developing and deploying a COVID-19 vaccine.""",,,,https://en.wikipedia.org/wiki/Copley_Medal,Wikipedia table
copley,Copley Medal,,2023,Martin Rees,Martin Rees,"""for being arguably the most distinguished theoretical astrophysicist of his generation, responsible for numerous and varied conceptual breakthroughs, with influence spreading far beyond the specialist academic community.""",,,,https://en.wikipedia.org/wiki/Copley_Medal,Wikipedia table
copley,Copley Medal,,2024,Gregory Paul Winter,Gregory Paul Winter,"""for pioneering protein engineering, especially antibody engineering for the successful production of therapeutic antibodies.""",,,,https://en.wikipedia.org/wiki/Copley_Medal,Wikipedia table
copley,Copley Medal,,2025,John Pendry,John Pendry,"""for work on the concept and designs of metamaterials that represent the greatest advance in electromagnetism since Faraday and Maxwell.""",,,,https://en.wikipedia.org/wiki/Copley_Medal,Wikipedia table
crafoord,Crafoord Prize,,1982,Vladimir Arnold,Vladimir Arnold,“for their outstanding achievements in the theory of non-linear differential equations”,,,Mathematics,https://en.wikipedia.org/wiki/Crafoord_Prize,Wikipedia table
crafoord,Crafoord Prize,,1982,Louis Nirenberg,Louis Nirenberg,“for their outstanding achievements in the theory of non-linear differential equations”,,,Mathematics,https://en.wikipedia.org/wiki/Crafoord_Prize,Wikipedia table
crafoord,Crafoord Prize,,1983,Edward Norton Lorenz,Edward Norton Lorenz,"“for their fundamental contributions to the field of geophysical hydrodynamics, which in a unique way have contributed to a deeper understanding of the large-scale motions of the atmosphere and the sea”",,,Geosciences,https://en.wikipedia.org/wiki/Crafoord_Prize,Wikipedia table
crafoord,Crafoord Prize,,1983,Henry Stommel,Henry Stommel,"“for their fundamental contributions to the field of geophysical hydrodynamics, which in a unique way have contributed to a deeper understanding of the large-scale motions of the atmosphere and the sea”",,,Geosciences,https://en.wikipedia.org/wiki/Crafoord_Prize,Wikipedia table
crafoord,Crafoord Prize,,1984,Daniel H. Janzen,Daniel H. Janzen,“for his imaginative and stimulating studies on co-evolution which have inspired many researchers to further work in this field”,,,Biosciences,https://en.wikipedia.org/wiki/Crafoord_Prize,Wikipedia table
crafoord,Crafoord Prize,,1985,Lyman Spitzer,Lyman Spitzer,"“for his fundamental pioneering studies of practically every aspect of the interstellar medium, culminating in the results obtained using the Copernicus satellite”",,,Astronomy,https://en.wikipedia.org/wiki/Crafoord_Prize,Wikipedia table
crafoord,Crafoord Prize,,1986,Claude Allègre,Claude Allègre,“for their pioneering studies of isotope geochemical relations and the geological interpretations that these results permit”,,,Geosciences,https://en.wikipedia.org/wiki/Crafoord_Prize,Wikipedia table
crafoord,Crafoord Prize,,1986,Gerald J. Wasserburg,Gerald J. Wasserburg,“for their pioneering studies of isotope geochemical relations and the geological interpretations that these results permit”,,,Geosciences,https://en.wikipedia.org/wiki/Crafoord_Prize,Wikipedia table
crafoord,Crafoord Prize,,1987,Eugene Odum,Eugene Odum,“for their pioneering contributions within the field of ecosystem ecology”,,,Biosciences,https://en.wikipedia.org/wiki/Crafoord_Prize,Wikipedia table
crafoord,Crafoord Prize,,1987,Howard T. Odum,Howard T. Odum,“for their pioneering contributions within the field of ecosystem ecology”,,,Biosciences,https://en.wikipedia.org/wiki/Crafoord_Prize,Wikipedia table
crafoord,Crafoord Prize,,1988,Pierre Deligne,Pierre Deligne,“for their fundamental research in algebraic geometry”,,,Mathematics,https://en.wikipedia.org/wiki/Crafoord_Prize,Wikipedia table
crafoord,Crafoord Prize,,1988,Alexander Grothendieck,Alexander Grothendieck,“for their fundamental research in algebraic geometry”,,,Mathematics,https://en.wikipedia.org/wiki/Crafoord_Prize,Wikipedia table
crafoord,Crafoord Prize,,1989,James Van Allen,James Van Allen,"“for his pioneering exploration of space, in particular the discovery of the energetic particles trapped in the geomagnetic field which forms the radiation belts - the Van Allen belts - around the planet Earth”",,,Geosciences,https://en.wikipedia.org/wiki/Crafoord_Prize,Wikipedia table
crafoord,Crafoord Prize,,1990,Paul R. Ehrlich,Paul R. Ehrlich,“for his research on the dynamics and genetics of fragmented populations and the importance of the distribution pattern for their survival probabilities”,,,Biosciences,https://en.wikipedia.org/wiki/Crafoord_Prize,Wikipedia table
crafoord,Crafoord Prize,,1990,E. O. Wilson,E. O. Wilson,“for the theory of island biogeography and other research on species diversity and community dynamics on islands and in other habitats with differing degrees of isolation”,,,Biosciences,https://en.wikipedia.org/wiki/Crafoord_Prize,Wikipedia table
crafoord,Crafoord Prize,,1991,Allan Sandage,Allan Sandage,"“for his very important contributions to the study of galaxies, their populations of stars, clusters and nebulae, their evolution, the velocity-distance relation (or Hubble relation), and its evolution over time”",,,Astronomy,https://en.wikipedia.org/wiki/Crafoord_Prize,Wikipedia table
crafoord,Crafoord Prize,,1992,Adolf Seilacher,Adolf Seilacher,“for his innovative research concerning the evolution of life in interaction with the environment as documented in the geological record”,,,Geosciences,https://en.wikipedia.org/wiki/Crafoord_Prize,Wikipedia table
crafoord,Crafoord Prize,,1993,W. D. Hamilton,W. D. Hamilton,“for his theories concerning kin selection and genetic relationship as a prerequisite for the evolution of altruistic behavior”,,,Biosciences,https://en.wikipedia.org/wiki/Crafoord_Prize,Wikipedia table
crafoord,Crafoord Prize,,1993,Seymour Benzer,Seymour Benzer,"“for his pioneering genetical and neurophysiological studies on behavioural mutants in the fruit fly, Drosophila melanogaster”",,,Biosciences,https://en.wikipedia.org/wiki/Crafoord_Prize,Wikipedia table
crafoord,Crafoord Prize,,1994,Simon Donaldson,Simon Donaldson,"""for his fundamental investigations in four-dimensional geometry through application of instantos in particular his new discovery of new differential invariants""",,,Mathematics,https://en.wikipedia.org/wiki/Crafoord_Prize,Wikipedia table
crafoord,Crafoord Prize,,1994,Shing-Tung Yau,Shing-Tung Yau,“for his development of non-linear techniques in differential geometry leading the solution of several outstanding problems”,,,Mathematics,https://en.wikipedia.org/wiki/Crafoord_Prize,Wikipedia table
crafoord,Crafoord Prize,,1995,Willi Dansgaard,Willi Dansgaard,“for their fundamental work on developing and applying isotope geological analysis methods for the study of climatic variations during the Quaternary period”,,,Geosciences,https://en.wikipedia.org/wiki/Crafoord_Prize,Wikipedia table
crafoord,Crafoord Prize,,1995,Nicholas Shackleton,Nicholas Shackleton,“for their fundamental work on developing and applying isotope geological analysis methods for the study of climatic variations during the Quaternary period”,,,Geosciences,https://en.wikipedia.org/wiki/Crafoord_Prize,Wikipedia table
crafoord,Crafoord Prize,,1996,Robert May,Robert May,"“for his pioneering ecological research concerning theoretical analysis of the dynamics of populations, communities and ecosystems”",,,Biosciences,https://en.wikipedia.org/wiki/Crafoord_Prize,Wikipedia table
crafoord,Crafoord Prize,,1997,Fred Hoyle,Fred Hoyle,“for their pioneering contributions to the study of nuclear processes in stars and stellar evolution”,,,Astronomy,https://en.wikipedia.org/wiki/Crafoord_Prize,Wikipedia table
crafoord,Crafoord Prize,,1997,Edwin Ernest Salpeter,Edwin Ernest Salpeter,“for their pioneering contributions to the study of nuclear processes in stars and stellar evolution”,,,Astronomy,https://en.wikipedia.org/wiki/Crafoord_Prize,Wikipedia table
crafoord,Crafoord Prize,,1998,Don L. Anderson,Don L. Anderson,“for their fundamental contributions to our knowledge of the structures and processes in the interior of the Earth”,,,Geosciences,https://en.wikipedia.org/wiki/Crafoord_Prize,Wikipedia table
crafoord,Crafoord Prize,,1998,Adam M. Dziewonski,Adam M. Dziewonski,“for their fundamental contributions to our knowledge of the structures and processes in the interior of the Earth”,,,Geosciences,https://en.wikipedia.org/wiki/Crafoord_Prize,Wikipedia table
crafoord,Crafoord Prize,,1999,Ernst Mayr,Ernst Mayr,“for their fundamental contributions to the conceptual development of evolutionary biology”,,,Biosciences,https://en.wikipedia.org/wiki/Crafoord_Prize,Wikipedia table
crafoord,Crafoord Prize,,1999,John Maynard Smith,John Maynard Smith,“for their fundamental contributions to the conceptual development of evolutionary biology”,,,Biosciences,https://en.wikipedia.org/wiki/Crafoord_Prize,Wikipedia table
crafoord,Crafoord Prize,,1999,George Christopher Williams,George Christopher Williams,“for their fundamental contributions to the conceptual development of evolutionary biology”,,,Biosciences,https://en.wikipedia.org/wiki/Crafoord_Prize,Wikipedia table
crafoord,Crafoord Prize,,2000,Marc Feldmann,Marc Feldmann,“for their definition of TNF-alpha as a therapeutic target in rheumatoid arthritis”,,,Polyarthritis,https://en.wikipedia.org/wiki/Crafoord_Prize,Wikipedia table
crafoord,Crafoord Prize,,2000,Ravinder N. Maini,Ravinder N. Maini,“for their definition of TNF-alpha as a therapeutic target in rheumatoid arthritis”,,,Polyarthritis,https://en.wikipedia.org/wiki/Crafoord_Prize,Wikipedia table
crafoord,Crafoord Prize,,2001,Alain Connes,Alain Connes,“for his penetrating work on the theory of operator algebras and for having been a founder of non-commutative geometry”,,,Mathematics,https://en.wikipedia.org/wiki/Crafoord_Prize,Wikipedia table
crafoord,Crafoord Prize,,2002,Dan McKenzie,Dan McKenzie,"“for fundamental contributions to the understanding of the dynamics of the lithosphere, particularly plate tectonics, sedimentary basin formation and mantle melting”",,,Geosciences,https://en.wikipedia.org/wiki/Crafoord_Prize,Wikipedia table
crafoord,Crafoord Prize,,2003,Carl Woese,Carl Woese,“for his discovery of a third domain of life”,,,Biosciences,https://en.wikipedia.org/wiki/Crafoord_Prize,Wikipedia table
crafoord,Crafoord Prize,,2004,Eugene C. Butcher,Eugene C. Butcher,“for their studies of the molecular mechanisms involved in migration of white blood cells in health and disease”,,,Polyarthritis,https://en.wikipedia.org/wiki/Crafoord_Prize,Wikipedia table
crafoord,Crafoord Prize,,2004,Timothy A. Springer,Timothy A. Springer,“for their studies of the molecular mechanisms involved in migration of white blood cells in health and disease”,,,Polyarthritis,https://en.wikipedia.org/wiki/Crafoord_Prize,Wikipedia table
crafoord,Crafoord Prize,,2005,James E. Gunn,James E. Gunn,“for contributions towards understanding the large-scale structure of the Universe”,,,Astronomy,https://en.wikipedia.org/wiki/Crafoord_Prize,Wikipedia table
crafoord,Crafoord Prize,,2005,James Peebles,James Peebles,“for contributions towards understanding the large-scale structure of the Universe”,,,Astronomy,https://en.wikipedia.org/wiki/Crafoord_Prize,Wikipedia table
crafoord,Crafoord Prize,,2005,Martin Rees,Martin Rees,“for contributions towards understanding the large-scale structure of the Universe”,,,Astronomy,https://en.wikipedia.org/wiki/Crafoord_Prize,Wikipedia table
crafoord,Crafoord Prize,,2006,Wallace Smith Broecker,Wallace Smith Broecker,"“for his innovative and pioneering research on the operation of the global carbon cycle within the ocean atmosphere-biosphere system, and its interaction with climate”",,,Geosciences,https://en.wikipedia.org/wiki/Crafoord_Prize,Wikipedia table
crafoord,Crafoord Prize,,2007,Robert Trivers,Robert Trivers,"“for his fundamental analysis of social evolution, conflict and cooperation”",,,Biosciences,https://en.wikipedia.org/wiki/Crafoord_Prize,Wikipedia table
crafoord,Crafoord Prize,,2008,Rashid Alievich Sunyaev,Rashid Alievich Sunyaev,"“for his decisive contributions to high energy astrophysics and cosmology, in particular processes and dynamics around black holes and neutron stars and demonstration of the diagnostic power of structures in the background radiation”",,,Astronomy,https://en.wikipedia.org/wiki/Crafoord_Prize,Wikipedia table
crafoord,Crafoord Prize,,2008,Maxim Kontsevich,Maxim Kontsevich,“for their important contributions to mathematics inspired by modern theoretical physics”,,,Mathematics,https://en.wikipedia.org/wiki/Crafoord_Prize,Wikipedia table
crafoord,Crafoord Prize,,2008,Edward Witten,Edward Witten,“for their important contributions to mathematics inspired by modern theoretical physics”,,,Mathematics,https://en.wikipedia.org/wiki/Crafoord_Prize,Wikipedia table
crafoord,Crafoord Prize,,2009,Charles Dinarello,Charles Dinarello,"“for their pioneering work to isolate interleukins, determine their properties and explore their role in the onset of inflammatory diseases”",,,Polyarthritis,https://en.wikipedia.org/wiki/Crafoord_Prize,Wikipedia table
crafoord,Crafoord Prize,,2009,Tadamitsu Kishimoto,Tadamitsu Kishimoto,"“for their pioneering work to isolate interleukins, determine their properties and explore their role in the onset of inflammatory diseases”",,,Polyarthritis,https://en.wikipedia.org/wiki/Crafoord_Prize,Wikipedia table
crafoord,Crafoord Prize,,2009,Toshio Hirano,Toshio Hirano,"“for their pioneering work to isolate interleukins, determine their properties and explore their role in the onset of inflammatory diseases”",,,Polyarthritis,https://en.wikipedia.org/wiki/Crafoord_Prize,Wikipedia table
crafoord,Crafoord Prize,,2010,Walter Munk,Walter Munk,"“for his pioneering and fundamental contributions to our understanding of ocean circulation, tides and waves, and their role in the Earth’s dynamics”",,,Geosciences,https://en.wikipedia.org/wiki/Crafoord_Prize,Wikipedia table
crafoord,Crafoord Prize,,2011,Ilkka Hanski,Ilkka Hanski,"""for his pioneering studies on how spatial variation affects the dynamics of animal and plant populations""",,,Biosciences,https://en.wikipedia.org/wiki/Crafoord_Prize,Wikipedia table
crafoord,Crafoord Prize,,2012,Reinhard Genzel,Reinhard Genzel,"""for their observations of the stars orbiting the galactic centre, indicating the presence of a supermassive black hole""",,,Astronomy,https://en.wikipedia.org/wiki/Crafoord_Prize,Wikipedia table
crafoord,Crafoord Prize,,2012,Andrea M. Ghez,Andrea M. Ghez,"""for their observations of the stars orbiting the galactic centre, indicating the presence of a supermassive black hole""",,,Astronomy,https://en.wikipedia.org/wiki/Crafoord_Prize,Wikipedia table
crafoord,Crafoord Prize,,2012,Jean Bourgain,Jean Bourgain,"""for their brilliant and groundbreaking work in harmonic analysis, partial differential equations, ergodic theory, number theory, combinatorics, functional analysis and theoretical computer science""",,,Mathematics,https://en.wikipedia.org/wiki/Crafoord_Prize,Wikipedia table
crafoord,Crafoord Prize,,2012,Terence Tao,Terence Tao,"""for their brilliant and groundbreaking work in harmonic analysis, partial differential equations, ergodic theory, number theory, combinatorics, functional analysis and theoretical computer science""",,,Mathematics,https://en.wikipedia.org/wiki/Crafoord_Prize,Wikipedia table
crafoord,Crafoord Prize,,2013,Peter K. Gregersen,Peter K. Gregersen,"""for their discoveries concerning the role of different genetic factors and their interactions with environmental factors in the pathogenesis, diagnosis and clinical management of rheumatoid arthritis""",,,Polyarthritis,https://en.wikipedia.org/wiki/Crafoord_Prize,Wikipedia table
crafoord,Crafoord Prize,,2013,Lars Klareskog,Lars Klareskog,"""for their discoveries concerning the role of different genetic factors and their interactions with environmental factors in the pathogenesis, diagnosis and clinical management of rheumatoid arthritis""",,,Polyarthritis,https://en.wikipedia.org/wiki/Crafoord_Prize,Wikipedia table
crafoord,Crafoord Prize,,2013,Robert J. Winchester,Robert J. Winchester,"""for their discoveries concerning the role of different genetic factors and their interactions with environmental factors in the pathogenesis, diagnosis and clinical management of rheumatoid arthritis""",,,Polyarthritis,https://en.wikipedia.org/wiki/Crafoord_Prize,Wikipedia table
crafoord,Crafoord Prize,,2014,Peter Molnar,Peter Molnar,"""for his ground-breaking contribution to the understanding of global tectonics, in particular the deformation of continents and the structure and evolution of mountain ranges, as well as the impact of tectonic processes on ocean-atmosphere circulation and climate""",,,Geosciences,https://en.wikipedia.org/wiki/Crafoord_Prize,Wikipedia table
crafoord,Crafoord Prize,,2015,Richard Lewontin,Richard Lewontin,"""for their pioneering analyses and fundamental contributions to the understanding of genetic polymorphism""",,,Biosciences,https://en.wikipedia.org/wiki/Crafoord_Prize,Wikipedia table
crafoord,Crafoord Prize,,2015,Tomoko Ohta,Tomoko Ohta,"""for their pioneering analyses and fundamental contributions to the understanding of genetic polymorphism""",,,Biosciences,https://en.wikipedia.org/wiki/Crafoord_Prize,Wikipedia table
crafoord,Crafoord Prize,,2016,Roy Kerr,Roy Kerr,"""for fundamental work concerning rotating black holes and their astrophysical consequences""",,,Astronomy,https://en.wikipedia.org/wiki/Crafoord_Prize,Wikipedia table
crafoord,Crafoord Prize,,2016,Roger Blandford,Roger Blandford,"""for fundamental work concerning rotating black holes and their astrophysical consequences""",,,Astronomy,https://en.wikipedia.org/wiki/Crafoord_Prize,Wikipedia table
crafoord,Crafoord Prize,,2016,Yakov Eliashberg,Yakov Eliashberg,"""for the development of contact and symplectic topology and groundbreaking discoveries of rigidity and flexibility phenomena""",,,Mathematics,https://en.wikipedia.org/wiki/Crafoord_Prize,Wikipedia table
crafoord,Crafoord Prize,,2017,Shimon Sakaguchi,Shimon Sakaguchi,"""for their discoveries relating to regulatory T cells, which counteract harmful immune reactions in arthritis and other autoimmune diseases""",,,Polyarthritis,https://en.wikipedia.org/wiki/Crafoord_Prize,Wikipedia table
crafoord,Crafoord Prize,,2017,Fred Ramsdell,Fred Ramsdell,"""for their discoveries relating to regulatory T cells, which counteract harmful immune reactions in arthritis and other autoimmune diseases""",,,Polyarthritis,https://en.wikipedia.org/wiki/Crafoord_Prize,Wikipedia table
crafoord,Crafoord Prize,,2017,Alexander Rudensky,Alexander Rudensky,"""for their discoveries relating to regulatory T cells, which counteract harmful immune reactions in arthritis and other autoimmune diseases""",,,Polyarthritis,https://en.wikipedia.org/wiki/Crafoord_Prize,Wikipedia table
crafoord,Crafoord Prize,,2018,Syukuro Manabe,Syukuro Manabe,"""for fundamental contributions to understanding the role of atmospheric trace gases in Earth’s climate system""",,,Geosciences,https://en.wikipedia.org/wiki/Crafoord_Prize,Wikipedia table
crafoord,Crafoord Prize,,2018,Susan Solomon,Susan Solomon,"""for fundamental contributions to understanding the role of atmospheric trace gases in Earth’s climate system""",,,Geosciences,https://en.wikipedia.org/wiki/Crafoord_Prize,Wikipedia table
crafoord,Crafoord Prize,,2019,Sallie W. Chisholm,Sallie W. Chisholm,"""for the discovery and pioneering studies of the most abundant photosynthesising organism on Earth, Prochlorococcus""",,,Biosciences,https://en.wikipedia.org/wiki/Crafoord_Prize,Wikipedia table
crafoord,Crafoord Prize,,2020,Eugene N. Parker,Eugene N. Parker,"""for pioneering and fundamental studies of the solar wind and magnetic fields from stellar to galactic scales""",,,Astronomy,https://en.wikipedia.org/wiki/Crafoord_Prize,Wikipedia table
crafoord,Crafoord Prize,,2020,Enrico Bombieri,Enrico Bombieri,"""for outstanding and influential contributions in all the major areas of mathematics, particularly number theory, analysis and algebraic geometry""",,,Mathematics,https://en.wikipedia.org/wiki/Crafoord_Prize,Wikipedia table
crafoord,Crafoord Prize,,2021,Daniel L. Kastner,Daniel L. Kastner,"""for establishing the concept of autoinflammatory diseases""",,,Polyarthritis,https://en.wikipedia.org/wiki/Crafoord_Prize,Wikipedia table
crafoord,Crafoord Prize,,2022,Andrew H. Knoll,Andrew H. Knoll,"""for fundamental contributions to our understanding of the first three billion years of life on Earth and life’s interactions with the physical environment through time""",,,Geosciences,https://en.wikipedia.org/wiki/Crafoord_Prize,Wikipedia table
crafoord,Crafoord Prize,,2023,Dolph Schluter,Dolph Schluter,"""for fundamental contributions to the understanding of adaptive radiation and ecological speciation""",,,Biosciences,https://en.wikipedia.org/wiki/Crafoord_Prize,Wikipedia table
crafoord,Crafoord Prize,,2024,Douglas Gough,Douglas Gough,"""for developing the methods of asteroseismology and their application to the study of the interior of the Sun and of other stars""",,,Astronomy,https://en.wikipedia.org/wiki/Crafoord_Prize,Wikipedia table
crafoord,Crafoord Prize,,2024,Jørgen Christensen-Dalsgaard,Jørgen Christensen-Dalsgaard,"""for developing the methods of asteroseismology and their application to the study of the interior of the Sun and of other stars""",,,Astronomy,https://en.wikipedia.org/wiki/Crafoord_Prize,Wikipedia table
crafoord,Crafoord Prize,,2024,Conny Aerts,Conny Aerts,"""for developing the methods of asteroseismology and their application to the study of the interior of the Sun and of other stars""",,,Astronomy,https://en.wikipedia.org/wiki/Crafoord_Prize,Wikipedia table
crafoord,Crafoord Prize,,2024,Claire Voisin,Claire Voisin,"""for outstanding contributions to complex and algebraic geometry, including Hodge theory, algebraic cycles, and hyperkähler geometry""",,,Mathematics,https://en.wikipedia.org/wiki/Crafoord_Prize,Wikipedia table
crafoord,Crafoord Prize,,2025,Christopher Goodnow,Christopher Goodnow,"""for the discovery of fundamental mechanisms for B cell tolerance.""",,,Polyarthritis,https://en.wikipedia.org/wiki/Crafoord_Prize,Wikipedia table
crafoord,Crafoord Prize,,2025,David Nemazee,David Nemazee,"""for the discovery of fundamental mechanisms for B cell tolerance.""",,,Polyarthritis,https://en.wikipedia.org/wiki/Crafoord_Prize,Wikipedia table
crafoord,Crafoord Prize,,2026,Veerabhadran Ramanathan,Veerabhadran Ramanathan,"""for fundamental contributions to our understanding of how aerosol particles and other climate pollutants influence the atmospheric energy balance and the Earth system.""",,,Geosciences,https://en.wikipedia.org/wiki/Crafoord_Prize,Wikipedia table
dirac,Dirac Medal (ICTP),,1985,Edward Witten,Edward Witten,"""path-opening contributions to the physics of elementary particles and gravity, to the search for unification, and to the imaginative pursuit of the implications for cosmology.""",,,theoretical physics,https://www.ictp.it/home/dirac-medallists-1985,ICTP + Wikipedia
dirac,Dirac Medal (ICTP),,1985,Yakov Zel'dovich,Yakov Zel'dovich,"""far-ranging contributions to relativistic astrophysics, particularly in theories of compact objects and cosmic evolution.""",,,theoretical physics,https://www.ictp.it/home/dirac-medallists-1985,ICTP + Wikipedia
dirac,Dirac Medal (ICTP),,1986,Alexander Polyakov,Alexander Polyakov,"""being among the first to emphasize the importance of scale invariance in quantum field theory, particularly in connection with the theory of critical phenomena.""",,,theoretical physics,https://www.ictp.it/home/dirac-medallists-1986,ICTP + Wikipedia
dirac,Dirac Medal (ICTP),,1986,Yoichiro Nambu,Yoichiro Nambu,"""being one of the first physicists to formulate the idea of spontaneous symmetry breaking and in particular, chiral symmetry breaking in relativistic particle physics. His contributions to the quark model in the 1960s and, later, his geometrical formulation of the dual resonance models as the dynamics of a relativistic string theory are of fundamental importance.""",,,theoretical physics,https://www.ictp.it/home/dirac-medallists-1986,ICTP + Wikipedia
dirac,Dirac Medal (ICTP),,1987,Bruno Zumino,Bruno Zumino,"""fundamental contributions to the study of chiral anomalies in gauge theories with fermions. Also in collaboration with Prof. [[Julius Wess|[Julius] Wess]], he proposed the first renormalizable Lagrangian field theories to realize supersymmetry in 4-dimensional space-time. With Prof. Stanley Deser he constructed one of the first supergravity theories in four dimensions. In addition to this important early work, he has been a leader in the application of modern geometrical ideas in field theory.""",,,theoretical physics,https://www.ictp.it/home/dirac-medallists-1987,ICTP + Wikipedia
dirac,Dirac Medal (ICTP),,1987,Bryce DeWitt,Bryce DeWitt,"""his fundamental contributions to the study of classical and quantum gravity and non-Abelian gauge theory. His pioneering work with quantum, effective action underlies much of the modern formalism. Particularly important are the background field method which he invented, and the methodology of ghost loops in gauge theory, which he did much to develop.""",,,theoretical physics,https://www.ictp.it/home/dirac-medallists-1987,ICTP + Wikipedia
dirac,Dirac Medal (ICTP),,1988,David J. Gross,David J. Gross,"""his fundamental contributions to the understanding of nuclear forces at short distances and to the theory of superstrings. Together with F. Wilczek and, independently, H. D. Politzer and G. H. 't Hooft, he discovered the mechanism of asymptotic freedom in non-Abelian gauge theories. This discovery, which accounts for the phenomenon of scaling in deep inelastic interactions, was central to the development of quantum chromodynamics as a viable model for the nuclear force. His invention, together with [[Jeffrey A. Harvey|[Jeffrey A.] Harvey]], [[Emil Martinec|[Emil] Martinec]] and [[Ryan Rohm|[Ryan] Rohm]], of the heterotic superstring model enlarges the theoretical understanding of string theory and has provided a great stimulus to research in this subject.""",,,theoretical physics,https://www.ictp.it/home/dirac-medallists-1988,ICTP + Wikipedia
dirac,Dirac Medal (ICTP),,1988,Efim S. Fradkin,Efim S. Fradkin,"""his many fruitful contributions to the development of quantum field theory and statistics. Among these are his early work on functional methods including his formal solution to the Schwinger-Dyson equations for the Green's functions of interacting systems. This result has become a standard part of modern quantum field theory. Independently of [[Yasushi Takahashi|[Yasushi] Takahashi]] he discovered the generalized Ward identities for electrodynamics. These identities and their generalizations for non-Abelian gauge theories are basic to the understanding of local symmetries.""",,,theoretical physics,https://www.ictp.it/home/dirac-medallists-1988,ICTP + Wikipedia
dirac,Dirac Medal (ICTP),,1989,John H. Schwarz,John H. Schwarz,"""their basic contributions to the development of superstring theory. Most significant was their discovery that chiral gauge anomalies are absent for a class of ten dimensional superstring theories. This provided a strong indication that superstring theory with a specific gauge symmetry may provide a consistent unified quantum theory of the fundamental forces including gravity. It led to an explosion of interest in string theory which has already spurred remarkable advances both in mathematical physics and in pure mathematics.""",,,theoretical physics,https://www.ictp.it/home/dirac-medallists-1989,ICTP + Wikipedia
dirac,Dirac Medal (ICTP),,1989,Michael Green,Michael Green,"""their basic contributions to the development of superstring theory. Most significant was their discovery that chiral gauge anomalies are absent for a class of ten dimensional superstring theories. This provided a strong indication that superstring theory with a specific gauge symmetry may provide a consistent unified quantum theory of the fundamental forces including gravity. It led to an explosion of interest in string theory which has already spurred remarkable advances both in mathematical physics and in pure mathematics.""",,,theoretical physics,https://www.ictp.it/home/dirac-medallists-1989,ICTP + Wikipedia
dirac,Dirac Medal (ICTP),,1990,Ludwig Faddeev,Ludwig Faddeev,"""researches in the area of quantum field theory and mathematical physics. His name is well known in theoretical physics in connection with the Three Body System (Faddeev's equation). He made decisive contributions to the quantization of the Yang-Mills and gravitational field. The Faddeev-Popov covariant prescription of quantization of non-Abelian gauge theories discovered in 1966-67 has many essential applications including quantum effects in the Glashow-Salam-Weinberg model of electroweak interactions and in quantum chromodynamics.""",,,theoretical physics,https://www.ictp.it/home/dirac-medallists-1990,ICTP + Wikipedia
dirac,Dirac Medal (ICTP),,1990,Sidney R. Coleman,Sidney R. Coleman,"""his contributions to quantum field theory and particle physics. His work on quantum field theories has greatly clarified their structure. This includes the classification of all possible bosonic symmetries of S-matrix (with J. Mandula) and the study of some fundamental properties of two-dimensional quantum field theories including, in particular, the absence of symmetry breaking and aspects of boson-fermion equivalence.""",,,theoretical physics,https://www.ictp.it/home/dirac-medallists-1990,ICTP + Wikipedia
dirac,Dirac Medal (ICTP),,1991,Jeffrey Goldstone,Jeffrey Goldstone,"""his fundamental clarification of spontaneous symmetry violation in relativistic quantum field theory.""",,,theoretical physics,https://www.ictp.it/home/dirac-medallists-1991,ICTP + Wikipedia
dirac,Dirac Medal (ICTP),,1991,Stanley Mandelstam,Stanley Mandelstam,"""his contributions to the development of theoretical physics.""",,,theoretical physics,https://www.ictp.it/home/dirac-medallists-1991,ICTP + Wikipedia
dirac,Dirac Medal (ICTP),,1992,Nikolai Bogoliubov,Nikolai Bogoliubov,"""many outstanding contributions in physics and mathematics.""",,,theoretical physics,https://www.ictp.it/home/dirac-medallists-1992,ICTP + Wikipedia
dirac,Dirac Medal (ICTP),,1992,Yakov G. Sinai,Yakov G. Sinai,"""many outstanding contributions in physics and mathematics.""",,,theoretical physics,https://www.ictp.it/home/dirac-medallists-1992,ICTP + Wikipedia
dirac,Dirac Medal (ICTP),,1993,Daniel Z. Freedman,Daniel Z. Freedman,"""for their discovery of supergravity theory in 1976 and their major contributions in the subsequent developments of the theory. Their discovery led to an explosion of interest in quantum gravity and it transformed the subject, playing a significant role in very important developments in string theory as well as Kaluza-Klein theory.""",,,theoretical physics,https://www.ictp.it/home/dirac-medallists-1993,ICTP + Wikipedia
dirac,Dirac Medal (ICTP),,1993,Peter van Nieuwenhuizen,Peter van Nieuwenhuizen,"""for their discovery of supergravity theory in 1976 and their major contributions in the subsequent developments of the theory. Their discovery led to an explosion of interest in quantum gravity and it transformed the subject, playing a significant role in very important developments in string theory as well as Kaluza-Klein theory.""",,,theoretical physics,https://www.ictp.it/home/dirac-medallists-1993,ICTP + Wikipedia
dirac,Dirac Medal (ICTP),,1993,Sergio Ferrara,Sergio Ferrara,"""for their discovery of supergravity theory in 1976 and their major contributions in the subsequent developments of the theory. Their discovery led to an explosion of interest in quantum gravity and it transformed the subject, playing a significant role in very important developments in string theory as well as Kaluza-Klein theory.""",,,theoretical physics,https://www.ictp.it/home/dirac-medallists-1993,ICTP + Wikipedia
dirac,Dirac Medal (ICTP),,1994,Frank Wilczek,Frank Wilczek,"""his contributions to the development of theoretical physics. In 1973 he was one of the discoverers of the phenomenon of ""asymptotic freedom"" in non-Abelian gauge theories. This fundamental observation - that the effective interaction at short distances becomes weak, even in strongly interacting systems - led to the development of a realistic model for hadron physics.""",,,theoretical physics,https://www.ictp.it/home/dirac-medallist-1994,ICTP + Wikipedia
dirac,Dirac Medal (ICTP),,1995,Michael Berry,Michael Berry,"""for his discovery of the non-integrable phase that arises in adiabatic processes in quantum theory. This effect was first detected in 1986 in an optics experiment by [Akira] Tomita and [[Raymond Chiao|[Raymond] Chiao]] in which the rotation of the polarization plane of a wave propagating in a twisted optical fibre was interpreted as a Berry phase.""",,,theoretical physics,https://www.ictp.it/home/dirac-medallist-1995,ICTP + Wikipedia
dirac,Dirac Medal (ICTP),,1996,Martinus J.G. Veltman,Martinus J.G. Veltman,"""his pioneering investigations on the renormalizability of gauge theories and consequently, his analysis of the sensitivity of radiative corrections to both the mass differences in fermion doublets and the Higgs particle mass. These calculations provided the basic prediction in the search for the top quark mass.""",,,theoretical physics,https://pubs.aip.org/physicstoday/article/49/10/91/408763/Dirac-Medals-Announced-in-Trieste,ICTP + Wikipedia
dirac,Dirac Medal (ICTP),,1996,Tullio Regge,Tullio Regge,"""crucial contributions in theoretical and mathematical physics starting with his seminal investigation of the asymptotic behavior of potential scattering processes through the analytic continuation of the angular momentum to the complex plane. The so-called Regge trajectories have helped in the classification of particles and resonances by grouping together entities with different spin. The so-called Regge behavior was, and still is, an important ingredient in the construction of string theories.""",,,theoretical physics,https://pubs.aip.org/physicstoday/article/49/10/91/408763/Dirac-Medals-Announced-in-Trieste,ICTP + Wikipedia
dirac,Dirac Medal (ICTP),,1997,David Olive,David Olive,"""their farsighted and highly influential contributions to theoretical physics, over an extended period. Goddard and Olive have contributed many crucial insights that shaped our emerging understanding of string theory and have also had a far-reaching impact on our understanding of four-dimensional field theory.""",,,theoretical physics,https://www.ictp.it/home/dirac-medallists-1997,ICTP + Wikipedia
dirac,Dirac Medal (ICTP),,1997,Peter Goddard,Peter Goddard,"""their farsighted and highly influential contributions to theoretical physics, over an extended period. Goddard and Olive have contributed many crucial insights that shaped our emerging understanding of string theory and have also had a far-reaching impact on our understanding of four-dimensional field theory.""",,,theoretical physics,https://www.ictp.it/home/dirac-medallists-1997,ICTP + Wikipedia
dirac,Dirac Medal (ICTP),,1998,Roman Jackiw,Roman Jackiw,"""use of quantum field theory to illuminate physical problems. The derivation by Adler (and, independently, Weisberger) of a sum rule for pion-nucleon scattering marked a breakthrough in our understanding of the currents and broken symmetries of the strong interactions. Jackiw made a major contribution to field theories relevant to condensed matter physics in his discovery (with [Claudio] Rebbi) of fractional charge and spin in these theories. The paths of Adler and Jackiw (with [[John Stewart Bell|[John Stewart] Bell]]) crossed in what may be their most important discovery: the celebrated triangle anomaly, one of the most profound examples of the relevance of quantum field theory to the real world.""",,,theoretical physics,https://www.ictp.it/home/dirac-medallists-1998,ICTP + Wikipedia
dirac,Dirac Medal (ICTP),,1998,Stephen L. Adler,Stephen L. Adler,"""use of quantum field theory to illuminate physical problems. The derivation by Adler (and, independently, Weisberger) of a sum rule for pion-nucleon scattering marked a breakthrough in our understanding of the currents and broken symmetries of the strong interactions. Jackiw made a major contribution to field theories relevant to condensed matter physics in his discovery (with [Claudio] Rebbi) of fractional charge and spin in these theories. The paths of Adler and Jackiw (with [[John Stewart Bell|[John Stewart] Bell]]) crossed in what may be their most important discovery: the celebrated triangle anomaly, one of the most profound examples of the relevance of quantum field theory to the real world.""",,,theoretical physics,https://www.ictp.it/home/dirac-medallists-1998,ICTP + Wikipedia
dirac,Dirac Medal (ICTP),,1999,Giorgio Parisi,Giorgio Parisi,"""his original and deep contributions to many areas of physics ranging from the study of scaling violations in deep inelastic processes (Altarelli-Parisi equations), the proposal of the superconductor's flux confinement model as a mechanism for quark confinement, the use of supersymmetry in statistical classical systems, the introduction of multifractals in turbulence, the stochastic differential equation for growth models for random aggregation (the Kardar-Parisi-Zhang model) and his groundbreaking analysis of the replica method that has permitted an important breakthrough in our understanding of glassy systems and has proved to be instrumental in the whole subject of Disordered Systems.""",,,theoretical physics,https://www.ictp.it/home/dirac-medallist-1999,ICTP + Wikipedia
dirac,Dirac Medal (ICTP),,2000,Helen Quinn,Helen Quinn,"""pioneering contributions to the quest for a unified theory of quarks and leptons and of the strong, weak, and electromagnetic interactions.""",,,theoretical physics,https://www.ictp.it/home/dirac-medallists-2000,ICTP + Wikipedia
dirac,Dirac Medal (ICTP),,2000,Howard Georgi,Howard Georgi,"""pioneering contributions to the quest for a unified theory of quarks and leptons and of the strong, weak, and electromagnetic interactions.""",,,theoretical physics,https://www.ictp.it/home/dirac-medallists-2000,ICTP + Wikipedia
dirac,Dirac Medal (ICTP),,2000,Jogesh Pati,Jogesh Pati,"""pioneering contributions to the quest for a unified theory of quarks and leptons and of the strong, weak, and electromagnetic interactions.""",,,theoretical physics,https://www.ictp.it/home/dirac-medallists-2000,ICTP + Wikipedia
dirac,Dirac Medal (ICTP),,2001,John Hopfield,John Hopfield,"“important contributions in an impressively broad spectrum of scientific subjects. His special and rare gift is his ability to cross the inter-disciplinary boundary to discover new questions and propose answers that uncover the conceptual structure behind the experimental facts""",,,theoretical physics,https://www.ictp.it/home/dirac-medallist-2001,ICTP + Wikipedia
dirac,Dirac Medal (ICTP),,2002,Alan Guth,Alan Guth,"""the development of the concept of inflation in cosmology. Although the history of the very early universe has not been firmly established, the idea of inflation has already had notable observational successes, and it has become the paradigm for fundamental studies in cosmology.""",,,theoretical physics,https://www.ictp.it/home/dirac-medallists-2002,ICTP + Wikipedia
dirac,Dirac Medal (ICTP),,2002,Andrei Linde,Andrei Linde,"""the development of the concept of inflation in cosmology. Although the history of the very early universe has not been firmly established, the idea of inflation has already had notable observational successes, and it has become the paradigm for fundamental studies in cosmology.""",,,theoretical physics,https://www.ictp.it/home/dirac-medallists-2002,ICTP + Wikipedia
dirac,Dirac Medal (ICTP),,2002,Paul Steinhardt,Paul Steinhardt,"""the development of the concept of inflation in cosmology. Although the history of the very early universe has not been firmly established, the idea of inflation has already had notable observational successes, and it has become the paradigm for fundamental studies in cosmology.""",,,theoretical physics,https://www.ictp.it/home/dirac-medallists-2002,ICTP + Wikipedia
dirac,Dirac Medal (ICTP),,2003,Robert Kraichnan,Robert Kraichnan,"""their distinct contributions to the theory of turbulence, particularly the exact results and the prediction of inverse cascades, and for identifying classes of turbulence problems for which in-depth understanding has been achieved.""",,,theoretical physics,https://www.ictp.it/home/dirac-medallists-2003,ICTP + Wikipedia
dirac,Dirac Medal (ICTP),,2003,Vladimir E. Zakharov,Vladimir E. Zakharov,"""their distinct contributions to the theory of turbulence, particularly the exact results and the prediction of inverse cascades, and for identifying classes of turbulence problems for which in-depth understanding has been achieved.""",,,theoretical physics,https://www.ictp.it/home/dirac-medallists-2003,ICTP + Wikipedia
dirac,Dirac Medal (ICTP),,2004,Curtis Callan,Curtis Callan,"""theoretical developments of the late 60's and early 70's that led to the use of deep inelastic scattering for the elucidation of the nature of the strong interactions.""",,,theoretical physics,https://www.ictp.it/home/dirac-medallists-2004,ICTP + Wikipedia
dirac,Dirac Medal (ICTP),,2004,James Bjorken,James Bjorken,"""theoretical developments of the late 60's and early 70's that led to the use of deep inelastic scattering for the elucidation of the nature of the strong interactions.""",,,theoretical physics,https://www.ictp.it/home/dirac-medallists-2004,ICTP + Wikipedia
dirac,Dirac Medal (ICTP),,2005,Patrick A. Lee,Patrick A. Lee,"""his work on weak localization and interaction effects, is being recognized for his pioneering contributions to our understanding of disordered and strongly interacting many-body systems.""",,,theoretical physics,https://www.ictp.it/home/dirac-medallists-2005,ICTP + Wikipedia
dirac,Dirac Medal (ICTP),,2005,Sam Edwards,Sam Edwards,"""his fundamental contributions to polymer physics, spin glass theory and the physics of granular matter.""",,,theoretical physics,https://www.ictp.it/home/dirac-medallists-2005,ICTP + Wikipedia
dirac,Dirac Medal (ICTP),,2006,Peter Zoller,Peter Zoller,"""innovative and prolific work in atomic physics, including seminal work proposing methods to use trapped ions for quantum computing and describing how to realize the Bose-Hubbard model and associated phase transitions in ultracold gases.""",,,theoretical physics,https://www.ictp.it/home/dirac-medallist-2006,ICTP + Wikipedia
dirac,Dirac Medal (ICTP),,2007,John Iliopoulos,John Iliopoulos,"""their work on the physics of the charm quark, a major contribution to the birth of the Standard Model, the modern theory of Elementary Particles.""",,,theoretical physics,https://www.ictp.it/home/dirac-medallists-2007,ICTP + Wikipedia
dirac,Dirac Medal (ICTP),,2007,Luciano Maiani,Luciano Maiani,"""their work on the physics of the charm quark, a major contribution to the birth of the Standard Model, the modern theory of Elementary Particles.""",,,theoretical physics,https://www.ictp.it/home/dirac-medallists-2007,ICTP + Wikipedia
dirac,Dirac Medal (ICTP),,2008,Joe Polchinski,Joe Polchinski,"""for their fundamental contributions to superstring theory. Their studies range from early work on orbifold compactifications, physics and mathematics of mirror symmetry, D-branes and black hole physics, as well as gauge theory-gravity correspondence. Their contributions in uncovering the strong-weak dualities between seemingly different string theories have enabled us to learn about regimes of quantum field theory which are not accessible to perturbative analysis.""",,,theoretical physics,https://www.ictp.it/home/dirac-medallists-2010,ICTP + Wikipedia
dirac,Dirac Medal (ICTP),,2008,Juan Maldacena,Juan Maldacena,"""for their fundamental contributions to superstring theory. Their studies range from early work on orbifold compactifications, physics and mathematics of mirror symmetry, D-branes and black hole physics, as well as gauge theory-gravity correspondence. Their contributions in uncovering the strong-weak dualities between seemingly different string theories have enabled us to learn about regimes of quantum field theory which are not accessible to perturbative analysis.""",,,theoretical physics,https://www.ictp.it/home/dirac-medallists-2010,ICTP + Wikipedia
dirac,Dirac Medal (ICTP),,2008,Cumrun Vafa,Cumrun Vafa,"""for their fundamental contributions to superstring theory. Their studies range from early work on orbifold compactifications, physics and mathematics of mirror symmetry, D-branes and black hole physics, as well as gauge theory-gravity correspondence. Their contributions in uncovering the strong-weak dualities between seemingly different string theories have enabled us to learn about regimes of quantum field theory which are not accessible to perturbative analysis.""",,,theoretical physics,https://www.ictp.it/home/dirac-medallists-2010,ICTP + Wikipedia
dirac,Dirac Medal (ICTP),,2009,Roberto Car,Roberto Car,"""developing the ab initio simulation method in which they combined, elegantly and imaginatively, the quantum mechanical density functional method for the calculation of the electronic properties of matter with molecular dynamics methods for the Newtonian simulation of atomic motions.""",,,theoretical physics,https://www.ictp.it/home/dirac-medallists-2009,ICTP + Wikipedia
dirac,Dirac Medal (ICTP),,2009,Michele Parrinello,Michele Parrinello,"""developing the ab initio simulation method in which they combined, elegantly and imaginatively, the quantum mechanical density functional method for the calculation of the electronic properties of matter with molecular dynamics methods for the Newtonian simulation of atomic motions.""",,,theoretical physics,https://www.ictp.it/home/dirac-medallists-2009,ICTP + Wikipedia
dirac,Dirac Medal (ICTP),,2010,Nicola Cabibbo,Nicola Cabibbo,"""their fundamental contributions to the understanding of weak interactions and other aspects of theoretical physics.""",,,theoretical physics,https://www.ictp.it/home/dirac-medallists-2010,ICTP + Wikipedia
dirac,Dirac Medal (ICTP),,2010,George Sudarshan,George Sudarshan,"""their fundamental contributions to the understanding of weak interactions and other aspects of theoretical physics.""",,,theoretical physics,https://www.ictp.it/home/dirac-medallists-2010,ICTP + Wikipedia
dirac,Dirac Medal (ICTP),,2011,Édouard Brézin,Édouard Brézin,"""their independent pioneering work on field theoretical methods to the study of critical phenomena and phase transitions; in particular for their significant contributions to conformal field theories and integrable systems.""",,,theoretical physics,https://www.ictp.it/home/dirac-medallists-2011,ICTP + Wikipedia
dirac,Dirac Medal (ICTP),,2011,John Cardy,John Cardy,"""their independent pioneering work on field theoretical methods to the study of critical phenomena and phase transitions; in particular for their significant contributions to conformal field theories and integrable systems.""",,,theoretical physics,https://www.ictp.it/home/dirac-medallists-2011,ICTP + Wikipedia
dirac,Dirac Medal (ICTP),,2011,Alexander Zamolodchikov,Alexander Zamolodchikov,"""their independent pioneering work on field theoretical methods to the study of critical phenomena and phase transitions; in particular for their significant contributions to conformal field theories and integrable systems.""",,,theoretical physics,https://www.ictp.it/home/dirac-medallists-2011,ICTP + Wikipedia
dirac,Dirac Medal (ICTP),,2012,Duncan Haldane,Duncan Haldane,"""their many important contributions to condensed matter physics, including their independent work preparing and opening the field of two and three dimensional topological insulators.""",,,theoretical physics,https://www.ictp.it/home/dirac-medallists-2012,ICTP + Wikipedia
dirac,Dirac Medal (ICTP),,2012,Charles L. Kane,Charles L. Kane,"""their many important contributions to condensed matter physics, including their independent work preparing and opening the field of two and three dimensional topological insulators.""",,,theoretical physics,https://www.ictp.it/home/dirac-medallists-2012,ICTP + Wikipedia
dirac,Dirac Medal (ICTP),,2012,Shoucheng Zhang,Shoucheng Zhang,"""their many important contributions to condensed matter physics, including their independent work preparing and opening the field of two and three dimensional topological insulators.""",,,theoretical physics,https://www.ictp.it/home/dirac-medallists-2012,ICTP + Wikipedia
dirac,Dirac Medal (ICTP),,2013,Tom W. B. Kibble,Tom W. B. Kibble,"""their independent, ground-breaking work throughout their careers elucidating many aspects of fundamental physics, cosmology and astrophysics.""",,,theoretical physics,https://www.ictp.it/home/dirac-medallists-2013,ICTP + Wikipedia
dirac,Dirac Medal (ICTP),,2013,Jim Peebles,Jim Peebles,"""their independent, ground-breaking work throughout their careers elucidating many aspects of fundamental physics, cosmology and astrophysics.""",,,theoretical physics,https://www.ictp.it/home/dirac-medallists-2013,ICTP + Wikipedia
dirac,Dirac Medal (ICTP),,2013,Martin John Rees,Martin John Rees,"""their independent, ground-breaking work throughout their careers elucidating many aspects of fundamental physics, cosmology and astrophysics.""",,,theoretical physics,https://www.ictp.it/home/dirac-medallists-2013,ICTP + Wikipedia
dirac,Dirac Medal (ICTP),,2014,Ashoke Sen,Ashoke Sen,"""crucial contributions to the origin, development and further understanding of string theory.""",,,theoretical physics,https://www.ictp.it/home/dirac-medallists-2014,ICTP + Wikipedia
dirac,Dirac Medal (ICTP),,2014,Andrew Strominger,Andrew Strominger,"""crucial contributions to the origin, development and further understanding of string theory.""",,,theoretical physics,https://www.ictp.it/home/dirac-medallists-2014,ICTP + Wikipedia
dirac,Dirac Medal (ICTP),,2014,Gabriele Veneziano,Gabriele Veneziano,"""crucial contributions to the origin, development and further understanding of string theory.""",,,theoretical physics,https://www.ictp.it/home/dirac-medallists-2014,ICTP + Wikipedia
dirac,Dirac Medal (ICTP),,2015,Alexei Kitaev,Alexei Kitaev,"""their interdisciplinary contributions which introduced concepts of conformal field theory and non-abelian quasiparticle statistics in condensed matter systems and applications of these ideas to quantum computation.""",,,theoretical physics,https://www.ictp.it/home/dirac-medallists-2015,ICTP + Wikipedia
dirac,Dirac Medal (ICTP),,2015,Greg Moore,Greg Moore,"""their interdisciplinary contributions which introduced concepts of conformal field theory and non-abelian quasiparticle statistics in condensed matter systems and applications of these ideas to quantum computation.""",,,theoretical physics,https://www.ictp.it/home/dirac-medallists-2015,ICTP + Wikipedia
dirac,Dirac Medal (ICTP),,2015,Nicholas Read,Nicholas Read,"""their interdisciplinary contributions which introduced concepts of conformal field theory and non-abelian quasiparticle statistics in condensed matter systems and applications of these ideas to quantum computation.""",,,theoretical physics,https://www.ictp.it/home/dirac-medallists-2015,ICTP + Wikipedia
dirac,Dirac Medal (ICTP),,2016,Nathan Seiberg,Nathan Seiberg,"""their important contributions to a better understanding of field theories in the non-perturbative regime and in particular for exact results in supersymmetric field theories.""",,,theoretical physics,https://www.ictp.it/home/dirac-medallists-2016,ICTP + Wikipedia
dirac,Dirac Medal (ICTP),,2016,Mikhail Shifman,Mikhail Shifman,"""their important contributions to a better understanding of field theories in the non-perturbative regime and in particular for exact results in supersymmetric field theories.""",,,theoretical physics,https://www.ictp.it/home/dirac-medallists-2016,ICTP + Wikipedia
dirac,Dirac Medal (ICTP),,2016,Arkady Vainshtein,Arkady Vainshtein,"""their important contributions to a better understanding of field theories in the non-perturbative regime and in particular for exact results in supersymmetric field theories.""",,,theoretical physics,https://www.ictp.it/home/dirac-medallists-2016,ICTP + Wikipedia
dirac,Dirac Medal (ICTP),,2017,Charles H. Bennett,Charles H. Bennett,"""their pioneering work in applying the fundamental concepts of quantum mechanics to solving basic problems in computation and communication and therefore bringing together the fields of quantum mechanics, computer science and information.""",,,theoretical physics,https://www.ictp.it/about-ictp/prizes-awards/the-dirac-medal/the-medallists/dirac-medallists-2017.aspx,ICTP + Wikipedia
dirac,Dirac Medal (ICTP),,2017,David Deutsch,David Deutsch,"""their pioneering work in applying the fundamental concepts of quantum mechanics to solving basic problems in computation and communication and therefore bringing together the fields of quantum mechanics, computer science and information.""",,,theoretical physics,https://www.ictp.it/about-ictp/prizes-awards/the-dirac-medal/the-medallists/dirac-medallists-2017.aspx,ICTP + Wikipedia
dirac,Dirac Medal (ICTP),,2017,Peter W. Shor,Peter W. Shor,"""their pioneering work in applying the fundamental concepts of quantum mechanics to solving basic problems in computation and communication and therefore bringing together the fields of quantum mechanics, computer science and information.""",,,theoretical physics,https://www.ictp.it/about-ictp/prizes-awards/the-dirac-medal/the-medallists/dirac-medallists-2017.aspx,ICTP + Wikipedia
dirac,Dirac Medal (ICTP),,2018,Subir Sachdev,Subir Sachdev,"""their independent contributions towards understanding novel phases in strongly interacting many-body systems, introducing original transdisciplinary techniques.""",,,theoretical physics,https://www.ictp.it/about-ictp/prizes-awards/the-dirac-medal/the-medallists/dirac-medallists-2018.aspx,ICTP + Wikipedia
dirac,Dirac Medal (ICTP),,2018,Dam Thanh Son,Dam Thanh Son,"""their independent contributions towards understanding novel phases in strongly interacting many-body systems, introducing original transdisciplinary techniques.""",,,theoretical physics,https://www.ictp.it/about-ictp/prizes-awards/the-dirac-medal/the-medallists/dirac-medallists-2018.aspx,ICTP + Wikipedia
dirac,Dirac Medal (ICTP),,2018,Xiao-Gang Wen,Xiao-Gang Wen,"""their independent contributions towards understanding novel phases in strongly interacting many-body systems, introducing original transdisciplinary techniques.""",,,theoretical physics,https://www.ictp.it/about-ictp/prizes-awards/the-dirac-medal/the-medallists/dirac-medallists-2018.aspx,ICTP + Wikipedia
dirac,Dirac Medal (ICTP),,2019,Viatcheslav Mukhanov,Viatcheslav Mukhanov,"""for their outstanding contributions to the physics of the Cosmic Microwave Background (CMB) with experimentally tested implications that have helped to transform cosmology into a precision scientific discipline by combining microscopic physics with the large scale structure of the universe.""",,,theoretical physics,https://www.ictp.it/about-ictp/prizes-awards/the-dirac-medal/the-medallists/dirac-medallists-2019.aspx,ICTP + Wikipedia
dirac,Dirac Medal (ICTP),,2019,Alexei Starobinsky,Alexei Starobinsky,"""for their outstanding contributions to the physics of the Cosmic Microwave Background (CMB) with experimentally tested implications that have helped to transform cosmology into a precision scientific discipline by combining microscopic physics with the large scale structure of the universe.""",,,theoretical physics,https://www.ictp.it/about-ictp/prizes-awards/the-dirac-medal/the-medallists/dirac-medallists-2019.aspx,ICTP + Wikipedia
dirac,Dirac Medal (ICTP),,2019,Rashid Sunyaev,Rashid Sunyaev,"""for their outstanding contributions to the physics of the Cosmic Microwave Background (CMB) with experimentally tested implications that have helped to transform cosmology into a precision scientific discipline by combining microscopic physics with the large scale structure of the universe.""",,,theoretical physics,https://www.ictp.it/about-ictp/prizes-awards/the-dirac-medal/the-medallists/dirac-medallists-2019.aspx,ICTP + Wikipedia
dirac,Dirac Medal (ICTP),,2020,André Neveu,André Neveu,"""their pioneering contributions to the inception and formulation of string theory which introduced new Bosonic and Fermionic symmetries into physics.""",,,theoretical physics,https://www.ictp.it/about-ictp/media-centre/news/2020/8/ictp-dirac-medal-2020-announced.aspx,ICTP + Wikipedia
dirac,Dirac Medal (ICTP),,2020,Pierre Ramond,Pierre Ramond,"""their pioneering contributions to the inception and formulation of string theory which introduced new Bosonic and Fermionic symmetries into physics.""",,,theoretical physics,https://www.ictp.it/about-ictp/media-centre/news/2020/8/ictp-dirac-medal-2020-announced.aspx,ICTP + Wikipedia
dirac,Dirac Medal (ICTP),,2020,Miguel Virasoro,Miguel Virasoro,"""their pioneering contributions to the inception and formulation of string theory which introduced new Bosonic and Fermionic symmetries into physics.""",,,theoretical physics,https://www.ictp.it/about-ictp/media-centre/news/2020/8/ictp-dirac-medal-2020-announced.aspx,ICTP + Wikipedia
dirac,Dirac Medal (ICTP),,2021,Alessandra Buonanno,Alessandra Buonanno,"""establishing the predicted properties of gravitational waves in the curvature of spacetime produced when stars or black holes spiral together and merge.""",,,theoretical physics,https://www.ictp.it/about-ictp/prizes-awards/the-dirac-medal/the-medallists/dirac-medallists-2021.aspx,ICTP + Wikipedia
dirac,Dirac Medal (ICTP),,2021,Thibault Damour,Thibault Damour,"""establishing the predicted properties of gravitational waves in the curvature of spacetime produced when stars or black holes spiral together and merge.""",,,theoretical physics,https://www.ictp.it/about-ictp/prizes-awards/the-dirac-medal/the-medallists/dirac-medallists-2021.aspx,ICTP + Wikipedia
dirac,Dirac Medal (ICTP),,2021,Frans Pretorius,Frans Pretorius,"""establishing the predicted properties of gravitational waves in the curvature of spacetime produced when stars or black holes spiral together and merge.""",,,theoretical physics,https://www.ictp.it/about-ictp/prizes-awards/the-dirac-medal/the-medallists/dirac-medallists-2021.aspx,ICTP + Wikipedia
dirac,Dirac Medal (ICTP),,2021,Saul Teukolsky,Saul Teukolsky,"""establishing the predicted properties of gravitational waves in the curvature of spacetime produced when stars or black holes spiral together and merge.""",,,theoretical physics,https://www.ictp.it/about-ictp/prizes-awards/the-dirac-medal/the-medallists/dirac-medallists-2021.aspx,ICTP + Wikipedia
dirac,Dirac Medal (ICTP),,2022,Joel L. Lebowitz,Joel L. Lebowitz,"""groundbreaking and mathematically rigorous contributions to the understanding of the statistical mechanics of classical and quantum physical systems.""",,,theoretical physics,https://www.ictp.it/about-ictp/media-centre/news/2022/8/2022-dirac-medal-winners-announced.aspx,ICTP + Wikipedia
dirac,Dirac Medal (ICTP),,2022,Elliott H. Lieb,Elliott H. Lieb,"""groundbreaking and mathematically rigorous contributions to the understanding of the statistical mechanics of classical and quantum physical systems.""",,,theoretical physics,https://www.ictp.it/about-ictp/media-centre/news/2022/8/2022-dirac-medal-winners-announced.aspx,ICTP + Wikipedia
dirac,Dirac Medal (ICTP),,2022,David P. Ruelle,David P. Ruelle,"""groundbreaking and mathematically rigorous contributions to the understanding of the statistical mechanics of classical and quantum physical systems.""",,,theoretical physics,https://www.ictp.it/about-ictp/media-centre/news/2022/8/2022-dirac-medal-winners-announced.aspx,ICTP + Wikipedia
dirac,Dirac Medal (ICTP),,2023,Jeffrey Harvey,Jeffrey Harvey,"""their pioneering contributions to perturbative and non-perturbative string theory and quantum gravity, in particular, to the aspects related to anomalies, duality, black holes and holography.""",,,theoretical physics,https://www.ictp.it/home/dirac-medallists-2023,ICTP + Wikipedia
dirac,Dirac Medal (ICTP),,2023,Igor Klebanov,Igor Klebanov,"""their pioneering contributions to perturbative and non-perturbative string theory and quantum gravity, in particular, to the aspects related to anomalies, duality, black holes and holography.""",,,theoretical physics,https://www.ictp.it/home/dirac-medallists-2023,ICTP + Wikipedia
dirac,Dirac Medal (ICTP),,2023,Stephen Shenker,Stephen Shenker,"""their pioneering contributions to perturbative and non-perturbative string theory and quantum gravity, in particular, to the aspects related to anomalies, duality, black holes and holography.""",,,theoretical physics,https://www.ictp.it/home/dirac-medallists-2023,ICTP + Wikipedia
dirac,Dirac Medal (ICTP),,2023,Leonard Susskind,Leonard Susskind,"""their pioneering contributions to perturbative and non-perturbative string theory and quantum gravity, in particular, to the aspects related to anomalies, duality, black holes and holography.""",,,theoretical physics,https://www.ictp.it/home/dirac-medallists-2023,ICTP + Wikipedia
dirac,Dirac Medal (ICTP),,2024,Horacio Casini,Horacio Casini,"""their insights on quantum entropy in quantum gravity and quantum field theories"".",,,theoretical physics,https://www.ictp.it/home/dirac-medallists-2024,ICTP + Wikipedia
dirac,Dirac Medal (ICTP),,2024,Marina Huerta,Marina Huerta,"""their insights on quantum entropy in quantum gravity and quantum field theories"".",,,theoretical physics,https://www.ictp.it/home/dirac-medallists-2024,ICTP + Wikipedia
dirac,Dirac Medal (ICTP),,2024,Shinsei Ryu,Shinsei Ryu,"""their insights on quantum entropy in quantum gravity and quantum field theories"".",,,theoretical physics,https://www.ictp.it/home/dirac-medallists-2024,ICTP + Wikipedia
dirac,Dirac Medal (ICTP),,2024,Tadashi Takayanagi,Tadashi Takayanagi,"""their insights on quantum entropy in quantum gravity and quantum field theories"".",,,theoretical physics,https://www.ictp.it/home/dirac-medallists-2024,ICTP + Wikipedia
dirac,Dirac Medal (ICTP),,2025,Gary Gibbons,Gary Gibbons,"“their landmark contributions which have significantly shaped the study of general relativity across many generations. Their work collectively has laid the conceptual and technical foundations of our understanding of gravity, at both the classical and quantum levels.”",,,theoretical physics,https://www.ictp.it/news/2025/8/2025-ictp-dirac-medal-goes-gravity-explorers,ICTP + Wikipedia
dirac,Dirac Medal (ICTP),,2025,Gary Horowitz,Gary Horowitz,"“their landmark contributions which have significantly shaped the study of general relativity across many generations. Their work collectively has laid the conceptual and technical foundations of our understanding of gravity, at both the classical and quantum levels.”",,,theoretical physics,https://www.ictp.it/news/2025/8/2025-ictp-dirac-medal-goes-gravity-explorers,ICTP + Wikipedia
dirac,Dirac Medal (ICTP),,2025,Roy Kerr,Roy Kerr,"“their landmark contributions which have significantly shaped the study of general relativity across many generations. Their work collectively has laid the conceptual and technical foundations of our understanding of gravity, at both the classical and quantum levels.”",,,theoretical physics,https://www.ictp.it/news/2025/8/2025-ictp-dirac-medal-goes-gravity-explorers,ICTP + Wikipedia
dirac,Dirac Medal (ICTP),,2025,Robert Wald,Robert Wald,"“their landmark contributions which have significantly shaped the study of general relativity across many generations. Their work collectively has laid the conceptual and technical foundations of our understanding of gravity, at both the classical and quantum levels.”",,,theoretical physics,https://www.ictp.it/news/2025/8/2025-ictp-dirac-medal-goes-gravity-explorers,ICTP + Wikipedia
dirac,Dirac Medal (ICTP),,2026,Bernard Derrida,Bernard Derrida,"“For their pioneering contributions to equilibrium statistical mechanics and for extending its concepts and methods into non-equilibrium statistical mechanics, optimization problems, theoretical neuroscience, and, finally, artificial intelligence.”",,,theoretical physics,https://www.ictp.it/news/2026/8/ictp-announces-2026-dirac-medal-recipients,ICTP + Wikipedia
dirac,Dirac Medal (ICTP),,2026,Deepak Dhar,Deepak Dhar,"“For their pioneering contributions to equilibrium statistical mechanics and for extending its concepts and methods into non-equilibrium statistical mechanics, optimization problems, theoretical neuroscience, and, finally, artificial intelligence.”",,,theoretical physics,https://www.ictp.it/news/2026/8/ictp-announces-2026-dirac-medal-recipients,ICTP + Wikipedia
dirac,Dirac Medal (ICTP),,2026,Marc Mézard,Marc Mézard,"“For their pioneering contributions to equilibrium statistical mechanics and for extending its concepts and methods into non-equilibrium statistical mechanics, optimization problems, theoretical neuroscience, and, finally, artificial intelligence.”",,,theoretical physics,https://www.ictp.it/news/2026/8/ictp-announces-2026-dirac-medal-recipients,ICTP + Wikipedia
dirac,Dirac Medal (ICTP),,2026,Haim Sompolinsky,Haim Sompolinsky,"“For their pioneering contributions to equilibrium statistical mechanics and for extending its concepts and methods into non-equilibrium statistical mechanics, optimization problems, theoretical neuroscience, and, finally, artificial intelligence.”",,,theoretical physics,https://www.ictp.it/news/2026/8/ictp-announces-2026-dirac-medal-recipients,ICTP + Wikipedia
fields,Fields Medal,,1936,Lars Ahlfors,Lars Ahlfors,"""Awarded medal for research on covering surfaces related to Riemann surfaces of inverse functions of entire and meromorphic functions . Opened up new fields of analysis.""",,"University of Helsinki , Finland",,https://en.wikipedia.org/wiki/Fields_Medal,Wikipedia table
fields,Fields Medal,,1936,Jesse Douglas,Jesse Douglas,"""Did important work on the Plateau problem which is concerned with finding minimal surfaces connecting and determined by some fixed boundary.""",,"Massachusetts Institute of Technology , US",,https://en.wikipedia.org/wiki/Fields_Medal,Wikipedia table
fields,Fields Medal,,1950,Laurent Schwartz,Laurent Schwartz,"""Developed the theory of distributions , a new notion of generalized function motivated by the Dirac delta-function of theoretical physics.""",,"University of Nancy , France",,https://en.wikipedia.org/wiki/Fields_Medal,Wikipedia table
fields,Fields Medal,,1950,Atle Selberg,Atle Selberg,"""Developed generalizations of the sieve methods of Viggo Brun ; achieved major results on zeros of the Riemann zeta function ; gave an elementary proof of the prime number theorem (with P. Erdős), with a generalization to prime numbers in an arbitrary arithmetic progression.""",,"Institute for Advanced Study , US",,https://en.wikipedia.org/wiki/Fields_Medal,Wikipedia table
fields,Fields Medal,,1954,Kunihiko Kodaira,Kunihiko Kodaira,"""Achieved major results in the theory of harmonic integrals and numerous applications to Kählerian and more specifically to algebraic varieties . He demonstrated, by sheaf cohomology , that such varieties are Hodge manifolds .""",,"Princeton University , US Institute for Advanced Study , US University of Tokyo , Japan",,https://en.wikipedia.org/wiki/Fields_Medal,Wikipedia table
fields,Fields Medal,,1954,Jean-Pierre Serre,Jean-Pierre Serre,"""Achieved major results on the homotopy groups of spheres, especially in his use of the method of spectral sequences . Reformulated and extended some of the main results of complex variable theory in terms of sheaves .""",,"University of Nancy , France",,https://en.wikipedia.org/wiki/Fields_Medal,Wikipedia table
fields,Fields Medal,,1958,Klaus Roth,Klaus Roth,"""for solving a famous problem of number theory, namely, the determination of the exact exponent in the Thue-Siegel inequality""",,"Imperial College London , UK",,https://en.wikipedia.org/wiki/Fields_Medal,Wikipedia table
fields,Fields Medal,,1958,René Thom,René Thom,"""for creating the theory of 'Cobordisme' which has, within the few years of its existence, led to the most penetrating insight into the topology of differentiable manifolds.""",,"University of Strasbourg , France",,https://en.wikipedia.org/wiki/Fields_Medal,Wikipedia table
fields,Fields Medal,,1962,Lars Hörmander,Lars Hörmander,"""Worked in partial differential equations . Specifically, contributed to the general theory of linear differential operators. The questions go back to one of Hilbert's problems at the 1900 congress.""",,"Stockholm University , Sweden",,https://en.wikipedia.org/wiki/Fields_Medal,Wikipedia table
fields,Fields Medal,,1962,John Milnor,John Milnor,"""Proved that a 7-dimensional sphere can have several differential structures; this led to the creation of the field of differential topology "" (see exotic sphere ).",,"Princeton University , US",,https://en.wikipedia.org/wiki/Fields_Medal,Wikipedia table
fields,Fields Medal,,1966,Michael Atiyah,Michael Atiyah,"""Did joint work with Hirzebruch in K-theory ; proved jointly with Singer the index theorem of elliptic operators on complex manifolds ; worked in collaboration with Bott to prove a fixed point theorem related to the ' Lefschetz formula '.""",,"University of Oxford , UK",,https://en.wikipedia.org/wiki/Fields_Medal,Wikipedia table
fields,Fields Medal,,1966,Paul Cohen,Paul Cohen,"""Used technique called "" forcing "" to prove the independence in set theory of the axiom of choice and of the generalized continuum hypothesis . The latter problem was the first of Hilbert's problems of the 1900 Congress.""",,"Stanford University , US",,https://en.wikipedia.org/wiki/Fields_Medal,Wikipedia table
fields,Fields Medal,,1966,Alexander Grothendieck,Alexander Grothendieck,"""Built on work of Weil and Zariski and effected fundamental advances in algebraic geometry . He introduced the idea of K-theory (the Grothendieck groups and rings). Revolutionized homological algebra in his celebrated ' Tôhoku paper '.""",,"Institut des hautes études scientifiques , France",,https://en.wikipedia.org/wiki/Fields_Medal,Wikipedia table
fields,Fields Medal,,1966,Stephen Smale,Stephen Smale,"""Worked in differential topology where he proved the generalized Poincaré conjecture in dimension n ≥ 5 {\displaystyle n\geq 5} : Every closed, n-dimensional manifold homotopy-equivalent to the n-dimensional sphere is homeomorphic to it. Introduced the method of handle-bodies to solve this and related problems.""",,"University of California, Berkeley , US",,https://en.wikipedia.org/wiki/Fields_Medal,Wikipedia table
fields,Fields Medal,,1970,Alan Baker,Alan Baker,""" Generalized the Gelfond-Schneider theorem (the solution to Hilbert's seventh problem). From this work he generated transcendental numbers not previously identified.""",,"University of Cambridge , UK",,https://en.wikipedia.org/wiki/Fields_Medal,Wikipedia table
fields,Fields Medal,,1970,Heisuke Hironaka,Heisuke Hironaka,"""Generalized work of Zariski who had proved for dimension ≤ 3 the theorem concerning the resolution of singularities on an algebraic variety . Hironaka proved the results in any dimension.""",,"Harvard University , US",,https://en.wikipedia.org/wiki/Fields_Medal,Wikipedia table
fields,Fields Medal,,1970,Sergei Novikov,Sergei Novikov,"""Made important advances in topology, the most well-known being his proof of the topological invariance of the Pontryagin classes of the differentiable manifold. His work included a study of the cohomology and homotopy of Thom spaces .""",,"Moscow State University , USSR",,https://en.wikipedia.org/wiki/Fields_Medal,Wikipedia table
fields,Fields Medal,,1970,John G. Thompson,John G. Thompson,"""Proved jointly with W. Feit that all non-cyclic finite simple groups have even order . The extension of this work by Thompson determined the minimal simple finite groups, that is, the simple finite groups whose proper subgroups are solvable.""",,"University of Cambridge , UK",,https://en.wikipedia.org/wiki/Fields_Medal,Wikipedia table
fields,Fields Medal,,1974,Enrico Bombieri,Enrico Bombieri,"""Major contributions in the primes, in univalent functions and the local Bieberbach conjecture , in theory of functions of several complex variables , and in theory of partial differential equations and minimal surfaces – in particular, to the solution of Bernstein's problem in higher dimensions.""",,"University of Pisa , Italy",,https://en.wikipedia.org/wiki/Fields_Medal,Wikipedia table
fields,Fields Medal,,1974,David Mumford,David Mumford,"""Contributed to problems of the existence and structure of varieties of moduli , varieties whose points parametrize isomorphism classes of some type of geometric object. Also made several important contributions to the theory of algebraic surfaces .""",,"Harvard University , US",,https://en.wikipedia.org/wiki/Fields_Medal,Wikipedia table
fields,Fields Medal,,1978,Pierre Deligne,Pierre Deligne,"""Gave solution of the three Weil conjectures concerning generalizations of the Riemann hypothesis to finite fields. His work did much to unify algebraic geometry and algebraic number theory .""",,"Institut des hautes études scientifiques , France",,https://en.wikipedia.org/wiki/Fields_Medal,Wikipedia table
fields,Fields Medal,,1978,Charles Fefferman,Charles Fefferman,"""Contributed several innovations that revised the study of multidimensional complex analysis by finding correct generalizations of classical (low-dimensional) results.""",,"Princeton University , US",,https://en.wikipedia.org/wiki/Fields_Medal,Wikipedia table
fields,Fields Medal,,1978,Grigory Margulis,Grigory Margulis,"""Provided innovative analysis of the structure of Lie groups . His work belongs to combinatorics , differential geometry , ergodic theory , dynamical systems , and Lie groups.""",,"Moscow State University , USSR",,https://en.wikipedia.org/wiki/Fields_Medal,Wikipedia table
fields,Fields Medal,,1978,Daniel Quillen,Daniel Quillen,"""The prime architect of the higher algebraic K-theory , a new tool that successfully employed geometric and topological methods and ideas to formulate and solve major problems in algebra, particularly ring theory and module theory.""",,"Massachusetts Institute of Technology , US",,https://en.wikipedia.org/wiki/Fields_Medal,Wikipedia table
fields,Fields Medal,,1982,Alain Connes,Alain Connes,"""Contributed to the theory of operator algebras , particularly the general classification and structure theorem of factors of type III, classification of automorphisms of the hyperfinite factor, classification of injective factors, and applications of the theory of C*-algebras to foliations and differential geometry in general.""",,"Institut des hautes études scientifiques , France",,https://en.wikipedia.org/wiki/Fields_Medal,Wikipedia table
fields,Fields Medal,,1982,William Thurston,William Thurston,"""Revolutionized study of topology in 2 and 3 dimensions, showing interplay between analysis, topology, and geometry. Contributed idea that a very large class of closed 3-manifolds carry a hyperbolic structure.""",,"Princeton University , US",,https://en.wikipedia.org/wiki/Fields_Medal,Wikipedia table
fields,Fields Medal,,1982,Shing-Tung Yau,Shing-Tung Yau,"""Made contributions in differential equations, also to the Calabi conjecture in algebraic geometry, to the positive mass conjecture of general relativity theory, and to real and complex Monge–Ampère equations .""",,"Institute for Advanced Study , US",,https://en.wikipedia.org/wiki/Fields_Medal,Wikipedia table
fields,Fields Medal,,1986,Simon Donaldson,Simon Donaldson,"""Received medal primarily for his work on topology of four-manifolds , especially for showing that there is a differential structure on Euclidean four-space which is different from the usual structure.""",,"University of Oxford , UK",,https://en.wikipedia.org/wiki/Fields_Medal,Wikipedia table
fields,Fields Medal,,1986,Gerd Faltings,Gerd Faltings,"""Using methods of arithmetic algebraic geometry, he received medal primarily for his proof of the Mordell Conjecture .""",,"Princeton University , US",,https://en.wikipedia.org/wiki/Fields_Medal,Wikipedia table
fields,Fields Medal,,1986,Michael Freedman,Michael Freedman,"""Developed new methods for topological analysis of four-manifolds . One of his results is a proof of the four-dimensional Poincaré Conjecture .""",,"University of California, San Diego , US",,https://en.wikipedia.org/wiki/Fields_Medal,Wikipedia table
fields,Fields Medal,,1990,Vladimir Drinfeld,Vladimir Drinfeld,"""Drinfeld's main preoccupation in the last decade [are] Langlands' program and quantum groups . In both domains, Drinfeld's work constituted a decisive breakthrough and prompted a wealth of research.""",,"B Verkin Institute for Low Temperature Physics and Engineering , USSR",,https://en.wikipedia.org/wiki/Fields_Medal,Wikipedia table
fields,Fields Medal,,1990,Vaughan Jones,Vaughan Jones,"""Jones discovered an astonishing relationship between von Neumann algebras and geometric topology. As a result, he found a new polynomial invariant for knots and links in 3-space.""",,"University of California, Berkeley , US",,https://en.wikipedia.org/wiki/Fields_Medal,Wikipedia table
fields,Fields Medal,,1990,Shigefumi Mori,Shigefumi Mori,"""The most profound and exciting development in algebraic geometry during the last decade or so was [...] Mori's Program in connection with the classification problems of algebraic varieties of dimension three."" ""Early in 1979, Mori brought to algebraic geometry a completely new excitement, that was his proof of Hartshorne's conjecture.""",,"Kyoto University , Japan",,https://en.wikipedia.org/wiki/Fields_Medal,Wikipedia table
fields,Fields Medal,,1990,Edward Witten,Edward Witten,"""Time and again he has surprised the mathematical community by a brilliant application of physical insight leading to new and deep mathematical theorems.""",,"Institute for Advanced Study , US",,https://en.wikipedia.org/wiki/Fields_Medal,Wikipedia table
fields,Fields Medal,,1994,Jean Bourgain,Jean Bourgain,"""Bourgain's work touches on several central topics of mathematical analysis: the geometry of Banach spaces , convexity in high dimensions, harmonic analysis , ergodic theory, and finally, nonlinear partial differential equations from mathematical physics.""",,"Institut des hautes études scientifiques , France",,https://en.wikipedia.org/wiki/Fields_Medal,Wikipedia table
fields,Fields Medal,,1994,Pierre-Louis Lions,Pierre-Louis Lions,"""His contributions cover a variety of areas, from probability theory to partial differential equations (PDEs). Within the PDE area he has done several beautiful things in nonlinear equations. The choice of his problems have always been motivated by applications.""",,"University of Paris 9 , France",,https://en.wikipedia.org/wiki/Fields_Medal,Wikipedia table
fields,Fields Medal,,1994,Jean-Christophe Yoccoz,Jean-Christophe Yoccoz,"""Yoccoz obtained a very enlightening proof of Bruno's theorem , and he was able to prove the converse [...] Palis and Yoccoz obtained a complete system of C conjugation invariants for Morse-Smale diffeomorphisms.""",,"Paris-Sud 11 University , France",,https://en.wikipedia.org/wiki/Fields_Medal,Wikipedia table
fields,Fields Medal,,1994,Efim Zelmanov,Efim Zelmanov,"""For the solution of the restricted Burnside problem .""",,"University of Wisconsin-Madison University of Chicago , US",,https://en.wikipedia.org/wiki/Fields_Medal,Wikipedia table
fields,Fields Medal,,1998,Richard Borcherds,Richard Borcherds,"""For his contributions to algebra, the theory of automorphic forms, and mathematical physics, including the introduction of vertex algebras and Borcherds' Lie algebras, the proof of the Conway–Norton moonshine conjecture and the discovery of a new class of automorphic infinite products.""",,"University of California, Berkeley , US University of Cambridge , UK",,https://en.wikipedia.org/wiki/Fields_Medal,Wikipedia table
fields,Fields Medal,,1998,Timothy Gowers,Timothy Gowers,"""For his contributions to functional analysis and combinatorics, developing a new vision of infinite-dimensional geometry, including the solution of two of Banach's problems and the discovery of the so called Gowers' dichotomy: every infinite dimensional Banach space contains either a subspace with many symmetries (technically, with an unconditional basis) or a subspace every operator on which is Fredholm of index zero.""",,"University of Cambridge , UK",,https://en.wikipedia.org/wiki/Fields_Medal,Wikipedia table
fields,Fields Medal,,1998,Maxim Kontsevich,Maxim Kontsevich,"""For his contributions to algebraic geometry, topology, and mathematical physics, including the proof of Witten's conjecture of intersection numbers in moduli spaces of stable curves, construction of the universal Vassiliev invariant of knots, and formal quantization of Poisson manifolds.""",,"Institut des hautes études scientifiques , France Rutgers University , US",,https://en.wikipedia.org/wiki/Fields_Medal,Wikipedia table
fields,Fields Medal,,1998,Curtis T. McMullen,Curtis T. McMullen,"""For his contributions to the theory of holomorphic dynamics and geometrization of three-manifolds, including proofs of Bers' conjecture on the density of cusp points in the boundary of the Teichmüller space, and Kra's theta-function conjecture.""",,"Harvard University , US",,https://en.wikipedia.org/wiki/Fields_Medal,Wikipedia table
fields,Fields Medal,,2002,Laurent Lafforgue,Laurent Lafforgue,"""Laurent Lafforgue has been awarded the Fields Medal for his proof of the Langlands correspondence for the full linear groups GLr (r≥1) over function fields of positive characteristic.""",,"Institut des hautes études scientifiques , France",,https://en.wikipedia.org/wiki/Fields_Medal,Wikipedia table
fields,Fields Medal,,2002,Vladimir Voevodsky,Vladimir Voevodsky,"""He defined and developed motivic cohomology and the A1-homotopy theory, provided a framework for describing many new cohomology theories for algebraic varieties; he proved the Milnor conjectures on the K-theory of fields.""",,"Institute for Advanced Study , US",,https://en.wikipedia.org/wiki/Fields_Medal,Wikipedia table
fields,Fields Medal,,2006,Andrei Okounkov,Andrei Okounkov,"""For his contributions bridging probability, representation theory and algebraic geometry.""",,"Princeton University , US",,https://en.wikipedia.org/wiki/Fields_Medal,Wikipedia table
fields,Fields Medal,,2006,Grigori Perelman,Grigori Perelman,"""For his contributions to geometry and his revolutionary insights into the analytical and geometric structure of the Ricci flow .""",,None,,https://en.wikipedia.org/wiki/Fields_Medal,Wikipedia table
fields,Fields Medal,,2006,Terence Tao,Terence Tao,"""For his contributions to partial differential equations, combinatorics, harmonic analysis and additive number theory.""",,"University of California, Los Angeles , US",,https://en.wikipedia.org/wiki/Fields_Medal,Wikipedia table
fields,Fields Medal,,2006,Wendelin Werner,Wendelin Werner,"""For his contributions to the development of stochastic Loewner evolution , the geometry of two-dimensional Brownian motion , and conformal field theory .""",,"Paris-Sud 11 University , France",,https://en.wikipedia.org/wiki/Fields_Medal,Wikipedia table
fields,Fields Medal,,2010,Elon Lindenstrauss,Elon Lindenstrauss,"""For his results on measure rigidity in ergodic theory, and their applications to number theory.""",,"Hebrew University of Jerusalem , Israel Princeton University , US",,https://en.wikipedia.org/wiki/Fields_Medal,Wikipedia table
fields,Fields Medal,,2010,Ngô Bảo Châu,Ngô Bảo Châu,"""For his proof of the Fundamental Lemma in the theory of automorphic forms through the introduction of new algebro-geometric methods.""",,"Paris-Sud 11 University , France Institute for Advanced Study , US",,https://en.wikipedia.org/wiki/Fields_Medal,Wikipedia table
fields,Fields Medal,,2010,Stanislav Smirnov,Stanislav Smirnov,"""For the proof of conformal invariance of percolation and the planar Ising model in statistical physics.""",,"University of Geneva , Switzerland",,https://en.wikipedia.org/wiki/Fields_Medal,Wikipedia table
fields,Fields Medal,,2010,Cédric Villani,Cédric Villani,"""For his proofs of nonlinear Landau damping and convergence to equilibrium for the Boltzmann equation .""",,"École Normale Supérieure de Lyon , France Institut Henri Poincaré , France",,https://en.wikipedia.org/wiki/Fields_Medal,Wikipedia table
fields,Fields Medal,,2014,Artur Avila,Artur Avila,"""For his profound contributions to dynamical systems theory, which have changed the face of the field, using the powerful idea of renormalization as a unifying principle.""",,"University of Paris VII , France CNRS , France Instituto Nacional de Matemática Pura e Aplicada , Brazil",,https://en.wikipedia.org/wiki/Fields_Medal,Wikipedia table
fields,Fields Medal,,2014,Manjul Bhargava,Manjul Bhargava,"""For developing powerful new methods in the geometry of numbers, which he applied to count rings of small rank and to bound the average rank of elliptic curves .""",,"Princeton University , US",,https://en.wikipedia.org/wiki/Fields_Medal,Wikipedia table
fields,Fields Medal,,2014,Martin Hairer,Martin Hairer,"""For his outstanding contributions to the theory of stochastic partial differential equations, and in particular for the creation of a theory of regularity structures for such equations.""",,"University of Warwick , UK",,https://en.wikipedia.org/wiki/Fields_Medal,Wikipedia table
fields,Fields Medal,,2014,Maryam Mirzakhani,Maryam Mirzakhani,"""For her outstanding contributions to the dynamics and geometry of Riemann surfaces and their moduli spaces.""",,"Stanford University , US",,https://en.wikipedia.org/wiki/Fields_Medal,Wikipedia table
fields,Fields Medal,,2018,Caucher Birkar,Caucher Birkar,"""For the proof of the boundedness of Fano varieties and for contributions to the minimal model program .""",,"University of Cambridge , UK",,https://en.wikipedia.org/wiki/Fields_Medal,Wikipedia table
fields,Fields Medal,,2018,Alessio Figalli,Alessio Figalli,"""For contributions to the theory of optimal transport and its applications in partial differential equations , metric geometry and probability .""",,"Swiss Federal Institute of Technology Zurich , Switzerland",,https://en.wikipedia.org/wiki/Fields_Medal,Wikipedia table
fields,Fields Medal,,2018,Peter Scholze,Peter Scholze,"""For having transformed arithmetic algebraic geometry over p-adic fields .""",,"University of Bonn , Germany",,https://en.wikipedia.org/wiki/Fields_Medal,Wikipedia table
fields,Fields Medal,,2018,Akshay Venkatesh,Akshay Venkatesh,"""For his synthesis of analytic number theory , homogeneous dynamics , topology , and representation theory , which has resolved long-standing problems in areas such as the equidistribution of arithmetic objects.""",,"Stanford University , US",,https://en.wikipedia.org/wiki/Fields_Medal,Wikipedia table
fields,Fields Medal,,2022,Hugo Duminil-Copin,Hugo Duminil-Copin,"""For solving longstanding problems in the probabilistic theory of phase transitions in statistical physics, especially in dimensions three and four.""",,"Institut des hautes études scientifiques , France University of Geneva , Switzerland",,https://en.wikipedia.org/wiki/Fields_Medal,Wikipedia table
fields,Fields Medal,,2022,June Huh,June Huh,"""For bringing the ideas of Hodge theory to combinatorics, the proof of the Dowling–Wilson conjecture for geometric lattices, the proof of the Heron–Rota–Welsh conjecture for matroids , the development of the theory of Lorentzian polynomials, and the proof of the strong Mason conjecture.""",,"Princeton University , US",,https://en.wikipedia.org/wiki/Fields_Medal,Wikipedia table
fields,Fields Medal,,2022,James Maynard,James Maynard,"""For contributions to analytic number theory, which have led to major advances in the understanding of the structure of prime numbers and in Diophantine approximation .""",,"University of Oxford , UK",,https://en.wikipedia.org/wiki/Fields_Medal,Wikipedia table
fields,Fields Medal,,2022,Maryna Viazovska,Maryna Viazovska,"""For the proof that the E 8 {\displaystyle E_{8}} lattice provides the densest packing of identical spheres in 8 dimensions, and further contributions to related extremal problems and interpolation problems in Fourier analysis .""",,"École Polytechnique Fédérale de Lausanne , Switzerland",,https://en.wikipedia.org/wiki/Fields_Medal,Wikipedia table
fields,Fields Medal,,2026,Yu Deng,Yu Deng,"""For his work in partial differential equations , including the rigorous derivation of the Boltzmann equation from hard-sphere dynamics for rarefied gases , the derivation of wave kinetic equations from nonlinear dispersive systems, and probabilistic approaches to nonlinear Schrödinger dynamics .""",,"University of Chicago , US",,https://en.wikipedia.org/wiki/Fields_Medal,Wikipedia table
fields,Fields Medal,,2026,John Pardon,John Pardon,"""For his achievements in symplectic geometry including new approaches to virtual fundamental cycles , Fukaya categories of certain manifolds and counting holomorphic curves , and for his contributions to other areas of geometry and topology , including group actions on 3-manifolds and knot theory .""",,"Stony Brook University , US",,https://en.wikipedia.org/wiki/Fields_Medal,Wikipedia table
fields,Fields Medal,,2026,Jacob Tsimerman,Jacob Tsimerman,"""For his contribution in the recasting of o-minimality as a fundamental method of arithmetic and complex algebraic geometry, and his role in the proof of many central conjectures including Griffiths' conjecture on the algebraicity of images of the period maps , and the Andre-Oort conjecture for Siegel modular varieties .""",,"University of Toronto , Canada",,https://en.wikipedia.org/wiki/Fields_Medal,Wikipedia table
fields,Fields Medal,,2026,Hong Wang,Hong Wang,"""For her work in harmonic analysis and geometric measure theory , including applications of multiscale and decoupling techniques to the local smoothing conjecture for the planar wave equation , and major advances in Fourier restriction , Falconer distance sets , Furstenberg sets in the plane, and the Kakeya problem in three dimensions.""",,"New York University , US Institut des hautes études scientifiques , France",,https://en.wikipedia.org/wiki/Fields_Medal,Wikipedia table
heineman_mathphys,Dannie Heineman Prize for Mathematical Physics,,1959,Murray Gell-Mann,Murray Gell-Mann,For his contributions to field theory and to the theory of elementary particles.,,,,https://en.wikipedia.org/wiki/Dannie_Heineman_Prize_for_Mathematical_Physics,Wikipedia table | citation: aps.org prize-recipient page via Internet Archive
heineman_mathphys,Dannie Heineman Prize for Mathematical Physics,,1960,Aage Bohr,Aage Bohr,For his contributions tot he development of the theory of the structure of the nucleus.,,,,https://en.wikipedia.org/wiki/Dannie_Heineman_Prize_for_Mathematical_Physics,Wikipedia table | citation: aps.org prize-recipient page via Internet Archive
heineman_mathphys,Dannie Heineman Prize for Mathematical Physics,,1961,Marvin Leonard Goldberger,Marvin Leonard Goldberger,For his utilization and extension of dispersion relations in the physics of strongly interacting elementary particles.,,,,https://en.wikipedia.org/wiki/Dannie_Heineman_Prize_for_Mathematical_Physics,Wikipedia table | citation: aps.org prize-recipient page via Internet Archive
heineman_mathphys,Dannie Heineman Prize for Mathematical Physics,,1962,Léon Van Hove,Léon Van Hove,For his contributions to statistical mechanics and to field theory.,,,,https://en.wikipedia.org/wiki/Dannie_Heineman_Prize_for_Mathematical_Physics,Wikipedia table | citation: aps.org prize-recipient page via Internet Archive
heineman_mathphys,Dannie Heineman Prize for Mathematical Physics,,1963,Keith Brueckner,Keith Brueckner,"For contributions to the theory of elementary particles, nuclei and condensed matter, especially his courage and persistence in deriving the properties of nuclear matter from nucleon-nucleon interactions.",,,,https://en.wikipedia.org/wiki/Dannie_Heineman_Prize_for_Mathematical_Physics,Wikipedia table | citation: aps.org prize-recipient page via Internet Archive
heineman_mathphys,Dannie Heineman Prize for Mathematical Physics,,1964,Tullio Regge,Tullio Regge,For important papers introducing into particle theory the concept of analytic continuation in angular momentum.,,,,https://en.wikipedia.org/wiki/Dannie_Heineman_Prize_for_Mathematical_Physics,Wikipedia table | citation: aps.org prize-recipient page via Internet Archive
heineman_mathphys,Dannie Heineman Prize for Mathematical Physics,,1965,Freeman Dyson,Freeman Dyson,For his contributions to quantum field theory and the theory of the S-matrix.,,,,https://en.wikipedia.org/wiki/Dannie_Heineman_Prize_for_Mathematical_Physics,Wikipedia table | citation: aps.org prize-recipient page via Internet Archive
heineman_mathphys,Dannie Heineman Prize for Mathematical Physics,,1966,Nikolai N. Bogoliubov,Nikolai N. Bogoliubov,"For several outstanding achievements in bringing the resources of modern mathematics to bear upon fundamental problems of physics, and in particular for the first rigorous proof of dispersion relations for the non-forward scattering of elementary particles.",,,,https://en.wikipedia.org/wiki/Dannie_Heineman_Prize_for_Mathematical_Physics,Wikipedia table | citation: aps.org prize-recipient page via Internet Archive
heineman_mathphys,Dannie Heineman Prize for Mathematical Physics,,1967,Gian Carlo Wick,Gian Carlo Wick,,,,,https://en.wikipedia.org/wiki/Dannie_Heineman_Prize_for_Mathematical_Physics,Wikipedia table
heineman_mathphys,Dannie Heineman Prize for Mathematical Physics,,1968,Sergio Fubini,Sergio Fubini,"For his development of superconvergence relations and their applications to fundamental problems of elementary particle physics, as examples of outstanding publication in the field of mathematical physics.",,,,https://en.wikipedia.org/wiki/Dannie_Heineman_Prize_for_Mathematical_Physics,Wikipedia table | citation: aps.org prize-recipient page via Internet Archive
heineman_mathphys,Dannie Heineman Prize for Mathematical Physics,,1969,Arthur S. Wightman,Arthur S. Wightman,For founding axiomatic quantum field theory and for continued major contributions to its development.,,,,https://en.wikipedia.org/wiki/Dannie_Heineman_Prize_for_Mathematical_Physics,Wikipedia table | citation: aps.org prize-recipient page via Internet Archive
heineman_mathphys,Dannie Heineman Prize for Mathematical Physics,,1970,Yoichiro Nambu,Yoichiro Nambu,"For his diverse and profound contributions to theory, specifically for analysis of symmetry breaking into particle physics and of gauge invariance in the BCS theory of superconductivity, as examples of mathematical physics.",,,,https://en.wikipedia.org/wiki/Dannie_Heineman_Prize_for_Mathematical_Physics,Wikipedia table | citation: aps.org prize-recipient page via Internet Archive
heineman_mathphys,Dannie Heineman Prize for Mathematical Physics,,1971,Roger Penrose,Roger Penrose,"For his contribution to general relativity including new mathematical techniques, new conservation laws and his theorem on singularities in space-time, each represented by an outstanding publication in the field of Mathematical Physics.",,,,https://en.wikipedia.org/wiki/Dannie_Heineman_Prize_for_Mathematical_Physics,Wikipedia table | citation: aps.org prize-recipient page via Internet Archive
heineman_mathphys,Dannie Heineman Prize for Mathematical Physics,,1972,James D. Bjorken,James D. Bjorken,"For his contributions to particle theory, in particular his elucidation of the connection between the short distance behavior of current and such physical phenomena as inelastic lepton scattering -- contributions that are examples of outstanding publication in the field of mathematical physics.",,,,https://en.wikipedia.org/wiki/Dannie_Heineman_Prize_for_Mathematical_Physics,Wikipedia table | citation: aps.org prize-recipient page via Internet Archive
heineman_mathphys,Dannie Heineman Prize for Mathematical Physics,,1973,Kenneth G. Wilson,Kenneth G. Wilson,For his work on the implications of broken scale invariance in quantum field theory and for his work on the scaling behavior of critical phenomena in statistical mechanics.,,,,https://en.wikipedia.org/wiki/Dannie_Heineman_Prize_for_Mathematical_Physics,Wikipedia table | citation: aps.org prize-recipient page via Internet Archive
heineman_mathphys,Dannie Heineman Prize for Mathematical Physics,,1974,Subrahmanyan Chandrasekhar,Subrahmanyan Chandrasekhar,"For application of the elegant and rigorous techniques of mathematical physics to problems of stellar structure, radiative transfer, hydromagnetic stability, the post-Newtonian approximation in general relativity, and the stability off rotating, gravitating bodies, thus continuing and bringing up to date the tradition established by such mathematical physicists as Poincare and Lord Rayleigh.",,,,https://en.wikipedia.org/wiki/Dannie_Heineman_Prize_for_Mathematical_Physics,Wikipedia table | citation: aps.org prize-recipient page via Internet Archive
heineman_mathphys,Dannie Heineman Prize for Mathematical Physics,,1975,Ludwig D. Faddeev,Ludwig D. Faddeev,"For his mathematically and physically incisive work on the three-body problem, and for his profound contribution to the quantization of gauge fields by the method of functional integration.",,,,https://en.wikipedia.org/wiki/Dannie_Heineman_Prize_for_Mathematical_Physics,Wikipedia table | citation: aps.org prize-recipient page via Internet Archive
heineman_mathphys,Dannie Heineman Prize for Mathematical Physics,,1976,Stephen Hawking,Stephen Hawking,For his discovery of remarkable features of gravitational singularities in General Relativity including the growth and the death of black holes and the universe all represented by outstanding publications in the field of mathematical physics.,,,,https://en.wikipedia.org/wiki/Dannie_Heineman_Prize_for_Mathematical_Physics,Wikipedia table | citation: aps.org prize-recipient page via Internet Archive
heineman_mathphys,Dannie Heineman Prize for Mathematical Physics,,1977,Steven Weinberg,Steven Weinberg,"For his formulation of unified gauge theories of weak and electromagnetic interactions and his analysis of the role of spontaneous symmetry briefing in such theories, all represented by outstanding publications in the field of mathematical physics.",,,,https://en.wikipedia.org/wiki/Dannie_Heineman_Prize_for_Mathematical_Physics,Wikipedia table | citation: aps.org prize-recipient page via Internet Archive
heineman_mathphys,Dannie Heineman Prize for Mathematical Physics,,1978,Elliott H. Lieb,Elliott H. Lieb,"For his contributions to statistical mechanics, especially for obtaining the exact solution to problems using two-dimensional ferroelectric models, and the decisive clarification of Coulomb interactions, all represented by outstanding publications in the field of mathematical physics.",,,,https://en.wikipedia.org/wiki/Dannie_Heineman_Prize_for_Mathematical_Physics,Wikipedia table | citation: aps.org prize-recipient page via Internet Archive
heineman_mathphys,Dannie Heineman Prize for Mathematical Physics,,1979,Gerard 't Hooft,Gerard 't Hooft,"For his contributions to Quantum Field Theory, in particular for his studies of the renormalization and other features of Non-Abelian Gauge Theories, all represented by outstanding publications in the Field of Mathematical Physics.",,,,https://en.wikipedia.org/wiki/Dannie_Heineman_Prize_for_Mathematical_Physics,Wikipedia table | citation: aps.org prize-recipient page via Internet Archive
heineman_mathphys,Dannie Heineman Prize for Mathematical Physics,,1980,James Glimm,James Glimm,"For their joint contributions to constructive quantum field theory; in particular for their solutions of models of interacting fields in two and three space-time dimensions, thereby demonstrating the compatibility of relativistic invariance, quantum mechanics, and local field theory.",,,,https://en.wikipedia.org/wiki/Dannie_Heineman_Prize_for_Mathematical_Physics,Wikipedia table | citation: aps.org prize-recipient page via Internet Archive
heineman_mathphys,Dannie Heineman Prize for Mathematical Physics,,1980,Arthur Jaffe,Arthur Jaffe,"For their joint contributions to constructive quantum field theory; in particular for their solutions of models of interacting fields in two and three space-time dimensions, thereby demonstrating the compatibility of relativistic invariance, quantum mechanics, and local field theory.",,,,https://en.wikipedia.org/wiki/Dannie_Heineman_Prize_for_Mathematical_Physics,Wikipedia table | citation: aps.org prize-recipient page via Internet Archive
heineman_mathphys,Dannie Heineman Prize for Mathematical Physics,,1981,Jeffrey Goldstone,Jeffrey Goldstone,"For his contribution to nuclear physics, condensed matter physics and to quantum field theory, in establishing the first rigorous diagrammatic technique for the many-body problem and in proving a fundamental theorem on spontaneously broken global symmetry.",,,,https://en.wikipedia.org/wiki/Dannie_Heineman_Prize_for_Mathematical_Physics,Wikipedia table | citation: aps.org prize-recipient page via Internet Archive
heineman_mathphys,Dannie Heineman Prize for Mathematical Physics,,1982,John Clive Ward,John Clive Ward,For his contributions to Mathematical Physics especially in renormalization theory and gauge theories of elementary interactions.,,,,https://en.wikipedia.org/wiki/Dannie_Heineman_Prize_for_Mathematical_Physics,Wikipedia table | citation: aps.org prize-recipient page via Internet Archive
heineman_mathphys,Dannie Heineman Prize for Mathematical Physics,,1983,Martin D. Kruskal,Martin D. Kruskal,"For his important contributions to general relativity, plasma physics and especially to the theory of some special nonlinear differential equations useful in many areas of physics.",,,,https://en.wikipedia.org/wiki/Dannie_Heineman_Prize_for_Mathematical_Physics,Wikipedia table | citation: aps.org prize-recipient page via Internet Archive
heineman_mathphys,Dannie Heineman Prize for Mathematical Physics,,1984,Robert B. Griffiths,Robert B. Griffiths,"For his contribution to statistical mechanics and thermodynamics; in particular, for his work on correlation inequalities, the theory of tricritical points, and phases equilibria.",,,,https://en.wikipedia.org/wiki/Dannie_Heineman_Prize_for_Mathematical_Physics,Wikipedia table | citation: aps.org prize-recipient page via Internet Archive
heineman_mathphys,Dannie Heineman Prize for Mathematical Physics,,1985,David P. Ruelle,David P. Ruelle,"For his systematic pursuit of the mathematical basis needed for broadened physical insight in the areas of quantum field theory, statistical mechanics and turbulence.",,,,https://en.wikipedia.org/wiki/Dannie_Heineman_Prize_for_Mathematical_Physics,Wikipedia table | citation: aps.org prize-recipient page via Internet Archive
heineman_mathphys,Dannie Heineman Prize for Mathematical Physics,,1986,Alexander M. Polyakov,Alexander M. Polyakov,For his contributions to Mathematical Physics by his analyses of topological effects in quantum field theory as pertains to statistical systems and elementary particles.,,,,https://en.wikipedia.org/wiki/Dannie_Heineman_Prize_for_Mathematical_Physics,Wikipedia table | citation: aps.org prize-recipient page via Internet Archive
heineman_mathphys,Dannie Heineman Prize for Mathematical Physics,,1987,Rodney Baxter,Rodney Baxter,"For his novel use of mathematical analysis to solve in exact analytical form problems of fundamental importance in statistical mechanics relating directly to cooperative phenomena, phase transitions and quantum field theory.",,,,https://en.wikipedia.org/wiki/Dannie_Heineman_Prize_for_Mathematical_Physics,Wikipedia table | citation: aps.org prize-recipient page via Internet Archive
heineman_mathphys,Dannie Heineman Prize for Mathematical Physics,,1988,Julius Wess,Julius Wess,"For crucial contributions to the discovery and development of supersymmetry, a profound extension of the notation of space-time symmetry, that may underlie unification of the fundamental forces.",,,,https://en.wikipedia.org/wiki/Dannie_Heineman_Prize_for_Mathematical_Physics,Wikipedia table | citation: aps.org prize-recipient page via Internet Archive
heineman_mathphys,Dannie Heineman Prize for Mathematical Physics,,1988,Bruno Zumino,Bruno Zumino,"For crucial contributions to the discovery and development of supersymmetry, a profound extension of the notation of space-time symmetry, that may underlie unification of the fundamental forces.",,,,https://en.wikipedia.org/wiki/Dannie_Heineman_Prize_for_Mathematical_Physics,Wikipedia table | citation: aps.org prize-recipient page via Internet Archive
heineman_mathphys,Dannie Heineman Prize for Mathematical Physics,,1989,John S. Bell,John S. Bell,"For his numerous incisive original contributions to quantum theory and elementary particle physics; in particular, for the Bell inequality, which has played a major role in theoretical and experimental work on the foundations of quantum mechanics.",,,,https://en.wikipedia.org/wiki/Dannie_Heineman_Prize_for_Mathematical_Physics,Wikipedia table | citation: aps.org prize-recipient page via Internet Archive
heineman_mathphys,Dannie Heineman Prize for Mathematical Physics,,1990,Yakov Sinai,Yakov Sinai,For his discoveries of new concepts and his proofs of deep mathematical theorems that have become central to our understanding of both dynamical systems and the foundations of statistical mechanics.,,,,https://en.wikipedia.org/wiki/Dannie_Heineman_Prize_for_Mathematical_Physics,Wikipedia table | citation: aps.org prize-recipient page via Internet Archive
heineman_mathphys,Dannie Heineman Prize for Mathematical Physics,,1991,Thomas Spencer,Thomas Spencer,For their joint work in providing rigorous mathematical solutions to some outstanding problems in statistical mechanics and field theory.,,,,https://en.wikipedia.org/wiki/Dannie_Heineman_Prize_for_Mathematical_Physics,Wikipedia table | citation: aps.org prize-recipient page via Internet Archive
heineman_mathphys,Dannie Heineman Prize for Mathematical Physics,,1991,Jürg Fröhlich,Jürg Fröhlich,For their joint work in providing rigorous mathematical solutions to some outstanding problems in statistical mechanics and field theory.,,,,https://en.wikipedia.org/wiki/Dannie_Heineman_Prize_for_Mathematical_Physics,Wikipedia table | citation: aps.org prize-recipient page via Internet Archive
heineman_mathphys,Dannie Heineman Prize for Mathematical Physics,,1992,Stanley Mandelstam,Stanley Mandelstam,"For his fundamental contributions to elementary particle physics, including the Mandelstam representation, which displays the analyticity, properties of scattering amplitudes, the formulation of the relativistic string as a unitary theory of interacting particles, and his influential work on gauge theories.",,,,https://en.wikipedia.org/wiki/Dannie_Heineman_Prize_for_Mathematical_Physics,Wikipedia table | citation: aps.org prize-recipient page via Internet Archive
heineman_mathphys,Dannie Heineman Prize for Mathematical Physics,,1993,Martin C. Gutzwiller,Martin C. Gutzwiller,"For his incisive studies of the semi-classical limit of quantum mechanics, and in particular his trace formula relating the quantum spectrum to periodic classical orbits.",,,,https://en.wikipedia.org/wiki/Dannie_Heineman_Prize_for_Mathematical_Physics,Wikipedia table | citation: aps.org prize-recipient page via Internet Archive
heineman_mathphys,Dannie Heineman Prize for Mathematical Physics,,1994,Richard Arnowitt,Richard Arnowitt,For their joint development of a canonical formalism for general relativity which clarified some important physical issues pertaining to gravity and laid the foundation for modern theoretical advancement in gravity and cosmology.,,,,https://en.wikipedia.org/wiki/Dannie_Heineman_Prize_for_Mathematical_Physics,Wikipedia table | citation: aps.org prize-recipient page via Internet Archive
heineman_mathphys,Dannie Heineman Prize for Mathematical Physics,,1994,Stanley Deser,Stanley Deser,For their joint development of a canonical formalism for general relativity which clarified some important physical issues pertaining to gravity and laid the foundation for modern theoretical advancement in gravity and cosmology.,,,,https://en.wikipedia.org/wiki/Dannie_Heineman_Prize_for_Mathematical_Physics,Wikipedia table | citation: aps.org prize-recipient page via Internet Archive
heineman_mathphys,Dannie Heineman Prize for Mathematical Physics,,1994,Charles W. Misner,Charles W. Misner,For their joint development of a canonical formalism for general relativity which clarified some important physical issues pertaining to gravity and laid the foundation for modern theoretical advancement in gravity and cosmology.,,,,https://en.wikipedia.org/wiki/Dannie_Heineman_Prize_for_Mathematical_Physics,Wikipedia table | citation: aps.org prize-recipient page via Internet Archive
heineman_mathphys,Dannie Heineman Prize for Mathematical Physics,,1995,Roman W. Jackiw,Roman W. Jackiw,"For his imaginative use of quantum field theory to throw light on physical problems, including his work on topological solitons, field theory at high temperatures, the existence of anomalies, and the role of these anomalies in particle physics.",,,,https://en.wikipedia.org/wiki/Dannie_Heineman_Prize_for_Mathematical_Physics,Wikipedia table | citation: aps.org prize-recipient page via Internet Archive
heineman_mathphys,Dannie Heineman Prize for Mathematical Physics,,1996,Roy J. Glauber,Roy J. Glauber,For important contributions to the mathematical physics of quantum optics and short-wavelength scattering.,,,,https://en.wikipedia.org/wiki/Dannie_Heineman_Prize_for_Mathematical_Physics,Wikipedia table | citation: aps.org prize-recipient page via Internet Archive
heineman_mathphys,Dannie Heineman Prize for Mathematical Physics,,1997,Harry W. Lehmann,Harry W. Lehmann,,,,,https://en.wikipedia.org/wiki/Dannie_Heineman_Prize_for_Mathematical_Physics,Wikipedia table
heineman_mathphys,Dannie Heineman Prize for Mathematical Physics,,1998,Nathan Seiberg,Nathan Seiberg,For their decisive advances in elucidating the dynamics of strongly coupled supersymmetric field and string theories. The deep physical and mathematical consequences of the electric-magnetic duality they exploited have broadened the scope of Mathematical Physics.,,,,https://en.wikipedia.org/wiki/Dannie_Heineman_Prize_for_Mathematical_Physics,Wikipedia table | citation: aps.org prize-recipient page via Internet Archive
heineman_mathphys,Dannie Heineman Prize for Mathematical Physics,,1998,Edward Witten,Edward Witten,For their decisive advances in elucidating the dynamics of strongly coupled supersymmetric field and string theories. The deep physical and mathematical consequences of the electric-magnetic duality they exploited have broadened the scope of Mathematical Physics.,,,,https://en.wikipedia.org/wiki/Dannie_Heineman_Prize_for_Mathematical_Physics,Wikipedia table | citation: aps.org prize-recipient page via Internet Archive
heineman_mathphys,Dannie Heineman Prize for Mathematical Physics,,1999,Barry M. McCoy,Barry M. McCoy,"For their ground-breaking and penetrating work on classical statistical mechanics, integrable models and conformal field theories.",,,,https://en.wikipedia.org/wiki/Dannie_Heineman_Prize_for_Mathematical_Physics,Wikipedia table | citation: aps.org prize-recipient page via Internet Archive
heineman_mathphys,Dannie Heineman Prize for Mathematical Physics,,1999,Tai Tsun Wu,Tai Tsun Wu,"For their ground-breaking and penetrating work on classical statistical mechanics, integrable models and conformal field theories.",,,,https://en.wikipedia.org/wiki/Dannie_Heineman_Prize_for_Mathematical_Physics,Wikipedia table | citation: aps.org prize-recipient page via Internet Archive
heineman_mathphys,Dannie Heineman Prize for Mathematical Physics,,1999,Alexander B. Zamolodchikov,Alexander B. Zamolodchikov,"For their ground-breaking and penetrating work on classical statistical mechanics, integrable models and conformal field theories.",,,,https://en.wikipedia.org/wiki/Dannie_Heineman_Prize_for_Mathematical_Physics,Wikipedia table | citation: aps.org prize-recipient page via Internet Archive
heineman_mathphys,Dannie Heineman Prize for Mathematical Physics,,2000,Sidney R. Coleman,Sidney R. Coleman,For incisive contributions to the development and understanding of modern theories of elementary particles. Of particular note are his contributions to symmetry breaking and the roles played by internal and space-time symmetries as well as the structure of solutions to an important model in quantum field theory.,,,,https://en.wikipedia.org/wiki/Dannie_Heineman_Prize_for_Mathematical_Physics,Wikipedia table | citation: aps.org prize-recipient page via Internet Archive
heineman_mathphys,Dannie Heineman Prize for Mathematical Physics,,2001,Vladimir Igorevich Arnol'd,Vladimir Igorevich Arnol'd,"For his fundamental contributions to our understanding of dynamics and of singularities of maps with profound consequences for mechanics, astrophysics, statistical mechanics, hydrodynamics and optics.",,,,https://en.wikipedia.org/wiki/Dannie_Heineman_Prize_for_Mathematical_Physics,Wikipedia table | citation: aps.org prize-recipient page via Internet Archive
heineman_mathphys,Dannie Heineman Prize for Mathematical Physics,,2002,Michael B. Green,Michael B. Green,For his pioneering work in the development of superstring theory.,,,,https://en.wikipedia.org/wiki/Dannie_Heineman_Prize_for_Mathematical_Physics,Wikipedia table | citation: aps.org prize-recipient page via Internet Archive
heineman_mathphys,Dannie Heineman Prize for Mathematical Physics,,2002,John Henry Schwarz,John Henry Schwarz,For his pioneering work in the development of superstring theory.,,,,https://en.wikipedia.org/wiki/Dannie_Heineman_Prize_for_Mathematical_Physics,Wikipedia table | citation: aps.org prize-recipient page via Internet Archive
heineman_mathphys,Dannie Heineman Prize for Mathematical Physics,,2003,Yvonne Choquet-Bruhat,Yvonne Choquet-Bruhat,"For separate as well as joint work in proving the existence and uniqueness of solutions to Einstein's gravitational field equations for a variety of sources, and for formulating these equations so as to improve numerical solution procedures with relevance to realistic physical systems.",,,,https://en.wikipedia.org/wiki/Dannie_Heineman_Prize_for_Mathematical_Physics,Wikipedia table | citation: aps.org prize-recipient page via Internet Archive
heineman_mathphys,Dannie Heineman Prize for Mathematical Physics,,2003,James W. York,James W. York,"For separate as well as joint work in proving the existence and uniqueness of solutions to Einstein's gravitational field equations for a variety of sources, and for formulating these equations so as to improve numerical solution procedures with relevance to realistic physical systems.",,,,https://en.wikipedia.org/wiki/Dannie_Heineman_Prize_for_Mathematical_Physics,Wikipedia table | citation: aps.org prize-recipient page via Internet Archive
heineman_mathphys,Dannie Heineman Prize for Mathematical Physics,,2004,Gabriele Veneziano,Gabriele Veneziano,"For his pioneering discoveries in dual resonance models which, partly through his own efforts, have developed into string theory and a basis for the quantum theory of gravity.",,,,https://en.wikipedia.org/wiki/Dannie_Heineman_Prize_for_Mathematical_Physics,Wikipedia table | citation: aps.org prize-recipient page via Internet Archive
heineman_mathphys,Dannie Heineman Prize for Mathematical Physics,,2005,Giorgio Parisi,Giorgio Parisi,"For fundamental theoretical discoveries in broad areas of elementary particle physics, quantum field theory, and statistical mechanics; especially for work on spin glasses and disordered systems.",,,,https://en.wikipedia.org/wiki/Dannie_Heineman_Prize_for_Mathematical_Physics,Wikipedia table | citation: aps.org prize-recipient page via Internet Archive
heineman_mathphys,Dannie Heineman Prize for Mathematical Physics,,2006,Sergio Ferrara,Sergio Ferrara,"For constructing supergravity, the first supersymmetric extension of Einstein's theory of general relativity, and for their central role in its subsequent development.",,,,https://en.wikipedia.org/wiki/Dannie_Heineman_Prize_for_Mathematical_Physics,Wikipedia table | citation: aps.org prize-recipient page via Internet Archive
heineman_mathphys,Dannie Heineman Prize for Mathematical Physics,,2006,Daniel Z. Freedman,Daniel Z. Freedman,"For constructing supergravity, the first supersymmetric extension of Einstein's theory of general relativity, and for their central role in its subsequent development.",,,,https://en.wikipedia.org/wiki/Dannie_Heineman_Prize_for_Mathematical_Physics,Wikipedia table | citation: aps.org prize-recipient page via Internet Archive
heineman_mathphys,Dannie Heineman Prize for Mathematical Physics,,2006,Peter van Nieuwenhuizen,Peter van Nieuwenhuizen,"For constructing supergravity, the first supersymmetric extension of Einstein's theory of general relativity, and for their central role in its subsequent development.",,,,https://en.wikipedia.org/wiki/Dannie_Heineman_Prize_for_Mathematical_Physics,Wikipedia table | citation: aps.org prize-recipient page via Internet Archive
heineman_mathphys,Dannie Heineman Prize for Mathematical Physics,,2007,Juan Maldacena,Juan Maldacena,"For profound developments in Mathematical Physics that have illuminated interconnections and launched major research areas in Quantum Field Theory, String Theory, and Gravity.",,,,https://en.wikipedia.org/wiki/Dannie_Heineman_Prize_for_Mathematical_Physics,Wikipedia table | citation: aps.org prize-recipient page via Internet Archive
heineman_mathphys,Dannie Heineman Prize for Mathematical Physics,,2007,Joseph Polchinski,Joseph Polchinski,"For profound developments in Mathematical Physics that have illuminated interconnections and launched major research areas in Quantum Field Theory, String Theory, and Gravity.",,,,https://en.wikipedia.org/wiki/Dannie_Heineman_Prize_for_Mathematical_Physics,Wikipedia table | citation: aps.org prize-recipient page via Internet Archive
heineman_mathphys,Dannie Heineman Prize for Mathematical Physics,,2008,Mitchell Feigenbaum,Mitchell Feigenbaum,"For developing the theory of deterministic chaos, especially the universal character of period doubling, and for the profound influence of these discoveries on our understanding of nonlinear phenomena in physics.",,,,https://en.wikipedia.org/wiki/Dannie_Heineman_Prize_for_Mathematical_Physics,Wikipedia table | citation: aps.org prize-recipient page via Internet Archive
heineman_mathphys,Dannie Heineman Prize for Mathematical Physics,,2009,Carlo Becchi,Carlo Becchi,For discovery and exploitation of the BRST symmetry for the quantization of gauge theories providing a fundamental and essential tool for subsequent developments.,,,,https://en.wikipedia.org/wiki/Dannie_Heineman_Prize_for_Mathematical_Physics,Wikipedia table | citation: aps.org prize-recipient page via Internet Archive
heineman_mathphys,Dannie Heineman Prize for Mathematical Physics,,2009,Alain Rouet,Alain Rouet,For discovery and exploitation of the BRST symmetry for the quantization of gauge theories providing a fundamental and essential tool for subsequent developments.,,,,https://en.wikipedia.org/wiki/Dannie_Heineman_Prize_for_Mathematical_Physics,Wikipedia table | citation: aps.org prize-recipient page via Internet Archive
heineman_mathphys,Dannie Heineman Prize for Mathematical Physics,,2009,Raymond Stora,Raymond Stora,For discovery and exploitation of the BRST symmetry for the quantization of gauge theories providing a fundamental and essential tool for subsequent developments.,,,,https://en.wikipedia.org/wiki/Dannie_Heineman_Prize_for_Mathematical_Physics,Wikipedia table | citation: aps.org prize-recipient page via Internet Archive
heineman_mathphys,Dannie Heineman Prize for Mathematical Physics,,2009,Igor Tyutin,Igor Tyutin,For discovery and exploitation of the BRST symmetry for the quantization of gauge theories providing a fundamental and essential tool for subsequent developments.,,,,https://en.wikipedia.org/wiki/Dannie_Heineman_Prize_for_Mathematical_Physics,Wikipedia table | citation: aps.org prize-recipient page via Internet Archive
heineman_mathphys,Dannie Heineman Prize for Mathematical Physics,,2010,Michael Aizenman,Michael Aizenman,"For his development of the random current approach to correlations which has had an impact on a wide variety of problems, especially his rigorous non-perturbative proof of the triviality of Æ 4 field theory",,,,https://en.wikipedia.org/wiki/Dannie_Heineman_Prize_for_Mathematical_Physics,Wikipedia table | citation: aps.org prize-recipient page via Internet Archive
heineman_mathphys,Dannie Heineman Prize for Mathematical Physics,,2011,Herbert Spohn,Herbert Spohn,For his seminal contributions to nonequilibrium statistical mechanics as exemplified by his exact solutions of growth models and stationary states of open systems. Combining mathematical rigor with physical insight his work elucidates the transition from microscopic to macroscopic behavior.,,,,https://en.wikipedia.org/wiki/Dannie_Heineman_Prize_for_Mathematical_Physics,Wikipedia table | citation: aps.org prize-recipient page via Internet Archive
heineman_mathphys,Dannie Heineman Prize for Mathematical Physics,,2012,Giovanni Jona-Lasinio,Giovanni Jona-Lasinio,"For contributions to the interaction between statistical mechanics, field theory and the theory of elementary particles, including spontaneous symmetry breaking, critical phenomena and a general theory of dissipative systems.",,,,https://en.wikipedia.org/wiki/Dannie_Heineman_Prize_for_Mathematical_Physics,Wikipedia table | citation: aps.org prize-recipient page via Internet Archive
heineman_mathphys,Dannie Heineman Prize for Mathematical Physics,,2013,Michio Jimbo,Michio Jimbo,"For profound developments in integrable systems and their correlation functions in statistical mechanics and quantum field theory, making use of quantum groups, algebraic analysis and deformation theory.",,,,https://en.wikipedia.org/wiki/Dannie_Heineman_Prize_for_Mathematical_Physics,Wikipedia table | citation: aps.org prize-recipient page via Internet Archive
heineman_mathphys,Dannie Heineman Prize for Mathematical Physics,,2013,Tetsuji Miwa,Tetsuji Miwa,"For profound developments in integrable systems and their correlation functions in statistical mechanics and quantum field theory, making use of quantum groups, algebraic analysis and deformation theory.",,,,https://en.wikipedia.org/wiki/Dannie_Heineman_Prize_for_Mathematical_Physics,Wikipedia table | citation: aps.org prize-recipient page via Internet Archive
heineman_mathphys,Dannie Heineman Prize for Mathematical Physics,,2014,Greg Moore,Greg Moore,"For eminent contributions to mathematical physics with a wide influence in many fields, ranging from string theory to supersymmetric gauge theory, conformal field theory, condensed matter physics and four-manifold theory.",,,,https://en.wikipedia.org/wiki/Dannie_Heineman_Prize_for_Mathematical_Physics,Wikipedia table | citation: aps.org prize-recipient page via Internet Archive
heineman_mathphys,Dannie Heineman Prize for Mathematical Physics,,2015,Pierre Ramond,Pierre Ramond,"For pioneering foundational discoveries in supersymmetry and superstring theory, in particular the dual model of fermions and the theory of the Kalb-Ramond field.",,,,https://en.wikipedia.org/wiki/Dannie_Heineman_Prize_for_Mathematical_Physics,Wikipedia table | citation: aps.org prize-recipient page via Internet Archive
heineman_mathphys,Dannie Heineman Prize for Mathematical Physics,,2016,Andrew Strominger,Andrew Strominger,"For leadership in numerous central developments in string theory, quantum field theory, and quantum geometry; including the interplay between string theory and Calabi-Yau geometry and especially for their elucidation of the origin of black hole entropy from microscopic states.",,,,https://en.wikipedia.org/wiki/Dannie_Heineman_Prize_for_Mathematical_Physics,Wikipedia table | citation: aps.org prize-recipient page via Internet Archive
heineman_mathphys,Dannie Heineman Prize for Mathematical Physics,,2016,Cumrun Vafa,Cumrun Vafa,"For leadership in numerous central developments in string theory, quantum field theory, and quantum geometry; including the interplay between string theory and Calabi-Yau geometry and especially for their elucidation of the origin of black hole entropy from microscopic states.",,,,https://en.wikipedia.org/wiki/Dannie_Heineman_Prize_for_Mathematical_Physics,Wikipedia table | citation: aps.org prize-recipient page via Internet Archive
heineman_mathphys,Dannie Heineman Prize for Mathematical Physics,,2017,Carl M. Bender,Carl M. Bender,"For developing the theory of PT symmetry in quantum systems and sustained seminal contributions that have generated profound and creative new mathematics, impacted broad areas of experimental physics, and inspired generations of mathematical physicists.",,,,https://en.wikipedia.org/wiki/Dannie_Heineman_Prize_for_Mathematical_Physics,Wikipedia table | citation: aps.org prize-recipient page via Internet Archive
heineman_mathphys,Dannie Heineman Prize for Mathematical Physics,,2018,Barry Simon,Barry Simon,"for his fundamental contributions to the mathematical physics of quantum mechanics, quantum field theory, and statistical mechanics, including spectral theory, phase transitions, and geometric phases, and his many books and monographs that have deeply influenced generations of researchers.",,,,https://en.wikipedia.org/wiki/Dannie_Heineman_Prize_for_Mathematical_Physics,Wikipedia table | citation: aps.org prize-recipient page via Internet Archive
heineman_mathphys,Dannie Heineman Prize for Mathematical Physics,,2019,T. Bill Sutherland,T. Bill Sutherland,"For profound contributions to the field of exactly solvable models in statistical mechanics and many body physics, in particular the construction of the widely studied Gaudin magnet and the Calogero-Sutherland, Shastry-Sutherland, and Calogero-Moser models.",,,,https://en.wikipedia.org/wiki/Dannie_Heineman_Prize_for_Mathematical_Physics,Wikipedia table | citation: aps.org prize-recipient page via Internet Archive
heineman_mathphys,Dannie Heineman Prize for Mathematical Physics,,2019,Francesco Calogero,Francesco Calogero,"For profound contributions to the field of exactly solvable models in statistical mechanics and many body physics, in particular the construction of the widely studied Gaudin magnet and the Calogero-Sutherland, Shastry-Sutherland, and Calogero-Moser models.",,,,https://en.wikipedia.org/wiki/Dannie_Heineman_Prize_for_Mathematical_Physics,Wikipedia table | citation: aps.org prize-recipient page via Internet Archive
heineman_mathphys,Dannie Heineman Prize for Mathematical Physics,,2019,Michel Gaudin,Michel Gaudin,"For profound contributions to the field of exactly solvable models in statistical mechanics and many body physics, in particular the construction of the widely studied Gaudin magnet and the Calogero-Sutherland, Shastry-Sutherland, and Calogero-Moser models.",,,,https://en.wikipedia.org/wiki/Dannie_Heineman_Prize_for_Mathematical_Physics,Wikipedia table | citation: aps.org prize-recipient page via Internet Archive
heineman_mathphys,Dannie Heineman Prize for Mathematical Physics,,2020,Svetlana Jitomirskaya,Svetlana Jitomirskaya,"For work on the spectral theory of almost-periodic Schrödinger operators and related questions in dynamical systems. In particular, for her role in the solution of the Ten Martini problem, concerning the Cantor set nature of the spectrum of all almost Mathieu operators and in the development of the fundamental mathematical aspects of the localization and metal-insulator transition phenomena.",,,,https://en.wikipedia.org/wiki/Dannie_Heineman_Prize_for_Mathematical_Physics,Wikipedia table | citation: aps.org prize-recipient page via Internet Archive
heineman_mathphys,Dannie Heineman Prize for Mathematical Physics,,2021,Joel Lebowitz,Joel Lebowitz,"For seminal contributions to nonequilibrium and equilibrium statistical mechanics, in particular, studies of large deviations in nonequilibrium steady states and rigorous analysis of Gibbs equilibrium ensembles.",,,,https://en.wikipedia.org/wiki/Dannie_Heineman_Prize_for_Mathematical_Physics,Wikipedia table | citation: aps.org prize-recipient page via Internet Archive
heineman_mathphys,Dannie Heineman Prize for Mathematical Physics,,2022,Antti Kupiainen,Antti Kupiainen,"For fundamental contributions to quantum field theory, statistical mechanics, and fluid dynamics using geometric, probabilistic, and renormalization group ideas.",,,,https://en.wikipedia.org/wiki/Dannie_Heineman_Prize_for_Mathematical_Physics,Wikipedia table | citation: aps.org prize-recipient page via Internet Archive
heineman_mathphys,Dannie Heineman Prize for Mathematical Physics,,2022,Krzysztof Gawędzki,Krzysztof Gawędzki,"For fundamental contributions to quantum field theory, statistical mechanics, and fluid dynamics using geometric, probabilistic, and renormalization group ideas.",,,,https://en.wikipedia.org/wiki/Dannie_Heineman_Prize_for_Mathematical_Physics,Wikipedia table | citation: aps.org prize-recipient page via Internet Archive
heineman_mathphys,Dannie Heineman Prize for Mathematical Physics,,2023,Nikita Nekrasov,Nikita Nekrasov,"For the elegant application of powerful mathematical techniques to extract exact results for quantum field theories, as well as shedding light on integrable systems and non-commutative geometry.",,,,https://en.wikipedia.org/wiki/Dannie_Heineman_Prize_for_Mathematical_Physics,Wikipedia table | citation: aps.org prize-recipient page via Internet Archive
heineman_mathphys,Dannie Heineman Prize for Mathematical Physics,,2024,David Brydges,David Brydges,,,,,https://en.wikipedia.org/wiki/Dannie_Heineman_Prize_for_Mathematical_Physics,Wikipedia table
heineman_mathphys,Dannie Heineman Prize for Mathematical Physics,,2025,Samson Shatashvili,Samson Shatashvili,,,,,https://en.wikipedia.org/wiki/Dannie_Heineman_Prize_for_Mathematical_Physics,Wikipedia table
heineman_mathphys,Dannie Heineman Prize for Mathematical Physics,,2026,Charles Thorn,Charles Thorn,,,,,https://en.wikipedia.org/wiki/Dannie_Heineman_Prize_for_Mathematical_Physics,Wikipedia table
kavli,Kavli Prize,,2008,Maarten Schmidt,Maarten Schmidt,"""for their seminal contributions to understanding the nature of quasars """,,California Institute of Technology,,https://en.wikipedia.org/wiki/Kavli_Prize,Wikipedia table
kavli,Kavli Prize,,2008,Donald Lynden-Bell,Donald Lynden-Bell,"""for their seminal contributions to understanding the nature of quasars """,,Cambridge University,,https://en.wikipedia.org/wiki/Kavli_Prize,Wikipedia table
kavli,Kavli Prize,,2008,Louis E. Brus,Louis E. Brus,"""for their large impact in the development of the nanoscience field of the zero and one dimensional nanostructures in physics, chemistry and biology""",,Columbia University,,https://en.wikipedia.org/wiki/Kavli_Prize,Wikipedia table
kavli,Kavli Prize,,2008,Sumio Iijima,Sumio Iijima,"""for their large impact in the development of the nanoscience field of the zero and one dimensional nanostructures in physics, chemistry and biology""",,Meijo University,,https://en.wikipedia.org/wiki/Kavli_Prize,Wikipedia table
kavli,Kavli Prize,,2008,Sten Grillner,Sten Grillner,"""for discoveries on the developmental and functional logic of neuronal circuits """,,Karolinska Institute,,https://en.wikipedia.org/wiki/Kavli_Prize,Wikipedia table
kavli,Kavli Prize,,2008,Thomas Jessell,Thomas Jessell,"""for discoveries on the developmental and functional logic of neuronal circuits """,,Columbia University,,https://en.wikipedia.org/wiki/Kavli_Prize,Wikipedia table
kavli,Kavli Prize,,2008,Pasko Rakic,Pasko Rakic,"""for discoveries on the developmental and functional logic of neuronal circuits """,,Yale University School of Medicine,,https://en.wikipedia.org/wiki/Kavli_Prize,Wikipedia table
kavli,Kavli Prize,,2010,Jerry E. Nelson,Jerry E. Nelson,"""for their contributions to the development of giant telescopes """,,"Lick Observatory , University of California, Santa Cruz",,https://en.wikipedia.org/wiki/Kavli_Prize,Wikipedia table
kavli,Kavli Prize,,2010,Raymond N. Wilson,Raymond N. Wilson,"""for their contributions to the development of giant telescopes """,,"European Southern Observatory , Garching",,https://en.wikipedia.org/wiki/Kavli_Prize,Wikipedia table
kavli,Kavli Prize,,2010,James Roger Angel,James Roger Angel,"""for their contributions to the development of giant telescopes """,,"Steward Observatory , University of Arizona",,https://en.wikipedia.org/wiki/Kavli_Prize,Wikipedia table
kavli,Kavli Prize,,2010,Donald Eigler,Donald Eigler,"""for their development of unprecedented methods to control matter on the nanoscale """,,IBM Almaden Research Center,,https://en.wikipedia.org/wiki/Kavli_Prize,Wikipedia table
kavli,Kavli Prize,,2010,Nadrian C. Seeman,Nadrian C. Seeman,"""for their development of unprecedented methods to control matter on the nanoscale """,,New York University,,https://en.wikipedia.org/wiki/Kavli_Prize,Wikipedia table
kavli,Kavli Prize,,2010,Richard H. Scheller,Richard H. Scheller,"""for discovering the molecular basis of neurotransmitter release """,,Genentech,,https://en.wikipedia.org/wiki/Kavli_Prize,Wikipedia table
kavli,Kavli Prize,,2010,Thomas C. Südhof,Thomas C. Südhof,"""for discovering the molecular basis of neurotransmitter release """,,Stanford University School of Medicine,,https://en.wikipedia.org/wiki/Kavli_Prize,Wikipedia table
kavli,Kavli Prize,,2010,James E. Rothman,James E. Rothman,"""for discovering the molecular basis of neurotransmitter release """,,Yale University,,https://en.wikipedia.org/wiki/Kavli_Prize,Wikipedia table
kavli,Kavli Prize,,2012,David C. Jewitt,David C. Jewitt,"""for discovering and characterizing the Kuiper Belt and its largest members, work that led to a major advance in the understanding of the history of our planetary system""",,University of California Los Angeles,,https://en.wikipedia.org/wiki/Kavli_Prize,Wikipedia table
kavli,Kavli Prize,,2012,Jane X. Luu,Jane X. Luu,"""for discovering and characterizing the Kuiper Belt and its largest members, work that led to a major advance in the understanding of the history of our planetary system""",,"Lincoln Laboratory , Massachusetts Institute of Technology",,https://en.wikipedia.org/wiki/Kavli_Prize,Wikipedia table
kavli,Kavli Prize,,2012,Michael E. Brown,Michael E. Brown,"""for discovering and characterizing the Kuiper Belt and its largest members, work that led to a major advance in the understanding of the history of our planetary system""",,California Institute of Technology,,https://en.wikipedia.org/wiki/Kavli_Prize,Wikipedia table
kavli,Kavli Prize,,2012,Mildred S. Dresselhaus,Mildred S. Dresselhaus,"""for her pioneering contributions to the study of phonons , electron-phonon interactions, and thermal transport in nanostructures """,,Massachusetts Institute of Technology,,https://en.wikipedia.org/wiki/Kavli_Prize,Wikipedia table
kavli,Kavli Prize,,2012,Cornelia Isabella Bargmann,Cornelia Isabella Bargmann,"""for elucidating basic neuronal mechanisms underlying perception and decision""",,Rockefeller University,,https://en.wikipedia.org/wiki/Kavli_Prize,Wikipedia table
kavli,Kavli Prize,,2012,Winfried Denk,Winfried Denk,"""for elucidating basic neuronal mechanisms underlying perception and decision""",,Max Planck Institute for Medical Research,,https://en.wikipedia.org/wiki/Kavli_Prize,Wikipedia table
kavli,Kavli Prize,,2012,Ann M. Graybiel,Ann M. Graybiel,"""for elucidating basic neuronal mechanisms underlying perception and decision""",,Massachusetts Institute of Technology,,https://en.wikipedia.org/wiki/Kavli_Prize,Wikipedia table
kavli,Kavli Prize,,2014,Alan H. Guth,Alan H. Guth,"""for pioneering the theory of cosmic inflation """,,Massachusetts Institute of Technology,,https://en.wikipedia.org/wiki/Kavli_Prize,Wikipedia table
kavli,Kavli Prize,,2014,Andrei D. Linde,Andrei D. Linde,"""for pioneering the theory of cosmic inflation """,,Stanford University,,https://en.wikipedia.org/wiki/Kavli_Prize,Wikipedia table
kavli,Kavli Prize,,2014,Alexei A. Starobinsky,Alexei A. Starobinsky,"""for pioneering the theory of cosmic inflation """,,Landau Institute for Theoretical Physics,,https://en.wikipedia.org/wiki/Kavli_Prize,Wikipedia table
kavli,Kavli Prize,,2014,Thomas W. Ebbesen,Thomas W. Ebbesen,"""for transformative contributions to the field of nano-optics that have broken long-held beliefs about the limitations of the resolution limits of optical microscopy and imaging""",,University of Strasbourg,,https://en.wikipedia.org/wiki/Kavli_Prize,Wikipedia table
kavli,Kavli Prize,,2014,Stefan W. Hell,Stefan W. Hell,"""for transformative contributions to the field of nano-optics that have broken long-held beliefs about the limitations of the resolution limits of optical microscopy and imaging""",,Max Planck Institute for Biophysical Chemistry,,https://en.wikipedia.org/wiki/Kavli_Prize,Wikipedia table
kavli,Kavli Prize,,2014,John B. Pendry,John B. Pendry,"""for transformative contributions to the field of nano-optics that have broken long-held beliefs about the limitations of the resolution limits of optical microscopy and imaging""",,Imperial College London,,https://en.wikipedia.org/wiki/Kavli_Prize,Wikipedia table
kavli,Kavli Prize,,2014,Brenda Milner,Brenda Milner,"""for the discovery of specialized brain networks for memory and cognition """,,"Montreal Neurological Institute , McGill University",,https://en.wikipedia.org/wiki/Kavli_Prize,Wikipedia table
kavli,Kavli Prize,,2014,John O’Keefe,John O’Keefe,"""for the discovery of specialized brain networks for memory and cognition """,,University College London,,https://en.wikipedia.org/wiki/Kavli_Prize,Wikipedia table
kavli,Kavli Prize,,2014,Marcus E. Raichle,Marcus E. Raichle,"""for the discovery of specialized brain networks for memory and cognition """,,Washington University in St. Louis,,https://en.wikipedia.org/wiki/Kavli_Prize,Wikipedia table
kavli,Kavli Prize,,2016,Ronald W.P. Drever,Ronald W.P. Drever,"""for the direct detection of gravitational waves """,,California Institute of Technology,,https://en.wikipedia.org/wiki/Kavli_Prize,Wikipedia table
kavli,Kavli Prize,,2016,Kip S. Thorne,Kip S. Thorne,"""for the direct detection of gravitational waves """,,California Institute of Technology,,https://en.wikipedia.org/wiki/Kavli_Prize,Wikipedia table
kavli,Kavli Prize,,2016,Rainer Weiss,Rainer Weiss,"""for the direct detection of gravitational waves """,,Massachusetts Institute of Technology,,https://en.wikipedia.org/wiki/Kavli_Prize,Wikipedia table
kavli,Kavli Prize,,2016,Gerd Binnig,Gerd Binnig,"""for the invention and realization of atomic force microscopy , a breakthrough in measurement technology and nanosculpting that continues to have a transformative impact on nanoscience and technology""",,IBM Zurich Research Laboratory,,https://en.wikipedia.org/wiki/Kavli_Prize,Wikipedia table
kavli,Kavli Prize,,2016,Christoph Gerber,Christoph Gerber,"""for the invention and realization of atomic force microscopy , a breakthrough in measurement technology and nanosculpting that continues to have a transformative impact on nanoscience and technology""",,University of Basel,,https://en.wikipedia.org/wiki/Kavli_Prize,Wikipedia table
kavli,Kavli Prize,,2016,Calvin Quate,Calvin Quate,"""for the invention and realization of atomic force microscopy , a breakthrough in measurement technology and nanosculpting that continues to have a transformative impact on nanoscience and technology""",,Stanford University,,https://en.wikipedia.org/wiki/Kavli_Prize,Wikipedia table
kavli,Kavli Prize,,2016,Eve Marder,Eve Marder,"""for the discovery of mechanisms that allow experience and neural activity to remodel brain function """,,Brandeis University,,https://en.wikipedia.org/wiki/Kavli_Prize,Wikipedia table
kavli,Kavli Prize,,2016,Michael M. Merzenich,Michael M. Merzenich,"""for the discovery of mechanisms that allow experience and neural activity to remodel brain function """,,"University of California, San Francisco",,https://en.wikipedia.org/wiki/Kavli_Prize,Wikipedia table
kavli,Kavli Prize,,2016,Carla J. Shatz,Carla J. Shatz,"""for the discovery of mechanisms that allow experience and neural activity to remodel brain function """,,Stanford University,,https://en.wikipedia.org/wiki/Kavli_Prize,Wikipedia table
kavli,Kavli Prize,,2018,Ewine van Dishoeck,Ewine van Dishoeck,"""for her combined contributions to observational, theoretical, and laboratory astrochemistry , elucidating the life cycle of interstellar clouds and the formation of stars and planets """,,Leiden University,,https://en.wikipedia.org/wiki/Kavli_Prize,Wikipedia table
kavli,Kavli Prize,,2018,Emmanuelle Charpentier,Emmanuelle Charpentier,"""for the invention of CRISPR - Cas9 , a precise nanotool for editing DNA , causing a revolution in biology , agriculture , and medicine """,,Max Planck Institute for Infection Biology,,https://en.wikipedia.org/wiki/Kavli_Prize,Wikipedia table
kavli,Kavli Prize,,2018,Jennifer Doudna,Jennifer Doudna,"""for the invention of CRISPR - Cas9 , a precise nanotool for editing DNA , causing a revolution in biology , agriculture , and medicine """,,"University of California, Berkeley",,https://en.wikipedia.org/wiki/Kavli_Prize,Wikipedia table
kavli,Kavli Prize,,2018,Virginijus Šikšnys,Virginijus Šikšnys,"""for the invention of CRISPR - Cas9 , a precise nanotool for editing DNA , causing a revolution in biology , agriculture , and medicine """,,Vilnius University,,https://en.wikipedia.org/wiki/Kavli_Prize,Wikipedia table
kavli,Kavli Prize,,2018,A. James Hudspeth,A. James Hudspeth,"""for their scientific discoveries of the molecular and neural mechanisms of hearing """,,Rockefeller University,,https://en.wikipedia.org/wiki/Kavli_Prize,Wikipedia table
kavli,Kavli Prize,,2018,Robert Fettiplace,Robert Fettiplace,"""for their scientific discoveries of the molecular and neural mechanisms of hearing """,,University of Wisconsin–Madison,,https://en.wikipedia.org/wiki/Kavli_Prize,Wikipedia table
kavli,Kavli Prize,,2018,Christine Petit,Christine Petit,"""for their scientific discoveries of the molecular and neural mechanisms of hearing """,,Collège de France,,https://en.wikipedia.org/wiki/Kavli_Prize,Wikipedia table
kavli,Kavli Prize,,2020,Andrew Fabian,Andrew Fabian,"""for his groundbreaking research in the field of observational X-ray astronomy, covering a wide range of topics from gas flows in clusters of galaxies to supermassive black holes at the heart of galaxies""",,University of Cambridge,,https://en.wikipedia.org/wiki/Kavli_Prize,Wikipedia table
kavli,Kavli Prize,,2020,Harald Rose,Harald Rose,"""for sub-ångström resolution imaging and chemical analysis using electron beams""",,Universität Ulm,,https://en.wikipedia.org/wiki/Kavli_Prize,Wikipedia table
kavli,Kavli Prize,,2020,Maximilian Haider,Maximilian Haider,"""for sub-ångström resolution imaging and chemical analysis using electron beams""",,CEOS GmbH,,https://en.wikipedia.org/wiki/Kavli_Prize,Wikipedia table
kavli,Kavli Prize,,2020,Knut Urban,Knut Urban,"""for sub-ångström resolution imaging and chemical analysis using electron beams""",,Forschungszentrum Jülich,,https://en.wikipedia.org/wiki/Kavli_Prize,Wikipedia table
kavli,Kavli Prize,,2020,Ondrej Krivanek,Ondrej Krivanek,"""for sub-ångström resolution imaging and chemical analysis using electron beams""",,Nion Co,,https://en.wikipedia.org/wiki/Kavli_Prize,Wikipedia table
kavli,Kavli Prize,,2020,David Julius,David Julius,"""for their transformative discovery of receptors for temperature and pressure"".",,"University of California, San Francisco",,https://en.wikipedia.org/wiki/Kavli_Prize,Wikipedia table
kavli,Kavli Prize,,2020,Ardem Patapoutian,Ardem Patapoutian,"""for their transformative discovery of receptors for temperature and pressure"".",,Scripps Research and Howard Hughes Medical Investigator,,https://en.wikipedia.org/wiki/Kavli_Prize,Wikipedia table
kavli,Kavli Prize,,2022,Roger Ulrich,Roger Ulrich,"""for their pioneering work and leadership in the development of helio- and asteroseismology""",,"University of California, Los Angeles",,https://en.wikipedia.org/wiki/Kavli_Prize,Wikipedia table
kavli,Kavli Prize,,2022,Jørgen Christensen-Dalsgaard,Jørgen Christensen-Dalsgaard,"""for their pioneering work and leadership in the development of helio- and asteroseismology""",,Aarhus University,,https://en.wikipedia.org/wiki/Kavli_Prize,Wikipedia table
kavli,Kavli Prize,,2022,Conny Aerts,Conny Aerts,"""for their pioneering work and leadership in the development of helio- and asteroseismology""",,KU Leuven,,https://en.wikipedia.org/wiki/Kavli_Prize,Wikipedia table
kavli,Kavli Prize,,2022,Jacob Sagiv,Jacob Sagiv,"""for Self-Assembled Monolayers (SAMs) on solid substrates; molecular coatings to control surface properties""",,Weizmann Institute of Science,,https://en.wikipedia.org/wiki/Kavli_Prize,Wikipedia table
kavli,Kavli Prize,,2022,Ralph Nuzzo,Ralph Nuzzo,"""for Self-Assembled Monolayers (SAMs) on solid substrates; molecular coatings to control surface properties""",,University of Illinois Urbana-Champaign,,https://en.wikipedia.org/wiki/Kavli_Prize,Wikipedia table
kavli,Kavli Prize,,2022,David Allara,David Allara,"""for Self-Assembled Monolayers (SAMs) on solid substrates; molecular coatings to control surface properties""",,Pennsylvania State University,,https://en.wikipedia.org/wiki/Kavli_Prize,Wikipedia table
kavli,Kavli Prize,,2022,George M. Whitesides,George M. Whitesides,"""for Self-Assembled Monolayers (SAMs) on solid substrates; molecular coatings to control surface properties""",,Harvard University,,https://en.wikipedia.org/wiki/Kavli_Prize,Wikipedia table
kavli,Kavli Prize,,2022,Jean-Louis Mandel,Jean-Louis Mandel,"""for pioneering the discovery of genes underlying a range of brain disorders""",,University of Strasbourg,,https://en.wikipedia.org/wiki/Kavli_Prize,Wikipedia table
kavli,Kavli Prize,,2022,Harry T. Orr,Harry T. Orr,"""for pioneering the discovery of genes underlying a range of brain disorders""",,University of Minnesota Medical School,,https://en.wikipedia.org/wiki/Kavli_Prize,Wikipedia table
kavli,Kavli Prize,,2022,Huda Zoghbi,Huda Zoghbi,"""for pioneering the discovery of genes underlying a range of brain disorders""",,Baylor College of Medicine,,https://en.wikipedia.org/wiki/Kavli_Prize,Wikipedia table
kavli,Kavli Prize,,2022,Christopher A. Walsh,Christopher A. Walsh,"""for pioneering the discovery of genes underlying a range of brain disorders""",,Harvard Medical School,,https://en.wikipedia.org/wiki/Kavli_Prize,Wikipedia table
kavli,Kavli Prize,,2024,Sara Seager,Sara Seager,"""for their ground-breaking work on the discovery and characterization of extra-solar planets and their atmospheres""",,Massachusetts Institute of Technology,,https://en.wikipedia.org/wiki/Kavli_Prize,Wikipedia table
kavli,Kavli Prize,,2024,David Charbonneau,David Charbonneau,"""for their ground-breaking work on the discovery and characterization of extra-solar planets and their atmospheres""",,Harvard University,,https://en.wikipedia.org/wiki/Kavli_Prize,Wikipedia table
kavli,Kavli Prize,,2024,Robert S. Langer,Robert S. Langer,"""for pioneering work integrating synthetic nanoscale materials with biological function for biomedical applications""",,"Koch Institute for Integrative Cancer Research , Massachusetts Institute of Technology",,https://en.wikipedia.org/wiki/Kavli_Prize,Wikipedia table
kavli,Kavli Prize,,2024,Armand Paul Alivisatos,Armand Paul Alivisatos,"""for pioneering work integrating synthetic nanoscale materials with biological function for biomedical applications""",,University of Chicago,,https://en.wikipedia.org/wiki/Kavli_Prize,Wikipedia table
kavli,Kavli Prize,,2024,Chad A. Mirkin,Chad A. Mirkin,"""for pioneering work integrating synthetic nanoscale materials with biological function for biomedical applications""",,Northwestern University,,https://en.wikipedia.org/wiki/Kavli_Prize,Wikipedia table
kavli,Kavli Prize,,2024,Nancy Kanwisher,Nancy Kanwisher,"""for the discovery of a highly localized and specialized system for representation of faces in human and non-human primate neocortex""",,Massachusetts Institute of Technology,,https://en.wikipedia.org/wiki/Kavli_Prize,Wikipedia table
kavli,Kavli Prize,,2024,Winrich Freiwald,Winrich Freiwald,"""for the discovery of a highly localized and specialized system for representation of faces in human and non-human primate neocortex""",,Rockefeller University,,https://en.wikipedia.org/wiki/Kavli_Prize,Wikipedia table
kavli,Kavli Prize,,2024,Doris Ying Tsao,Doris Ying Tsao,"""for the discovery of a highly localized and specialized system for representation of faces in human and non-human primate neocortex""",,"University of California, Berkeley",,https://en.wikipedia.org/wiki/Kavli_Prize,Wikipedia table
kavli,Kavli Prize,,2026,Vasily Belokurov,Vasily Belokurov,"""for uncovering the fossil evidence of past mergers proving that the Milky Way galaxy was built through hierarchical accretion""",,University of Cambridge,,https://en.wikipedia.org/wiki/Kavli_Prize,Wikipedia table
kavli,Kavli Prize,,2026,Amina Helmi,Amina Helmi,"""for uncovering the fossil evidence of past mergers proving that the Milky Way galaxy was built through hierarchical accretion""",,University of Groningen,,https://en.wikipedia.org/wiki/Kavli_Prize,Wikipedia table
kavli,Kavli Prize,,2026,Rodrigo Ibata,Rodrigo Ibata,"""for uncovering the fossil evidence of past mergers proving that the Milky Way galaxy was built through hierarchical accretion""",,University of Strasbourg,,https://en.wikipedia.org/wiki/Kavli_Prize,Wikipedia table
kavli,Kavli Prize,,2026,Eva Andrei,Eva Andrei,"""for foundational work that established the field of Twistronics """,,Rutgers University,,https://en.wikipedia.org/wiki/Kavli_Prize,Wikipedia table
kavli,Kavli Prize,,2026,Pablo Jarillo-Herrero,Pablo Jarillo-Herrero,"""for foundational work that established the field of Twistronics """,,Massachusetts Institute of Technology,,https://en.wikipedia.org/wiki/Kavli_Prize,Wikipedia table
kavli,Kavli Prize,,2026,Allan H. MacDonald,Allan H. MacDonald,"""for foundational work that established the field of Twistronics """,,University of Texas at Austin,,https://en.wikipedia.org/wiki/Kavli_Prize,Wikipedia table
kavli,Kavli Prize,,2026,Christine Holt,Christine Holt,"""for the discovery of local protein translation in neurons and establishing its importance for brain development and plasticity""",,University of Cambridge,,https://en.wikipedia.org/wiki/Kavli_Prize,Wikipedia table
kavli,Kavli Prize,,2026,Kelsey Martin,Kelsey Martin,"""for the discovery of local protein translation in neurons and establishing its importance for brain development and plasticity""",,"University of California, Los Angeles , Simons Foundation",,https://en.wikipedia.org/wiki/Kavli_Prize,Wikipedia table
kavli,Kavli Prize,,2026,Erin Schuman,Erin Schuman,"""for the discovery of local protein translation in neurons and establishing its importance for brain development and plasticity""",,Max Planck Institute for Brain Research,,https://en.wikipedia.org/wiki/Kavli_Prize,Wikipedia table
kavli,Kavli Prize,,2026,Oswald Steward,Oswald Steward,"""for the discovery of local protein translation in neurons and establishing its importance for brain development and plasticity""",,"University of California, Irvine",,https://en.wikipedia.org/wiki/Kavli_Prize,Wikipedia table
lars_onsager,Lars Onsager Prize,,1995,Michael E. Fisher,Michael E. Fisher,"For his numerous and seminal contributions to statistical mechanics, including but not restricted to the theory of phase transitions and critical phenomena, scaling laws, critical exponents, finite size effects, and the application of the renormalization group to many of the above problems.",,,,https://en.wikipedia.org/wiki/Lars_Onsager_Prize,Wikipedia table | citation: aps.org prize-recipient page via Internet Archive
lars_onsager,Lars Onsager Prize,,1997,Robert Kraichnan,Robert Kraichnan,"For his deep contributions and sustained leadership in the field of turbulence theory. His quantitative predictions for the inverse cascade in two-dimensional turbulence, his treatment of passive scalar transport, and his direct interaction approximation are landmark achievements.",,,,https://en.wikipedia.org/wiki/Lars_Onsager_Prize,Wikipedia table | citation: aps.org prize-recipient page via Internet Archive
lars_onsager,Lars Onsager Prize,,1998,Leo Kadanoff,Leo Kadanoff,"For his numerous and profound contributions to statistical physics, including the introduction of the concepts of universality and block spin scaling that are central to the modern understanding of the critical phenomena.",,,,https://en.wikipedia.org/wiki/Lars_Onsager_Prize,Wikipedia table | citation: aps.org prize-recipient page via Internet Archive
lars_onsager,Lars Onsager Prize,,1999,Chen Ning Yang,Chen Ning Yang,"For fundamental contributions to statistical mechanics and the theory of quantum fluids, including: the circle theorem, off-diagonal long-range order and flux quantization, Bose-Einstein condensation, and one- and two-dimensional statistical mechanical models.",,,,https://en.wikipedia.org/wiki/Lars_Onsager_Prize,Wikipedia table | citation: aps.org prize-recipient page via Internet Archive
lars_onsager,Lars Onsager Prize,,2000,David J. Thouless,David J. Thouless,"For the introduction with J. Michael Kosterlitz of the theory of topological phase transitions, as well as fundamental contributions to our understanding of electron localization and the behavior of spin glasses.",,,,https://en.wikipedia.org/wiki/Lars_Onsager_Prize,Wikipedia table | citation: aps.org prize-recipient page via Internet Archive
lars_onsager,Lars Onsager Prize,,2000,John M. Kosterlitz,John M. Kosterlitz,"For the introduction with David J. Thouless of the theory of topological phase transitions, as well as his subsequent quantitative predictions by means of early and ingenious applications of the renormalization group.",,,,https://en.wikipedia.org/wiki/Lars_Onsager_Prize,Wikipedia table | citation: aps.org prize-recipient page via Internet Archive
lars_onsager,Lars Onsager Prize,,2001,Bertrand Halperin,Bertrand Halperin,"For his wide-ranging contributions to statistical physics and quantum fluids, especially the elucidation of the quantum Hall effect and other low-dimensional electronic phenomena; and for his exemplary leadership in bringing theory to bear on the understanding of experiments.",,,,https://en.wikipedia.org/wiki/Lars_Onsager_Prize,Wikipedia table | citation: aps.org prize-recipient page via Internet Archive
lars_onsager,Lars Onsager Prize,,2002,Anatoly Larkin,Anatoly Larkin,"For elucidating roles of fluctuations and randomness in collective phenomena, including critical behavior of uniaxial ferroelectrics, dependence of critical exponents in four dimensions on symmetry, and how impurity pinning of vortices in superconductors destroys lattice order and controls critical currents.",,,,https://en.wikipedia.org/wiki/Lars_Onsager_Prize,Wikipedia table | citation: aps.org prize-recipient page via Internet Archive
lars_onsager,Lars Onsager Prize,,2003,Pierre Hohenberg,Pierre Hohenberg,"For contributions to a wide range of topics in statistical and condensed matter physics; including the theory of dynamic scaling close to critical points, the theory of pattern formation in nonequilibrium systems, and density functional theory.",,,,https://en.wikipedia.org/wiki/Lars_Onsager_Prize,Wikipedia table | citation: aps.org prize-recipient page via Internet Archive
lars_onsager,Lars Onsager Prize,,2004,John Cardy,John Cardy,For his profound and original applications of conformal invariance to the bulk and boundary properties of two-dimensional statistical systems.,,,,https://en.wikipedia.org/wiki/Lars_Onsager_Prize,Wikipedia table | citation: aps.org prize-recipient page via Internet Archive
lars_onsager,Lars Onsager Prize,,2005,Valery Pokrovsky,Valery Pokrovsky,"For fundamental and original contributions to statistical physics, including development of the scaling theory for correlation functions near critical points and of theories for commensurate-incommensurate phase transitions.",,,,https://en.wikipedia.org/wiki/Lars_Onsager_Prize,Wikipedia table | citation: aps.org prize-recipient page via Internet Archive
lars_onsager,Lars Onsager Prize,,2006,Rodney Baxter,Rodney Baxter,"For his original and groundbreaking contributions to the field of exactly solved models in statistical mechanics, which continue to inspire profound developments in statistical physics and related fields.",,,,https://en.wikipedia.org/wiki/Lars_Onsager_Prize,Wikipedia table | citation: aps.org prize-recipient page via Internet Archive
lars_onsager,Lars Onsager Prize,,2007,A. Brooks Harris,A. Brooks Harris,"For his many contributions to the statistical physics of random systems, including the formulation of the Harris criterion, which has led to numerous insights into a variety of disordered systems.",,,,https://en.wikipedia.org/wiki/Lars_Onsager_Prize,Wikipedia table | citation: aps.org prize-recipient page via Internet Archive
lars_onsager,Lars Onsager Prize,,2008,Christopher Pethick,Christopher Pethick,"For fundamental applications of statistical physics to quantum fluids, including Fermi liquid theory and ground-state properties of dilute quantum gases, and for bringing a conceptual unity to these areas.",,,,https://en.wikipedia.org/wiki/Lars_Onsager_Prize,Wikipedia table | citation: aps.org prize-recipient page via Internet Archive
lars_onsager,Lars Onsager Prize,,2008,Gordon Baym,Gordon Baym,"For fundamental applications of statistical physics to quantum fluids, including Fermi liquid theory and ground-state properties of dilute quantum gases, and for bringing a conceptual unity to these areas.",,,,https://en.wikipedia.org/wiki/Lars_Onsager_Prize,Wikipedia table | citation: aps.org prize-recipient page via Internet Archive
lars_onsager,Lars Onsager Prize,,2008,Tin-Lun Ho,Tin-Lun Ho,"For his contributions to quantum liquids and dilute quantum gases, both multi-component and rapidly rotating, and for his leadership in unifying condensed matter and atomic physics research in this area.",,,,https://en.wikipedia.org/wiki/Lars_Onsager_Prize,Wikipedia table | citation: aps.org prize-recipient page via Internet Archive
lars_onsager,Lars Onsager Prize,,2009,B. Sriram Shastry,B. Sriram Shastry,"For pioneering work in developing and solving models of strongly correlated systems and for wide-ranging contributions to phenomenological many-body theory, which have advanced the analysis of experiments on strongly correlated materials.",,,,https://en.wikipedia.org/wiki/Lars_Onsager_Prize,Wikipedia table | citation: aps.org prize-recipient page via Internet Archive
lars_onsager,Lars Onsager Prize,,2010,Daniel Friedan,Daniel Friedan,For seminal work on the classification and characterization of two-dimensional unitary conformal field theories of critical states.,,,,https://en.wikipedia.org/wiki/Lars_Onsager_Prize,Wikipedia table | citation: aps.org prize-recipient page via Internet Archive
lars_onsager,Lars Onsager Prize,,2010,Stephen Shenker,Stephen Shenker,For seminal work on the classification and characterization of two-dimensional unitary conformal field theories of critical states,,,,https://en.wikipedia.org/wiki/Lars_Onsager_Prize,Wikipedia table | citation: aps.org prize-recipient page via Internet Archive
lars_onsager,Lars Onsager Prize,,2011,Alexander Belavin,Alexander Belavin,"For outstanding contributions to theoretical physics, and especially for the remarkable ideas that they introduced concerning conformal field theory and soluble models of statistical mechanics in two dimensions.",,,,https://en.wikipedia.org/wiki/Lars_Onsager_Prize,Wikipedia table | citation: aps.org prize-recipient page via Internet Archive
lars_onsager,Lars Onsager Prize,,2011,Alexander Zamolodchikov,Alexander Zamolodchikov,"For outstanding contributions to theoretical physics, and especially for the remarkable ideas that they introduced concerning conformal field theory and soluble models of statistical mechanics in two dimensions.",,,,https://en.wikipedia.org/wiki/Lars_Onsager_Prize,Wikipedia table | citation: aps.org prize-recipient page via Internet Archive
lars_onsager,Lars Onsager Prize,,2011,Alexander Polyakov,Alexander Polyakov,"For outstanding contributions to theoretical physics, and especially for the remarkable ideas that they introduced concerning conformal field theory and soluble models of statistical mechanics in two dimensions.",,,,https://en.wikipedia.org/wiki/Lars_Onsager_Prize,Wikipedia table | citation: aps.org prize-recipient page via Internet Archive
lars_onsager,Lars Onsager Prize,,2012,Ian Affleck,Ian Affleck,"For his pioneering role in developing and applying the ideas and methods of conformal field theory to important problems in statistical and condensed matter physics, including the quantum critical behavior of spin chains and (with Ludwig) the universal behavior of quantum impurity systems.",,,,https://en.wikipedia.org/wiki/Lars_Onsager_Prize,Wikipedia table | citation: aps.org prize-recipient page via Internet Archive
lars_onsager,Lars Onsager Prize,,2013,Daniel S. Fisher,Daniel S. Fisher,"For innovative and wide-ranging contributions to the statistical physics of disordered systems, including but not limited to random magnets, sliding charge density waves, and vortices in superconductors.",,,,https://en.wikipedia.org/wiki/Lars_Onsager_Prize,Wikipedia table | citation: aps.org prize-recipient page via Internet Archive
lars_onsager,Lars Onsager Prize,,2014,Grigory E. Volovik,Grigory E. Volovik,"For their contribution to a comprehensive classification of topological defects in condensed matter phases with broken symmetry, culminating in the prediction of half-quantum vortices in superfluid He-3 and related systems.",,,,https://en.wikipedia.org/wiki/Lars_Onsager_Prize,Wikipedia table | citation: aps.org prize-recipient page via Internet Archive
lars_onsager,Lars Onsager Prize,,2014,Vladimir P. Mineev,Vladimir P. Mineev,"For their contribution to a comprehensive classification of topological defects in condensed matter phases with broken symmetry, culminating in the prediction of half-quantum vortices in superfluid He-3 and related systems.",,,,https://en.wikipedia.org/wiki/Lars_Onsager_Prize,Wikipedia table | citation: aps.org prize-recipient page via Internet Archive
lars_onsager,Lars Onsager Prize,,2015,Franz Wegner,Franz Wegner,"For far-sighted contributions furthering our understanding of the very meaning of order and disorder, including formulation of Ising lattice gauge theory, work on the localization transition and the renormalization group.",,,,https://en.wikipedia.org/wiki/Lars_Onsager_Prize,Wikipedia table | citation: aps.org prize-recipient page via Internet Archive
lars_onsager,Lars Onsager Prize,,2016,Marc Mézard,Marc Mézard,"For groundbreaking work applying spin glass ideas to ensembles of computational problems, yielding both new classes of efficient algorithms and new perspectives on phase transitions in their structure and complexity.",,,,https://en.wikipedia.org/wiki/Lars_Onsager_Prize,Wikipedia table | citation: aps.org prize-recipient page via Internet Archive
lars_onsager,Lars Onsager Prize,,2016,Giorgio Parisi,Giorgio Parisi,"For groundbreaking work applying spin glass ideas to ensembles of computational problems, yielding both new classes of efficient algorithms and new perspectives on phase transitions in their structure and complexity.",,,,https://en.wikipedia.org/wiki/Lars_Onsager_Prize,Wikipedia table | citation: aps.org prize-recipient page via Internet Archive
lars_onsager,Lars Onsager Prize,,2016,Riccardo Zecchina,Riccardo Zecchina,"For groundbreaking work applying spin glass ideas to ensembles of computational problems, yielding both new classes of efficient algorithms and new perspectives on phase transitions in their structure and complexity.",,,,https://en.wikipedia.org/wiki/Lars_Onsager_Prize,Wikipedia table | citation: aps.org prize-recipient page via Internet Archive
lars_onsager,Lars Onsager Prize,,2017,Natan Andrei,Natan Andrei,"For the pioneering discovery of the exact solution of the Kondo and Anderson models, opening a new field of exact treatments of quantum impurity systems.",,,,https://en.wikipedia.org/wiki/Lars_Onsager_Prize,Wikipedia table | citation: aps.org prize-recipient page via Internet Archive
lars_onsager,Lars Onsager Prize,,2017,Paul Wiegmann,Paul Wiegmann,"For the pioneering discovery of the exact solution of the Kondo and Anderson models, opening a new field of exact treatments of quantum impurity systems.",,,,https://en.wikipedia.org/wiki/Lars_Onsager_Prize,Wikipedia table | citation: aps.org prize-recipient page via Internet Archive
lars_onsager,Lars Onsager Prize,,2018,Subir Sachdev,Subir Sachdev,"for his seminal contributions to the theory of quantum phase transitions, quantum magnetism, and fractionalized spin liquids, and for his leadership in the physics community.",,,,https://en.wikipedia.org/wiki/Lars_Onsager_Prize,Wikipedia table | citation: aps.org prize-recipient page via Internet Archive
lars_onsager,Lars Onsager Prize,,2019,Christopher Jarzynski,Christopher Jarzynski,"For seminal contributions to non-equilibrium thermodynamics and statistical mechanics that have had remarkable impact on experimental research in single-molecule and biological physics, engendering whole new fields of theoretical, numerical, and laboratory research, as well as for groundbreaking work on the thermodynamics of small systems.",,,,https://en.wikipedia.org/wiki/Lars_Onsager_Prize,Wikipedia table | citation: aps.org prize-recipient page via Internet Archive
lars_onsager,Lars Onsager Prize,,2020,Tamás Vicsek,Tamás Vicsek,For seminal work on the theory of flocking that marked the birth and contributed greatly to the development of the field of active matter.,,,,https://en.wikipedia.org/wiki/Lars_Onsager_Prize,Wikipedia table | citation: aps.org prize-recipient page via Internet Archive
lars_onsager,Lars Onsager Prize,,2020,Yuhai Tu,Yuhai Tu,For seminal work on the theory of flocking that marked the birth and contributed greatly to the development of the field of active matter.,,,,https://en.wikipedia.org/wiki/Lars_Onsager_Prize,Wikipedia table | citation: aps.org prize-recipient page via Internet Archive
lars_onsager,Lars Onsager Prize,,2020,John Toner,John Toner,For seminal work on the theory of flocking that marked the birth and contributed greatly to the development of the field of active matter.,,,,https://en.wikipedia.org/wiki/Lars_Onsager_Prize,Wikipedia table | citation: aps.org prize-recipient page via Internet Archive
lars_onsager,Lars Onsager Prize,,2021,Lev Pitaevskii,Lev Pitaevskii,"For originating the Gross-Pitaevskii theory of non-uniform Bose-Einstein condensates and subsequent extensive contributions to the theory of quantum fluids, especially as applied to ultracold atomic gases.",,,,https://en.wikipedia.org/wiki/Lars_Onsager_Prize,Wikipedia table | citation: aps.org prize-recipient page via Internet Archive
lars_onsager,Lars Onsager Prize,,2022,Boris Altshuler,Boris Altshuler,"For foundational work on many-body localization, its associated phase transition, and implications for thermalization and ergodicity.",,,,https://en.wikipedia.org/wiki/Lars_Onsager_Prize,Wikipedia table | citation: aps.org prize-recipient page via Internet Archive
lars_onsager,Lars Onsager Prize,,2022,David A. Huse,David A. Huse,"For foundational work on many-body localization, its associated phase transition, and implications for thermalization and ergodicity.",,,,https://en.wikipedia.org/wiki/Lars_Onsager_Prize,Wikipedia table | citation: aps.org prize-recipient page via Internet Archive
lars_onsager,Lars Onsager Prize,,2022,Igor Aleiner,Igor Aleiner,"For foundational work on many-body localization, its associated phase transition, and implications for thermalization and ergodicity.",,,,https://en.wikipedia.org/wiki/Lars_Onsager_Prize,Wikipedia table | citation: aps.org prize-recipient page via Internet Archive
lars_onsager,Lars Onsager Prize,,2023,Peter Hänggi,Peter Hänggi,"For the development of Brownian motors and pioneering contributions to nonequilibrium statistical physics, relativistic and quantum thermodynamics.",,,,https://en.wikipedia.org/wiki/Lars_Onsager_Prize,Wikipedia table | citation: aps.org prize-recipient page via Internet Archive
lars_onsager,Lars Onsager Prize,,2024,Jacques Prost,Jacques Prost,For influential contributions to the statistical physics of nonequilibrium phenomena and applications to soft matter and biological systems.,,,,https://en.wikipedia.org/wiki/Lars_Onsager_Prize,Wikipedia table | citation: aps.org prize-recipient page via Internet Archive
lars_onsager,Lars Onsager Prize,,2025,Jean-Philippe Bouchaud,Jean-Philippe Bouchaud,,,,,https://en.wikipedia.org/wiki/Lars_Onsager_Prize,Wikipedia table
lars_onsager,Lars Onsager Prize,,2025,Jorge Kurchan,Jorge Kurchan,,,,,https://en.wikipedia.org/wiki/Lars_Onsager_Prize,Wikipedia table
lars_onsager,Lars Onsager Prize,,2025,Leticia Fernanda Cugliandolo,Leticia Fernanda Cugliandolo,,,,,https://en.wikipedia.org/wiki/Lars_Onsager_Prize,Wikipedia table
lars_onsager,Lars Onsager Prize,,2026,Mehran Kardar,Mehran Kardar,,,,,https://en.wikipedia.org/wiki/Lars_Onsager_Prize,Wikipedia table
lorentz,Lorentz Medal,,1927,Max Planck,Max Planck,,,,,https://en.wikipedia.org/wiki/Lorentz_Medal,Wikipedia table
lorentz,Lorentz Medal,,1931,Wolfgang Pauli,Wolfgang Pauli,,,,,https://en.wikipedia.org/wiki/Lorentz_Medal,Wikipedia table
lorentz,Lorentz Medal,,1935,Peter Debye,Peter Debye,,,,,https://en.wikipedia.org/wiki/Lorentz_Medal,Wikipedia table
lorentz,Lorentz Medal,,1939,Arnold Sommerfeld,Arnold Sommerfeld,,,,,https://en.wikipedia.org/wiki/Lorentz_Medal,Wikipedia table
lorentz,Lorentz Medal,,1947,Hendrik A. Kramers,Hendrik A. Kramers,,,,,https://en.wikipedia.org/wiki/Lorentz_Medal,Wikipedia table
lorentz,Lorentz Medal,,1953,Fritz London,Fritz London,,,,,https://en.wikipedia.org/wiki/Lorentz_Medal,Wikipedia table
lorentz,Lorentz Medal,,1958,Lars Onsager,Lars Onsager,,,,,https://en.wikipedia.org/wiki/Lorentz_Medal,Wikipedia table
lorentz,Lorentz Medal,,1962,Rudolf E. Peierls,Rudolf E. Peierls,,,,,https://en.wikipedia.org/wiki/Lorentz_Medal,Wikipedia table
lorentz,Lorentz Medal,,1966,Freeman J. Dyson,Freeman J. Dyson,,,,,https://en.wikipedia.org/wiki/Lorentz_Medal,Wikipedia table
lorentz,Lorentz Medal,,1970,George Uhlenbeck,George Uhlenbeck,,,,,https://en.wikipedia.org/wiki/Lorentz_Medal,Wikipedia table
lorentz,Lorentz Medal,,1974,John H. van Vleck,John H. van Vleck,,,,,https://en.wikipedia.org/wiki/Lorentz_Medal,Wikipedia table
lorentz,Lorentz Medal,,1978,Nicolaas Bloembergen,Nicolaas Bloembergen,,,,,https://en.wikipedia.org/wiki/Lorentz_Medal,Wikipedia table
lorentz,Lorentz Medal,,1982,Anatole Abragam,Anatole Abragam,,,,,https://en.wikipedia.org/wiki/Lorentz_Medal,Wikipedia table
lorentz,Lorentz Medal,,1986,Gerard 't Hooft,Gerard 't Hooft,,,,,https://en.wikipedia.org/wiki/Lorentz_Medal,Wikipedia table
lorentz,Lorentz Medal,,1990,Pierre-Gilles de Gennes,Pierre-Gilles de Gennes,,,,,https://en.wikipedia.org/wiki/Lorentz_Medal,Wikipedia table
lorentz,Lorentz Medal,,1994,Alexander Polyakov,Alexander Polyakov,,,,,https://en.wikipedia.org/wiki/Lorentz_Medal,Wikipedia table
lorentz,Lorentz Medal,,1998,Carl E. Wieman,Carl E. Wieman,,,,,https://en.wikipedia.org/wiki/Lorentz_Medal,Wikipedia table
lorentz,Lorentz Medal,,1998,Eric A. Cornell,Eric A. Cornell,,,,,https://en.wikipedia.org/wiki/Lorentz_Medal,Wikipedia table
lorentz,Lorentz Medal,,2002,Frank Wilczek,Frank Wilczek,"De Amerikaanse fysicus Frank Wilczek (1951), verbonden aan het Massachusetts Institute of Technology (MIT), heeft de Lorentzmedaille 2002 ontvangen. Hij krijgt de prijs voor zijn baanbrekend werk op het terrein van de deeltjesfysica.",,,,https://en.wikipedia.org/wiki/Lorentz_Medal,Wikipedia table | citation: knaw.nl Lorentzmedaille page (nl)
lorentz,Lorentz Medal,,2006,Leo P. Kadanoff,Leo P. Kadanoff,"De fysicus Leo Kadanoff, verbonden aan University of Chicago, heeft de Lorentzmedaille 2006 ontvangen. Hij kreeg de prijs voor zijn bijdragen aan de statistische fysica, in het bijzonder de theorie van faseovergangen.",,,,https://en.wikipedia.org/wiki/Lorentz_Medal,Wikipedia table | citation: knaw.nl Lorentzmedaille page (nl)
lorentz,Lorentz Medal,,2010,Edward Witten,Edward Witten,"Edward Witten, hoogleraar aan het Institute for Advanced Study, Princeton, USA, ontving de Lorentzmedaille 2010 voor zijn baanbrekende bijdragen aan de wiskundige beschrijving van fundamentele krachten en elementaire deeltjes, in het bijzonder de snaartheorie.",,,,https://en.wikipedia.org/wiki/Lorentz_Medal,Wikipedia table | citation: knaw.nl Lorentzmedaille page (nl)
lorentz,Lorentz Medal,,2014,Michael Berry,Michael Berry,"Michael Berry, emeritus hoogleraar aan de Universiteit van Bristol, krijgt de Lorentzmedaille 2014 voor de ontwikkeling van de theorie van de geometrische fase, die zowel in de kwantummechanica als in de klassieke golftheorie van groot belang is.",,,,https://en.wikipedia.org/wiki/Lorentz_Medal,Wikipedia table | citation: knaw.nl Lorentzmedaille page (nl)
lorentz,Lorentz Medal,,2018,Juan M. Maldacena,Juan M. Maldacena,"De natuurkundige Juan Martín Maldacena, hoogleraar aan het Institute for Advanced Study in Princeton, krijgt de Lorentzmedaille 2018 voor zijn baanbrekend en vernieuwend werk in de theoretische natuurkunde gedurende de afgelopen twee decennia.",,,,https://en.wikipedia.org/wiki/Lorentz_Medal,Wikipedia table | citation: knaw.nl Lorentzmedaille page (nl)
lorentz,Lorentz Medal,,2022,Daan Frenkel,Daan Frenkel,"Daan Frenkel, emeritus hoogleraar aan de Universiteit van Cambridge, krijgt de onderscheiding van de KNAW voor zijn baanbrekend en vernieuwend werk in de theoretische natuurkunde.",,,,https://en.wikipedia.org/wiki/Lorentz_Medal,Wikipedia table | citation: knaw.nl Lorentzmedaille page (nl)
lorentz,Lorentz Medal,,2025,Charles L. Kane,Charles L. Kane,Charles Kane is hoogleraar natuurkunde aan de University of Pennsylvania. Hij krijgt de medaille voor zijn visionaire onderzoek naar materiaaleigenschappen op kwantumniveau. Zijn werk heeft ons begrip van kwantumfysica ingrijpend veranderd.,,,,https://en.wikipedia.org/wiki/Lorentz_Medal,Wikipedia table | citation: knaw.nl Lorentzmedaille page (nl)
max_planck,Max Planck Medal,,1929,Max Planck,Max Planck,,,,,https://en.wikipedia.org/wiki/Max_Planck_Medal,Wikipedia table
max_planck,Max Planck Medal,,1929,Albert Einstein,Albert Einstein,,,,,https://en.wikipedia.org/wiki/Max_Planck_Medal,Wikipedia table
max_planck,Max Planck Medal,,1930,Niels Bohr,Niels Bohr,,,,,https://en.wikipedia.org/wiki/Max_Planck_Medal,Wikipedia table
max_planck,Max Planck Medal,,1931,Arnold Sommerfeld,Arnold Sommerfeld,,,,,https://en.wikipedia.org/wiki/Max_Planck_Medal,Wikipedia table
max_planck,Max Planck Medal,,1932,Max von Laue,Max von Laue,,,,,https://en.wikipedia.org/wiki/Max_Planck_Medal,Wikipedia table
max_planck,Max Planck Medal,,1933,Werner Heisenberg,Werner Heisenberg,,,,,https://en.wikipedia.org/wiki/Max_Planck_Medal,Wikipedia table
max_planck,Max Planck Medal,,1937,Erwin Schrödinger,Erwin Schrödinger,,,,,https://en.wikipedia.org/wiki/Max_Planck_Medal,Wikipedia table
max_planck,Max Planck Medal,,1938,Louis de Broglie,Louis de Broglie,,,,,https://en.wikipedia.org/wiki/Max_Planck_Medal,Wikipedia table
max_planck,Max Planck Medal,,1942,Pascual Jordan,Pascual Jordan,,,,,https://en.wikipedia.org/wiki/Max_Planck_Medal,Wikipedia table
max_planck,Max Planck Medal,,1943,Friedrich Hund,Friedrich Hund,,,,,https://en.wikipedia.org/wiki/Max_Planck_Medal,Wikipedia table
max_planck,Max Planck Medal,,1944,Walther Kossel,Walther Kossel,,,,,https://en.wikipedia.org/wiki/Max_Planck_Medal,Wikipedia table
max_planck,Max Planck Medal,,1948,Max Born,Max Born,,,,,https://en.wikipedia.org/wiki/Max_Planck_Medal,Wikipedia table
max_planck,Max Planck Medal,,1949,Lise Meitner,Lise Meitner,,,,,https://en.wikipedia.org/wiki/Max_Planck_Medal,Wikipedia table
max_planck,Max Planck Medal,,1949,Otto Hahn,Otto Hahn,,,,,https://en.wikipedia.org/wiki/Max_Planck_Medal,Wikipedia table
max_planck,Max Planck Medal,,1950,Peter Debye,Peter Debye,,,,,https://en.wikipedia.org/wiki/Max_Planck_Medal,Wikipedia table
max_planck,Max Planck Medal,,1951,James Franck,James Franck,,,,,https://en.wikipedia.org/wiki/Max_Planck_Medal,Wikipedia table
max_planck,Max Planck Medal,,1951,Gustav Hertz,Gustav Hertz,,,,,https://en.wikipedia.org/wiki/Max_Planck_Medal,Wikipedia table
max_planck,Max Planck Medal,,1952,Paul Dirac,Paul Dirac,,,,,https://en.wikipedia.org/wiki/Max_Planck_Medal,Wikipedia table
max_planck,Max Planck Medal,,1953,Walther Bothe,Walther Bothe,,,,,https://en.wikipedia.org/wiki/Max_Planck_Medal,Wikipedia table
max_planck,Max Planck Medal,,1954,Enrico Fermi,Enrico Fermi,,,,,https://en.wikipedia.org/wiki/Max_Planck_Medal,Wikipedia table
max_planck,Max Planck Medal,,1955,Hans Bethe,Hans Bethe,,,,,https://en.wikipedia.org/wiki/Max_Planck_Medal,Wikipedia table
max_planck,Max Planck Medal,,1956,Victor Weisskopf,Victor Weisskopf,,,,,https://en.wikipedia.org/wiki/Max_Planck_Medal,Wikipedia table
max_planck,Max Planck Medal,,1957,Carl Friedrich von Weizsäcker,Carl Friedrich von Weizsäcker,,,,,https://en.wikipedia.org/wiki/Max_Planck_Medal,Wikipedia table
max_planck,Max Planck Medal,,1958,Wolfgang Pauli,Wolfgang Pauli,,,,,https://en.wikipedia.org/wiki/Max_Planck_Medal,Wikipedia table
max_planck,Max Planck Medal,,1959,Oskar Klein,Oskar Klein,,,,,https://en.wikipedia.org/wiki/Max_Planck_Medal,Wikipedia table
max_planck,Max Planck Medal,,1960,Lev Landau,Lev Landau,,,,,https://en.wikipedia.org/wiki/Max_Planck_Medal,Wikipedia table
max_planck,Max Planck Medal,,1961,Eugene Wigner,Eugene Wigner,,,,,https://en.wikipedia.org/wiki/Max_Planck_Medal,Wikipedia table
max_planck,Max Planck Medal,,1962,Ralph Kronig,Ralph Kronig,,,,,https://en.wikipedia.org/wiki/Max_Planck_Medal,Wikipedia table
max_planck,Max Planck Medal,,1963,Rudolf Peierls,Rudolf Peierls,,,,,https://en.wikipedia.org/wiki/Max_Planck_Medal,Wikipedia table
max_planck,Max Planck Medal,,1964,Samuel Goudsmit,Samuel Goudsmit,,,,,https://en.wikipedia.org/wiki/Max_Planck_Medal,Wikipedia table
max_planck,Max Planck Medal,,1964,George Uhlenbeck,George Uhlenbeck,,,,,https://en.wikipedia.org/wiki/Max_Planck_Medal,Wikipedia table
max_planck,Max Planck Medal,,1965,not awarded,not awarded,,,,,https://en.wikipedia.org/wiki/Max_Planck_Medal,Wikipedia table
max_planck,Max Planck Medal,,1966,Gerhart Lüders,Gerhart Lüders,,,,,https://en.wikipedia.org/wiki/Max_Planck_Medal,Wikipedia table
max_planck,Max Planck Medal,,1967,Harry Lehmann,Harry Lehmann,,,,,https://en.wikipedia.org/wiki/Max_Planck_Medal,Wikipedia table
max_planck,Max Planck Medal,,1968,Walter Heitler,Walter Heitler,,,,,https://en.wikipedia.org/wiki/Max_Planck_Medal,Wikipedia table
max_planck,Max Planck Medal,,1969,Freeman Dyson,Freeman Dyson,,,,,https://en.wikipedia.org/wiki/Max_Planck_Medal,Wikipedia table
max_planck,Max Planck Medal,,1970,Rudolf Haag,Rudolf Haag,,,,,https://en.wikipedia.org/wiki/Max_Planck_Medal,Wikipedia table
max_planck,Max Planck Medal,,1971,not awarded,not awarded,,,,,https://en.wikipedia.org/wiki/Max_Planck_Medal,Wikipedia table
max_planck,Max Planck Medal,,1972,Herbert Fröhlich,Herbert Fröhlich,,,,,https://en.wikipedia.org/wiki/Max_Planck_Medal,Wikipedia table
max_planck,Max Planck Medal,,1973,Nikolay Bogolyubov,Nikolay Bogolyubov,,,,,https://en.wikipedia.org/wiki/Max_Planck_Medal,Wikipedia table
max_planck,Max Planck Medal,,1974,Léon Van Hove,Léon Van Hove,,,,,https://en.wikipedia.org/wiki/Max_Planck_Medal,Wikipedia table
max_planck,Max Planck Medal,,1975,Gregor Wentzel,Gregor Wentzel,,,,,https://en.wikipedia.org/wiki/Max_Planck_Medal,Wikipedia table
max_planck,Max Planck Medal,,1976,Ernst Stueckelberg,Ernst Stueckelberg,,,,,https://en.wikipedia.org/wiki/Max_Planck_Medal,Wikipedia table
max_planck,Max Planck Medal,,1977,Walter Thirring,Walter Thirring,,,,,https://en.wikipedia.org/wiki/Max_Planck_Medal,Wikipedia table
max_planck,Max Planck Medal,,1978,Paul Peter Ewald,Paul Peter Ewald,,,,,https://en.wikipedia.org/wiki/Max_Planck_Medal,Wikipedia table
max_planck,Max Planck Medal,,1979,Markus Fierz,Markus Fierz,,,,,https://en.wikipedia.org/wiki/Max_Planck_Medal,Wikipedia table
max_planck,Max Planck Medal,,1980,not awarded,not awarded,,,,,https://en.wikipedia.org/wiki/Max_Planck_Medal,Wikipedia table
max_planck,Max Planck Medal,,1981,Kurt Symanzik,Kurt Symanzik,,,,,https://en.wikipedia.org/wiki/Max_Planck_Medal,Wikipedia table
max_planck,Max Planck Medal,,1982,Hans-Arwed Weidenmüller,Hans-Arwed Weidenmüller,,,,,https://en.wikipedia.org/wiki/Max_Planck_Medal,Wikipedia table
max_planck,Max Planck Medal,,1983,Nicholas Kemmer,Nicholas Kemmer,,,,,https://en.wikipedia.org/wiki/Max_Planck_Medal,Wikipedia table
max_planck,Max Planck Medal,,1984,Res Jost,Res Jost,,,,,https://en.wikipedia.org/wiki/Max_Planck_Medal,Wikipedia table
max_planck,Max Planck Medal,,1985,Yoichiro Nambu,Yoichiro Nambu,,,,,https://en.wikipedia.org/wiki/Max_Planck_Medal,Wikipedia table
max_planck,Max Planck Medal,,1986,Franz Wegner,Franz Wegner,,,,,https://en.wikipedia.org/wiki/Max_Planck_Medal,Wikipedia table
max_planck,Max Planck Medal,,1987,Julius Wess,Julius Wess,,,,,https://en.wikipedia.org/wiki/Max_Planck_Medal,Wikipedia table
max_planck,Max Planck Medal,,1988,Valentine Bargmann,Valentine Bargmann,,,,,https://en.wikipedia.org/wiki/Max_Planck_Medal,Wikipedia table
max_planck,Max Planck Medal,,1989,Bruno Zumino,Bruno Zumino,,,,,https://en.wikipedia.org/wiki/Max_Planck_Medal,Wikipedia table
max_planck,Max Planck Medal,,1990,Hermann Haken,Hermann Haken,,,,,https://en.wikipedia.org/wiki/Max_Planck_Medal,Wikipedia table
max_planck,Max Planck Medal,,1991,Wolfhart Zimmermann,Wolfhart Zimmermann,,,,,https://en.wikipedia.org/wiki/Max_Planck_Medal,Wikipedia table
max_planck,Max Planck Medal,,1992,Elliott H. Lieb,Elliott H. Lieb,,,,,https://en.wikipedia.org/wiki/Max_Planck_Medal,Wikipedia table
max_planck,Max Planck Medal,,1993,Kurt Binder,Kurt Binder,,,,,https://en.wikipedia.org/wiki/Max_Planck_Medal,Wikipedia table
max_planck,Max Planck Medal,,1994,Hans-Jürgen Borchers,Hans-Jürgen Borchers,,,,,https://en.wikipedia.org/wiki/Max_Planck_Medal,Wikipedia table
max_planck,Max Planck Medal,,1995,Siegfried Grossmann,Siegfried Grossmann,,,,,https://en.wikipedia.org/wiki/Max_Planck_Medal,Wikipedia table
max_planck,Max Planck Medal,,1996,Ludvig Faddeev,Ludvig Faddeev,,,,,https://en.wikipedia.org/wiki/Max_Planck_Medal,Wikipedia table
max_planck,Max Planck Medal,,1997,Gerald E. Brown,Gerald E. Brown,,,,,https://en.wikipedia.org/wiki/Max_Planck_Medal,Wikipedia table
max_planck,Max Planck Medal,,1998,Raymond Stora,Raymond Stora,,,,,https://en.wikipedia.org/wiki/Max_Planck_Medal,Wikipedia table
max_planck,Max Planck Medal,,1999,Pierre Hohenberg,Pierre Hohenberg,,,,,https://en.wikipedia.org/wiki/Max_Planck_Medal,Wikipedia table
max_planck,Max Planck Medal,,2000,Martin Lüscher,Martin Lüscher,,,,,https://en.wikipedia.org/wiki/Max_Planck_Medal,Wikipedia table
max_planck,Max Planck Medal,,2001,Jürg Fröhlich,Jürg Fröhlich,"In Würdigung seiner bedeutenden und exakten Beiträge zur Quantenfeldtheorie und deren Anwendung auf Quantenelektrodynamik, Phasenübergänge, ungeordneten Systeme und gebrochenzahligen Quantenhalleffekt.",,,,https://en.wikipedia.org/wiki/Max_Planck_Medal,Wikipedia table | citation: dpg-physik.de Max-Planck-Medaille laureate page (de)
max_planck,Max Planck Medal,,2002,Jürgen Ehlers,Jürgen Ehlers,"In Würdigung seiner bedeutenden und grundlegenden Beiträge zur Allgemeinen Relativitätstheorie, zur Kosmologie und zur allgemein relativistischen Kinetischen Theorie und Hydrodynamik.",,,,https://en.wikipedia.org/wiki/Max_Planck_Medal,Wikipedia table | citation: dpg-physik.de Max-Planck-Medaille laureate page (de)
max_planck,Max Planck Medal,,2003,Martin Gutzwiller,Martin Gutzwiller,In Würdigung seiner bedeutenden Beiträge zur Quantentheorie der Übergangs-Metalle und insbesondere zur semiklassischen Beziehung (Spurformel) zwischen periodischen Bahnen und Quanten-Spektren.,,,,https://en.wikipedia.org/wiki/Max_Planck_Medal,Wikipedia table | citation: dpg-physik.de Max-Planck-Medaille laureate page (de)
max_planck,Max Planck Medal,,2004,Klaus Hepp,Klaus Hepp,"Für seine bedeutenden Beiträge zur Quantenfeldtheorie und Laserphysik sowie für seine Arbeiten auf dem Gebiet der Neurowissenschaften. Der gebürtige Kieler mit Schweizer Pass hat seit den 1970ern die Informationsverarbeitung des menschlichen Gehirns erforscht - insbesondere das Zusammenspiel zwischen Seh-, Bewegungssinn und Augenbewegung. Diese neuronale Abstimmung versagt bei Menschen mit Gleichgewichtsstörungen, auch bei Seekranken ist sie aus dem Takt geraten.",,,,https://en.wikipedia.org/wiki/Max_Planck_Medal,Wikipedia table | citation: dpg-physik.de Max-Planck-Medaille laureate page (de)
max_planck,Max Planck Medal,,2005,Peter Zoller,Peter Zoller,"Für seine bedeutenden Beiträge auf dem Gebiet der Quantenoptik, insbesondere der Wechselwirkung von Laserlicht mit Atomen. Besonders hervorzuheben sind in diesem Zusammenhang die Arbeiten des Österreichers zum ultrakalten Bosonengas im optischen Gitter sowie zur Erreichung langer Kohärenzzeiten in Quantencomputern.",,,,https://en.wikipedia.org/wiki/Max_Planck_Medal,Wikipedia table | citation: dpg-physik.de Max-Planck-Medaille laureate page (de)
max_planck,Max Planck Medal,,2006,Wolfgang Götze,Wolfgang Götze,"Für seine bedeutenden Beiträge zur Theorie der kondensierten Materie, insbesondere zur Entwicklung der Moden-Kopplungstheorie und ihre erfolgreiche Anwendung auf das Verständnis des Glasübergangs.",,,,https://en.wikipedia.org/wiki/Max_Planck_Medal,Wikipedia table | citation: dpg-physik.de Max-Planck-Medaille laureate page (de)
max_planck,Max Planck Medal,,2007,Joel Lebowitz,Joel Lebowitz,"Für seine bedeutenden Beiträge zur statistischen Physik der Gleichgewichts- und Nicht-Gleichgewichtssysteme, insbesondere für seine Beiträge zur Theorie der Phasenübergänge, der Dynamik unendlicher Systeme und der stationären Zustände im Nicht-Gleichgewicht. Ferner wird er dafür gewürdigt, dass er an vorderster Front neue Strömungen des Fachs gefördert und mit großer Begeisterung mehrere Generationen von Wissenschaftlern an das Gebiet herangeführt hat.",,,,https://en.wikipedia.org/wiki/Max_Planck_Medal,Wikipedia table | citation: dpg-physik.de Max-Planck-Medaille laureate page (de)
max_planck,Max Planck Medal,,2008,Detlev Buchholz,Detlev Buchholz,Für seine herausragenden Beiträge zur Quantenfeldtheorie.,,,,https://en.wikipedia.org/wiki/Max_Planck_Medal,Wikipedia table | citation: dpg-physik.de Max-Planck-Medaille laureate page (de)
max_planck,Max Planck Medal,,2009,Robert Graham,Robert Graham,"Prof. Graham hat sehr bedeutende Beiträge zu den Gebieten der Quantenoptik geliefert, der Statistischen Mechanik offener stationärer Systeme außerhalb des thermodynamischen Gleichgewichts, der Quantenflüssigkeiten und Quantengase sowie des Quantenchaos. Darüber hinaus hat er auch Quantenaspekte der Kosmologie behandelt.",,,,https://en.wikipedia.org/wiki/Max_Planck_Medal,Wikipedia table | citation: dpg-physik.de Max-Planck-Medaille laureate page (de)
max_planck,Max Planck Medal,,2010,Dieter Vollhardt,Dieter Vollhardt,In Würdigung seiner bedeutenden Beiträge zur Ableitung einer neuen Meanfield-Theorie korrelierter Quantensysteme und zum Verständnis von Vielteilchenproblemen in der Quantentheorie kondensierter Materie,,,,https://en.wikipedia.org/wiki/Max_Planck_Medal,Wikipedia table | citation: dpg-physik.de Max-Planck-Medaille laureate page (de)
max_planck,Max Planck Medal,,2011,Giorgio Parisi,Giorgio Parisi,"Für seine bedeutenden Beiträge in der theoretischen Elementarteilchenphysik und Quantenfeldtheorie und der Statistischen Physik, insbesondere von Systemen mit eingefrorener Unordnung, vor allem Spingläser.",,,,https://en.wikipedia.org/wiki/Max_Planck_Medal,Wikipedia table | citation: dpg-physik.de Max-Planck-Medaille laureate page (de)
max_planck,Max Planck Medal,,2012,Martin Zirnbauer,Martin Zirnbauer,"Für seine bedeutenden Beiträge zur Verknüpfung von Supersymmetrie und Zufallsmatrizen und deren Anwendungen in Kernen, ungeordneten mesoskopischen Systemen und chaotischen Quantensystemen, sowie zu anderen Gebieten der mathematischen Physik.",,,,https://en.wikipedia.org/wiki/Max_Planck_Medal,Wikipedia table | citation: dpg-physik.de Max-Planck-Medaille laureate page (de)
max_planck,Max Planck Medal,,2013,Werner Nahm,Werner Nahm,Für seine wichtigen Arbeiten über magnetische Monopol-Lösungen in Yang-Mills-Theorien und seine Klassifizierung der für die String-Theorien wichtigen modularen Partitionsfunktionen und der Super-Lie-Algebren.,,,,https://en.wikipedia.org/wiki/Max_Planck_Medal,Wikipedia table | citation: dpg-physik.de Max-Planck-Medaille laureate page (de)
max_planck,Max Planck Medal,,2014,David Ruelle,David Ruelle,"Für seine grundlegenden Beiträge zur relativistischen Quantenfeldtheorie, statistischen Mechanik und Theorie der dynamischen Systeme mit Anwendungen auf das Problem des Einsetzens von Turbulenz.",,,,https://en.wikipedia.org/wiki/Max_Planck_Medal,Wikipedia table | citation: dpg-physik.de Max-Planck-Medaille laureate page (de)
max_planck,Max Planck Medal,,2015,Viatcheslav Mukhanov,Viatcheslav Mukhanov,In Würdigung seiner grundlegenden Beiträge zur Kosmologie und insbesondere zur Strukturbildung aufgrund von Quantenfluktuationen im frühen Universum.,,,,https://en.wikipedia.org/wiki/Max_Planck_Medal,Wikipedia table | citation: dpg-physik.de Max-Planck-Medaille laureate page (de)
max_planck,Max Planck Medal,,2016,Herbert Wagner,Herbert Wagner,"In Würdigung seiner grundlegenden Beiträge zur Theorie der Phasenübergänge – insbesondere in niederdimensionalen, magnetischen Systemen – und der Dynamik kritischer Phänomene.",,,,https://en.wikipedia.org/wiki/Max_Planck_Medal,Wikipedia table | citation: dpg-physik.de Max-Planck-Medaille laureate page (de)
max_planck,Max Planck Medal,,2017,Herbert Spohn,Herbert Spohn,In Würdigung seiner bedeutenden Beiträge zur Statistischen Physik hinsichtlich der Aufklärung des Übergangs von mikroskopischer Physik zu makroskopischem Verhalten.,,,,https://en.wikipedia.org/wiki/Max_Planck_Medal,Wikipedia table | citation: dpg-physik.de Max-Planck-Medaille laureate page (de)
max_planck,Max Planck Medal,,2018,Juan Ignacio Cirac,Juan Ignacio Cirac,Für seine herausragenden Beiträge auf dem Gebiet der Quanteninformationstheorie und Quantenoptik.,,,,https://en.wikipedia.org/wiki/Max_Planck_Medal,Wikipedia table | citation: dpg-physik.de Max-Planck-Medaille laureate page (de)
max_planck,Max Planck Medal,,2019,Detlef Lohse,Detlef Lohse,In Würdigung seiner bedeutenden theoretischen Beiträge zum Verständnis der Einzelblasen-Sonolumineszenz sowie zur Physik turbulenter Strömungen.,,,,https://en.wikipedia.org/wiki/Max_Planck_Medal,Wikipedia table | citation: dpg-physik.de Max-Planck-Medaille laureate page (de)
max_planck,Max Planck Medal,,2020,Andrzej Buras,Andrzej Buras,"Für seine herausragenden Beiträge zur angewandten Quantenfeldtheorie fundamentaler Wechselwirkungen, insbesondere auf dem Gebiet der Flavorphysik und der Quantenchromodynamik.",,,,https://en.wikipedia.org/wiki/Max_Planck_Medal,Wikipedia table | citation: dpg-physik.de Max-Planck-Medaille laureate page (de)
max_planck,Max Planck Medal,,2021,Alexander Markovich Polyakov,Alexander Markovich Polyakov,"In Würdigung seiner wegweisenden Pionierarbeiten zur Quantenfeldtheorie und Statistischen Mechanik, speziell zu Monopolen und Instanton-Lösungen von Yang-Mills-Theorien, zum konformen Bootstrap und zur Eich-String-Dualität.",,,,https://en.wikipedia.org/wiki/Max_Planck_Medal,Wikipedia table | citation: dpg-physik.de Max-Planck-Medaille laureate page (de)
max_planck,Max Planck Medal,,2022,Annette Zippelius,Annette Zippelius,"In Würdigung ihrer fundamentalen Beiträge, welche die statistische Physik kondensierter Materie konzeptionell wie methodisch nachhaltig beeinflusst haben; insbesondere für ihre herausragenden Arbeiten zu den Schmelzübergängen dünner Filme, zur statistischen Theorie neuronaler Netze und zur Dynamik granularer Gase.",,,,https://en.wikipedia.org/wiki/Max_Planck_Medal,Wikipedia table | citation: dpg-physik.de Max-Planck-Medaille laureate page (de)
max_planck,Max Planck Medal,,2023,Rashid A. Sunyaev,Rashid A. Sunyaev,"In Würdigung seiner zahlreichen und fundamentalen Beiträge zur relativistischen Astrophysik und zur Kosmologie, insbesondere für die theoretische Vorhersage der experimentell beobachteten Veränderungen im Spektrum der kosmischen Hintergrundstrahlung beim Durchgang durch Galaxienhaufen.",,,,https://en.wikipedia.org/wiki/Max_Planck_Medal,Wikipedia table | citation: dpg-physik.de Max-Planck-Medaille laureate page (de)
max_planck,Max Planck Medal,,2024,Erwin Frey,Erwin Frey,"In Würdigung seiner fundamentalen Beiträge zur Theoretischen Biophysik, insbesondere zum interzellulären Transport, zu biomolekularen Prozessen und zur Musterbildung in komplexen Systemen.",,,,https://en.wikipedia.org/wiki/Max_Planck_Medal,Wikipedia table | citation: dpg-physik.de Max-Planck-Medaille laureate page (de)
max_planck,Max Planck Medal,,2025,Reinhard F. Werner,Reinhard F. Werner,"In Würdigung seiner grundlegenden theoretischen Beiträge zur Quantenverschränkung, zur Quanten-Nichtlokalität und zu dem Gebiet der Quanteninformation.",,,,https://en.wikipedia.org/wiki/Max_Planck_Medal,Wikipedia table | citation: dpg-physik.de Max-Planck-Medaille laureate page (de)
max_planck,Max Planck Medal,,2026,Kurt Kremer,Kurt Kremer,in Würdigung seiner bahnbrechenden Beiträge zur Simulation von mikroskopischen Modellen für Polymere. Dadurch wurden theoretische Fragestellungen in der Polymerphysik geklärt und unentbehrliche Werkzeuge für die Materialwissenschaften bereitgestellt.,,,,https://en.wikipedia.org/wiki/Max_Planck_Medal,Wikipedia table | citation: dpg-physik.de Max-Planck-Medaille laureate page (de)
nobel_chemistry,Nobel Prize in Chemistry,,1901,Jacobus H. van 't Hoff,Jacobus Henricus van 't Hoff,in recognition of the extraordinary services he has rendered by the discovery of the laws of chemical dynamics and osmotic pressure in solutions,1,,chemistry,https://www.nobelprize.org/prizes/chemistry/1901/summary/,nobelprize.org API 2.1
nobel_chemistry,Nobel Prize in Chemistry,,1902,Emil Fischer,Hermann Emil Fischer,in recognition of the extraordinary services he has rendered by his work on sugar and purine syntheses,1,,chemistry,https://www.nobelprize.org/prizes/chemistry/1902/summary/,nobelprize.org API 2.1
nobel_chemistry,Nobel Prize in Chemistry,,1903,Svante Arrhenius,Svante August Arrhenius,in recognition of the extraordinary services he has rendered to the advancement of chemistry by his electrolytic theory of dissociation,1,,chemistry,https://www.nobelprize.org/prizes/chemistry/1903/summary/,nobelprize.org API 2.1
nobel_chemistry,Nobel Prize in Chemistry,,1904,Sir William Ramsay,Sir William Ramsay,"in recognition of his services in the discovery of the inert gaseous elements in air, and his determination of their place in the periodic system",1,,chemistry,https://www.nobelprize.org/prizes/chemistry/1904/summary/,nobelprize.org API 2.1
nobel_chemistry,Nobel Prize in Chemistry,,1905,Adolf von Baeyer,Johann Friedrich Wilhelm Adolf von Baeyer,"in recognition of his services in the advancement of organic chemistry and the chemical industry, through his work on organic dyes and hydroaromatic compounds",1,,chemistry,https://www.nobelprize.org/prizes/chemistry/1905/summary/,nobelprize.org API 2.1
nobel_chemistry,Nobel Prize in Chemistry,,1906,Henri Moissan,Henri Moissan,"in recognition of the great services rendered by him in his investigation and isolation of the element fluorine, and for the adoption in the service of science of the electric furnace called after him",1,,chemistry,https://www.nobelprize.org/prizes/chemistry/1906/summary/,nobelprize.org API 2.1
nobel_chemistry,Nobel Prize in Chemistry,,1907,Eduard Buchner,Eduard Buchner,for his biochemical researches and his discovery of cell-free fermentation,1,,chemistry,https://www.nobelprize.org/prizes/chemistry/1907/summary/,nobelprize.org API 2.1
nobel_chemistry,Nobel Prize in Chemistry,,1908,Ernest Rutherford,Ernest Rutherford,"for his investigations into the disintegration of the elements, and the chemistry of radioactive substances",1,,chemistry,https://www.nobelprize.org/prizes/chemistry/1908/summary/,nobelprize.org API 2.1
nobel_chemistry,Nobel Prize in Chemistry,,1909,Wilhelm Ostwald,Wilhelm Ostwald,in recognition of his work on catalysis and for his investigations into the fundamental principles governing chemical equilibria and rates of reaction,1,,chemistry,https://www.nobelprize.org/prizes/chemistry/1909/summary/,nobelprize.org API 2.1
nobel_chemistry,Nobel Prize in Chemistry,,1910,Otto Wallach,Otto Wallach,in recognition of his services to organic chemistry and the chemical industry by his pioneer work in the field of alicyclic compounds,1,,chemistry,https://www.nobelprize.org/prizes/chemistry/1910/summary/,nobelprize.org API 2.1
nobel_chemistry,Nobel Prize in Chemistry,,1911,Marie Curie,"Marie Curie, née Skłodowska","in recognition of her services to the advancement of chemistry by the discovery of the elements radium and polonium, by the isolation of radium and the study of the nature and compounds of this remarkable element",1,,chemistry,https://www.nobelprize.org/prizes/chemistry/1911/summary/,nobelprize.org API 2.1
nobel_chemistry,Nobel Prize in Chemistry,,1912,Victor Grignard,Victor Grignard,"for the discovery of the so-called Grignard reagent, which in recent years has greatly advanced the progress of organic chemistry",1/2,,chemistry,https://www.nobelprize.org/prizes/chemistry/1912/summary/,nobelprize.org API 2.1
nobel_chemistry,Nobel Prize in Chemistry,,1912,Paul Sabatier,Paul Sabatier,for his method of hydrogenating organic compounds in the presence of finely disintegrated metals whereby the progress of organic chemistry has been greatly advanced in recent years,1/2,,chemistry,https://www.nobelprize.org/prizes/chemistry/1912/summary/,nobelprize.org API 2.1
nobel_chemistry,Nobel Prize in Chemistry,,1913,Alfred Werner,Alfred Werner,in recognition of his work on the linkage of atoms in molecules by which he has thrown new light on earlier investigations and opened up new fields of research especially in inorganic chemistry,1,,chemistry,https://www.nobelprize.org/prizes/chemistry/1913/summary/,nobelprize.org API 2.1
nobel_chemistry,Nobel Prize in Chemistry,,1914,Theodore W. Richards,Theodore William Richards,in recognition of his accurate determinations of the atomic weight of a large number of chemical elements,1,,chemistry,https://www.nobelprize.org/prizes/chemistry/1914/summary/,nobelprize.org API 2.1
nobel_chemistry,Nobel Prize in Chemistry,,1915,Richard Willstätter,Richard Martin Willstätter,"for his researches on plant pigments, especially chlorophyll",1,,chemistry,https://www.nobelprize.org/prizes/chemistry/1915/summary/,nobelprize.org API 2.1
nobel_chemistry,Nobel Prize in Chemistry,,1918,Fritz Haber,Fritz Haber,for the synthesis of ammonia from its elements,1,,chemistry,https://www.nobelprize.org/prizes/chemistry/1918/summary/,nobelprize.org API 2.1
nobel_chemistry,Nobel Prize in Chemistry,,1920,Walther Nernst,Walther Hermann Nernst,in recognition of his work in thermochemistry,1,,chemistry,https://www.nobelprize.org/prizes/chemistry/1920/summary/,nobelprize.org API 2.1
nobel_chemistry,Nobel Prize in Chemistry,,1921,Frederick Soddy,Frederick Soddy,"for his contributions to our knowledge of the chemistry of radioactive substances, and his investigations into the origin and nature of isotopes",1,,chemistry,https://www.nobelprize.org/prizes/chemistry/1921/summary/,nobelprize.org API 2.1
nobel_chemistry,Nobel Prize in Chemistry,,1922,Francis W. Aston,Francis William Aston,"for his discovery, by means of his mass spectrograph, of isotopes, in a large number of non-radioactive elements, and for his enunciation of the whole-number rule",1,,chemistry,https://www.nobelprize.org/prizes/chemistry/1922/summary/,nobelprize.org API 2.1
nobel_chemistry,Nobel Prize in Chemistry,,1923,Fritz Pregl,Fritz Pregl,for his invention of the method of micro-analysis of organic substances,1,,chemistry,https://www.nobelprize.org/prizes/chemistry/1923/summary/,nobelprize.org API 2.1
nobel_chemistry,Nobel Prize in Chemistry,,1925,Richard Zsigmondy,Richard Adolf Zsigmondy,"for his demonstration of the heterogenous nature of colloid solutions and for the methods he used, which have since become fundamental in modern colloid chemistry",1,,chemistry,https://www.nobelprize.org/prizes/chemistry/1925/summary/,nobelprize.org API 2.1
nobel_chemistry,Nobel Prize in Chemistry,,1926,The Svedberg,The (Theodor) Svedberg,for his work on disperse systems,1,,chemistry,https://www.nobelprize.org/prizes/chemistry/1926/summary/,nobelprize.org API 2.1
nobel_chemistry,Nobel Prize in Chemistry,,1927,Heinrich Wieland,Heinrich Otto Wieland,for his investigations of the constitution of the bile acids and related substances,1,,chemistry,https://www.nobelprize.org/prizes/chemistry/1927/summary/,nobelprize.org API 2.1
nobel_chemistry,Nobel Prize in Chemistry,,1928,Adolf Windaus,Adolf Otto Reinhold Windaus,for the services rendered through his research into the constitution of the sterols and their connection with the vitamins,1,,chemistry,https://www.nobelprize.org/prizes/chemistry/1928/summary/,nobelprize.org API 2.1
nobel_chemistry,Nobel Prize in Chemistry,,1929,Arthur Harden,Arthur Harden,for their investigations on the fermentation of sugar and fermentative enzymes,1/2,,chemistry,https://www.nobelprize.org/prizes/chemistry/1929/summary/,nobelprize.org API 2.1
nobel_chemistry,Nobel Prize in Chemistry,,1929,Hans von Euler-Chelpin,Hans Karl August Simon von Euler-Chelpin,for their investigations on the fermentation of sugar and fermentative enzymes,1/2,,chemistry,https://www.nobelprize.org/prizes/chemistry/1929/summary/,nobelprize.org API 2.1
nobel_chemistry,Nobel Prize in Chemistry,,1930,Hans Fischer,Hans Fischer,for his researches into the constitution of haemin and chlorophyll and especially for his synthesis of haemin,1,,chemistry,https://www.nobelprize.org/prizes/chemistry/1930/summary/,nobelprize.org API 2.1
nobel_chemistry,Nobel Prize in Chemistry,,1931,Carl Bosch,Carl Bosch,in recognition of their contributions to the invention and development of chemical high pressure methods,1/2,,chemistry,https://www.nobelprize.org/prizes/chemistry/1931/summary/,nobelprize.org API 2.1
nobel_chemistry,Nobel Prize in Chemistry,,1931,Friedrich Bergius,Friedrich Bergius,in recognition of their contributions to the invention and development of chemical high pressure methods,1/2,,chemistry,https://www.nobelprize.org/prizes/chemistry/1931/summary/,nobelprize.org API 2.1
nobel_chemistry,Nobel Prize in Chemistry,,1932,Irving Langmuir,Irving Langmuir,for his discoveries and investigations in surface chemistry,1,,chemistry,https://www.nobelprize.org/prizes/chemistry/1932/summary/,nobelprize.org API 2.1
nobel_chemistry,Nobel Prize in Chemistry,,1934,Harold C. Urey,Harold Clayton Urey,for his discovery of heavy hydrogen,1,,chemistry,https://www.nobelprize.org/prizes/chemistry/1934/summary/,nobelprize.org API 2.1
nobel_chemistry,Nobel Prize in Chemistry,,1935,Frédéric Joliot,Frédéric Joliot,in recognition of their synthesis of new radioactive elements,1/2,,chemistry,https://www.nobelprize.org/prizes/chemistry/1935/summary/,nobelprize.org API 2.1
nobel_chemistry,Nobel Prize in Chemistry,,1935,Irène Joliot-Curie,Irène Joliot-Curie,in recognition of their synthesis of new radioactive elements,1/2,,chemistry,https://www.nobelprize.org/prizes/chemistry/1935/summary/,nobelprize.org API 2.1
nobel_chemistry,Nobel Prize in Chemistry,,1936,Peter Debye,Petrus (Peter) Josephus Wilhelmus Debye,for his contributions to our knowledge of molecular structure through his investigations on dipole moments and on the diffraction of X-rays and electrons in gases,1,,chemistry,https://www.nobelprize.org/prizes/chemistry/1936/summary/,nobelprize.org API 2.1
nobel_chemistry,Nobel Prize in Chemistry,,1937,Norman Haworth,Walter Norman Haworth,for his investigations on carbohydrates and vitamin C,1/2,,chemistry,https://www.nobelprize.org/prizes/chemistry/1937/summary/,nobelprize.org API 2.1
nobel_chemistry,Nobel Prize in Chemistry,,1937,Paul Karrer,Paul Karrer,"for his investigations on carotenoids, flavins and vitamins A and B2",1/2,,chemistry,https://www.nobelprize.org/prizes/chemistry/1937/summary/,nobelprize.org API 2.1
nobel_chemistry,Nobel Prize in Chemistry,,1938,Richard Kuhn,Richard Kuhn,for his work on carotenoids and vitamins,1,,chemistry,https://www.nobelprize.org/prizes/chemistry/1938/summary/,nobelprize.org API 2.1
nobel_chemistry,Nobel Prize in Chemistry,,1939,Adolf Butenandt,Adolf Friedrich Johann Butenandt,for his work on sex hormones,1/2,,chemistry,https://www.nobelprize.org/prizes/chemistry/1939/summary/,nobelprize.org API 2.1
nobel_chemistry,Nobel Prize in Chemistry,,1939,Leopold Ruzicka,Leopold Ruzicka,for his work on polymethylenes and higher terpenes,1/2,,chemistry,https://www.nobelprize.org/prizes/chemistry/1939/summary/,nobelprize.org API 2.1
nobel_chemistry,Nobel Prize in Chemistry,,1943,George de Hevesy,George de Hevesy,for his work on the use of isotopes as tracers in the study of chemical processes,1,,chemistry,https://www.nobelprize.org/prizes/chemistry/1943/summary/,nobelprize.org API 2.1
nobel_chemistry,Nobel Prize in Chemistry,,1944,Otto Hahn,Otto Hahn,for his discovery of the fission of heavy nuclei,1,,chemistry,https://www.nobelprize.org/prizes/chemistry/1944/summary/,nobelprize.org API 2.1
nobel_chemistry,Nobel Prize in Chemistry,,1945,Artturi Virtanen,Artturi Ilmari Virtanen,"for his research and inventions in agricultural and nutrition chemistry, especially for his fodder preservation method",1,,chemistry,https://www.nobelprize.org/prizes/chemistry/1945/summary/,nobelprize.org API 2.1
nobel_chemistry,Nobel Prize in Chemistry,,1946,James B. Sumner,James Batcheller Sumner,for his discovery that enzymes can be crystallized,1/2,,chemistry,https://www.nobelprize.org/prizes/chemistry/1946/summary/,nobelprize.org API 2.1
nobel_chemistry,Nobel Prize in Chemistry,,1946,John H. Northrop,John Howard Northrop,for their preparation of enzymes and virus proteins in a pure form,1/4,,chemistry,https://www.nobelprize.org/prizes/chemistry/1946/summary/,nobelprize.org API 2.1
nobel_chemistry,Nobel Prize in Chemistry,,1946,Wendell M. Stanley,Wendell Meredith Stanley,for their preparation of enzymes and virus proteins in a pure form,1/4,,chemistry,https://www.nobelprize.org/prizes/chemistry/1946/summary/,nobelprize.org API 2.1
nobel_chemistry,Nobel Prize in Chemistry,,1947,Sir Robert Robinson,Sir Robert Robinson,"for his investigations on plant products of biological importance, especially the alkaloids",1,,chemistry,https://www.nobelprize.org/prizes/chemistry/1947/summary/,nobelprize.org API 2.1
nobel_chemistry,Nobel Prize in Chemistry,,1948,Arne Tiselius,Arne Wilhelm Kaurin Tiselius,"for his research on electrophoresis and adsorption analysis, especially for his discoveries concerning the complex nature of the serum proteins",1,,chemistry,https://www.nobelprize.org/prizes/chemistry/1948/summary/,nobelprize.org API 2.1
nobel_chemistry,Nobel Prize in Chemistry,,1949,William F. Giauque,William Francis Giauque,"for his contributions in the field of chemical thermodynamics, particularly concerning the behaviour of substances at extremely low temperatures",1,,chemistry,https://www.nobelprize.org/prizes/chemistry/1949/summary/,nobelprize.org API 2.1
nobel_chemistry,Nobel Prize in Chemistry,,1950,Otto Diels,Otto Paul Hermann Diels,for their discovery and development of the diene synthesis,1/2,,chemistry,https://www.nobelprize.org/prizes/chemistry/1950/summary/,nobelprize.org API 2.1
nobel_chemistry,Nobel Prize in Chemistry,,1950,Kurt Alder,Kurt Alder,for their discovery and development of the diene synthesis,1/2,,chemistry,https://www.nobelprize.org/prizes/chemistry/1950/summary/,nobelprize.org API 2.1
nobel_chemistry,Nobel Prize in Chemistry,,1951,Edwin M. McMillan,Edwin Mattison McMillan,for their discoveries in the chemistry of the transuranium elements,1/2,,chemistry,https://www.nobelprize.org/prizes/chemistry/1951/summary/,nobelprize.org API 2.1
nobel_chemistry,Nobel Prize in Chemistry,,1951,Glenn T. Seaborg,Glenn Theodore Seaborg,for their discoveries in the chemistry of the transuranium elements,1/2,,chemistry,https://www.nobelprize.org/prizes/chemistry/1951/summary/,nobelprize.org API 2.1
nobel_chemistry,Nobel Prize in Chemistry,,1952,Archer J.P. Martin,Archer John Porter Martin,for their invention of partition chromatography,1/2,,chemistry,https://www.nobelprize.org/prizes/chemistry/1952/summary/,nobelprize.org API 2.1
nobel_chemistry,Nobel Prize in Chemistry,,1952,Richard L.M. Synge,Richard Laurence Millington Synge,for their invention of partition chromatography,1/2,,chemistry,https://www.nobelprize.org/prizes/chemistry/1952/summary/,nobelprize.org API 2.1
nobel_chemistry,Nobel Prize in Chemistry,,1953,Hermann Staudinger,Hermann Staudinger,for his discoveries in the field of macromolecular chemistry,1,,chemistry,https://www.nobelprize.org/prizes/chemistry/1953/summary/,nobelprize.org API 2.1
nobel_chemistry,Nobel Prize in Chemistry,,1954,Linus Pauling,Linus Carl Pauling,for his research into the nature of the chemical bond and its application to the elucidation of the structure of complex substances,1,,chemistry,https://www.nobelprize.org/prizes/chemistry/1954/summary/,nobelprize.org API 2.1
nobel_chemistry,Nobel Prize in Chemistry,,1955,Vincent du Vigneaud,Vincent du Vigneaud,"for his work on biochemically important sulphur compounds, especially for the first synthesis of a polypeptide hormone",1,,chemistry,https://www.nobelprize.org/prizes/chemistry/1955/summary/,nobelprize.org API 2.1
nobel_chemistry,Nobel Prize in Chemistry,,1956,Sir Cyril Hinshelwood,Sir Cyril Norman Hinshelwood,for their researches into the mechanism of chemical reactions,1/2,,chemistry,https://www.nobelprize.org/prizes/chemistry/1956/summary/,nobelprize.org API 2.1
nobel_chemistry,Nobel Prize in Chemistry,,1956,Nikolay Semenov,Nikolay Nikolaevich Semenov,for their researches into the mechanism of chemical reactions,1/2,,chemistry,https://www.nobelprize.org/prizes/chemistry/1956/summary/,nobelprize.org API 2.1
nobel_chemistry,Nobel Prize in Chemistry,,1957,Lord Todd,Lord (Alexander R.) Todd,for his work on nucleotides and nucleotide co-enzymes,1,,chemistry,https://www.nobelprize.org/prizes/chemistry/1957/summary/,nobelprize.org API 2.1
nobel_chemistry,Nobel Prize in Chemistry,,1958,Frederick Sanger,Frederick Sanger,"for his work on the structure of proteins, especially that of insulin",1,,chemistry,https://www.nobelprize.org/prizes/chemistry/1958/summary/,nobelprize.org API 2.1
nobel_chemistry,Nobel Prize in Chemistry,,1959,Jaroslav Heyrovsky,Jaroslav Heyrovsky,for his discovery and development of the polarographic methods of analysis,1,,chemistry,https://www.nobelprize.org/prizes/chemistry/1959/summary/,nobelprize.org API 2.1
nobel_chemistry,Nobel Prize in Chemistry,,1960,Willard F. Libby,Willard Frank Libby,"for his method to use carbon-14 for age determination in archaeology, geology, geophysics, and other branches of science",1,,chemistry,https://www.nobelprize.org/prizes/chemistry/1960/summary/,nobelprize.org API 2.1
nobel_chemistry,Nobel Prize in Chemistry,,1961,Melvin Calvin,Melvin Calvin,for his research on the carbon dioxide assimilation in plants,1,,chemistry,https://www.nobelprize.org/prizes/chemistry/1961/summary/,nobelprize.org API 2.1
nobel_chemistry,Nobel Prize in Chemistry,,1962,Max F. Perutz,Max Ferdinand Perutz,for their studies of the structures of globular proteins,1/2,,chemistry,https://www.nobelprize.org/prizes/chemistry/1962/summary/,nobelprize.org API 2.1
nobel_chemistry,Nobel Prize in Chemistry,,1962,John C. Kendrew,John Cowdery Kendrew,for their studies of the structures of globular proteins,1/2,,chemistry,https://www.nobelprize.org/prizes/chemistry/1962/summary/,nobelprize.org API 2.1
nobel_chemistry,Nobel Prize in Chemistry,,1963,Karl Ziegler,Karl Ziegler,for their discoveries in the field of the chemistry and technology of high polymers,1/2,,chemistry,https://www.nobelprize.org/prizes/chemistry/1963/summary/,nobelprize.org API 2.1
nobel_chemistry,Nobel Prize in Chemistry,,1963,Giulio Natta,Giulio Natta,for their discoveries in the field of the chemistry and technology of high polymers,1/2,,chemistry,https://www.nobelprize.org/prizes/chemistry/1963/summary/,nobelprize.org API 2.1
nobel_chemistry,Nobel Prize in Chemistry,,1964,Dorothy Crowfoot Hodgkin,Dorothy Crowfoot Hodgkin,for her determinations by X-ray techniques of the structures of important biochemical substances,1,,chemistry,https://www.nobelprize.org/prizes/chemistry/1964/summary/,nobelprize.org API 2.1
nobel_chemistry,Nobel Prize in Chemistry,,1965,Robert B. Woodward,Robert Burns Woodward,for his outstanding achievements in the art of organic synthesis,1,,chemistry,https://www.nobelprize.org/prizes/chemistry/1965/summary/,nobelprize.org API 2.1
nobel_chemistry,Nobel Prize in Chemistry,,1966,Robert S. Mulliken,Robert S. Mulliken,for his fundamental work concerning chemical bonds and the electronic structure of molecules by the molecular orbital method,1,,chemistry,https://www.nobelprize.org/prizes/chemistry/1966/summary/,nobelprize.org API 2.1
nobel_chemistry,Nobel Prize in Chemistry,,1967,Manfred Eigen,Manfred Eigen,"for their studies of extremely fast chemical reactions, effected by disturbing the equilibrium by means of very short pulses of energy",1/2,,chemistry,https://www.nobelprize.org/prizes/chemistry/1967/summary/,nobelprize.org API 2.1
nobel_chemistry,Nobel Prize in Chemistry,,1967,Ronald G.W. Norrish,Ronald George Wreyford Norrish,"for their studies of extremely fast chemical reactions, effected by disturbing the equilibrium by means of very short pulses of energy",1/4,,chemistry,https://www.nobelprize.org/prizes/chemistry/1967/summary/,nobelprize.org API 2.1
nobel_chemistry,Nobel Prize in Chemistry,,1967,George Porter,George Porter,"for their studies of extremely fast chemical reactions, effected by disturbing the equilibrium by means of very short pulses of energy",1/4,,chemistry,https://www.nobelprize.org/prizes/chemistry/1967/summary/,nobelprize.org API 2.1
nobel_chemistry,Nobel Prize in Chemistry,,1968,Lars Onsager,Lars Onsager,"for the discovery of the reciprocal relations bearing his name, which are fundamental for the thermodynamics of irreversible processes",1,,chemistry,https://www.nobelprize.org/prizes/chemistry/1968/summary/,nobelprize.org API 2.1
nobel_chemistry,Nobel Prize in Chemistry,,1969,Derek Barton,Derek H. R. Barton,for their contributions to the development of the concept of conformation and its application in chemistry,1/2,,chemistry,https://www.nobelprize.org/prizes/chemistry/1969/summary/,nobelprize.org API 2.1
nobel_chemistry,Nobel Prize in Chemistry,,1969,Odd Hassel,Odd Hassel,for their contributions to the development of the concept of conformation and its application in chemistry,1/2,,chemistry,https://www.nobelprize.org/prizes/chemistry/1969/summary/,nobelprize.org API 2.1
nobel_chemistry,Nobel Prize in Chemistry,,1970,Luis Leloir,Luis F. Leloir,for his discovery of sugar nucleotides and their role in the biosynthesis of carbohydrates,1,,chemistry,https://www.nobelprize.org/prizes/chemistry/1970/summary/,nobelprize.org API 2.1
nobel_chemistry,Nobel Prize in Chemistry,,1971,Gerhard Herzberg,Gerhard Herzberg,"for his contributions to the knowledge of electronic structure and geometry of molecules, particularly free radicals",1,,chemistry,https://www.nobelprize.org/prizes/chemistry/1971/summary/,nobelprize.org API 2.1
nobel_chemistry,Nobel Prize in Chemistry,,1972,Christian Anfinsen,Christian B. Anfinsen,"for his work on ribonuclease, especially concerning the connection between the amino acid sequence and the biologically active conformation",1/2,,chemistry,https://www.nobelprize.org/prizes/chemistry/1972/summary/,nobelprize.org API 2.1
nobel_chemistry,Nobel Prize in Chemistry,,1972,Stanford Moore,Stanford Moore,for their contribution to the understanding of the connection between chemical structure and catalytic activity of the active centre of the ribonuclease molecule,1/4,,chemistry,https://www.nobelprize.org/prizes/chemistry/1972/summary/,nobelprize.org API 2.1
nobel_chemistry,Nobel Prize in Chemistry,,1972,William H. Stein,William H. Stein,for their contribution to the understanding of the connection between chemical structure and catalytic activity of the active centre of the ribonuclease molecule,1/4,,chemistry,https://www.nobelprize.org/prizes/chemistry/1972/summary/,nobelprize.org API 2.1
nobel_chemistry,Nobel Prize in Chemistry,,1973,Ernst Otto Fischer,Ernst Otto Fischer,"for their pioneering work, performed independently, on the chemistry of the organometallic, so called sandwich compounds",1/2,,chemistry,https://www.nobelprize.org/prizes/chemistry/1973/summary/,nobelprize.org API 2.1
nobel_chemistry,Nobel Prize in Chemistry,,1973,Geoffrey Wilkinson,Geoffrey Wilkinson,"for their pioneering work, performed independently, on the chemistry of the organometallic, so called sandwich compounds",1/2,,chemistry,https://www.nobelprize.org/prizes/chemistry/1973/summary/,nobelprize.org API 2.1
nobel_chemistry,Nobel Prize in Chemistry,,1974,Paul J. Flory,Paul J. Flory,"for his fundamental achievements, both theoretical and experimental, in the physical chemistry of the macromolecules",1,,chemistry,https://www.nobelprize.org/prizes/chemistry/1974/summary/,nobelprize.org API 2.1
nobel_chemistry,Nobel Prize in Chemistry,,1975,John Cornforth,John Warcup Cornforth,for his work on the stereochemistry of enzyme-catalyzed reactions,1/2,,chemistry,https://www.nobelprize.org/prizes/chemistry/1975/summary/,nobelprize.org API 2.1
nobel_chemistry,Nobel Prize in Chemistry,,1975,Vladimir Prelog,Vladimir Prelog,for his research into the stereochemistry of organic molecules and reactions,1/2,,chemistry,https://www.nobelprize.org/prizes/chemistry/1975/summary/,nobelprize.org API 2.1
nobel_chemistry,Nobel Prize in Chemistry,,1976,William Lipscomb,William N. Lipscomb,for his studies on the structure of boranes illuminating problems of chemical bonding,1,,chemistry,https://www.nobelprize.org/prizes/chemistry/1976/summary/,nobelprize.org API 2.1
nobel_chemistry,Nobel Prize in Chemistry,,1977,Ilya Prigogine,Ilya Romanovich Prigogine,"for his contributions to non-equilibrium thermodynamics, particularly the theory of dissipative structures",1,,chemistry,https://www.nobelprize.org/prizes/chemistry/1977/summary/,nobelprize.org API 2.1
nobel_chemistry,Nobel Prize in Chemistry,,1978,Peter Mitchell,Peter D. Mitchell,for his contribution to the understanding of biological energy transfer through the formulation of the chemiosmotic theory,1,,chemistry,https://www.nobelprize.org/prizes/chemistry/1978/summary/,nobelprize.org API 2.1
nobel_chemistry,Nobel Prize in Chemistry,,1979,Herbert C. Brown,Herbert C. Brown,"for their development of the use of boron- and phosphorus-containing compounds, respectively, into important reagents in organic synthesis",1/2,,chemistry,https://www.nobelprize.org/prizes/chemistry/1979/summary/,nobelprize.org API 2.1
nobel_chemistry,Nobel Prize in Chemistry,,1979,Georg Wittig,Georg Wittig,"for their development of the use of boron- and phosphorus-containing compounds, respectively, into important reagents in organic synthesis",1/2,,chemistry,https://www.nobelprize.org/prizes/chemistry/1979/summary/,nobelprize.org API 2.1
nobel_chemistry,Nobel Prize in Chemistry,,1980,Paul Berg,Paul Berg,"for his fundamental studies of the biochemistry of nucleic acids, with particular regard to recombinant-DNA",1/2,,chemistry,https://www.nobelprize.org/prizes/chemistry/1980/summary/,nobelprize.org API 2.1
nobel_chemistry,Nobel Prize in Chemistry,,1980,Walter Gilbert,Walter Gilbert,for their contributions concerning the determination of base sequences in nucleic acids,1/4,,chemistry,https://www.nobelprize.org/prizes/chemistry/1980/summary/,nobelprize.org API 2.1
nobel_chemistry,Nobel Prize in Chemistry,,1980,Frederick Sanger,Frederick Sanger,for their contributions concerning the determination of base sequences in nucleic acids,1/4,,chemistry,https://www.nobelprize.org/prizes/chemistry/1980/summary/,nobelprize.org API 2.1
nobel_chemistry,Nobel Prize in Chemistry,,1981,Kenichi Fukui,Kenichi Fukui,"for their theories, developed independently, concerning the course of chemical reactions",1/2,,chemistry,https://www.nobelprize.org/prizes/chemistry/1981/summary/,nobelprize.org API 2.1
nobel_chemistry,Nobel Prize in Chemistry,,1981,Roald Hoffmann,Roald Hoffmann,"for their theories, developed independently, concerning the course of chemical reactions",1/2,,chemistry,https://www.nobelprize.org/prizes/chemistry/1981/summary/,nobelprize.org API 2.1
nobel_chemistry,Nobel Prize in Chemistry,,1982,Aaron Klug,Aaron Klug,for his development of crystallographic electron microscopy and his structural elucidation of biologically important nucleic acid-protein complexes,1,,chemistry,https://www.nobelprize.org/prizes/chemistry/1982/summary/,nobelprize.org API 2.1
nobel_chemistry,Nobel Prize in Chemistry,,1983,Henry Taube,Henry Taube,"for his work on the mechanisms of electron transfer reactions, especially in metal complexes",1,,chemistry,https://www.nobelprize.org/prizes/chemistry/1983/summary/,nobelprize.org API 2.1
nobel_chemistry,Nobel Prize in Chemistry,,1984,Bruce Merrifield,Robert Bruce Merrifield,for his development of methodology for chemical synthesis on a solid matrix,1,,chemistry,https://www.nobelprize.org/prizes/chemistry/1984/summary/,nobelprize.org API 2.1
nobel_chemistry,Nobel Prize in Chemistry,,1985,Herbert A. Hauptman,Herbert A. Hauptman,for their outstanding achievements in the development of direct methods for the determination of crystal structures,1/2,,chemistry,https://www.nobelprize.org/prizes/chemistry/1985/summary/,nobelprize.org API 2.1
nobel_chemistry,Nobel Prize in Chemistry,,1985,Jerome Karle,Jerome Karle,for their outstanding achievements in the development of direct methods for the determination of crystal structures,1/2,,chemistry,https://www.nobelprize.org/prizes/chemistry/1985/summary/,nobelprize.org API 2.1
nobel_chemistry,Nobel Prize in Chemistry,,1986,Dudley R. Herschbach,Dudley R. Herschbach,for their contributions concerning the dynamics of chemical elementary processes,1/3,,chemistry,https://www.nobelprize.org/prizes/chemistry/1986/summary/,nobelprize.org API 2.1
nobel_chemistry,Nobel Prize in Chemistry,,1986,Yuan T. Lee,Yuan T. Lee,for their contributions concerning the dynamics of chemical elementary processes,1/3,,chemistry,https://www.nobelprize.org/prizes/chemistry/1986/summary/,nobelprize.org API 2.1
nobel_chemistry,Nobel Prize in Chemistry,,1986,John C. Polanyi,John C. Polanyi,for their contributions concerning the dynamics of chemical elementary processes,1/3,,chemistry,https://www.nobelprize.org/prizes/chemistry/1986/summary/,nobelprize.org API 2.1
nobel_chemistry,Nobel Prize in Chemistry,,1987,Donald J. Cram,Donald J. Cram,for their development and use of molecules with structure-specific interactions of high selectivity,1/3,,chemistry,https://www.nobelprize.org/prizes/chemistry/1987/summary/,nobelprize.org API 2.1
nobel_chemistry,Nobel Prize in Chemistry,,1987,Jean-Marie Lehn,Jean-Marie Lehn,for their development and use of molecules with structure-specific interactions of high selectivity,1/3,,chemistry,https://www.nobelprize.org/prizes/chemistry/1987/summary/,nobelprize.org API 2.1
nobel_chemistry,Nobel Prize in Chemistry,,1987,Charles J. Pedersen,Charles J. Pedersen,for their development and use of molecules with structure-specific interactions of high selectivity,1/3,,chemistry,https://www.nobelprize.org/prizes/chemistry/1987/summary/,nobelprize.org API 2.1
nobel_chemistry,Nobel Prize in Chemistry,,1988,Johann Deisenhofer,Johann Deisenhofer,for the determination of the three-dimensional structure of a photosynthetic reaction centre,1/3,,chemistry,https://www.nobelprize.org/prizes/chemistry/1988/summary/,nobelprize.org API 2.1
nobel_chemistry,Nobel Prize in Chemistry,,1988,Robert Huber,Robert Huber,for the determination of the three-dimensional structure of a photosynthetic reaction centre,1/3,,chemistry,https://www.nobelprize.org/prizes/chemistry/1988/summary/,nobelprize.org API 2.1
nobel_chemistry,Nobel Prize in Chemistry,,1988,Hartmut Michel,Hartmut Michel,for the determination of the three-dimensional structure of a photosynthetic reaction centre,1/3,,chemistry,https://www.nobelprize.org/prizes/chemistry/1988/summary/,nobelprize.org API 2.1
nobel_chemistry,Nobel Prize in Chemistry,,1989,Sidney Altman,Sidney Altman,for their discovery of catalytic properties of RNA,1/2,,chemistry,https://www.nobelprize.org/prizes/chemistry/1989/summary/,nobelprize.org API 2.1
nobel_chemistry,Nobel Prize in Chemistry,,1989,Thomas R. Cech,Thomas R. Cech,for their discovery of catalytic properties of RNA,1/2,,chemistry,https://www.nobelprize.org/prizes/chemistry/1989/summary/,nobelprize.org API 2.1
nobel_chemistry,Nobel Prize in Chemistry,,1990,Elias James Corey,Elias James Corey,for his development of the theory and methodology of organic synthesis,1,,chemistry,https://www.nobelprize.org/prizes/chemistry/1990/summary/,nobelprize.org API 2.1
nobel_chemistry,Nobel Prize in Chemistry,,1991,Richard R. Ernst,Richard R. Ernst,for his contributions to the development of the methodology of high resolution nuclear magnetic resonance (NMR) spectroscopy,1,,chemistry,https://www.nobelprize.org/prizes/chemistry/1991/summary/,nobelprize.org API 2.1
nobel_chemistry,Nobel Prize in Chemistry,,1992,Rudolph A. Marcus,Rudolph A. Marcus,for his contributions to the theory of electron transfer reactions in chemical systems,1,,chemistry,https://www.nobelprize.org/prizes/chemistry/1992/summary/,nobelprize.org API 2.1
nobel_chemistry,Nobel Prize in Chemistry,,1993,Kary B. Mullis,Kary B. Mullis,for his invention of the polymerase chain reaction (PCR) method,1/2,,chemistry,https://www.nobelprize.org/prizes/chemistry/1993/summary/,nobelprize.org API 2.1
nobel_chemistry,Nobel Prize in Chemistry,,1993,Michael Smith,Michael Smith,"for his fundamental contributions to the establishment of oligonucleotide-based, site-directed mutagenesis and its development for protein studies",1/2,,chemistry,https://www.nobelprize.org/prizes/chemistry/1993/summary/,nobelprize.org API 2.1
nobel_chemistry,Nobel Prize in Chemistry,,1994,George A. Olah,George A. Olah,for his contribution to carbocation chemistry,1,,chemistry,https://www.nobelprize.org/prizes/chemistry/1994/summary/,nobelprize.org API 2.1
nobel_chemistry,Nobel Prize in Chemistry,,1995,Paul J. Crutzen,Paul J. Crutzen,"for their work in atmospheric chemistry, particularly concerning the formation and decomposition of ozone",1/3,,chemistry,https://www.nobelprize.org/prizes/chemistry/1995/summary/,nobelprize.org API 2.1
nobel_chemistry,Nobel Prize in Chemistry,,1995,Mario J. Molina,Mario J. Molina,"for their work in atmospheric chemistry, particularly concerning the formation and decomposition of ozone",1/3,,chemistry,https://www.nobelprize.org/prizes/chemistry/1995/summary/,nobelprize.org API 2.1
nobel_chemistry,Nobel Prize in Chemistry,,1995,F. Sherwood Rowland,F. Sherwood Rowland,"for their work in atmospheric chemistry, particularly concerning the formation and decomposition of ozone",1/3,,chemistry,https://www.nobelprize.org/prizes/chemistry/1995/summary/,nobelprize.org API 2.1
nobel_chemistry,Nobel Prize in Chemistry,,1996,Robert F. Curl Jr,Robert F. Curl Jr,for their discovery of fullerenes,1/3,,chemistry,https://www.nobelprize.org/prizes/chemistry/1996/summary/,nobelprize.org API 2.1
nobel_chemistry,Nobel Prize in Chemistry,,1996,Sir Harold Kroto,Sir Harold W. Kroto,for their discovery of fullerenes,1/3,,chemistry,https://www.nobelprize.org/prizes/chemistry/1996/summary/,nobelprize.org API 2.1
nobel_chemistry,Nobel Prize in Chemistry,,1996,Richard E. Smalley,Richard E. Smalley,for their discovery of fullerenes,1/3,,chemistry,https://www.nobelprize.org/prizes/chemistry/1996/summary/,nobelprize.org API 2.1
nobel_chemistry,Nobel Prize in Chemistry,,1997,Paul D. Boyer,Paul D. Boyer,for their elucidation of the enzymatic mechanism underlying the synthesis of adenosine triphosphate (ATP),1/4,,chemistry,https://www.nobelprize.org/prizes/chemistry/1997/summary/,nobelprize.org API 2.1
nobel_chemistry,Nobel Prize in Chemistry,,1997,John E. Walker,John E. Walker,for their elucidation of the enzymatic mechanism underlying the synthesis of adenosine triphosphate (ATP),1/4,,chemistry,https://www.nobelprize.org/prizes/chemistry/1997/summary/,nobelprize.org API 2.1
nobel_chemistry,Nobel Prize in Chemistry,,1997,Jens C. Skou,Jens C. Skou,"for the first discovery of an ion-transporting enzyme, Na+, K+ -ATPase",1/2,,chemistry,https://www.nobelprize.org/prizes/chemistry/1997/summary/,nobelprize.org API 2.1
nobel_chemistry,Nobel Prize in Chemistry,,1998,Walter Kohn,Walter Kohn,for his development of the density-functional theory,1/2,,chemistry,https://www.nobelprize.org/prizes/chemistry/1998/summary/,nobelprize.org API 2.1
nobel_chemistry,Nobel Prize in Chemistry,,1998,John Pople,John A. Pople,for his development of computational methods in quantum chemistry,1/2,,chemistry,https://www.nobelprize.org/prizes/chemistry/1998/summary/,nobelprize.org API 2.1
nobel_chemistry,Nobel Prize in Chemistry,,1999,Ahmed Zewail,Ahmed H. Zewail,for his studies of the transition states of chemical reactions using femtosecond spectroscopy,1,,chemistry,https://www.nobelprize.org/prizes/chemistry/1999/summary/,nobelprize.org API 2.1
nobel_chemistry,Nobel Prize in Chemistry,,2000,Alan Heeger,Alan J. Heeger,for the discovery and development of conductive polymers,1/3,,chemistry,https://www.nobelprize.org/prizes/chemistry/2000/summary/,nobelprize.org API 2.1
nobel_chemistry,Nobel Prize in Chemistry,,2000,Alan MacDiarmid,Alan G. MacDiarmid,for the discovery and development of conductive polymers,1/3,,chemistry,https://www.nobelprize.org/prizes/chemistry/2000/summary/,nobelprize.org API 2.1
nobel_chemistry,Nobel Prize in Chemistry,,2000,Hideki Shirakawa,Hideki Shirakawa,for the discovery and development of conductive polymers,1/3,,chemistry,https://www.nobelprize.org/prizes/chemistry/2000/summary/,nobelprize.org API 2.1
nobel_chemistry,Nobel Prize in Chemistry,,2001,William Knowles,William S. Knowles,for their work on chirally catalysed hydrogenation reactions,1/4,,chemistry,https://www.nobelprize.org/prizes/chemistry/2001/summary/,nobelprize.org API 2.1
nobel_chemistry,Nobel Prize in Chemistry,,2001,Ryoji Noyori,Ryoji Noyori,for their work on chirally catalysed hydrogenation reactions,1/4,,chemistry,https://www.nobelprize.org/prizes/chemistry/2001/summary/,nobelprize.org API 2.1
nobel_chemistry,Nobel Prize in Chemistry,,2001,K. Barry Sharpless,K. Barry Sharpless,for his work on chirally catalysed oxidation reactions,1/2,,chemistry,https://www.nobelprize.org/prizes/chemistry/2001/summary/,nobelprize.org API 2.1
nobel_chemistry,Nobel Prize in Chemistry,,2002,John B. Fenn,John B. Fenn,for their development of soft desorption ionisation methods for mass spectrometric analyses of biological macromolecules,1/4,,chemistry,https://www.nobelprize.org/prizes/chemistry/2002/summary/,nobelprize.org API 2.1
nobel_chemistry,Nobel Prize in Chemistry,,2002,Koichi Tanaka,Koichi Tanaka,for their development of soft desorption ionisation methods for mass spectrometric analyses of biological macromolecules,1/4,,chemistry,https://www.nobelprize.org/prizes/chemistry/2002/summary/,nobelprize.org API 2.1
nobel_chemistry,Nobel Prize in Chemistry,,2002,Kurt Wüthrich,Kurt Wüthrich,for his development of nuclear magnetic resonance spectroscopy for determining the three-dimensional structure of biological macromolecules in solution,1/2,,chemistry,https://www.nobelprize.org/prizes/chemistry/2002/summary/,nobelprize.org API 2.1
nobel_chemistry,Nobel Prize in Chemistry,,2003,Peter Agre,Peter Agre,for the discovery of water channels,1/2,,chemistry,https://www.nobelprize.org/prizes/chemistry/2003/summary/,nobelprize.org API 2.1
nobel_chemistry,Nobel Prize in Chemistry,,2003,Roderick MacKinnon,Roderick MacKinnon,for structural and mechanistic studies of ion channels,1/2,,chemistry,https://www.nobelprize.org/prizes/chemistry/2003/summary/,nobelprize.org API 2.1
nobel_chemistry,Nobel Prize in Chemistry,,2004,Aaron Ciechanover,Aaron Ciechanover,for the discovery of ubiquitin-mediated protein degradation,1/3,,chemistry,https://www.nobelprize.org/prizes/chemistry/2004/summary/,nobelprize.org API 2.1
nobel_chemistry,Nobel Prize in Chemistry,,2004,Avram Hershko,Avram Hershko,for the discovery of ubiquitin-mediated protein degradation,1/3,,chemistry,https://www.nobelprize.org/prizes/chemistry/2004/summary/,nobelprize.org API 2.1
nobel_chemistry,Nobel Prize in Chemistry,,2004,Irwin Rose,Irwin Rose,for the discovery of ubiquitin-mediated protein degradation,1/3,,chemistry,https://www.nobelprize.org/prizes/chemistry/2004/summary/,nobelprize.org API 2.1
nobel_chemistry,Nobel Prize in Chemistry,,2005,Yves Chauvin,Yves Chauvin,for the development of the metathesis method in organic synthesis,1/3,,chemistry,https://www.nobelprize.org/prizes/chemistry/2005/summary/,nobelprize.org API 2.1
nobel_chemistry,Nobel Prize in Chemistry,,2005,Robert H. Grubbs,Robert H. Grubbs,for the development of the metathesis method in organic synthesis,1/3,,chemistry,https://www.nobelprize.org/prizes/chemistry/2005/summary/,nobelprize.org API 2.1
nobel_chemistry,Nobel Prize in Chemistry,,2005,Richard R. Schrock,Richard R. Schrock,for the development of the metathesis method in organic synthesis,1/3,,chemistry,https://www.nobelprize.org/prizes/chemistry/2005/summary/,nobelprize.org API 2.1
nobel_chemistry,Nobel Prize in Chemistry,,2006,Roger D. Kornberg,Roger D. Kornberg,for his studies of the molecular basis of eukaryotic transcription,1,,chemistry,https://www.nobelprize.org/prizes/chemistry/2006/summary/,nobelprize.org API 2.1
nobel_chemistry,Nobel Prize in Chemistry,,2007,Gerhard Ertl,Gerhard Ertl,for his studies of chemical processes on solid surfaces,1,,chemistry,https://www.nobelprize.org/prizes/chemistry/2007/summary/,nobelprize.org API 2.1
nobel_chemistry,Nobel Prize in Chemistry,,2008,Osamu Shimomura,Osamu Shimomura,"for the discovery and development of the green fluorescent protein, GFP",1/3,,chemistry,https://www.nobelprize.org/prizes/chemistry/2008/summary/,nobelprize.org API 2.1
nobel_chemistry,Nobel Prize in Chemistry,,2008,Martin Chalfie,Martin Chalfie,"for the discovery and development of the green fluorescent protein, GFP",1/3,,chemistry,https://www.nobelprize.org/prizes/chemistry/2008/summary/,nobelprize.org API 2.1
nobel_chemistry,Nobel Prize in Chemistry,,2008,Roger Y. Tsien,Roger Y. Tsien,"for the discovery and development of the green fluorescent protein, GFP",1/3,,chemistry,https://www.nobelprize.org/prizes/chemistry/2008/summary/,nobelprize.org API 2.1
nobel_chemistry,Nobel Prize in Chemistry,,2009,Venkatraman Ramakrishnan,Venkatraman Ramakrishnan,for studies of the structure and function of the ribosome,1/3,,chemistry,https://www.nobelprize.org/prizes/chemistry/2009/summary/,nobelprize.org API 2.1
nobel_chemistry,Nobel Prize in Chemistry,,2009,Thomas A. Steitz,Thomas A. Steitz,for studies of the structure and function of the ribosome,1/3,,chemistry,https://www.nobelprize.org/prizes/chemistry/2009/summary/,nobelprize.org API 2.1
nobel_chemistry,Nobel Prize in Chemistry,,2009,Ada E. Yonath,Ada E. Yonath,for studies of the structure and function of the ribosome,1/3,,chemistry,https://www.nobelprize.org/prizes/chemistry/2009/summary/,nobelprize.org API 2.1
nobel_chemistry,Nobel Prize in Chemistry,,2010,Richard F. Heck,Richard F. Heck,for palladium-catalyzed cross couplings in organic synthesis,1/3,,chemistry,https://www.nobelprize.org/prizes/chemistry/2010/summary/,nobelprize.org API 2.1
nobel_chemistry,Nobel Prize in Chemistry,,2010,Ei-ichi Negishi,Ei-ichi Negishi,for palladium-catalyzed cross couplings in organic synthesis,1/3,,chemistry,https://www.nobelprize.org/prizes/chemistry/2010/summary/,nobelprize.org API 2.1
nobel_chemistry,Nobel Prize in Chemistry,,2010,Akira Suzuki,Akira Suzuki,for palladium-catalyzed cross couplings in organic synthesis,1/3,,chemistry,https://www.nobelprize.org/prizes/chemistry/2010/summary/,nobelprize.org API 2.1
nobel_chemistry,Nobel Prize in Chemistry,,2011,Dan Shechtman,Dan Shechtman,for the discovery of quasicrystals,1,,chemistry,https://www.nobelprize.org/prizes/chemistry/2011/summary/,nobelprize.org API 2.1
nobel_chemistry,Nobel Prize in Chemistry,,2012,Robert J. Lefkowitz,Robert J. Lefkowitz,for studies of G-protein-coupled receptors,1/2,,chemistry,https://www.nobelprize.org/prizes/chemistry/2012/summary/,nobelprize.org API 2.1
nobel_chemistry,Nobel Prize in Chemistry,,2012,Brian Kobilka,Brian K. Kobilka,for studies of G-protein-coupled receptors,1/2,,chemistry,https://www.nobelprize.org/prizes/chemistry/2012/summary/,nobelprize.org API 2.1
nobel_chemistry,Nobel Prize in Chemistry,,2013,Martin Karplus,Martin Karplus,for the development of multiscale models for complex chemical systems,1/3,,chemistry,https://www.nobelprize.org/prizes/chemistry/2013/summary/,nobelprize.org API 2.1
nobel_chemistry,Nobel Prize in Chemistry,,2013,Michael Levitt,Michael Levitt,for the development of multiscale models for complex chemical systems,1/3,,chemistry,https://www.nobelprize.org/prizes/chemistry/2013/summary/,nobelprize.org API 2.1
nobel_chemistry,Nobel Prize in Chemistry,,2013,Arieh Warshel,Arieh Warshel,for the development of multiscale models for complex chemical systems,1/3,,chemistry,https://www.nobelprize.org/prizes/chemistry/2013/summary/,nobelprize.org API 2.1
nobel_chemistry,Nobel Prize in Chemistry,,2014,Eric Betzig,Eric Betzig,for the development of super-resolved fluorescence microscopy,1/3,,chemistry,https://www.nobelprize.org/prizes/chemistry/2014/summary/,nobelprize.org API 2.1
nobel_chemistry,Nobel Prize in Chemistry,,2014,Stefan W. Hell,Stefan W. Hell,for the development of super-resolved fluorescence microscopy,1/3,,chemistry,https://www.nobelprize.org/prizes/chemistry/2014/summary/,nobelprize.org API 2.1
nobel_chemistry,Nobel Prize in Chemistry,,2014,William E. Moerner,William E. Moerner,for the development of super-resolved fluorescence microscopy,1/3,,chemistry,https://www.nobelprize.org/prizes/chemistry/2014/summary/,nobelprize.org API 2.1
nobel_chemistry,Nobel Prize in Chemistry,,2015,Tomas Lindahl,Tomas Lindahl,for mechanistic studies of DNA repair,1/3,,chemistry,https://www.nobelprize.org/prizes/chemistry/2015/summary/,nobelprize.org API 2.1
nobel_chemistry,Nobel Prize in Chemistry,,2015,Paul Modrich,Paul Modrich,for mechanistic studies of DNA repair,1/3,,chemistry,https://www.nobelprize.org/prizes/chemistry/2015/summary/,nobelprize.org API 2.1
nobel_chemistry,Nobel Prize in Chemistry,,2015,Aziz Sancar,Aziz Sancar,for mechanistic studies of DNA repair,1/3,,chemistry,https://www.nobelprize.org/prizes/chemistry/2015/summary/,nobelprize.org API 2.1
nobel_chemistry,Nobel Prize in Chemistry,,2016,Jean-Pierre Sauvage,Jean-Pierre Sauvage,for the design and synthesis of molecular machines,1/3,,chemistry,https://www.nobelprize.org/prizes/chemistry/2016/summary/,nobelprize.org API 2.1
nobel_chemistry,Nobel Prize in Chemistry,,2016,Sir J. Fraser Stoddart,Sir J. Fraser Stoddart,for the design and synthesis of molecular machines,1/3,,chemistry,https://www.nobelprize.org/prizes/chemistry/2016/summary/,nobelprize.org API 2.1
nobel_chemistry,Nobel Prize in Chemistry,,2016,Bernard L. Feringa,Bernard L. Feringa,for the design and synthesis of molecular machines,1/3,,chemistry,https://www.nobelprize.org/prizes/chemistry/2016/summary/,nobelprize.org API 2.1
nobel_chemistry,Nobel Prize in Chemistry,,2017,Jacques Dubochet,Jacques Dubochet,for developing cryo-electron microscopy for the high-resolution structure determination of biomolecules in solution,1/3,,chemistry,https://www.nobelprize.org/prizes/chemistry/2017/summary/,nobelprize.org API 2.1
nobel_chemistry,Nobel Prize in Chemistry,,2017,Joachim Frank,Joachim Frank,for developing cryo-electron microscopy for the high-resolution structure determination of biomolecules in solution,1/3,,chemistry,https://www.nobelprize.org/prizes/chemistry/2017/summary/,nobelprize.org API 2.1
nobel_chemistry,Nobel Prize in Chemistry,,2017,Richard Henderson,Richard Henderson,for developing cryo-electron microscopy for the high-resolution structure determination of biomolecules in solution,1/3,,chemistry,https://www.nobelprize.org/prizes/chemistry/2017/summary/,nobelprize.org API 2.1
nobel_chemistry,Nobel Prize in Chemistry,,2018,Frances H. Arnold,Frances H. Arnold,for the directed evolution of enzymes,1/2,,chemistry,https://www.nobelprize.org/prizes/chemistry/2018/summary/,nobelprize.org API 2.1
nobel_chemistry,Nobel Prize in Chemistry,,2018,George P. Smith,George P. Smith,for the phage display of peptides and antibodies,1/4,,chemistry,https://www.nobelprize.org/prizes/chemistry/2018/summary/,nobelprize.org API 2.1
nobel_chemistry,Nobel Prize in Chemistry,,2018,Sir Gregory P. Winter,Sir Gregory P. Winter,for the phage display of peptides and antibodies,1/4,,chemistry,https://www.nobelprize.org/prizes/chemistry/2018/summary/,nobelprize.org API 2.1
nobel_chemistry,Nobel Prize in Chemistry,,2019,John B. Goodenough,John B. Goodenough,for the development of lithium-ion batteries,1/3,,chemistry,https://www.nobelprize.org/prizes/chemistry/2019/summary/,nobelprize.org API 2.1
nobel_chemistry,Nobel Prize in Chemistry,,2019,M. Stanley Whittingham,M. Stanley Whittingham,for the development of lithium-ion batteries,1/3,,chemistry,https://www.nobelprize.org/prizes/chemistry/2019/summary/,nobelprize.org API 2.1
nobel_chemistry,Nobel Prize in Chemistry,,2019,Akira Yoshino,Akira Yoshino,for the development of lithium-ion batteries,1/3,,chemistry,https://www.nobelprize.org/prizes/chemistry/2019/summary/,nobelprize.org API 2.1
nobel_chemistry,Nobel Prize in Chemistry,,2020,Emmanuelle Charpentier,Emmanuelle Charpentier,for the development of a method for genome editing,1/2,,chemistry,https://www.nobelprize.org/prizes/chemistry/2020/summary/,nobelprize.org API 2.1
nobel_chemistry,Nobel Prize in Chemistry,,2020,Jennifer A. Doudna,Jennifer A. Doudna,for the development of a method for genome editing,1/2,,chemistry,https://www.nobelprize.org/prizes/chemistry/2020/summary/,nobelprize.org API 2.1
nobel_chemistry,Nobel Prize in Chemistry,,2021,Benjamin List,Benjamin List,for the development of asymmetric organocatalysis,1/2,,chemistry,https://www.nobelprize.org/prizes/chemistry/2021/summary/,nobelprize.org API 2.1
nobel_chemistry,Nobel Prize in Chemistry,,2021,David W.C. MacMillan,David W.C. MacMillan,for the development of asymmetric organocatalysis,1/2,,chemistry,https://www.nobelprize.org/prizes/chemistry/2021/summary/,nobelprize.org API 2.1
nobel_chemistry,Nobel Prize in Chemistry,,2022,Carolyn Bertozzi,Carolyn R. Bertozzi,for the development of click chemistry and bioorthogonal chemistry,1/3,,chemistry,https://www.nobelprize.org/prizes/chemistry/2022/summary/,nobelprize.org API 2.1
nobel_chemistry,Nobel Prize in Chemistry,,2022,Morten Meldal,Morten Meldal,for the development of click chemistry and bioorthogonal chemistry,1/3,,chemistry,https://www.nobelprize.org/prizes/chemistry/2022/summary/,nobelprize.org API 2.1
nobel_chemistry,Nobel Prize in Chemistry,,2022,K. Barry Sharpless,K. Barry Sharpless,for the development of click chemistry and bioorthogonal chemistry,1/3,,chemistry,https://www.nobelprize.org/prizes/chemistry/2022/summary/,nobelprize.org API 2.1
nobel_chemistry,Nobel Prize in Chemistry,,2023,Moungi Bawendi,Moungi G. Bawendi,for the discovery and synthesis of quantum dots,1/3,,chemistry,https://www.nobelprize.org/prizes/chemistry/2023/summary/,nobelprize.org API 2.1
nobel_chemistry,Nobel Prize in Chemistry,,2023,Louis Brus,Louis E. Brus,for the discovery and synthesis of quantum dots,1/3,,chemistry,https://www.nobelprize.org/prizes/chemistry/2023/summary/,nobelprize.org API 2.1
nobel_chemistry,Nobel Prize in Chemistry,,2023,Aleksey Yekimov,Aleksey Yekimov,for the discovery and synthesis of quantum dots,1/3,,chemistry,https://www.nobelprize.org/prizes/chemistry/2023/summary/,nobelprize.org API 2.1
nobel_chemistry,Nobel Prize in Chemistry,,2024,David Baker,David Baker,for computational protein design,1/2,,chemistry,https://www.nobelprize.org/prizes/chemistry/2024/summary/,nobelprize.org API 2.1
nobel_chemistry,Nobel Prize in Chemistry,,2024,Demis Hassabis,Demis Hassabis,for protein structure prediction,1/4,,chemistry,https://www.nobelprize.org/prizes/chemistry/2024/summary/,nobelprize.org API 2.1
nobel_chemistry,Nobel Prize in Chemistry,,2024,John Jumper,John Jumper,for protein structure prediction,1/4,,chemistry,https://www.nobelprize.org/prizes/chemistry/2024/summary/,nobelprize.org API 2.1
nobel_chemistry,Nobel Prize in Chemistry,,2025,Susumu Kitagawa,Susumu Kitagawa,for the development of metal–organic frameworks,1/3,,chemistry,https://www.nobelprize.org/prizes/chemistry/2025/summary/,nobelprize.org API 2.1
nobel_chemistry,Nobel Prize in Chemistry,,2025,Richard Robson,Richard Robson,for the development of metal–organic frameworks,1/3,,chemistry,https://www.nobelprize.org/prizes/chemistry/2025/summary/,nobelprize.org API 2.1
nobel_chemistry,Nobel Prize in Chemistry,,2025,Omar M. Yaghi,Omar M. Yaghi,for the development of metal–organic frameworks,1/3,,chemistry,https://www.nobelprize.org/prizes/chemistry/2025/summary/,nobelprize.org API 2.1
nobel_medicine,Nobel Prize in Physiology or Medicine,,1901,Emil von Behring,Emil Adolf von Behring,"for his work on serum therapy, especially its application against diphtheria, by which he has opened a new road in the domain of medical science and thereby placed in the hands of the physician a victorious weapon against illness and deaths",1,,medicine,https://www.nobelprize.org/prizes/medicine/1901/summary/,nobelprize.org API 2.1
nobel_medicine,Nobel Prize in Physiology or Medicine,,1902,Ronald Ross,Ronald Ross,"for his work on malaria, by which he has shown how it enters the organism and thereby has laid the foundation for successful research on this disease and methods of combating it",1,,medicine,https://www.nobelprize.org/prizes/medicine/1902/summary/,nobelprize.org API 2.1
nobel_medicine,Nobel Prize in Physiology or Medicine,,1903,Niels Ryberg Finsen,Niels Ryberg Finsen,"in recognition of his contribution to the treatment of diseases, especially lupus vulgaris, with concentrated light radiation, whereby he has opened a new avenue for medical science",1,,medicine,https://www.nobelprize.org/prizes/medicine/1903/summary/,nobelprize.org API 2.1
nobel_medicine,Nobel Prize in Physiology or Medicine,,1904,Ivan Pavlov,Ivan Petrovich Pavlov,"in recognition of his work on the physiology of digestion, through which knowledge on vital aspects of the subject has been transformed and enlarged",1,,medicine,https://www.nobelprize.org/prizes/medicine/1904/summary/,nobelprize.org API 2.1
nobel_medicine,Nobel Prize in Physiology or Medicine,,1905,Robert Koch,Robert Koch,for his investigations and discoveries in relation to tuberculosis,1,,medicine,https://www.nobelprize.org/prizes/medicine/1905/summary/,nobelprize.org API 2.1
nobel_medicine,Nobel Prize in Physiology or Medicine,,1906,Camillo Golgi,Camillo Golgi,in recognition of their work on the structure of the nervous system,1/2,,medicine,https://www.nobelprize.org/prizes/medicine/1906/summary/,nobelprize.org API 2.1
nobel_medicine,Nobel Prize in Physiology or Medicine,,1906,Santiago Ramón y Cajal,Santiago Ramón y Cajal,in recognition of their work on the structure of the nervous system,1/2,,medicine,https://www.nobelprize.org/prizes/medicine/1906/summary/,nobelprize.org API 2.1
nobel_medicine,Nobel Prize in Physiology or Medicine,,1907,Alphonse Laveran,Charles Louis Alphonse Laveran,in recognition of his work on the role played by protozoa in causing diseases,1,,medicine,https://www.nobelprize.org/prizes/medicine/1907/summary/,nobelprize.org API 2.1
nobel_medicine,Nobel Prize in Physiology or Medicine,,1908,Ilya Mechnikov,Ilya Ilyich Mechnikov,in recognition of their work on immunity,1/2,,medicine,https://www.nobelprize.org/prizes/medicine/1908/summary/,nobelprize.org API 2.1
nobel_medicine,Nobel Prize in Physiology or Medicine,,1908,Paul Ehrlich,Paul Ehrlich,in recognition of their work on immunity,1/2,,medicine,https://www.nobelprize.org/prizes/medicine/1908/summary/,nobelprize.org API 2.1
nobel_medicine,Nobel Prize in Physiology or Medicine,,1909,Theodor Kocher,Emil Theodor Kocher,"for his work on the physiology, pathology and surgery of the thyroid gland",1,,medicine,https://www.nobelprize.org/prizes/medicine/1909/summary/,nobelprize.org API 2.1
nobel_medicine,Nobel Prize in Physiology or Medicine,,1910,Albrecht Kossel,Albrecht Kossel,"in recognition of the contributions to our knowledge of cell chemistry made through his work on proteins, including the nucleic substances",1,,medicine,https://www.nobelprize.org/prizes/medicine/1910/summary/,nobelprize.org API 2.1
nobel_medicine,Nobel Prize in Physiology or Medicine,,1911,Allvar Gullstrand,Allvar Gullstrand,for his work on the dioptrics of the eye,1,,medicine,https://www.nobelprize.org/prizes/medicine/1911/summary/,nobelprize.org API 2.1
nobel_medicine,Nobel Prize in Physiology or Medicine,,1912,Alexis Carrel,Alexis Carrel,in recognition of his work on vascular suture and the transplantation of blood vessels and organs,1,,medicine,https://www.nobelprize.org/prizes/medicine/1912/summary/,nobelprize.org API 2.1
nobel_medicine,Nobel Prize in Physiology or Medicine,,1913,Charles Richet,Charles Robert Richet,in recognition of his work on anaphylaxis,1,,medicine,https://www.nobelprize.org/prizes/medicine/1913/summary/,nobelprize.org API 2.1
nobel_medicine,Nobel Prize in Physiology or Medicine,,1914,Robert Bárány,Robert Bárány,for his work on the physiology and pathology of the vestibular apparatus,1,,medicine,https://www.nobelprize.org/prizes/medicine/1914/summary/,nobelprize.org API 2.1
nobel_medicine,Nobel Prize in Physiology or Medicine,,1919,Jules Bordet,Jules Bordet,for his discoveries relating to immunity,1,,medicine,https://www.nobelprize.org/prizes/medicine/1919/summary/,nobelprize.org API 2.1
nobel_medicine,Nobel Prize in Physiology or Medicine,,1920,August Krogh,Schack August Steenberg Krogh,for his discovery of the capillary motor regulating mechanism,1,,medicine,https://www.nobelprize.org/prizes/medicine/1920/summary/,nobelprize.org API 2.1
nobel_medicine,Nobel Prize in Physiology or Medicine,,1922,Archibald V. Hill,Archibald Vivian Hill,for his discovery relating to the production of heat in the muscle,1/2,,medicine,https://www.nobelprize.org/prizes/medicine/1922/summary/,nobelprize.org API 2.1
nobel_medicine,Nobel Prize in Physiology or Medicine,,1922,Otto Meyerhof,Otto Fritz Meyerhof,for his discovery of the fixed relationship between the consumption of oxygen and the metabolism of lactic acid in the muscle,1/2,,medicine,https://www.nobelprize.org/prizes/medicine/1922/summary/,nobelprize.org API 2.1
nobel_medicine,Nobel Prize in Physiology or Medicine,,1923,Frederick G. Banting,Frederick Grant Banting,for the discovery of insulin,1/2,,medicine,https://www.nobelprize.org/prizes/medicine/1923/summary/,nobelprize.org API 2.1
nobel_medicine,Nobel Prize in Physiology or Medicine,,1923,John Macleod,John James Rickard Macleod,for the discovery of insulin,1/2,,medicine,https://www.nobelprize.org/prizes/medicine/1923/summary/,nobelprize.org API 2.1
nobel_medicine,Nobel Prize in Physiology or Medicine,,1924,Willem Einthoven,Willem Einthoven,for his discovery of the mechanism of the electrocardiogram,1,,medicine,https://www.nobelprize.org/prizes/medicine/1924/summary/,nobelprize.org API 2.1
nobel_medicine,Nobel Prize in Physiology or Medicine,,1926,Johannes Fibiger,Johannes Andreas Grib Fibiger,for his discovery of the Spiroptera carcinoma,1,,medicine,https://www.nobelprize.org/prizes/medicine/1926/summary/,nobelprize.org API 2.1
nobel_medicine,Nobel Prize in Physiology or Medicine,,1927,Julius Wagner-Jauregg,Julius Wagner-Jauregg,for his discovery of the therapeutic value of malaria inoculation in the treatment of dementia paralytica,1,,medicine,https://www.nobelprize.org/prizes/medicine/1927/summary/,nobelprize.org API 2.1
nobel_medicine,Nobel Prize in Physiology or Medicine,,1928,Charles Nicolle,Charles Jules Henri Nicolle,for his work on typhus,1,,medicine,https://www.nobelprize.org/prizes/medicine/1928/summary/,nobelprize.org API 2.1
nobel_medicine,Nobel Prize in Physiology or Medicine,,1929,Christiaan Eijkman,Christiaan Eijkman,for his discovery of the antineuritic vitamin,1/2,,medicine,https://www.nobelprize.org/prizes/medicine/1929/summary/,nobelprize.org API 2.1
nobel_medicine,Nobel Prize in Physiology or Medicine,,1929,Sir Frederick Hopkins,Sir Frederick Gowland Hopkins,for his discovery of the growth-stimulating vitamins,1/2,,medicine,https://www.nobelprize.org/prizes/medicine/1929/summary/,nobelprize.org API 2.1
nobel_medicine,Nobel Prize in Physiology or Medicine,,1930,Karl Landsteiner,Karl Landsteiner,for his discovery of human blood groups,1,,medicine,https://www.nobelprize.org/prizes/medicine/1930/summary/,nobelprize.org API 2.1
nobel_medicine,Nobel Prize in Physiology or Medicine,,1931,Otto Warburg,Otto Heinrich Warburg,for his discovery of the nature and mode of action of the respiratory enzyme,1,,medicine,https://www.nobelprize.org/prizes/medicine/1931/summary/,nobelprize.org API 2.1
nobel_medicine,Nobel Prize in Physiology or Medicine,,1932,Sir Charles Sherrington,Sir Charles Scott Sherrington,for their discoveries regarding the functions of neurons,1/2,,medicine,https://www.nobelprize.org/prizes/medicine/1932/summary/,nobelprize.org API 2.1
nobel_medicine,Nobel Prize in Physiology or Medicine,,1932,Edgar Adrian,Edgar Douglas Adrian,for their discoveries regarding the functions of neurons,1/2,,medicine,https://www.nobelprize.org/prizes/medicine/1932/summary/,nobelprize.org API 2.1
nobel_medicine,Nobel Prize in Physiology or Medicine,,1933,Thomas H. Morgan,Thomas Hunt Morgan,for his discoveries concerning the role played by the chromosome in heredity,1,,medicine,https://www.nobelprize.org/prizes/medicine/1933/summary/,nobelprize.org API 2.1
nobel_medicine,Nobel Prize in Physiology or Medicine,,1934,George H. Whipple,George Hoyt Whipple,for their discoveries concerning liver therapy in cases of anaemia,1/3,,medicine,https://www.nobelprize.org/prizes/medicine/1934/summary/,nobelprize.org API 2.1
nobel_medicine,Nobel Prize in Physiology or Medicine,,1934,George R. Minot,George Richards Minot,for their discoveries concerning liver therapy in cases of anaemia,1/3,,medicine,https://www.nobelprize.org/prizes/medicine/1934/summary/,nobelprize.org API 2.1
nobel_medicine,Nobel Prize in Physiology or Medicine,,1934,William P. Murphy,William Parry Murphy,for their discoveries concerning liver therapy in cases of anaemia,1/3,,medicine,https://www.nobelprize.org/prizes/medicine/1934/summary/,nobelprize.org API 2.1
nobel_medicine,Nobel Prize in Physiology or Medicine,,1935,Hans Spemann,Hans Spemann,for his discovery of the organizer effect in embryonic development,1,,medicine,https://www.nobelprize.org/prizes/medicine/1935/summary/,nobelprize.org API 2.1
nobel_medicine,Nobel Prize in Physiology or Medicine,,1936,Sir Henry Dale,Sir Henry Hallett Dale,for their discoveries relating to chemical transmission of nerve impulses,1/2,,medicine,https://www.nobelprize.org/prizes/medicine/1936/summary/,nobelprize.org API 2.1
nobel_medicine,Nobel Prize in Physiology or Medicine,,1936,Otto Loewi,Otto Loewi,for their discoveries relating to chemical transmission of nerve impulses,1/2,,medicine,https://www.nobelprize.org/prizes/medicine/1936/summary/,nobelprize.org API 2.1
nobel_medicine,Nobel Prize in Physiology or Medicine,,1937,Albert Szent-Györgyi,Albert von Szent-Györgyi Nagyrápolt,"for his discoveries in connection with the biological combustion processes, with special reference to vitamin C and the catalysis of fumaric acid",1,,medicine,https://www.nobelprize.org/prizes/medicine/1937/summary/,nobelprize.org API 2.1
nobel_medicine,Nobel Prize in Physiology or Medicine,,1938,Corneille Heymans,Corneille Jean François Heymans,for the discovery of the role played by the sinus and aortic mechanisms in the regulation of respiration,1,,medicine,https://www.nobelprize.org/prizes/medicine/1938/summary/,nobelprize.org API 2.1
nobel_medicine,Nobel Prize in Physiology or Medicine,,1939,Gerhard Domagk,Gerhard Domagk,for the discovery of the antibacterial effects of prontosil,1,,medicine,https://www.nobelprize.org/prizes/medicine/1939/summary/,nobelprize.org API 2.1
nobel_medicine,Nobel Prize in Physiology or Medicine,,1943,Henrik Dam,Henrik Carl Peter Dam,for his discovery of vitamin K,1/2,,medicine,https://www.nobelprize.org/prizes/medicine/1943/summary/,nobelprize.org API 2.1
nobel_medicine,Nobel Prize in Physiology or Medicine,,1943,Edward A. Doisy,Edward Adelbert Doisy,for his discovery of the chemical nature of vitamin K,1/2,,medicine,https://www.nobelprize.org/prizes/medicine/1943/summary/,nobelprize.org API 2.1
nobel_medicine,Nobel Prize in Physiology or Medicine,,1944,Joseph Erlanger,Joseph Erlanger,for their discoveries relating to the highly differentiated functions of single nerve fibres,1/2,,medicine,https://www.nobelprize.org/prizes/medicine/1944/summary/,nobelprize.org API 2.1
nobel_medicine,Nobel Prize in Physiology or Medicine,,1944,Herbert S. Gasser,Herbert Spencer Gasser,for their discoveries relating to the highly differentiated functions of single nerve fibres,1/2,,medicine,https://www.nobelprize.org/prizes/medicine/1944/summary/,nobelprize.org API 2.1
nobel_medicine,Nobel Prize in Physiology or Medicine,,1945,Sir Alexander Fleming,Sir Alexander Fleming,for the discovery of penicillin and its curative effect in various infectious diseases,1/3,,medicine,https://www.nobelprize.org/prizes/medicine/1945/summary/,nobelprize.org API 2.1
nobel_medicine,Nobel Prize in Physiology or Medicine,,1945,Ernst B. Chain,Ernst Boris Chain,for the discovery of penicillin and its curative effect in various infectious diseases,1/3,,medicine,https://www.nobelprize.org/prizes/medicine/1945/summary/,nobelprize.org API 2.1
nobel_medicine,Nobel Prize in Physiology or Medicine,,1945,Sir Howard Florey,Sir Howard Walter Florey,for the discovery of penicillin and its curative effect in various infectious diseases,1/3,,medicine,https://www.nobelprize.org/prizes/medicine/1945/summary/,nobelprize.org API 2.1
nobel_medicine,Nobel Prize in Physiology or Medicine,,1946,Hermann J. Muller,Hermann Joseph Muller,for the discovery of the production of mutations by means of X-ray irradiation,1,,medicine,https://www.nobelprize.org/prizes/medicine/1946/summary/,nobelprize.org API 2.1
nobel_medicine,Nobel Prize in Physiology or Medicine,,1947,Carl Cori,Carl Ferdinand Cori,for their discovery of the course of the catalytic conversion of glycogen,1/4,,medicine,https://www.nobelprize.org/prizes/medicine/1947/summary/,nobelprize.org API 2.1
nobel_medicine,Nobel Prize in Physiology or Medicine,,1947,Gerty Cori,"Gerty Theresa Cori, née Radnitz",for their discovery of the course of the catalytic conversion of glycogen,1/4,,medicine,https://www.nobelprize.org/prizes/medicine/1947/summary/,nobelprize.org API 2.1
nobel_medicine,Nobel Prize in Physiology or Medicine,,1947,Bernardo Houssay,Bernardo Alberto Houssay,for his discovery of the part played by the hormone of the anterior pituitary lobe in the metabolism of sugar,1/2,,medicine,https://www.nobelprize.org/prizes/medicine/1947/summary/,nobelprize.org API 2.1
nobel_medicine,Nobel Prize in Physiology or Medicine,,1948,Paul Müller,Paul Hermann Müller,for his discovery of the high efficiency of DDT as a contact poison against several arthropods,1,,medicine,https://www.nobelprize.org/prizes/medicine/1948/summary/,nobelprize.org API 2.1
nobel_medicine,Nobel Prize in Physiology or Medicine,,1949,Walter Hess,Walter Rudolf Hess,for his discovery of the functional organization of the interbrain as a coordinator of the activities of the internal organs,1/2,,medicine,https://www.nobelprize.org/prizes/medicine/1949/summary/,nobelprize.org API 2.1
nobel_medicine,Nobel Prize in Physiology or Medicine,,1949,Egas Moniz,António Caetano de Abreu Freire Egas Moniz,for his discovery of the therapeutic value of leucotomy in certain psychoses,1/2,,medicine,https://www.nobelprize.org/prizes/medicine/1949/summary/,nobelprize.org API 2.1
nobel_medicine,Nobel Prize in Physiology or Medicine,,1950,Edward C. Kendall,Edward Calvin Kendall,"for their discoveries relating to the hormones of the adrenal cortex, their structure and biological effects",1/3,,medicine,https://www.nobelprize.org/prizes/medicine/1950/summary/,nobelprize.org API 2.1
nobel_medicine,Nobel Prize in Physiology or Medicine,,1950,Tadeus Reichstein,Tadeus Reichstein,"for their discoveries relating to the hormones of the adrenal cortex, their structure and biological effects",1/3,,medicine,https://www.nobelprize.org/prizes/medicine/1950/summary/,nobelprize.org API 2.1
nobel_medicine,Nobel Prize in Physiology or Medicine,,1950,Philip S. Hench,Philip Showalter Hench,"for their discoveries relating to the hormones of the adrenal cortex, their structure and biological effects",1/3,,medicine,https://www.nobelprize.org/prizes/medicine/1950/summary/,nobelprize.org API 2.1
nobel_medicine,Nobel Prize in Physiology or Medicine,,1951,Max Theiler,Max Theiler,for his discoveries concerning yellow fever and how to combat it,1,,medicine,https://www.nobelprize.org/prizes/medicine/1951/summary/,nobelprize.org API 2.1
nobel_medicine,Nobel Prize in Physiology or Medicine,,1952,Selman A. Waksman,Selman Abraham Waksman,"for his discovery of streptomycin, the first antibiotic effective against tuberculosis",1,,medicine,https://www.nobelprize.org/prizes/medicine/1952/summary/,nobelprize.org API 2.1
nobel_medicine,Nobel Prize in Physiology or Medicine,,1953,Hans Krebs,Hans Adolf Krebs,for his discovery of the citric acid cycle,1/2,,medicine,https://www.nobelprize.org/prizes/medicine/1953/summary/,nobelprize.org API 2.1
nobel_medicine,Nobel Prize in Physiology or Medicine,,1953,Fritz Lipmann,Fritz Albert Lipmann,for his discovery of co-enzyme A and its importance for intermediary metabolism,1/2,,medicine,https://www.nobelprize.org/prizes/medicine/1953/summary/,nobelprize.org API 2.1
nobel_medicine,Nobel Prize in Physiology or Medicine,,1954,John F. Enders,John Franklin Enders,for their discovery of the ability of poliomyelitis viruses to grow in cultures of various types of tissue,1/3,,medicine,https://www.nobelprize.org/prizes/medicine/1954/summary/,nobelprize.org API 2.1
nobel_medicine,Nobel Prize in Physiology or Medicine,,1954,Thomas H. Weller,Thomas Huckle Weller,for their discovery of the ability of poliomyelitis viruses to grow in cultures of various types of tissue,1/3,,medicine,https://www.nobelprize.org/prizes/medicine/1954/summary/,nobelprize.org API 2.1
nobel_medicine,Nobel Prize in Physiology or Medicine,,1954,Frederick C. Robbins,Frederick Chapman Robbins,for their discovery of the ability of poliomyelitis viruses to grow in cultures of various types of tissue,1/3,,medicine,https://www.nobelprize.org/prizes/medicine/1954/summary/,nobelprize.org API 2.1
nobel_medicine,Nobel Prize in Physiology or Medicine,,1955,Hugo Theorell,Axel Hugo Theodor Theorell,for his discoveries concerning the nature and mode of action of oxidation enzymes,1,,medicine,https://www.nobelprize.org/prizes/medicine/1955/summary/,nobelprize.org API 2.1
nobel_medicine,Nobel Prize in Physiology or Medicine,,1956,André F. Cournand,André Frédéric Cournand,for their discoveries concerning heart catheterization and pathological changes in the circulatory system,1/3,,medicine,https://www.nobelprize.org/prizes/medicine/1956/summary/,nobelprize.org API 2.1
nobel_medicine,Nobel Prize in Physiology or Medicine,,1956,Werner Forssmann,Werner Forssmann,for their discoveries concerning heart catheterization and pathological changes in the circulatory system,1/3,,medicine,https://www.nobelprize.org/prizes/medicine/1956/summary/,nobelprize.org API 2.1
nobel_medicine,Nobel Prize in Physiology or Medicine,,1956,Dickinson W. Richards,Dickinson W. Richards,for their discoveries concerning heart catheterization and pathological changes in the circulatory system,1/3,,medicine,https://www.nobelprize.org/prizes/medicine/1956/summary/,nobelprize.org API 2.1
nobel_medicine,Nobel Prize in Physiology or Medicine,,1957,Daniel Bovet,Daniel Bovet,"for his discoveries relating to synthetic compounds that inhibit the action of certain body substances, and especially their action on the vascular system and the skeletal muscles",1,,medicine,https://www.nobelprize.org/prizes/medicine/1957/summary/,nobelprize.org API 2.1
nobel_medicine,Nobel Prize in Physiology or Medicine,,1958,George Beadle,George Wells Beadle,for their discovery that genes act by regulating definite chemical events,1/4,,medicine,https://www.nobelprize.org/prizes/medicine/1958/summary/,nobelprize.org API 2.1
nobel_medicine,Nobel Prize in Physiology or Medicine,,1958,Edward Tatum,Edward Lawrie Tatum,for their discovery that genes act by regulating definite chemical events,1/4,,medicine,https://www.nobelprize.org/prizes/medicine/1958/summary/,nobelprize.org API 2.1
nobel_medicine,Nobel Prize in Physiology or Medicine,,1958,Joshua Lederberg,Joshua Lederberg,for his discoveries concerning genetic recombination and the organization of the genetic material of bacteria,1/2,,medicine,https://www.nobelprize.org/prizes/medicine/1958/summary/,nobelprize.org API 2.1
nobel_medicine,Nobel Prize in Physiology or Medicine,,1959,Severo Ochoa,Severo Ochoa,for their discovery of the mechanisms in the biological synthesis of ribonucleic acid and deoxyribonucleic acid,1/2,,medicine,https://www.nobelprize.org/prizes/medicine/1959/summary/,nobelprize.org API 2.1
nobel_medicine,Nobel Prize in Physiology or Medicine,,1959,Arthur Kornberg,Arthur Kornberg,for their discovery of the mechanisms in the biological synthesis of ribonucleic acid and deoxyribonucleic acid,1/2,,medicine,https://www.nobelprize.org/prizes/medicine/1959/summary/,nobelprize.org API 2.1
nobel_medicine,Nobel Prize in Physiology or Medicine,,1960,Sir Frank Macfarlane Burnet,Sir Frank Macfarlane Burnet,for discovery of acquired immunological tolerance,1/2,,medicine,https://www.nobelprize.org/prizes/medicine/1960/summary/,nobelprize.org API 2.1
nobel_medicine,Nobel Prize in Physiology or Medicine,,1960,Peter Medawar,Peter Brian Medawar,for discovery of acquired immunological tolerance,1/2,,medicine,https://www.nobelprize.org/prizes/medicine/1960/summary/,nobelprize.org API 2.1
nobel_medicine,Nobel Prize in Physiology or Medicine,,1961,Georg von Békésy,Georg von Békésy,for his discoveries of the physical mechanism of stimulation within the cochlea,1,,medicine,https://www.nobelprize.org/prizes/medicine/1961/summary/,nobelprize.org API 2.1
nobel_medicine,Nobel Prize in Physiology or Medicine,,1962,Francis Crick,Francis Harry Compton Crick,for their discoveries concerning the molecular structure of nucleic acids and its significance for information transfer in living material,1/3,,medicine,https://www.nobelprize.org/prizes/medicine/1962/summary/,nobelprize.org API 2.1
nobel_medicine,Nobel Prize in Physiology or Medicine,,1962,James Watson,James Dewey Watson,for their discoveries concerning the molecular structure of nucleic acids and its significance for information transfer in living material,1/3,,medicine,https://www.nobelprize.org/prizes/medicine/1962/summary/,nobelprize.org API 2.1
nobel_medicine,Nobel Prize in Physiology or Medicine,,1962,Maurice Wilkins,Maurice Hugh Frederick Wilkins,for their discoveries concerning the molecular structure of nucleic acids and its significance for information transfer in living material,1/3,,medicine,https://www.nobelprize.org/prizes/medicine/1962/summary/,nobelprize.org API 2.1
nobel_medicine,Nobel Prize in Physiology or Medicine,,1963,Sir John Eccles,Sir John Carew Eccles,for their discoveries concerning the ionic mechanisms involved in excitation and inhibition in the peripheral and central portions of the nerve cell membrane,1/3,,medicine,https://www.nobelprize.org/prizes/medicine/1963/summary/,nobelprize.org API 2.1
nobel_medicine,Nobel Prize in Physiology or Medicine,,1963,Alan Hodgkin,Alan Lloyd Hodgkin,for their discoveries concerning the ionic mechanisms involved in excitation and inhibition in the peripheral and central portions of the nerve cell membrane,1/3,,medicine,https://www.nobelprize.org/prizes/medicine/1963/summary/,nobelprize.org API 2.1
nobel_medicine,Nobel Prize in Physiology or Medicine,,1963,Andrew Huxley,Andrew Fielding Huxley,for their discoveries concerning the ionic mechanisms involved in excitation and inhibition in the peripheral and central portions of the nerve cell membrane,1/3,,medicine,https://www.nobelprize.org/prizes/medicine/1963/summary/,nobelprize.org API 2.1
nobel_medicine,Nobel Prize in Physiology or Medicine,,1964,Konrad Bloch,Konrad Bloch,for their discoveries concerning the mechanism and regulation of the cholesterol and fatty acid metabolism,1/2,,medicine,https://www.nobelprize.org/prizes/medicine/1964/summary/,nobelprize.org API 2.1
nobel_medicine,Nobel Prize in Physiology or Medicine,,1964,Feodor Lynen,Feodor Lynen,for their discoveries concerning the mechanism and regulation of the cholesterol and fatty acid metabolism,1/2,,medicine,https://www.nobelprize.org/prizes/medicine/1964/summary/,nobelprize.org API 2.1
nobel_medicine,Nobel Prize in Physiology or Medicine,,1965,François Jacob,François Jacob,for their discoveries concerning genetic control of enzyme and virus synthesis,1/3,,medicine,https://www.nobelprize.org/prizes/medicine/1965/summary/,nobelprize.org API 2.1
nobel_medicine,Nobel Prize in Physiology or Medicine,,1965,André Lwoff,André Lwoff,for their discoveries concerning genetic control of enzyme and virus synthesis,1/3,,medicine,https://www.nobelprize.org/prizes/medicine/1965/summary/,nobelprize.org API 2.1
nobel_medicine,Nobel Prize in Physiology or Medicine,,1965,Jacques Monod,Jacques Monod,for their discoveries concerning genetic control of enzyme and virus synthesis,1/3,,medicine,https://www.nobelprize.org/prizes/medicine/1965/summary/,nobelprize.org API 2.1
nobel_medicine,Nobel Prize in Physiology or Medicine,,1966,Peyton Rous,Peyton Rous,for his discovery of tumour-inducing viruses,1/2,,medicine,https://www.nobelprize.org/prizes/medicine/1966/summary/,nobelprize.org API 2.1
nobel_medicine,Nobel Prize in Physiology or Medicine,,1966,Charles B. Huggins,Charles Brenton Huggins,for his discoveries concerning hormonal treatment of prostatic cancer,1/2,,medicine,https://www.nobelprize.org/prizes/medicine/1966/summary/,nobelprize.org API 2.1
nobel_medicine,Nobel Prize in Physiology or Medicine,,1967,Ragnar Granit,Ragnar Granit,for their discoveries concerning the primary physiological and chemical visual processes in the eye,1/3,,medicine,https://www.nobelprize.org/prizes/medicine/1967/summary/,nobelprize.org API 2.1
nobel_medicine,Nobel Prize in Physiology or Medicine,,1967,Keffer Hartline,Haldan Keffer Hartline,for their discoveries concerning the primary physiological and chemical visual processes in the eye,1/3,,medicine,https://www.nobelprize.org/prizes/medicine/1967/summary/,nobelprize.org API 2.1
nobel_medicine,Nobel Prize in Physiology or Medicine,,1967,George Wald,George Wald,for their discoveries concerning the primary physiological and chemical visual processes in the eye,1/3,,medicine,https://www.nobelprize.org/prizes/medicine/1967/summary/,nobelprize.org API 2.1
nobel_medicine,Nobel Prize in Physiology or Medicine,,1968,Robert W. Holley,Robert W. Holley,for their interpretation of the genetic code and its function in protein synthesis,1/3,,medicine,https://www.nobelprize.org/prizes/medicine/1968/summary/,nobelprize.org API 2.1
nobel_medicine,Nobel Prize in Physiology or Medicine,,1968,H. Gobind Khorana,Har Gobind Khorana,for their interpretation of the genetic code and its function in protein synthesis,1/3,,medicine,https://www.nobelprize.org/prizes/medicine/1968/summary/,nobelprize.org API 2.1
nobel_medicine,Nobel Prize in Physiology or Medicine,,1968,Marshall W. Nirenberg,Marshall W. Nirenberg,for their interpretation of the genetic code and its function in protein synthesis,1/3,,medicine,https://www.nobelprize.org/prizes/medicine/1968/summary/,nobelprize.org API 2.1
nobel_medicine,Nobel Prize in Physiology or Medicine,,1969,Max Delbrück,Max Delbrück,for their discoveries concerning the replication mechanism and the genetic structure of viruses,1/3,,medicine,https://www.nobelprize.org/prizes/medicine/1969/summary/,nobelprize.org API 2.1
nobel_medicine,Nobel Prize in Physiology or Medicine,,1969,Alfred D. Hershey,Alfred D. Hershey,for their discoveries concerning the replication mechanism and the genetic structure of viruses,1/3,,medicine,https://www.nobelprize.org/prizes/medicine/1969/summary/,nobelprize.org API 2.1
nobel_medicine,Nobel Prize in Physiology or Medicine,,1969,Salvador E. Luria,Salvador E. Luria,for their discoveries concerning the replication mechanism and the genetic structure of viruses,1/3,,medicine,https://www.nobelprize.org/prizes/medicine/1969/summary/,nobelprize.org API 2.1
nobel_medicine,Nobel Prize in Physiology or Medicine,,1970,Sir Bernard Katz,Sir Bernard Katz,"for their discoveries concerning the humoral transmitters in the nerve terminals and the mechanism for their storage, release and inactivation",1/3,,medicine,https://www.nobelprize.org/prizes/medicine/1970/summary/,nobelprize.org API 2.1
nobel_medicine,Nobel Prize in Physiology or Medicine,,1970,Ulf von Euler,Ulf von Euler,"for their discoveries concerning the humoral transmitters in the nerve terminals and the mechanism for their storage, release and inactivation",1/3,,medicine,https://www.nobelprize.org/prizes/medicine/1970/summary/,nobelprize.org API 2.1
nobel_medicine,Nobel Prize in Physiology or Medicine,,1970,Julius Axelrod,Julius Axelrod,"for their discoveries concerning the humoral transmitters in the nerve terminals and the mechanism for their storage, release and inactivation",1/3,,medicine,https://www.nobelprize.org/prizes/medicine/1970/summary/,nobelprize.org API 2.1
nobel_medicine,Nobel Prize in Physiology or Medicine,,1971,"Earl W. Sutherland, Jr","Earl W. Sutherland, Jr",for his discoveries concerning the mechanisms of the action of hormones,1,,medicine,https://www.nobelprize.org/prizes/medicine/1971/summary/,nobelprize.org API 2.1
nobel_medicine,Nobel Prize in Physiology or Medicine,,1972,Gerald M. Edelman,Gerald M. Edelman,for their discoveries concerning the chemical structure of antibodies,1/2,,medicine,https://www.nobelprize.org/prizes/medicine/1972/summary/,nobelprize.org API 2.1
nobel_medicine,Nobel Prize in Physiology or Medicine,,1972,Rodney R. Porter,Rodney R. Porter,for their discoveries concerning the chemical structure of antibodies,1/2,,medicine,https://www.nobelprize.org/prizes/medicine/1972/summary/,nobelprize.org API 2.1
nobel_medicine,Nobel Prize in Physiology or Medicine,,1973,Karl von Frisch,Karl von Frisch,for their discoveries concerning organization and elicitation of individual and social behaviour patterns,1/3,,medicine,https://www.nobelprize.org/prizes/medicine/1973/summary/,nobelprize.org API 2.1
nobel_medicine,Nobel Prize in Physiology or Medicine,,1973,Konrad Lorenz,Konrad Lorenz,for their discoveries concerning organization and elicitation of individual and social behaviour patterns,1/3,,medicine,https://www.nobelprize.org/prizes/medicine/1973/summary/,nobelprize.org API 2.1
nobel_medicine,Nobel Prize in Physiology or Medicine,,1973,Nikolaas Tinbergen,Nikolaas Tinbergen,for their discoveries concerning organization and elicitation of individual and social behaviour patterns,1/3,,medicine,https://www.nobelprize.org/prizes/medicine/1973/summary/,nobelprize.org API 2.1
nobel_medicine,Nobel Prize in Physiology or Medicine,,1974,Albert Claude,Albert Claude,for their discoveries concerning the structural and functional organization of the cell,1/3,,medicine,https://www.nobelprize.org/prizes/medicine/1974/summary/,nobelprize.org API 2.1
nobel_medicine,Nobel Prize in Physiology or Medicine,,1974,Christian de Duve,Christian de Duve,for their discoveries concerning the structural and functional organization of the cell,1/3,,medicine,https://www.nobelprize.org/prizes/medicine/1974/summary/,nobelprize.org API 2.1
nobel_medicine,Nobel Prize in Physiology or Medicine,,1974,George E. Palade,George E. Palade,for their discoveries concerning the structural and functional organization of the cell,1/3,,medicine,https://www.nobelprize.org/prizes/medicine/1974/summary/,nobelprize.org API 2.1
nobel_medicine,Nobel Prize in Physiology or Medicine,,1975,David Baltimore,David Baltimore,for their discoveries concerning the interaction between tumour viruses and the genetic material of the cell,1/3,,medicine,https://www.nobelprize.org/prizes/medicine/1975/summary/,nobelprize.org API 2.1
nobel_medicine,Nobel Prize in Physiology or Medicine,,1975,Renato Dulbecco,Renato Dulbecco,for their discoveries concerning the interaction between tumour viruses and the genetic material of the cell,1/3,,medicine,https://www.nobelprize.org/prizes/medicine/1975/summary/,nobelprize.org API 2.1
nobel_medicine,Nobel Prize in Physiology or Medicine,,1975,Howard M. Temin,Howard Martin Temin,for their discoveries concerning the interaction between tumour viruses and the genetic material of the cell,1/3,,medicine,https://www.nobelprize.org/prizes/medicine/1975/summary/,nobelprize.org API 2.1
nobel_medicine,Nobel Prize in Physiology or Medicine,,1976,Baruch S. Blumberg,Baruch S. Blumberg,for their discoveries concerning new mechanisms for the origin and dissemination of infectious diseases,1/2,,medicine,https://www.nobelprize.org/prizes/medicine/1976/summary/,nobelprize.org API 2.1
nobel_medicine,Nobel Prize in Physiology or Medicine,,1976,D. Carleton Gajdusek,D. Carleton Gajdusek,for their discoveries concerning new mechanisms for the origin and dissemination of infectious diseases,1/2,,medicine,https://www.nobelprize.org/prizes/medicine/1976/summary/,nobelprize.org API 2.1
nobel_medicine,Nobel Prize in Physiology or Medicine,,1977,Roger Guillemin,Roger Guillemin,for their discoveries concerning the peptide hormone production of the brain,1/4,,medicine,https://www.nobelprize.org/prizes/medicine/1977/summary/,nobelprize.org API 2.1
nobel_medicine,Nobel Prize in Physiology or Medicine,,1977,Andrew V. Schally,Andrew V. Schally,for their discoveries concerning the peptide hormone production of the brain,1/4,,medicine,https://www.nobelprize.org/prizes/medicine/1977/summary/,nobelprize.org API 2.1
nobel_medicine,Nobel Prize in Physiology or Medicine,,1977,Rosalyn Yalow,Rosalyn Yalow,for the development of radioimmunoassays of peptide hormones,1/2,,medicine,https://www.nobelprize.org/prizes/medicine/1977/summary/,nobelprize.org API 2.1
nobel_medicine,Nobel Prize in Physiology or Medicine,,1978,Werner Arber,Werner Arber,for the discovery of restriction enzymes and their application to problems of molecular genetics,1/3,,medicine,https://www.nobelprize.org/prizes/medicine/1978/summary/,nobelprize.org API 2.1
nobel_medicine,Nobel Prize in Physiology or Medicine,,1978,Daniel Nathans,Daniel Nathans,for the discovery of restriction enzymes and their application to problems of molecular genetics,1/3,,medicine,https://www.nobelprize.org/prizes/medicine/1978/summary/,nobelprize.org API 2.1
nobel_medicine,Nobel Prize in Physiology or Medicine,,1978,Hamilton O. Smith,Hamilton O. Smith,for the discovery of restriction enzymes and their application to problems of molecular genetics,1/3,,medicine,https://www.nobelprize.org/prizes/medicine/1978/summary/,nobelprize.org API 2.1
nobel_medicine,Nobel Prize in Physiology or Medicine,,1979,Allan M. Cormack,Allan M. Cormack,for the development of computer assisted tomography,1/2,,medicine,https://www.nobelprize.org/prizes/medicine/1979/summary/,nobelprize.org API 2.1
nobel_medicine,Nobel Prize in Physiology or Medicine,,1979,Godfrey N. Hounsfield,Godfrey N. Hounsfield,for the development of computer assisted tomography,1/2,,medicine,https://www.nobelprize.org/prizes/medicine/1979/summary/,nobelprize.org API 2.1
nobel_medicine,Nobel Prize in Physiology or Medicine,,1980,Baruj Benacerraf,Baruj Benacerraf,for their discoveries concerning genetically determined structures on the cell surface that regulate immunological reactions,1/3,,medicine,https://www.nobelprize.org/prizes/medicine/1980/summary/,nobelprize.org API 2.1
nobel_medicine,Nobel Prize in Physiology or Medicine,,1980,Jean Dausset,Jean Dausset,for their discoveries concerning genetically determined structures on the cell surface that regulate immunological reactions,1/3,,medicine,https://www.nobelprize.org/prizes/medicine/1980/summary/,nobelprize.org API 2.1
nobel_medicine,Nobel Prize in Physiology or Medicine,,1980,George D. Snell,George D. Snell,for their discoveries concerning genetically determined structures on the cell surface that regulate immunological reactions,1/3,,medicine,https://www.nobelprize.org/prizes/medicine/1980/summary/,nobelprize.org API 2.1
nobel_medicine,Nobel Prize in Physiology or Medicine,,1981,Roger W. Sperry,Roger W. Sperry,for his discoveries concerning the functional specialization of the cerebral hemispheres,1/2,,medicine,https://www.nobelprize.org/prizes/medicine/1981/summary/,nobelprize.org API 2.1
nobel_medicine,Nobel Prize in Physiology or Medicine,,1981,David H. Hubel,David H. Hubel,for their discoveries concerning information processing in the visual system,1/4,,medicine,https://www.nobelprize.org/prizes/medicine/1981/summary/,nobelprize.org API 2.1
nobel_medicine,Nobel Prize in Physiology or Medicine,,1981,Torsten N. Wiesel,Torsten N. Wiesel,for their discoveries concerning information processing in the visual system,1/4,,medicine,https://www.nobelprize.org/prizes/medicine/1981/summary/,nobelprize.org API 2.1
nobel_medicine,Nobel Prize in Physiology or Medicine,,1982,Sune K. Bergström,Sune K. Bergström,for their discoveries concerning prostaglandins and related biologically active substances,1/3,,medicine,https://www.nobelprize.org/prizes/medicine/1982/summary/,nobelprize.org API 2.1
nobel_medicine,Nobel Prize in Physiology or Medicine,,1982,Bengt I. Samuelsson,Bengt I. Samuelsson,for their discoveries concerning prostaglandins and related biologically active substances,1/3,,medicine,https://www.nobelprize.org/prizes/medicine/1982/summary/,nobelprize.org API 2.1
nobel_medicine,Nobel Prize in Physiology or Medicine,,1982,John R. Vane,John R. Vane,for their discoveries concerning prostaglandins and related biologically active substances,1/3,,medicine,https://www.nobelprize.org/prizes/medicine/1982/summary/,nobelprize.org API 2.1
nobel_medicine,Nobel Prize in Physiology or Medicine,,1983,Barbara McClintock,Barbara McClintock,for her discovery of mobile genetic elements,1,,medicine,https://www.nobelprize.org/prizes/medicine/1983/summary/,nobelprize.org API 2.1
nobel_medicine,Nobel Prize in Physiology or Medicine,,1984,Niels K. Jerne,Niels K. Jerne,for theories concerning the specificity in development and control of the immune system and the discovery of the principle for production of monoclonal antibodies,1/3,,medicine,https://www.nobelprize.org/prizes/medicine/1984/summary/,nobelprize.org API 2.1
nobel_medicine,Nobel Prize in Physiology or Medicine,,1984,Georges J.F. Köhler,Georges J.F. Köhler,for theories concerning the specificity in development and control of the immune system and the discovery of the principle for production of monoclonal antibodies,1/3,,medicine,https://www.nobelprize.org/prizes/medicine/1984/summary/,nobelprize.org API 2.1
nobel_medicine,Nobel Prize in Physiology or Medicine,,1984,César Milstein,César Milstein,for theories concerning the specificity in development and control of the immune system and the discovery of the principle for production of monoclonal antibodies,1/3,,medicine,https://www.nobelprize.org/prizes/medicine/1984/summary/,nobelprize.org API 2.1
nobel_medicine,Nobel Prize in Physiology or Medicine,,1985,Michael S. Brown,Michael S. Brown,for their discoveries concerning the regulation of cholesterol metabolism,1/2,,medicine,https://www.nobelprize.org/prizes/medicine/1985/summary/,nobelprize.org API 2.1
nobel_medicine,Nobel Prize in Physiology or Medicine,,1985,Joseph L. Goldstein,Joseph L. Goldstein,for their discoveries concerning the regulation of cholesterol metabolism,1/2,,medicine,https://www.nobelprize.org/prizes/medicine/1985/summary/,nobelprize.org API 2.1
nobel_medicine,Nobel Prize in Physiology or Medicine,,1986,Stanley Cohen,Stanley Cohen,for their discoveries of growth factors,1/2,,medicine,https://www.nobelprize.org/prizes/medicine/1986/summary/,nobelprize.org API 2.1
nobel_medicine,Nobel Prize in Physiology or Medicine,,1986,Rita Levi-Montalcini,Rita Levi-Montalcini,for their discoveries of growth factors,1/2,,medicine,https://www.nobelprize.org/prizes/medicine/1986/summary/,nobelprize.org API 2.1
nobel_medicine,Nobel Prize in Physiology or Medicine,,1987,Susumu Tonegawa,Susumu Tonegawa,for his discovery of the genetic principle for generation of antibody diversity,1,,medicine,https://www.nobelprize.org/prizes/medicine/1987/summary/,nobelprize.org API 2.1
nobel_medicine,Nobel Prize in Physiology or Medicine,,1988,Sir James W. Black,Sir James W. Black,for their discoveries of important principles for drug treatment,1/3,,medicine,https://www.nobelprize.org/prizes/medicine/1988/summary/,nobelprize.org API 2.1
nobel_medicine,Nobel Prize in Physiology or Medicine,,1988,Gertrude B. Elion,Gertrude B. Elion,for their discoveries of important principles for drug treatment,1/3,,medicine,https://www.nobelprize.org/prizes/medicine/1988/summary/,nobelprize.org API 2.1
nobel_medicine,Nobel Prize in Physiology or Medicine,,1988,George H. Hitchings,George H. Hitchings,for their discoveries of important principles for drug treatment,1/3,,medicine,https://www.nobelprize.org/prizes/medicine/1988/summary/,nobelprize.org API 2.1
nobel_medicine,Nobel Prize in Physiology or Medicine,,1989,J. Michael Bishop,J. Michael Bishop,for their discovery of the cellular origin of retroviral oncogenes,1/2,,medicine,https://www.nobelprize.org/prizes/medicine/1989/summary/,nobelprize.org API 2.1
nobel_medicine,Nobel Prize in Physiology or Medicine,,1989,Harold E. Varmus,Harold E. Varmus,for their discovery of the cellular origin of retroviral oncogenes,1/2,,medicine,https://www.nobelprize.org/prizes/medicine/1989/summary/,nobelprize.org API 2.1
nobel_medicine,Nobel Prize in Physiology or Medicine,,1990,Joseph E. Murray,Joseph E. Murray,for their discoveries concerning organ and cell transplantation in the treatment of human disease,1/2,,medicine,https://www.nobelprize.org/prizes/medicine/1990/summary/,nobelprize.org API 2.1
nobel_medicine,Nobel Prize in Physiology or Medicine,,1990,E. Donnall Thomas,E. Donnall Thomas,for their discoveries concerning organ and cell transplantation in the treatment of human disease,1/2,,medicine,https://www.nobelprize.org/prizes/medicine/1990/summary/,nobelprize.org API 2.1
nobel_medicine,Nobel Prize in Physiology or Medicine,,1991,Erwin Neher,Erwin Neher,for their discoveries concerning the function of single ion channels in cells,1/2,,medicine,https://www.nobelprize.org/prizes/medicine/1991/summary/,nobelprize.org API 2.1
nobel_medicine,Nobel Prize in Physiology or Medicine,,1991,Bert Sakmann,Bert Sakmann,for their discoveries concerning the function of single ion channels in cells,1/2,,medicine,https://www.nobelprize.org/prizes/medicine/1991/summary/,nobelprize.org API 2.1
nobel_medicine,Nobel Prize in Physiology or Medicine,,1992,Edmond H. Fischer,Edmond H. Fischer,for their discoveries concerning reversible protein phosphorylation as a biological regulatory mechanism,1/2,,medicine,https://www.nobelprize.org/prizes/medicine/1992/summary/,nobelprize.org API 2.1
nobel_medicine,Nobel Prize in Physiology or Medicine,,1992,Edwin G. Krebs,Edwin G. Krebs,for their discoveries concerning reversible protein phosphorylation as a biological regulatory mechanism,1/2,,medicine,https://www.nobelprize.org/prizes/medicine/1992/summary/,nobelprize.org API 2.1
nobel_medicine,Nobel Prize in Physiology or Medicine,,1993,Richard J. Roberts,Richard J. Roberts,for their discoveries of split genes,1/2,,medicine,https://www.nobelprize.org/prizes/medicine/1993/summary/,nobelprize.org API 2.1
nobel_medicine,Nobel Prize in Physiology or Medicine,,1993,Phillip A. Sharp,Phillip A. Sharp,for their discoveries of split genes,1/2,,medicine,https://www.nobelprize.org/prizes/medicine/1993/summary/,nobelprize.org API 2.1
nobel_medicine,Nobel Prize in Physiology or Medicine,,1994,Alfred G. Gilman,Alfred G. Gilman,for their discovery of G-proteins and the role of these proteins in signal transduction in cells,1/2,,medicine,https://www.nobelprize.org/prizes/medicine/1994/summary/,nobelprize.org API 2.1
nobel_medicine,Nobel Prize in Physiology or Medicine,,1994,Martin Rodbell,Martin Rodbell,for their discovery of G-proteins and the role of these proteins in signal transduction in cells,1/2,,medicine,https://www.nobelprize.org/prizes/medicine/1994/summary/,nobelprize.org API 2.1
nobel_medicine,Nobel Prize in Physiology or Medicine,,1995,Edward B. Lewis,Edward B. Lewis,for their discoveries concerning the genetic control of early embryonic development,1/3,,medicine,https://www.nobelprize.org/prizes/medicine/1995/summary/,nobelprize.org API 2.1
nobel_medicine,Nobel Prize in Physiology or Medicine,,1995,Christiane Nüsslein-Volhard,Christiane Nüsslein-Volhard,for their discoveries concerning the genetic control of early embryonic development,1/3,,medicine,https://www.nobelprize.org/prizes/medicine/1995/summary/,nobelprize.org API 2.1
nobel_medicine,Nobel Prize in Physiology or Medicine,,1995,Eric F. Wieschaus,Eric F. Wieschaus,for their discoveries concerning the genetic control of early embryonic development,1/3,,medicine,https://www.nobelprize.org/prizes/medicine/1995/summary/,nobelprize.org API 2.1
nobel_medicine,Nobel Prize in Physiology or Medicine,,1996,Peter C. Doherty,Peter C. Doherty,for their discoveries concerning the specificity of the cell mediated immune defence,1/2,,medicine,https://www.nobelprize.org/prizes/medicine/1996/summary/,nobelprize.org API 2.1
nobel_medicine,Nobel Prize in Physiology or Medicine,,1996,Rolf M. Zinkernagel,Rolf M. Zinkernagel,for their discoveries concerning the specificity of the cell mediated immune defence,1/2,,medicine,https://www.nobelprize.org/prizes/medicine/1996/summary/,nobelprize.org API 2.1
nobel_medicine,Nobel Prize in Physiology or Medicine,,1997,Stanley B. Prusiner,Stanley B. Prusiner,for his discovery of Prions - a new biological principle of infection,1,,medicine,https://www.nobelprize.org/prizes/medicine/1997/summary/,nobelprize.org API 2.1
nobel_medicine,Nobel Prize in Physiology or Medicine,,1998,Robert F. Furchgott,Robert F. Furchgott,for their discoveries concerning nitric oxide as a signalling molecule in the cardiovascular system,1/3,,medicine,https://www.nobelprize.org/prizes/medicine/1998/summary/,nobelprize.org API 2.1
nobel_medicine,Nobel Prize in Physiology or Medicine,,1998,Louis J. Ignarro,Louis J. Ignarro,for their discoveries concerning nitric oxide as a signalling molecule in the cardiovascular system,1/3,,medicine,https://www.nobelprize.org/prizes/medicine/1998/summary/,nobelprize.org API 2.1
nobel_medicine,Nobel Prize in Physiology or Medicine,,1998,Ferid Murad,Ferid Murad,for their discoveries concerning nitric oxide as a signalling molecule in the cardiovascular system,1/3,,medicine,https://www.nobelprize.org/prizes/medicine/1998/summary/,nobelprize.org API 2.1
nobel_medicine,Nobel Prize in Physiology or Medicine,,1999,Günter Blobel,Günter Blobel,for the discovery that proteins have intrinsic signals that govern their transport and localization in the cell,1,,medicine,https://www.nobelprize.org/prizes/medicine/1999/summary/,nobelprize.org API 2.1
nobel_medicine,Nobel Prize in Physiology or Medicine,,2000,Arvid Carlsson,Arvid Carlsson,for their discoveries concerning signal transduction in the nervous system,1/3,,medicine,https://www.nobelprize.org/prizes/medicine/2000/summary/,nobelprize.org API 2.1
nobel_medicine,Nobel Prize in Physiology or Medicine,,2000,Paul Greengard,Paul Greengard,for their discoveries concerning signal transduction in the nervous system,1/3,,medicine,https://www.nobelprize.org/prizes/medicine/2000/summary/,nobelprize.org API 2.1
nobel_medicine,Nobel Prize in Physiology or Medicine,,2000,Eric Kandel,Eric R. Kandel,for their discoveries concerning signal transduction in the nervous system,1/3,,medicine,https://www.nobelprize.org/prizes/medicine/2000/summary/,nobelprize.org API 2.1
nobel_medicine,Nobel Prize in Physiology or Medicine,,2001,Leland Hartwell,Leland H. Hartwell,for their discoveries of key regulators of the cell cycle,1/3,,medicine,https://www.nobelprize.org/prizes/medicine/2001/summary/,nobelprize.org API 2.1
nobel_medicine,Nobel Prize in Physiology or Medicine,,2001,Tim Hunt,Tim Hunt,for their discoveries of key regulators of the cell cycle,1/3,,medicine,https://www.nobelprize.org/prizes/medicine/2001/summary/,nobelprize.org API 2.1
nobel_medicine,Nobel Prize in Physiology or Medicine,,2001,Sir Paul Nurse,Sir Paul M. Nurse,for their discoveries of key regulators of the cell cycle,1/3,,medicine,https://www.nobelprize.org/prizes/medicine/2001/summary/,nobelprize.org API 2.1
nobel_medicine,Nobel Prize in Physiology or Medicine,,2002,Sydney Brenner,Sydney Brenner,for their discoveries concerning genetic regulation of organ development and programmed cell death,1/3,,medicine,https://www.nobelprize.org/prizes/medicine/2002/summary/,nobelprize.org API 2.1
nobel_medicine,Nobel Prize in Physiology or Medicine,,2002,H. Robert Horvitz,H. Robert Horvitz,for their discoveries concerning genetic regulation of organ development and programmed cell death,1/3,,medicine,https://www.nobelprize.org/prizes/medicine/2002/summary/,nobelprize.org API 2.1
nobel_medicine,Nobel Prize in Physiology or Medicine,,2002,John E. Sulston,John E. Sulston,for their discoveries concerning genetic regulation of organ development and programmed cell death,1/3,,medicine,https://www.nobelprize.org/prizes/medicine/2002/summary/,nobelprize.org API 2.1
nobel_medicine,Nobel Prize in Physiology or Medicine,,2003,Paul C. Lauterbur,Paul C. Lauterbur,for their discoveries concerning magnetic resonance imaging,1/2,,medicine,https://www.nobelprize.org/prizes/medicine/2003/summary/,nobelprize.org API 2.1
nobel_medicine,Nobel Prize in Physiology or Medicine,,2003,Sir Peter Mansfield,Sir Peter Mansfield,for their discoveries concerning magnetic resonance imaging,1/2,,medicine,https://www.nobelprize.org/prizes/medicine/2003/summary/,nobelprize.org API 2.1
nobel_medicine,Nobel Prize in Physiology or Medicine,,2004,Richard Axel,Richard Axel,for their discoveries of odorant receptors and the organization of the olfactory system,1/2,,medicine,https://www.nobelprize.org/prizes/medicine/2004/summary/,nobelprize.org API 2.1
nobel_medicine,Nobel Prize in Physiology or Medicine,,2004,Linda B. Buck,Linda B. Buck,for their discoveries of odorant receptors and the organization of the olfactory system,1/2,,medicine,https://www.nobelprize.org/prizes/medicine/2004/summary/,nobelprize.org API 2.1
nobel_medicine,Nobel Prize in Physiology or Medicine,,2005,Barry J. Marshall,Barry J. Marshall,for their discovery of the bacterium <i>Helicobacter pylori</i> and its role in gastritis and peptic ulcer disease,1/2,,medicine,https://www.nobelprize.org/prizes/medicine/2005/summary/,nobelprize.org API 2.1
nobel_medicine,Nobel Prize in Physiology or Medicine,,2005,J. Robin Warren,J. Robin Warren,for their discovery of the bacterium <i>Helicobacter pylori</i> and its role in gastritis and peptic ulcer disease,1/2,,medicine,https://www.nobelprize.org/prizes/medicine/2005/summary/,nobelprize.org API 2.1
nobel_medicine,Nobel Prize in Physiology or Medicine,,2006,Andrew Z. Fire,Andrew Z. Fire,for their discovery of RNA interference - gene silencing by double-stranded RNA,1/2,,medicine,https://www.nobelprize.org/prizes/medicine/2006/summary/,nobelprize.org API 2.1
nobel_medicine,Nobel Prize in Physiology or Medicine,,2006,Craig C. Mello,Craig C. Mello,for their discovery of RNA interference - gene silencing by double-stranded RNA,1/2,,medicine,https://www.nobelprize.org/prizes/medicine/2006/summary/,nobelprize.org API 2.1
nobel_medicine,Nobel Prize in Physiology or Medicine,,2007,Mario R. Capecchi,Mario R. Capecchi,for their discoveries of principles for introducing specific gene modifications in mice by the use of embryonic stem cells,1/3,,medicine,https://www.nobelprize.org/prizes/medicine/2007/summary/,nobelprize.org API 2.1
nobel_medicine,Nobel Prize in Physiology or Medicine,,2007,Sir Martin J. Evans,Sir Martin J. Evans,for their discoveries of principles for introducing specific gene modifications in mice by the use of embryonic stem cells,1/3,,medicine,https://www.nobelprize.org/prizes/medicine/2007/summary/,nobelprize.org API 2.1
nobel_medicine,Nobel Prize in Physiology or Medicine,,2007,Oliver Smithies,Oliver Smithies,for their discoveries of principles for introducing specific gene modifications in mice by the use of embryonic stem cells,1/3,,medicine,https://www.nobelprize.org/prizes/medicine/2007/summary/,nobelprize.org API 2.1
nobel_medicine,Nobel Prize in Physiology or Medicine,,2008,Harald zur Hausen,Harald zur Hausen,for his discovery of human papilloma viruses causing cervical cancer,1/2,,medicine,https://www.nobelprize.org/prizes/medicine/2008/summary/,nobelprize.org API 2.1
nobel_medicine,Nobel Prize in Physiology or Medicine,,2008,Françoise Barré-Sinoussi,Françoise Barré-Sinoussi,for their discovery of human immunodeficiency virus,1/4,,medicine,https://www.nobelprize.org/prizes/medicine/2008/summary/,nobelprize.org API 2.1
nobel_medicine,Nobel Prize in Physiology or Medicine,,2008,Luc Montagnier,Luc Montagnier,for their discovery of human immunodeficiency virus,1/4,,medicine,https://www.nobelprize.org/prizes/medicine/2008/summary/,nobelprize.org API 2.1
nobel_medicine,Nobel Prize in Physiology or Medicine,,2009,Elizabeth H. Blackburn,Elizabeth H. Blackburn,for the discovery of how chromosomes are protected by telomeres and the enzyme telomerase,1/3,,medicine,https://www.nobelprize.org/prizes/medicine/2009/summary/,nobelprize.org API 2.1
nobel_medicine,Nobel Prize in Physiology or Medicine,,2009,Carol W. Greider,Carol W. Greider,for the discovery of how chromosomes are protected by telomeres and the enzyme telomerase,1/3,,medicine,https://www.nobelprize.org/prizes/medicine/2009/summary/,nobelprize.org API 2.1
nobel_medicine,Nobel Prize in Physiology or Medicine,,2009,Jack W. Szostak,Jack W. Szostak,for the discovery of how chromosomes are protected by telomeres and the enzyme telomerase,1/3,,medicine,https://www.nobelprize.org/prizes/medicine/2009/summary/,nobelprize.org API 2.1
nobel_medicine,Nobel Prize in Physiology or Medicine,,2010,Robert G. Edwards,Robert G. Edwards,for the development of in vitro fertilization,1,,medicine,https://www.nobelprize.org/prizes/medicine/2010/summary/,nobelprize.org API 2.1
nobel_medicine,Nobel Prize in Physiology or Medicine,,2011,Bruce A. Beutler,Bruce A. Beutler,for their discoveries concerning the activation of innate immunity,1/4,,medicine,https://www.nobelprize.org/prizes/medicine/2011/summary/,nobelprize.org API 2.1
nobel_medicine,Nobel Prize in Physiology or Medicine,,2011,Jules A. Hoffmann,Jules A. Hoffmann,for their discoveries concerning the activation of innate immunity,1/4,,medicine,https://www.nobelprize.org/prizes/medicine/2011/summary/,nobelprize.org API 2.1
nobel_medicine,Nobel Prize in Physiology or Medicine,,2011,Ralph M. Steinman,Ralph M. Steinman,for his discovery of the dendritic cell and its role in adaptive immunity,1/2,,medicine,https://www.nobelprize.org/prizes/medicine/2011/summary/,nobelprize.org API 2.1
nobel_medicine,Nobel Prize in Physiology or Medicine,,2012,Sir John B. Gurdon,Sir John B. Gurdon,for the discovery that mature cells can be reprogrammed to become pluripotent,1/2,,medicine,https://www.nobelprize.org/prizes/medicine/2012/summary/,nobelprize.org API 2.1
nobel_medicine,Nobel Prize in Physiology or Medicine,,2012,Shinya Yamanaka,Shinya Yamanaka,for the discovery that mature cells can be reprogrammed to become pluripotent,1/2,,medicine,https://www.nobelprize.org/prizes/medicine/2012/summary/,nobelprize.org API 2.1
nobel_medicine,Nobel Prize in Physiology or Medicine,,2013,James E. Rothman,James E. Rothman,"for their discoveries of machinery regulating vesicle traffic, a major transport system in our cells",1/3,,medicine,https://www.nobelprize.org/prizes/medicine/2013/summary/,nobelprize.org API 2.1
nobel_medicine,Nobel Prize in Physiology or Medicine,,2013,Randy W. Schekman,Randy W. Schekman,"for their discoveries of machinery regulating vesicle traffic, a major transport system in our cells",1/3,,medicine,https://www.nobelprize.org/prizes/medicine/2013/summary/,nobelprize.org API 2.1
nobel_medicine,Nobel Prize in Physiology or Medicine,,2013,Thomas C. Südhof,Thomas C. Südhof,"for their discoveries of machinery regulating vesicle traffic, a major transport system in our cells",1/3,,medicine,https://www.nobelprize.org/prizes/medicine/2013/summary/,nobelprize.org API 2.1
nobel_medicine,Nobel Prize in Physiology or Medicine,,2014,John O'Keefe,John O'Keefe,for their discoveries of cells that constitute a positioning system in the brain,1/2,,medicine,https://www.nobelprize.org/prizes/medicine/2014/summary/,nobelprize.org API 2.1
nobel_medicine,Nobel Prize in Physiology or Medicine,,2014,May-Britt Moser,May-Britt Moser,for their discoveries of cells that constitute a positioning system in the brain,1/4,,medicine,https://www.nobelprize.org/prizes/medicine/2014/summary/,nobelprize.org API 2.1
nobel_medicine,Nobel Prize in Physiology or Medicine,,2014,Edvard I. Moser,Edvard I. Moser,for their discoveries of cells that constitute a positioning system in the brain,1/4,,medicine,https://www.nobelprize.org/prizes/medicine/2014/summary/,nobelprize.org API 2.1
nobel_medicine,Nobel Prize in Physiology or Medicine,,2015,William C. Campbell,William C. Campbell,for their discoveries concerning a novel therapy against infections caused by roundworm parasites,1/4,,medicine,https://www.nobelprize.org/prizes/medicine/2015/summary/,nobelprize.org API 2.1
nobel_medicine,Nobel Prize in Physiology or Medicine,,2015,Satoshi Ōmura,Satoshi Ōmura,for their discoveries concerning a novel therapy against infections caused by roundworm parasites,1/4,,medicine,https://www.nobelprize.org/prizes/medicine/2015/summary/,nobelprize.org API 2.1
nobel_medicine,Nobel Prize in Physiology or Medicine,,2015,Tu Youyou,Tu Youyou,for her discoveries concerning a novel therapy against Malaria,1/2,,medicine,https://www.nobelprize.org/prizes/medicine/2015/summary/,nobelprize.org API 2.1
nobel_medicine,Nobel Prize in Physiology or Medicine,,2016,Yoshinori Ohsumi,Yoshinori Ohsumi,for his discoveries of mechanisms for autophagy,1,,medicine,https://www.nobelprize.org/prizes/medicine/2016/summary/,nobelprize.org API 2.1
nobel_medicine,Nobel Prize in Physiology or Medicine,,2017,Jeffrey C. Hall,Jeffrey C. Hall,for their discoveries of molecular mechanisms controlling the circadian rhythm,1/3,,medicine,https://www.nobelprize.org/prizes/medicine/2017/summary/,nobelprize.org API 2.1
nobel_medicine,Nobel Prize in Physiology or Medicine,,2017,Michael Rosbash,Michael Rosbash,for their discoveries of molecular mechanisms controlling the circadian rhythm,1/3,,medicine,https://www.nobelprize.org/prizes/medicine/2017/summary/,nobelprize.org API 2.1
nobel_medicine,Nobel Prize in Physiology or Medicine,,2017,Michael W. Young,Michael W. Young,for their discoveries of molecular mechanisms controlling the circadian rhythm,1/3,,medicine,https://www.nobelprize.org/prizes/medicine/2017/summary/,nobelprize.org API 2.1
nobel_medicine,Nobel Prize in Physiology or Medicine,,2018,James P. Allison,James P. Allison,for their discovery of cancer therapy by inhibition of negative immune regulation,1/2,,medicine,https://www.nobelprize.org/prizes/medicine/2018/summary/,nobelprize.org API 2.1
nobel_medicine,Nobel Prize in Physiology or Medicine,,2018,Tasuku Honjo,Tasuku Honjo,for their discovery of cancer therapy by inhibition of negative immune regulation,1/2,,medicine,https://www.nobelprize.org/prizes/medicine/2018/summary/,nobelprize.org API 2.1
nobel_medicine,Nobel Prize in Physiology or Medicine,,2019,William G. Kaelin Jr,William G. Kaelin Jr,for their discoveries of how cells sense and adapt to oxygen availability,1/3,,medicine,https://www.nobelprize.org/prizes/medicine/2019/summary/,nobelprize.org API 2.1
nobel_medicine,Nobel Prize in Physiology or Medicine,,2019,Sir Peter J. Ratcliffe,Sir Peter J. Ratcliffe,for their discoveries of how cells sense and adapt to oxygen availability,1/3,,medicine,https://www.nobelprize.org/prizes/medicine/2019/summary/,nobelprize.org API 2.1
nobel_medicine,Nobel Prize in Physiology or Medicine,,2019,Gregg L. Semenza,Gregg L. Semenza,for their discoveries of how cells sense and adapt to oxygen availability,1/3,,medicine,https://www.nobelprize.org/prizes/medicine/2019/summary/,nobelprize.org API 2.1
nobel_medicine,Nobel Prize in Physiology or Medicine,,2020,Harvey J. Alter,Harvey J. Alter,for the discovery of Hepatitis C virus,1/3,,medicine,https://www.nobelprize.org/prizes/medicine/2020/summary/,nobelprize.org API 2.1
nobel_medicine,Nobel Prize in Physiology or Medicine,,2020,Michael Houghton,Michael Houghton,for the discovery of Hepatitis C virus,1/3,,medicine,https://www.nobelprize.org/prizes/medicine/2020/summary/,nobelprize.org API 2.1
nobel_medicine,Nobel Prize in Physiology or Medicine,,2020,Charles M. Rice,Charles M. Rice,for the discovery of Hepatitis C virus,1/3,,medicine,https://www.nobelprize.org/prizes/medicine/2020/summary/,nobelprize.org API 2.1
nobel_medicine,Nobel Prize in Physiology or Medicine,,2021,David Julius,David Julius,for their discoveries of receptors for temperature and touch,1/2,,medicine,https://www.nobelprize.org/prizes/medicine/2021/summary/,nobelprize.org API 2.1
nobel_medicine,Nobel Prize in Physiology or Medicine,,2021,Ardem Patapoutian,Ardem Patapoutian,for their discoveries of receptors for temperature and touch,1/2,,medicine,https://www.nobelprize.org/prizes/medicine/2021/summary/,nobelprize.org API 2.1
nobel_medicine,Nobel Prize in Physiology or Medicine,,2022,Svante Pääbo,Svante Pääbo,for his discoveries concerning the genomes of extinct hominins and human evolution,1,,medicine,https://www.nobelprize.org/prizes/medicine/2022/summary/,nobelprize.org API 2.1
nobel_medicine,Nobel Prize in Physiology or Medicine,,2023,Katalin Karikó,Katalin Karikó,for their discoveries concerning nucleoside base modifications that enabled the development of effective mRNA vaccines against COVID-19,1/2,,medicine,https://www.nobelprize.org/prizes/medicine/2023/summary/,nobelprize.org API 2.1
nobel_medicine,Nobel Prize in Physiology or Medicine,,2023,Drew Weissman,Drew Weissman,for their discoveries concerning nucleoside base modifications that enabled the development of effective mRNA vaccines against COVID-19,1/2,,medicine,https://www.nobelprize.org/prizes/medicine/2023/summary/,nobelprize.org API 2.1
nobel_medicine,Nobel Prize in Physiology or Medicine,,2024,Victor Ambros,Victor Ambros,for the discovery of microRNA and its role in post-transcriptional gene regulation,1/2,,medicine,https://www.nobelprize.org/prizes/medicine/2024/summary/,nobelprize.org API 2.1
nobel_medicine,Nobel Prize in Physiology or Medicine,,2024,Gary Ruvkun,Gary Ruvkun,for the discovery of microRNA and its role in post-transcriptional gene regulation,1/2,,medicine,https://www.nobelprize.org/prizes/medicine/2024/summary/,nobelprize.org API 2.1
nobel_medicine,Nobel Prize in Physiology or Medicine,,2025,Mary E. Brunkow,Mary E. Brunkow,for their discoveries concerning peripheral immune tolerance,1/3,,medicine,https://www.nobelprize.org/prizes/medicine/2025/summary/,nobelprize.org API 2.1
nobel_medicine,Nobel Prize in Physiology or Medicine,,2025,Fred Ramsdell,Frederick J. Ramsdell,for their discoveries concerning peripheral immune tolerance,1/3,,medicine,https://www.nobelprize.org/prizes/medicine/2025/summary/,nobelprize.org API 2.1
nobel_medicine,Nobel Prize in Physiology or Medicine,,2025,Shimon Sakaguchi,Shimon Sakaguchi,for their discoveries concerning peripheral immune tolerance,1/3,,medicine,https://www.nobelprize.org/prizes/medicine/2025/summary/,nobelprize.org API 2.1
nobel_physics,Nobel Prize in Physics,,1901,Wilhelm Conrad Röntgen,Wilhelm Conrad Röntgen,in recognition of the extraordinary services he has rendered by the discovery of the remarkable rays subsequently named after him,1,,physics,https://www.nobelprize.org/prizes/physics/1901/summary/,nobelprize.org API 2.1
nobel_physics,Nobel Prize in Physics,,1902,Hendrik A. Lorentz,Hendrik Antoon Lorentz,in recognition of the extraordinary service they rendered by their researches into the influence of magnetism upon radiation phenomena,1/2,,physics,https://www.nobelprize.org/prizes/physics/1902/summary/,nobelprize.org API 2.1
nobel_physics,Nobel Prize in Physics,,1902,Pieter Zeeman,Pieter Zeeman,in recognition of the extraordinary service they rendered by their researches into the influence of magnetism upon radiation phenomena,1/2,,physics,https://www.nobelprize.org/prizes/physics/1902/summary/,nobelprize.org API 2.1
nobel_physics,Nobel Prize in Physics,,1903,Henri Becquerel,Antoine Henri Becquerel,in recognition of the extraordinary services he has rendered by his discovery of spontaneous radioactivity,1/2,,physics,https://www.nobelprize.org/prizes/physics/1903/summary/,nobelprize.org API 2.1
nobel_physics,Nobel Prize in Physics,,1903,Pierre Curie,Pierre Curie,in recognition of the extraordinary services they have rendered by their joint researches on the radiation phenomena discovered by Professor Henri Becquerel,1/4,,physics,https://www.nobelprize.org/prizes/physics/1903/summary/,nobelprize.org API 2.1
nobel_physics,Nobel Prize in Physics,,1903,Marie Curie,"Marie Curie, née Skłodowska",in recognition of the extraordinary services they have rendered by their joint researches on the radiation phenomena discovered by Professor Henri Becquerel,1/4,,physics,https://www.nobelprize.org/prizes/physics/1903/summary/,nobelprize.org API 2.1
nobel_physics,Nobel Prize in Physics,,1904,Lord Rayleigh,Lord Rayleigh (John William Strutt),for his investigations of the densities of the most important gases and for his discovery of argon in connection with these studies,1,,physics,https://www.nobelprize.org/prizes/physics/1904/summary/,nobelprize.org API 2.1
nobel_physics,Nobel Prize in Physics,,1905,Philipp Lenard,Philipp Eduard Anton von Lenard,for his work on cathode rays,1,,physics,https://www.nobelprize.org/prizes/physics/1905/summary/,nobelprize.org API 2.1
nobel_physics,Nobel Prize in Physics,,1906,J.J. Thomson,Joseph John Thomson,in recognition of the great merits of his theoretical and experimental investigations on the conduction of electricity by gases,1,,physics,https://www.nobelprize.org/prizes/physics/1906/summary/,nobelprize.org API 2.1
nobel_physics,Nobel Prize in Physics,,1907,Albert A. Michelson,Albert Abraham Michelson,for his optical precision instruments and the spectroscopic and metrological investigations carried out with their aid,1,,physics,https://www.nobelprize.org/prizes/physics/1907/summary/,nobelprize.org API 2.1
nobel_physics,Nobel Prize in Physics,,1908,Gabriel Lippmann,Gabriel Lippmann,for his method of reproducing colours photographically based on the phenomenon of interference,1,,physics,https://www.nobelprize.org/prizes/physics/1908/summary/,nobelprize.org API 2.1
nobel_physics,Nobel Prize in Physics,,1909,Guglielmo Marconi,Guglielmo Marconi,in recognition of their contributions to the development of wireless telegraphy,1/2,,physics,https://www.nobelprize.org/prizes/physics/1909/summary/,nobelprize.org API 2.1
nobel_physics,Nobel Prize in Physics,,1909,Ferdinand Braun,Karl Ferdinand Braun,in recognition of their contributions to the development of wireless telegraphy,1/2,,physics,https://www.nobelprize.org/prizes/physics/1909/summary/,nobelprize.org API 2.1
nobel_physics,Nobel Prize in Physics,,1910,Johannes Diderik van der Waals,Johannes Diderik van der Waals,for his work on the equation of state for gases and liquids,1,,physics,https://www.nobelprize.org/prizes/physics/1910/summary/,nobelprize.org API 2.1
nobel_physics,Nobel Prize in Physics,,1911,Wilhelm Wien,Wilhelm Wien,for his discoveries regarding the laws governing the radiation of heat,1,,physics,https://www.nobelprize.org/prizes/physics/1911/summary/,nobelprize.org API 2.1
nobel_physics,Nobel Prize in Physics,,1912,Gustaf Dalén,Nils Gustaf Dalén,for his invention of automatic regulators for use in conjunction with gas accumulators for illuminating lighthouses and buoys,1,,physics,https://www.nobelprize.org/prizes/physics/1912/summary/,nobelprize.org API 2.1
nobel_physics,Nobel Prize in Physics,,1913,Heike Kamerlingh Onnes,Heike Kamerlingh Onnes,"for his investigations on the properties of matter at low temperatures which led, inter alia, to the production of liquid helium",1,,physics,https://www.nobelprize.org/prizes/physics/1913/summary/,nobelprize.org API 2.1
nobel_physics,Nobel Prize in Physics,,1914,Max von Laue,Max von Laue,for his discovery of the diffraction of X-rays by crystals,1,,physics,https://www.nobelprize.org/prizes/physics/1914/summary/,nobelprize.org API 2.1
nobel_physics,Nobel Prize in Physics,,1915,William Bragg,Sir William Henry Bragg,for their services in the analysis of crystal structure by means of X-rays,1/2,,physics,https://www.nobelprize.org/prizes/physics/1915/summary/,nobelprize.org API 2.1
nobel_physics,Nobel Prize in Physics,,1915,Lawrence Bragg,William Lawrence Bragg,for their services in the analysis of crystal structure by means of X-rays,1/2,,physics,https://www.nobelprize.org/prizes/physics/1915/summary/,nobelprize.org API 2.1
nobel_physics,Nobel Prize in Physics,,1917,Charles Glover Barkla,Charles Glover Barkla,for his discovery of the characteristic R&ouml;ntgen radiation of the elements,1,,physics,https://www.nobelprize.org/prizes/physics/1917/summary/,nobelprize.org API 2.1
nobel_physics,Nobel Prize in Physics,,1918,Max Planck,Max Karl Ernst Ludwig Planck,in recognition of the services he rendered to the advancement of Physics by his discovery of energy quanta,1,,physics,https://www.nobelprize.org/prizes/physics/1918/summary/,nobelprize.org API 2.1
nobel_physics,Nobel Prize in Physics,,1919,Johannes Stark,Johannes Stark,for his discovery of the Doppler effect in canal rays and the splitting of spectral lines in electric fields,1,,physics,https://www.nobelprize.org/prizes/physics/1919/summary/,nobelprize.org API 2.1
nobel_physics,Nobel Prize in Physics,,1920,Charles Edouard Guillaume,Charles Edouard Guillaume,in recognition of the service he has rendered to precision measurements in Physics by his discovery of anomalies in nickel steel alloys,1,,physics,https://www.nobelprize.org/prizes/physics/1920/summary/,nobelprize.org API 2.1
nobel_physics,Nobel Prize in Physics,,1921,Albert Einstein,Albert Einstein,"for his services to Theoretical Physics, and especially for his discovery of the law of the photoelectric effect",1,,physics,https://www.nobelprize.org/prizes/physics/1921/summary/,nobelprize.org API 2.1
nobel_physics,Nobel Prize in Physics,,1922,Niels Bohr,Niels Henrik David Bohr,for his services in the investigation of the structure of atoms and of the radiation emanating from them,1,,physics,https://www.nobelprize.org/prizes/physics/1922/summary/,nobelprize.org API 2.1
nobel_physics,Nobel Prize in Physics,,1923,Robert A. Millikan,Robert Andrews Millikan,for his work on the elementary charge of electricity and on the photoelectric effect,1,,physics,https://www.nobelprize.org/prizes/physics/1923/summary/,nobelprize.org API 2.1
nobel_physics,Nobel Prize in Physics,,1924,Manne Siegbahn,Karl Manne Georg Siegbahn,for his discoveries and research in the field of X-ray spectroscopy,1,,physics,https://www.nobelprize.org/prizes/physics/1924/summary/,nobelprize.org API 2.1
nobel_physics,Nobel Prize in Physics,,1925,James Franck,James Franck,for their discovery of the laws governing the impact of an electron upon an atom,1/2,,physics,https://www.nobelprize.org/prizes/physics/1925/summary/,nobelprize.org API 2.1
nobel_physics,Nobel Prize in Physics,,1925,Gustav Hertz,Gustav Ludwig Hertz,for their discovery of the laws governing the impact of an electron upon an atom,1/2,,physics,https://www.nobelprize.org/prizes/physics/1925/summary/,nobelprize.org API 2.1
nobel_physics,Nobel Prize in Physics,,1926,Jean Baptiste Perrin,Jean Baptiste Perrin,"for his work on the discontinuous structure of matter, and especially for his discovery of sedimentation equilibrium",1,,physics,https://www.nobelprize.org/prizes/physics/1926/summary/,nobelprize.org API 2.1
nobel_physics,Nobel Prize in Physics,,1927,Arthur H. Compton,Arthur Holly Compton,for his discovery of the effect named after him,1/2,,physics,https://www.nobelprize.org/prizes/physics/1927/summary/,nobelprize.org API 2.1
nobel_physics,Nobel Prize in Physics,,1927,C.T.R. Wilson,Charles Thomson Rees Wilson,for his method of making the paths of electrically charged particles visible by condensation of vapour,1/2,,physics,https://www.nobelprize.org/prizes/physics/1927/summary/,nobelprize.org API 2.1
nobel_physics,Nobel Prize in Physics,,1928,Owen Willans Richardson,Owen Willans Richardson,for his work on the thermionic phenomenon and especially for the discovery of the law named after him,1,,physics,https://www.nobelprize.org/prizes/physics/1928/summary/,nobelprize.org API 2.1
nobel_physics,Nobel Prize in Physics,,1929,Louis de Broglie,Prince Louis-Victor Pierre Raymond de Broglie,for his discovery of the wave nature of electrons,1,,physics,https://www.nobelprize.org/prizes/physics/1929/summary/,nobelprize.org API 2.1
nobel_physics,Nobel Prize in Physics,,1930,Sir Chandrasekhara Venkata Raman,Sir Chandrasekhara Venkata Raman,for his work on the scattering of light and for the discovery of the effect named after him,1,,physics,https://www.nobelprize.org/prizes/physics/1930/summary/,nobelprize.org API 2.1
nobel_physics,Nobel Prize in Physics,,1932,Werner Heisenberg,Werner Karl Heisenberg,"for the creation of quantum mechanics, the application of which has, inter alia, led to the discovery of the allotropic forms of hydrogen",1,,physics,https://www.nobelprize.org/prizes/physics/1932/summary/,nobelprize.org API 2.1
nobel_physics,Nobel Prize in Physics,,1933,Erwin Schrödinger,Erwin Schrödinger,for the discovery of new productive forms of atomic theory,1/2,,physics,https://www.nobelprize.org/prizes/physics/1933/summary/,nobelprize.org API 2.1
nobel_physics,Nobel Prize in Physics,,1933,Paul A.M. Dirac,Paul Adrien Maurice Dirac,for the discovery of new productive forms of atomic theory,1/2,,physics,https://www.nobelprize.org/prizes/physics/1933/summary/,nobelprize.org API 2.1
nobel_physics,Nobel Prize in Physics,,1935,James Chadwick,James Chadwick,for the discovery of the neutron,1,,physics,https://www.nobelprize.org/prizes/physics/1935/summary/,nobelprize.org API 2.1
nobel_physics,Nobel Prize in Physics,,1936,Victor F. Hess,Victor Franz Hess,for his discovery of cosmic radiation,1/2,,physics,https://www.nobelprize.org/prizes/physics/1936/summary/,nobelprize.org API 2.1
nobel_physics,Nobel Prize in Physics,,1936,Carl D. Anderson,Carl David Anderson,for his discovery of the positron,1/2,,physics,https://www.nobelprize.org/prizes/physics/1936/summary/,nobelprize.org API 2.1
nobel_physics,Nobel Prize in Physics,,1937,Clinton Davisson,Clinton Joseph Davisson,for their experimental discovery of the diffraction of electrons by crystals,1/2,,physics,https://www.nobelprize.org/prizes/physics/1937/summary/,nobelprize.org API 2.1
nobel_physics,Nobel Prize in Physics,,1937,George Paget Thomson,George Paget Thomson,for their experimental discovery of the diffraction of electrons by crystals,1/2,,physics,https://www.nobelprize.org/prizes/physics/1937/summary/,nobelprize.org API 2.1
nobel_physics,Nobel Prize in Physics,,1938,Enrico Fermi,Enrico Fermi,"for his demonstrations of the existence of new radioactive elements produced by neutron irradiation, and for his related discovery of nuclear reactions brought about by slow neutrons",1,,physics,https://www.nobelprize.org/prizes/physics/1938/summary/,nobelprize.org API 2.1
nobel_physics,Nobel Prize in Physics,,1939,Ernest Lawrence,Ernest Orlando Lawrence,"for the invention and development of the cyclotron and for results obtained with it, especially with regard to artificial radioactive elements",1,,physics,https://www.nobelprize.org/prizes/physics/1939/summary/,nobelprize.org API 2.1
nobel_physics,Nobel Prize in Physics,,1943,Otto Stern,Otto Stern,for his contribution to the development of the molecular ray method and his discovery of the magnetic moment of the proton,1,,physics,https://www.nobelprize.org/prizes/physics/1943/summary/,nobelprize.org API 2.1
nobel_physics,Nobel Prize in Physics,,1944,Isidor Isaac Rabi,Isidor Isaac Rabi,for his resonance method for recording the magnetic properties of atomic nuclei,1,,physics,https://www.nobelprize.org/prizes/physics/1944/summary/,nobelprize.org API 2.1
nobel_physics,Nobel Prize in Physics,,1945,Wolfgang Pauli,Wolfgang Pauli,"for the discovery of the Exclusion Principle, also called the Pauli Principle",1,,physics,https://www.nobelprize.org/prizes/physics/1945/summary/,nobelprize.org API 2.1
nobel_physics,Nobel Prize in Physics,,1946,Percy W. Bridgman,Percy Williams Bridgman,"for the invention of an apparatus to produce extremely high pressures, and for the discoveries he made therewith in the field of high pressure physics",1,,physics,https://www.nobelprize.org/prizes/physics/1946/summary/,nobelprize.org API 2.1
nobel_physics,Nobel Prize in Physics,,1947,Edward V. Appleton,Sir Edward Victor Appleton,for his investigations of the physics of the upper atmosphere especially for the discovery of the so-called Appleton layer,1,,physics,https://www.nobelprize.org/prizes/physics/1947/summary/,nobelprize.org API 2.1
nobel_physics,Nobel Prize in Physics,,1948,Patrick M.S. Blackett,Patrick Maynard Stuart Blackett,"for his development of the Wilson cloud chamber method, and his discoveries therewith in the fields of nuclear physics and cosmic radiation",1,,physics,https://www.nobelprize.org/prizes/physics/1948/summary/,nobelprize.org API 2.1
nobel_physics,Nobel Prize in Physics,,1949,Hideki Yukawa,Hideki Yukawa,for his prediction of the existence of mesons on the basis of theoretical work on nuclear forces,1,,physics,https://www.nobelprize.org/prizes/physics/1949/summary/,nobelprize.org API 2.1
nobel_physics,Nobel Prize in Physics,,1950,Cecil Powell,Cecil Frank Powell,for his development of the photographic method of studying nuclear processes and his discoveries regarding mesons made with this method,1,,physics,https://www.nobelprize.org/prizes/physics/1950/summary/,nobelprize.org API 2.1
nobel_physics,Nobel Prize in Physics,,1951,John Cockcroft,Sir John Douglas Cockcroft,for their pioneer work on the transmutation of atomic nuclei by artificially accelerated atomic particles,1/2,,physics,https://www.nobelprize.org/prizes/physics/1951/summary/,nobelprize.org API 2.1
nobel_physics,Nobel Prize in Physics,,1951,Ernest T.S. Walton,Ernest Thomas Sinton Walton,for their pioneer work on the transmutation of atomic nuclei by artificially accelerated atomic particles,1/2,,physics,https://www.nobelprize.org/prizes/physics/1951/summary/,nobelprize.org API 2.1
nobel_physics,Nobel Prize in Physics,,1952,Felix Bloch,Felix Bloch,for their development of new methods for nuclear magnetic precision measurements and discoveries in connection therewith,1/2,,physics,https://www.nobelprize.org/prizes/physics/1952/summary/,nobelprize.org API 2.1
nobel_physics,Nobel Prize in Physics,,1952,E. M. Purcell,Edward Mills Purcell,for their development of new methods for nuclear magnetic precision measurements and discoveries in connection therewith,1/2,,physics,https://www.nobelprize.org/prizes/physics/1952/summary/,nobelprize.org API 2.1
nobel_physics,Nobel Prize in Physics,,1953,Frits Zernike,Frits Zernike,"for his demonstration of the phase contrast method, especially for his invention of the phase contrast microscope",1,,physics,https://www.nobelprize.org/prizes/physics/1953/summary/,nobelprize.org API 2.1
nobel_physics,Nobel Prize in Physics,,1954,Max Born,Max Born,"for his fundamental research in quantum mechanics, especially for his statistical interpretation of the wavefunction",1/2,,physics,https://www.nobelprize.org/prizes/physics/1954/summary/,nobelprize.org API 2.1
nobel_physics,Nobel Prize in Physics,,1954,Walther Bothe,Walther Bothe,for the coincidence method and his discoveries made therewith,1/2,,physics,https://www.nobelprize.org/prizes/physics/1954/summary/,nobelprize.org API 2.1
nobel_physics,Nobel Prize in Physics,,1955,Willis E. Lamb,Willis Eugene Lamb,for his discoveries concerning the fine structure of the hydrogen spectrum,1/2,,physics,https://www.nobelprize.org/prizes/physics/1955/summary/,nobelprize.org API 2.1
nobel_physics,Nobel Prize in Physics,,1955,Polykarp Kusch,Polykarp Kusch,for his precision determination of the magnetic moment of the electron,1/2,,physics,https://www.nobelprize.org/prizes/physics/1955/summary/,nobelprize.org API 2.1
nobel_physics,Nobel Prize in Physics,,1956,William B. Shockley,William Bradford Shockley,for their researches on semiconductors and their discovery of the transistor effect,1/3,,physics,https://www.nobelprize.org/prizes/physics/1956/summary/,nobelprize.org API 2.1
nobel_physics,Nobel Prize in Physics,,1956,John Bardeen,John Bardeen,for their researches on semiconductors and their discovery of the transistor effect,1/3,,physics,https://www.nobelprize.org/prizes/physics/1956/summary/,nobelprize.org API 2.1
nobel_physics,Nobel Prize in Physics,,1956,Walter H. Brattain,Walter Houser Brattain,for their researches on semiconductors and their discovery of the transistor effect,1/3,,physics,https://www.nobelprize.org/prizes/physics/1956/summary/,nobelprize.org API 2.1
nobel_physics,Nobel Prize in Physics,,1957,Chen Ning Yang,Chen Ning Yang,for their penetrating investigation of the so-called parity laws which has led to important discoveries regarding the elementary particles,1/2,,physics,https://www.nobelprize.org/prizes/physics/1957/summary/,nobelprize.org API 2.1
nobel_physics,Nobel Prize in Physics,,1957,Tsung-Dao Lee,Tsung-Dao (T.D.) Lee,for their penetrating investigation of the so-called parity laws which has led to important discoveries regarding the elementary particles,1/2,,physics,https://www.nobelprize.org/prizes/physics/1957/summary/,nobelprize.org API 2.1
nobel_physics,Nobel Prize in Physics,,1958,Pavel A. Cherenkov,Pavel Alekseyevich Cherenkov,for the discovery and the interpretation of the Cherenkov effect,1/3,,physics,https://www.nobelprize.org/prizes/physics/1958/summary/,nobelprize.org API 2.1
nobel_physics,Nobel Prize in Physics,,1958,Il´ja M. Frank,Il´ja Mikhailovich Frank,for the discovery and the interpretation of the Cherenkov effect,1/3,,physics,https://www.nobelprize.org/prizes/physics/1958/summary/,nobelprize.org API 2.1
nobel_physics,Nobel Prize in Physics,,1958,Igor Y. Tamm,Igor Yevgenyevich Tamm,for the discovery and the interpretation of the Cherenkov effect,1/3,,physics,https://www.nobelprize.org/prizes/physics/1958/summary/,nobelprize.org API 2.1
nobel_physics,Nobel Prize in Physics,,1959,Emilio Segrè,Emilio Gino Segrè,for their discovery of the antiproton,1/2,,physics,https://www.nobelprize.org/prizes/physics/1959/summary/,nobelprize.org API 2.1
nobel_physics,Nobel Prize in Physics,,1959,Owen Chamberlain,Owen Chamberlain,for their discovery of the antiproton,1/2,,physics,https://www.nobelprize.org/prizes/physics/1959/summary/,nobelprize.org API 2.1
nobel_physics,Nobel Prize in Physics,,1960,Donald A. Glaser,Donald Arthur Glaser,for the invention of the bubble chamber,1,,physics,https://www.nobelprize.org/prizes/physics/1960/summary/,nobelprize.org API 2.1
nobel_physics,Nobel Prize in Physics,,1961,Robert Hofstadter,Robert Hofstadter,for his pioneering studies of electron scattering in atomic nuclei and for his thereby achieved discoveries concerning the structure of the nucleons,1/2,,physics,https://www.nobelprize.org/prizes/physics/1961/summary/,nobelprize.org API 2.1
nobel_physics,Nobel Prize in Physics,,1961,Rudolf Mössbauer,Rudolf Ludwig Mössbauer,for his researches concerning the resonance absorption of gamma radiation and his discovery in this connection of the effect which bears his name,1/2,,physics,https://www.nobelprize.org/prizes/physics/1961/summary/,nobelprize.org API 2.1
nobel_physics,Nobel Prize in Physics,,1962,Lev Landau,Lev Davidovich Landau,"for his pioneering theories for condensed matter, especially liquid helium",1,,physics,https://www.nobelprize.org/prizes/physics/1962/summary/,nobelprize.org API 2.1
nobel_physics,Nobel Prize in Physics,,1963,Eugene Wigner,Eugene Paul Wigner,"for his contributions to the theory of the atomic nucleus and the elementary particles, particularly through the discovery and application of fundamental symmetry principles",1/2,,physics,https://www.nobelprize.org/prizes/physics/1963/summary/,nobelprize.org API 2.1
nobel_physics,Nobel Prize in Physics,,1963,Maria Goeppert Mayer,Maria Goeppert Mayer,for their discoveries concerning nuclear shell structure,1/4,,physics,https://www.nobelprize.org/prizes/physics/1963/summary/,nobelprize.org API 2.1
nobel_physics,Nobel Prize in Physics,,1963,J. Hans D. Jensen,J. Hans D. Jensen,for their discoveries concerning nuclear shell structure,1/4,,physics,https://www.nobelprize.org/prizes/physics/1963/summary/,nobelprize.org API 2.1
nobel_physics,Nobel Prize in Physics,,1964,Charles H. Townes,Charles Hard Townes,"for fundamental work in the field of quantum electronics, which has led to the construction of oscillators and amplifiers based on the maser-laser principle",1/2,,physics,https://www.nobelprize.org/prizes/physics/1964/summary/,nobelprize.org API 2.1
nobel_physics,Nobel Prize in Physics,,1964,Nicolay G. Basov,Nicolay Gennadiyevich Basov,"for fundamental work in the field of quantum electronics, which has led to the construction of oscillators and amplifiers based on the maser-laser principle",1/4,,physics,https://www.nobelprize.org/prizes/physics/1964/summary/,nobelprize.org API 2.1
nobel_physics,Nobel Prize in Physics,,1964,Aleksandr M. Prokhorov,Aleksandr Mikhailovich Prokhorov,"for fundamental work in the field of quantum electronics, which has led to the construction of oscillators and amplifiers based on the maser-laser principle",1/4,,physics,https://www.nobelprize.org/prizes/physics/1964/summary/,nobelprize.org API 2.1
nobel_physics,Nobel Prize in Physics,,1965,Sin-Itiro Tomonaga,Sin-Itiro Tomonaga,"for their fundamental work in quantum electrodynamics, with deep-ploughing consequences for the physics of elementary particles",1/3,,physics,https://www.nobelprize.org/prizes/physics/1965/summary/,nobelprize.org API 2.1
nobel_physics,Nobel Prize in Physics,,1965,Julian Schwinger,Julian Schwinger,"for their fundamental work in quantum electrodynamics, with deep-ploughing consequences for the physics of elementary particles",1/3,,physics,https://www.nobelprize.org/prizes/physics/1965/summary/,nobelprize.org API 2.1
nobel_physics,Nobel Prize in Physics,,1965,Richard P. Feynman,Richard P. Feynman,"for their fundamental work in quantum electrodynamics, with deep-ploughing consequences for the physics of elementary particles",1/3,,physics,https://www.nobelprize.org/prizes/physics/1965/summary/,nobelprize.org API 2.1
nobel_physics,Nobel Prize in Physics,,1966,Alfred Kastler,Alfred Kastler,for the discovery and development of optical methods for studying Hertzian resonances in atoms,1,,physics,https://www.nobelprize.org/prizes/physics/1966/summary/,nobelprize.org API 2.1
nobel_physics,Nobel Prize in Physics,,1967,Hans Bethe,Hans Albrecht Bethe,"for his contributions to the theory of nuclear reactions, especially his discoveries concerning the energy production in stars",1,,physics,https://www.nobelprize.org/prizes/physics/1967/summary/,nobelprize.org API 2.1
nobel_physics,Nobel Prize in Physics,,1968,Luis Alvarez,Luis Walter Alvarez,"for his decisive contributions to elementary particle physics, in particular the discovery of a large number of resonance states, made possible through his development of the technique of using hydrogen bubble chamber and data analysis",1,,physics,https://www.nobelprize.org/prizes/physics/1968/summary/,nobelprize.org API 2.1
nobel_physics,Nobel Prize in Physics,,1969,Murray Gell-Mann,Murray Gell-Mann,for his contributions and discoveries concerning the classification of elementary particles and their interactions,1,,physics,https://www.nobelprize.org/prizes/physics/1969/summary/,nobelprize.org API 2.1
nobel_physics,Nobel Prize in Physics,,1970,Hannes Alfvén,Hannes Olof Gösta Alfvén,for fundamental work and discoveries in magnetohydro-dynamics with fruitful applications in different parts of plasma physics,1/2,,physics,https://www.nobelprize.org/prizes/physics/1970/summary/,nobelprize.org API 2.1
nobel_physics,Nobel Prize in Physics,,1970,Louis Néel,Louis Eugène Félix Néel,for fundamental work and discoveries concerning antiferromagnetism and ferrimagnetism which have led to important applications in solid state physics,1/2,,physics,https://www.nobelprize.org/prizes/physics/1970/summary/,nobelprize.org API 2.1
nobel_physics,Nobel Prize in Physics,,1971,Dennis Gabor,Dennis Gabor,for his invention and development of the holographic method,1,,physics,https://www.nobelprize.org/prizes/physics/1971/summary/,nobelprize.org API 2.1
nobel_physics,Nobel Prize in Physics,,1972,John Bardeen,John Bardeen,"for their jointly developed theory of superconductivity, usually called the BCS-theory",1/3,,physics,https://www.nobelprize.org/prizes/physics/1972/summary/,nobelprize.org API 2.1
nobel_physics,Nobel Prize in Physics,,1972,Leon N. Cooper,Leon Neil Cooper,"for their jointly developed theory of superconductivity, usually called the BCS-theory",1/3,,physics,https://www.nobelprize.org/prizes/physics/1972/summary/,nobelprize.org API 2.1
nobel_physics,Nobel Prize in Physics,,1972,Robert Schrieffer,John Robert Schrieffer,"for their jointly developed theory of superconductivity, usually called the BCS-theory",1/3,,physics,https://www.nobelprize.org/prizes/physics/1972/summary/,nobelprize.org API 2.1
nobel_physics,Nobel Prize in Physics,,1973,Leo Esaki,Leo Esaki,"for their experimental discoveries regarding tunneling phenomena in semiconductors and superconductors, respectively",1/4,,physics,https://www.nobelprize.org/prizes/physics/1973/summary/,nobelprize.org API 2.1
nobel_physics,Nobel Prize in Physics,,1973,Ivar Giaever,Ivar Giaever,"for their experimental discoveries regarding tunneling phenomena in semiconductors and superconductors, respectively",1/4,,physics,https://www.nobelprize.org/prizes/physics/1973/summary/,nobelprize.org API 2.1
nobel_physics,Nobel Prize in Physics,,1973,Brian D. Josephson,Brian David Josephson,"for his theoretical predictions of the properties of a supercurrent through a tunnel barrier, in particular those phenomena which are generally known as the Josephson effects",1/2,,physics,https://www.nobelprize.org/prizes/physics/1973/summary/,nobelprize.org API 2.1
nobel_physics,Nobel Prize in Physics,,1974,Martin Ryle,Sir Martin Ryle,"for their pioneering research in radio astrophysics: Ryle for his observations and inventions, in particular of the aperture synthesis technique, and Hewish for his decisive role in the discovery of pulsars",1/2,,physics,https://www.nobelprize.org/prizes/physics/1974/summary/,nobelprize.org API 2.1
nobel_physics,Nobel Prize in Physics,,1974,Antony Hewish,Antony Hewish,"for their pioneering research in radio astrophysics: Ryle for his observations and inventions, in particular of the aperture synthesis technique, and Hewish for his decisive role in the discovery of pulsars",1/2,,physics,https://www.nobelprize.org/prizes/physics/1974/summary/,nobelprize.org API 2.1
nobel_physics,Nobel Prize in Physics,,1975,Aage N. Bohr,Aage Niels Bohr,for the discovery of the connection between collective motion and particle motion in atomic nuclei and the development of the theory of the structure of the atomic nucleus based on this connection,1/3,,physics,https://www.nobelprize.org/prizes/physics/1975/summary/,nobelprize.org API 2.1
nobel_physics,Nobel Prize in Physics,,1975,Ben R. Mottelson,Ben Roy Mottelson,for the discovery of the connection between collective motion and particle motion in atomic nuclei and the development of the theory of the structure of the atomic nucleus based on this connection,1/3,,physics,https://www.nobelprize.org/prizes/physics/1975/summary/,nobelprize.org API 2.1
nobel_physics,Nobel Prize in Physics,,1975,James Rainwater,Leo James Rainwater,for the discovery of the connection between collective motion and particle motion in atomic nuclei and the development of the theory of the structure of the atomic nucleus based on this connection,1/3,,physics,https://www.nobelprize.org/prizes/physics/1975/summary/,nobelprize.org API 2.1
nobel_physics,Nobel Prize in Physics,,1976,Burton Richter,Burton Richter,for their pioneering work in the discovery of a heavy elementary particle of a new kind,1/2,,physics,https://www.nobelprize.org/prizes/physics/1976/summary/,nobelprize.org API 2.1
nobel_physics,Nobel Prize in Physics,,1976,Samuel C.C. Ting,Samuel Chao Chung Ting,for their pioneering work in the discovery of a heavy elementary particle of a new kind,1/2,,physics,https://www.nobelprize.org/prizes/physics/1976/summary/,nobelprize.org API 2.1
nobel_physics,Nobel Prize in Physics,,1977,Philip W. Anderson,Philip Warren Anderson,for their fundamental theoretical investigations of the electronic structure of magnetic and disordered systems,1/3,,physics,https://www.nobelprize.org/prizes/physics/1977/summary/,nobelprize.org API 2.1
nobel_physics,Nobel Prize in Physics,,1977,Sir Nevill F. Mott,Sir Nevill Francis Mott,for their fundamental theoretical investigations of the electronic structure of magnetic and disordered systems,1/3,,physics,https://www.nobelprize.org/prizes/physics/1977/summary/,nobelprize.org API 2.1
nobel_physics,Nobel Prize in Physics,,1977,John H. Van Vleck,John Hasbrouck Van Vleck,for their fundamental theoretical investigations of the electronic structure of magnetic and disordered systems,1/3,,physics,https://www.nobelprize.org/prizes/physics/1977/summary/,nobelprize.org API 2.1
nobel_physics,Nobel Prize in Physics,,1978,Pyotr Kapitsa,Pyotr Leonidovich Kapitsa,for his basic inventions and discoveries in the area of low-temperature physics,1/2,,physics,https://www.nobelprize.org/prizes/physics/1978/summary/,nobelprize.org API 2.1
nobel_physics,Nobel Prize in Physics,,1978,Arno Penzias,Arno Allan Penzias,for their discovery of cosmic microwave background radiation,1/4,,physics,https://www.nobelprize.org/prizes/physics/1978/summary/,nobelprize.org API 2.1
nobel_physics,Nobel Prize in Physics,,1978,Robert Woodrow Wilson,Robert Woodrow Wilson,for their discovery of cosmic microwave background radiation,1/4,,physics,https://www.nobelprize.org/prizes/physics/1978/summary/,nobelprize.org API 2.1
nobel_physics,Nobel Prize in Physics,,1979,Sheldon Glashow,Sheldon Lee Glashow,"for their contributions to the theory of the unified weak and electromagnetic interaction between elementary particles, including, inter alia, the prediction of the weak neutral current",1/3,,physics,https://www.nobelprize.org/prizes/physics/1979/summary/,nobelprize.org API 2.1
nobel_physics,Nobel Prize in Physics,,1979,Abdus Salam,Abdus Salam,"for their contributions to the theory of the unified weak and electromagnetic interaction between elementary particles, including, inter alia, the prediction of the weak neutral current",1/3,,physics,https://www.nobelprize.org/prizes/physics/1979/summary/,nobelprize.org API 2.1
nobel_physics,Nobel Prize in Physics,,1979,Steven Weinberg,Steven Weinberg,"for their contributions to the theory of the unified weak and electromagnetic interaction between elementary particles, including, inter alia, the prediction of the weak neutral current",1/3,,physics,https://www.nobelprize.org/prizes/physics/1979/summary/,nobelprize.org API 2.1
nobel_physics,Nobel Prize in Physics,,1980,James Cronin,James Watson Cronin,for the discovery of violations of fundamental symmetry principles in the decay of neutral K-mesons,1/2,,physics,https://www.nobelprize.org/prizes/physics/1980/summary/,nobelprize.org API 2.1
nobel_physics,Nobel Prize in Physics,,1980,Val Fitch,Val Logsdon Fitch,for the discovery of violations of fundamental symmetry principles in the decay of neutral K-mesons,1/2,,physics,https://www.nobelprize.org/prizes/physics/1980/summary/,nobelprize.org API 2.1
nobel_physics,Nobel Prize in Physics,,1981,Nicolaas Bloembergen,Nicolaas Bloembergen,for their contribution to the development of laser spectroscopy,1/4,,physics,https://www.nobelprize.org/prizes/physics/1981/summary/,nobelprize.org API 2.1
nobel_physics,Nobel Prize in Physics,,1981,Arthur L. Schawlow,Arthur Leonard Schawlow,for their contribution to the development of laser spectroscopy,1/4,,physics,https://www.nobelprize.org/prizes/physics/1981/summary/,nobelprize.org API 2.1
nobel_physics,Nobel Prize in Physics,,1981,Kai M. Siegbahn,Kai M. Siegbahn,for his contribution to the development of high-resolution electron spectroscopy,1/2,,physics,https://www.nobelprize.org/prizes/physics/1981/summary/,nobelprize.org API 2.1
nobel_physics,Nobel Prize in Physics,,1982,Kenneth G. Wilson,Kenneth G. Wilson,for his theory for critical phenomena in connection with phase transitions,1,,physics,https://www.nobelprize.org/prizes/physics/1982/summary/,nobelprize.org API 2.1
nobel_physics,Nobel Prize in Physics,,1983,Subrahmanyan Chandrasekhar,Subrahmanyan Chandrasekhar,for his theoretical studies of the physical processes of importance to the structure and evolution of the stars,1/2,,physics,https://www.nobelprize.org/prizes/physics/1983/summary/,nobelprize.org API 2.1
nobel_physics,Nobel Prize in Physics,,1983,William A. Fowler,William Alfred Fowler,for his theoretical and experimental studies of the nuclear reactions of importance in the formation of the chemical elements in the universe,1/2,,physics,https://www.nobelprize.org/prizes/physics/1983/summary/,nobelprize.org API 2.1
nobel_physics,Nobel Prize in Physics,,1984,Carlo Rubbia,Carlo Rubbia,"for their decisive contributions to the large project, which led to the discovery of the field particles W and Z, communicators of weak interaction",1/2,,physics,https://www.nobelprize.org/prizes/physics/1984/summary/,nobelprize.org API 2.1
nobel_physics,Nobel Prize in Physics,,1984,Simon van der Meer,Simon van der Meer,"for their decisive contributions to the large project, which led to the discovery of the field particles W and Z, communicators of weak interaction",1/2,,physics,https://www.nobelprize.org/prizes/physics/1984/summary/,nobelprize.org API 2.1
nobel_physics,Nobel Prize in Physics,,1985,Klaus von Klitzing,Klaus von Klitzing,for the discovery of the quantized Hall effect,1,,physics,https://www.nobelprize.org/prizes/physics/1985/summary/,nobelprize.org API 2.1
nobel_physics,Nobel Prize in Physics,,1986,Ernst Ruska,Ernst Ruska,"for his fundamental work in electron optics, and for the design of the first electron microscope",1/2,,physics,https://www.nobelprize.org/prizes/physics/1986/summary/,nobelprize.org API 2.1
nobel_physics,Nobel Prize in Physics,,1986,Gerd Binnig,Gerd Binnig,for their design of the scanning tunneling microscope,1/4,,physics,https://www.nobelprize.org/prizes/physics/1986/summary/,nobelprize.org API 2.1
nobel_physics,Nobel Prize in Physics,,1986,Heinrich Rohrer,Heinrich Rohrer,for their design of the scanning tunneling microscope,1/4,,physics,https://www.nobelprize.org/prizes/physics/1986/summary/,nobelprize.org API 2.1
nobel_physics,Nobel Prize in Physics,,1987,J. Georg Bednorz,J. Georg Bednorz,for their important break-through in the discovery of superconductivity in ceramic materials,1/2,,physics,https://www.nobelprize.org/prizes/physics/1987/summary/,nobelprize.org API 2.1
nobel_physics,Nobel Prize in Physics,,1987,K. Alex Müller,K. Alexander Müller,for their important break-through in the discovery of superconductivity in ceramic materials,1/2,,physics,https://www.nobelprize.org/prizes/physics/1987/summary/,nobelprize.org API 2.1
nobel_physics,Nobel Prize in Physics,,1988,Leon M. Lederman,Leon M. Lederman,for the neutrino beam method and the demonstration of the doublet structure of the leptons through the discovery of the muon neutrino,1/3,,physics,https://www.nobelprize.org/prizes/physics/1988/summary/,nobelprize.org API 2.1
nobel_physics,Nobel Prize in Physics,,1988,Melvin Schwartz,Melvin Schwartz,for the neutrino beam method and the demonstration of the doublet structure of the leptons through the discovery of the muon neutrino,1/3,,physics,https://www.nobelprize.org/prizes/physics/1988/summary/,nobelprize.org API 2.1
nobel_physics,Nobel Prize in Physics,,1988,Jack Steinberger,Jack Steinberger,for the neutrino beam method and the demonstration of the doublet structure of the leptons through the discovery of the muon neutrino,1/3,,physics,https://www.nobelprize.org/prizes/physics/1988/summary/,nobelprize.org API 2.1
nobel_physics,Nobel Prize in Physics,,1989,Norman F. Ramsey,Norman F. Ramsey,for the invention of the separated oscillatory fields method and its use in the hydrogen maser and other atomic clocks,1/2,,physics,https://www.nobelprize.org/prizes/physics/1989/summary/,nobelprize.org API 2.1
nobel_physics,Nobel Prize in Physics,,1989,Hans G. Dehmelt,Hans G. Dehmelt,for the development of the ion trap technique,1/4,,physics,https://www.nobelprize.org/prizes/physics/1989/summary/,nobelprize.org API 2.1
nobel_physics,Nobel Prize in Physics,,1989,Wolfgang Paul,Wolfgang Paul,for the development of the ion trap technique,1/4,,physics,https://www.nobelprize.org/prizes/physics/1989/summary/,nobelprize.org API 2.1
nobel_physics,Nobel Prize in Physics,,1990,Jerome I. Friedman,Jerome I. Friedman,"for their pioneering investigations concerning deep inelastic scattering of electrons on protons and bound neutrons, which have been of essential importance for the development of the quark model in particle physics",1/3,,physics,https://www.nobelprize.org/prizes/physics/1990/summary/,nobelprize.org API 2.1
nobel_physics,Nobel Prize in Physics,,1990,Henry W. Kendall,Henry W. Kendall,"for their pioneering investigations concerning deep inelastic scattering of electrons on protons and bound neutrons, which have been of essential importance for the development of the quark model in particle physics",1/3,,physics,https://www.nobelprize.org/prizes/physics/1990/summary/,nobelprize.org API 2.1
nobel_physics,Nobel Prize in Physics,,1990,Richard E. Taylor,Richard E. Taylor,"for their pioneering investigations concerning deep inelastic scattering of electrons on protons and bound neutrons, which have been of essential importance for the development of the quark model in particle physics",1/3,,physics,https://www.nobelprize.org/prizes/physics/1990/summary/,nobelprize.org API 2.1
nobel_physics,Nobel Prize in Physics,,1991,Pierre-Gilles de Gennes,Pierre-Gilles de Gennes,"for discovering that methods developed for studying order phenomena in simple systems can be generalized to more complex forms of matter, in particular to liquid crystals and polymers",1,,physics,https://www.nobelprize.org/prizes/physics/1991/summary/,nobelprize.org API 2.1
nobel_physics,Nobel Prize in Physics,,1992,Georges Charpak,Georges Charpak,"for his invention and development of particle detectors, in particular the multiwire proportional chamber",1,,physics,https://www.nobelprize.org/prizes/physics/1992/summary/,nobelprize.org API 2.1
nobel_physics,Nobel Prize in Physics,,1993,Russell A. Hulse,Russell A. Hulse,"for the discovery of a new type of pulsar, a discovery that has opened up new possibilities for the study of gravitation",1/2,,physics,https://www.nobelprize.org/prizes/physics/1993/summary/,nobelprize.org API 2.1
nobel_physics,Nobel Prize in Physics,,1993,Joseph H. Taylor Jr,Joseph H. Taylor Jr,"for the discovery of a new type of pulsar, a discovery that has opened up new possibilities for the study of gravitation",1/2,,physics,https://www.nobelprize.org/prizes/physics/1993/summary/,nobelprize.org API 2.1
nobel_physics,Nobel Prize in Physics,,1994,Bertram N. Brockhouse,Bertram N. Brockhouse,for the development of neutron spectroscopy,1/2,,physics,https://www.nobelprize.org/prizes/physics/1994/summary/,nobelprize.org API 2.1
nobel_physics,Nobel Prize in Physics,,1994,Clifford G. Shull,Clifford G. Shull,for the development of the neutron diffraction technique,1/2,,physics,https://www.nobelprize.org/prizes/physics/1994/summary/,nobelprize.org API 2.1
nobel_physics,Nobel Prize in Physics,,1995,Martin L. Perl,Martin L. Perl,for the discovery of the tau lepton,1/2,,physics,https://www.nobelprize.org/prizes/physics/1995/summary/,nobelprize.org API 2.1
nobel_physics,Nobel Prize in Physics,,1995,Frederick Reines,Frederick Reines,for the detection of the neutrino,1/2,,physics,https://www.nobelprize.org/prizes/physics/1995/summary/,nobelprize.org API 2.1
nobel_physics,Nobel Prize in Physics,,1996,David M. Lee,David M. Lee,for their discovery of superfluidity in helium-3,1/3,,physics,https://www.nobelprize.org/prizes/physics/1996/summary/,nobelprize.org API 2.1
nobel_physics,Nobel Prize in Physics,,1996,Douglas D. Osheroff,Douglas D. Osheroff,for their discovery of superfluidity in helium-3,1/3,,physics,https://www.nobelprize.org/prizes/physics/1996/summary/,nobelprize.org API 2.1
nobel_physics,Nobel Prize in Physics,,1996,Robert C. Richardson,Robert C. Richardson,for their discovery of superfluidity in helium-3,1/3,,physics,https://www.nobelprize.org/prizes/physics/1996/summary/,nobelprize.org API 2.1
nobel_physics,Nobel Prize in Physics,,1997,Steven Chu,Steven Chu,for development of methods to cool and trap atoms with laser light,1/3,,physics,https://www.nobelprize.org/prizes/physics/1997/summary/,nobelprize.org API 2.1
nobel_physics,Nobel Prize in Physics,,1997,Claude Cohen-Tannoudji,Claude Cohen-Tannoudji,for development of methods to cool and trap atoms with laser light,1/3,,physics,https://www.nobelprize.org/prizes/physics/1997/summary/,nobelprize.org API 2.1
nobel_physics,Nobel Prize in Physics,,1997,William D. Phillips,William D. Phillips,for development of methods to cool and trap atoms with laser light,1/3,,physics,https://www.nobelprize.org/prizes/physics/1997/summary/,nobelprize.org API 2.1
nobel_physics,Nobel Prize in Physics,,1998,Robert B. Laughlin,Robert B. Laughlin,for their discovery of a new form of quantum fluid with fractionally charged excitations,1/3,,physics,https://www.nobelprize.org/prizes/physics/1998/summary/,nobelprize.org API 2.1
nobel_physics,Nobel Prize in Physics,,1998,Horst L. Störmer,Horst L. Störmer,for their discovery of a new form of quantum fluid with fractionally charged excitations,1/3,,physics,https://www.nobelprize.org/prizes/physics/1998/summary/,nobelprize.org API 2.1
nobel_physics,Nobel Prize in Physics,,1998,Daniel C. Tsui,Daniel C. Tsui,for their discovery of a new form of quantum fluid with fractionally charged excitations,1/3,,physics,https://www.nobelprize.org/prizes/physics/1998/summary/,nobelprize.org API 2.1
nobel_physics,Nobel Prize in Physics,,1999,Gerardus 't Hooft,Gerardus 't Hooft,for elucidating the quantum structure of electroweak interactions in physics,1/2,,physics,https://www.nobelprize.org/prizes/physics/1999/summary/,nobelprize.org API 2.1
nobel_physics,Nobel Prize in Physics,,1999,Martinus J.G. Veltman,Martinus J.G. Veltman,for elucidating the quantum structure of electroweak interactions in physics,1/2,,physics,https://www.nobelprize.org/prizes/physics/1999/summary/,nobelprize.org API 2.1
nobel_physics,Nobel Prize in Physics,,2000,Zhores Alferov,Zhores I. Alferov,for developing semiconductor heterostructures used in high-speed- and opto-electronics,1/4,,physics,https://www.nobelprize.org/prizes/physics/2000/summary/,nobelprize.org API 2.1
nobel_physics,Nobel Prize in Physics,,2000,Herbert Kroemer,Herbert Kroemer,for developing semiconductor heterostructures used in high-speed- and opto-electronics,1/4,,physics,https://www.nobelprize.org/prizes/physics/2000/summary/,nobelprize.org API 2.1
nobel_physics,Nobel Prize in Physics,,2000,Jack Kilby,Jack S. Kilby,for his part in the invention of the integrated circuit,1/2,,physics,https://www.nobelprize.org/prizes/physics/2000/summary/,nobelprize.org API 2.1
nobel_physics,Nobel Prize in Physics,,2001,Eric Cornell,Eric A. Cornell,"for the achievement of Bose-Einstein condensation in dilute gases of alkali atoms, and for early fundamental studies of the properties of the condensates",1/3,,physics,https://www.nobelprize.org/prizes/physics/2001/summary/,nobelprize.org API 2.1
nobel_physics,Nobel Prize in Physics,,2001,Wolfgang Ketterle,Wolfgang Ketterle,"for the achievement of Bose-Einstein condensation in dilute gases of alkali atoms, and for early fundamental studies of the properties of the condensates",1/3,,physics,https://www.nobelprize.org/prizes/physics/2001/summary/,nobelprize.org API 2.1
nobel_physics,Nobel Prize in Physics,,2001,Carl Wieman,Carl E. Wieman,"for the achievement of Bose-Einstein condensation in dilute gases of alkali atoms, and for early fundamental studies of the properties of the condensates",1/3,,physics,https://www.nobelprize.org/prizes/physics/2001/summary/,nobelprize.org API 2.1
nobel_physics,Nobel Prize in Physics,,2002,Raymond Davis Jr,Raymond Davis Jr,"for pioneering contributions to astrophysics, in particular for the detection of cosmic neutrinos",1/4,,physics,https://www.nobelprize.org/prizes/physics/2002/summary/,nobelprize.org API 2.1
nobel_physics,Nobel Prize in Physics,,2002,Masatoshi Koshiba,Masatoshi Koshiba,"for pioneering contributions to astrophysics, in particular for the detection of cosmic neutrinos",1/4,,physics,https://www.nobelprize.org/prizes/physics/2002/summary/,nobelprize.org API 2.1
nobel_physics,Nobel Prize in Physics,,2002,Riccardo Giacconi,Riccardo Giacconi,"for pioneering contributions to astrophysics, which have led to the discovery of cosmic X-ray sources",1/2,,physics,https://www.nobelprize.org/prizes/physics/2002/summary/,nobelprize.org API 2.1
nobel_physics,Nobel Prize in Physics,,2003,Alexei Abrikosov,Alexei Alexeyevich Abrikosov,for pioneering contributions to the theory of superconductors and superfluids,1/3,,physics,https://www.nobelprize.org/prizes/physics/2003/summary/,nobelprize.org API 2.1
nobel_physics,Nobel Prize in Physics,,2003,Vitaly L. Ginzburg,Vitaly Lazarevich Ginzburg,for pioneering contributions to the theory of superconductors and superfluids,1/3,,physics,https://www.nobelprize.org/prizes/physics/2003/summary/,nobelprize.org API 2.1
nobel_physics,Nobel Prize in Physics,,2003,Anthony J. Leggett,Anthony J. Leggett,for pioneering contributions to the theory of superconductors and superfluids,1/3,,physics,https://www.nobelprize.org/prizes/physics/2003/summary/,nobelprize.org API 2.1
nobel_physics,Nobel Prize in Physics,,2004,David J. Gross,David J. Gross,for the discovery of asymptotic freedom in the theory of the strong interaction,1/3,,physics,https://www.nobelprize.org/prizes/physics/2004/summary/,nobelprize.org API 2.1
nobel_physics,Nobel Prize in Physics,,2004,H. David Politzer,H. David Politzer,for the discovery of asymptotic freedom in the theory of the strong interaction,1/3,,physics,https://www.nobelprize.org/prizes/physics/2004/summary/,nobelprize.org API 2.1
nobel_physics,Nobel Prize in Physics,,2004,Frank Wilczek,Frank Wilczek,for the discovery of asymptotic freedom in the theory of the strong interaction,1/3,,physics,https://www.nobelprize.org/prizes/physics/2004/summary/,nobelprize.org API 2.1
nobel_physics,Nobel Prize in Physics,,2005,Roy J. Glauber,Roy J. Glauber,for his contribution to the quantum theory of optical coherence,1/2,,physics,https://www.nobelprize.org/prizes/physics/2005/summary/,nobelprize.org API 2.1
nobel_physics,Nobel Prize in Physics,,2005,John L. Hall,John L. Hall,"for their contributions to the development of laser-based precision spectroscopy, including the optical frequency comb technique",1/4,,physics,https://www.nobelprize.org/prizes/physics/2005/summary/,nobelprize.org API 2.1
nobel_physics,Nobel Prize in Physics,,2005,Theodor W. Hänsch,Theodor W. Hänsch,"for their contributions to the development of laser-based precision spectroscopy, including the optical frequency comb technique",1/4,,physics,https://www.nobelprize.org/prizes/physics/2005/summary/,nobelprize.org API 2.1
nobel_physics,Nobel Prize in Physics,,2006,John C. Mather,John C. Mather,for their discovery of the blackbody form and anisotropy of the cosmic microwave background radiation,1/2,,physics,https://www.nobelprize.org/prizes/physics/2006/summary/,nobelprize.org API 2.1
nobel_physics,Nobel Prize in Physics,,2006,George F. Smoot,George F. Smoot,for their discovery of the blackbody form and anisotropy of the cosmic microwave background radiation,1/2,,physics,https://www.nobelprize.org/prizes/physics/2006/summary/,nobelprize.org API 2.1
nobel_physics,Nobel Prize in Physics,,2007,Albert Fert,Albert Fert,for the discovery of Giant Magnetoresistance,1/2,,physics,https://www.nobelprize.org/prizes/physics/2007/summary/,nobelprize.org API 2.1
nobel_physics,Nobel Prize in Physics,,2007,Peter Grünberg,Peter Grünberg,for the discovery of Giant Magnetoresistance,1/2,,physics,https://www.nobelprize.org/prizes/physics/2007/summary/,nobelprize.org API 2.1
nobel_physics,Nobel Prize in Physics,,2008,Yoichiro Nambu,Yoichiro Nambu,for the discovery of the mechanism of spontaneous broken symmetry in subatomic physics,1/2,,physics,https://www.nobelprize.org/prizes/physics/2008/summary/,nobelprize.org API 2.1
nobel_physics,Nobel Prize in Physics,,2008,Makoto Kobayashi,Makoto Kobayashi,for the discovery of the origin of the broken symmetry which predicts the existence of at least three families of quarks in nature,1/4,,physics,https://www.nobelprize.org/prizes/physics/2008/summary/,nobelprize.org API 2.1
nobel_physics,Nobel Prize in Physics,,2008,Toshihide Maskawa,Toshihide Maskawa,for the discovery of the origin of the broken symmetry which predicts the existence of at least three families of quarks in nature,1/4,,physics,https://www.nobelprize.org/prizes/physics/2008/summary/,nobelprize.org API 2.1
nobel_physics,Nobel Prize in Physics,,2009,Charles K. Kao,Charles Kuen Kao,for groundbreaking achievements concerning the transmission of light in fibers for optical communication,1/2,,physics,https://www.nobelprize.org/prizes/physics/2009/summary/,nobelprize.org API 2.1
nobel_physics,Nobel Prize in Physics,,2009,Willard S. Boyle,Willard S. Boyle,for the invention of an imaging semiconductor circuit - the CCD sensor,1/4,,physics,https://www.nobelprize.org/prizes/physics/2009/summary/,nobelprize.org API 2.1
nobel_physics,Nobel Prize in Physics,,2009,George E. Smith,George E. Smith,for the invention of an imaging semiconductor circuit - the CCD sensor,1/4,,physics,https://www.nobelprize.org/prizes/physics/2009/summary/,nobelprize.org API 2.1
nobel_physics,Nobel Prize in Physics,,2010,Andre Geim,Andre Geim,for groundbreaking experiments regarding the two-dimensional material graphene,1/2,,physics,https://www.nobelprize.org/prizes/physics/2010/summary/,nobelprize.org API 2.1
nobel_physics,Nobel Prize in Physics,,2010,Konstantin Novoselov,Konstantin Novoselov,for groundbreaking experiments regarding the two-dimensional material graphene,1/2,,physics,https://www.nobelprize.org/prizes/physics/2010/summary/,nobelprize.org API 2.1
nobel_physics,Nobel Prize in Physics,,2011,Saul Perlmutter,Saul Perlmutter,for the discovery of the accelerating expansion of the Universe through observations of distant supernovae,1/2,,physics,https://www.nobelprize.org/prizes/physics/2011/summary/,nobelprize.org API 2.1
nobel_physics,Nobel Prize in Physics,,2011,Brian P. Schmidt,Brian P. Schmidt,for the discovery of the accelerating expansion of the Universe through observations of distant supernovae,1/4,,physics,https://www.nobelprize.org/prizes/physics/2011/summary/,nobelprize.org API 2.1
nobel_physics,Nobel Prize in Physics,,2011,Adam G. Riess,Adam G. Riess,for the discovery of the accelerating expansion of the Universe through observations of distant supernovae,1/4,,physics,https://www.nobelprize.org/prizes/physics/2011/summary/,nobelprize.org API 2.1
nobel_physics,Nobel Prize in Physics,,2012,Serge Haroche,Serge Haroche,for ground-breaking experimental methods that enable measuring and manipulation of individual quantum systems,1/2,,physics,https://www.nobelprize.org/prizes/physics/2012/summary/,nobelprize.org API 2.1
nobel_physics,Nobel Prize in Physics,,2012,David J. Wineland,David J. Wineland,for ground-breaking experimental methods that enable measuring and manipulation of individual quantum systems,1/2,,physics,https://www.nobelprize.org/prizes/physics/2012/summary/,nobelprize.org API 2.1
nobel_physics,Nobel Prize in Physics,,2013,François Englert,François Englert,"for the theoretical discovery of a mechanism that contributes to our understanding of the origin of mass of subatomic particles, and which recently was confirmed through the discovery of the predicted fundamental particle, by the ATLAS and CMS experiments at CERN's Large Hadron Collider",1/2,,physics,https://www.nobelprize.org/prizes/physics/2013/summary/,nobelprize.org API 2.1
nobel_physics,Nobel Prize in Physics,,2013,Peter Higgs,Peter W. Higgs,"for the theoretical discovery of a mechanism that contributes to our understanding of the origin of mass of subatomic particles, and which recently was confirmed through the discovery of the predicted fundamental particle, by the ATLAS and CMS experiments at CERN's Large Hadron Collider",1/2,,physics,https://www.nobelprize.org/prizes/physics/2013/summary/,nobelprize.org API 2.1
nobel_physics,Nobel Prize in Physics,,2014,Isamu Akasaki,Isamu Akasaki,for the invention of efficient blue light-emitting diodes which has enabled bright and energy-saving white light sources,1/3,,physics,https://www.nobelprize.org/prizes/physics/2014/summary/,nobelprize.org API 2.1
nobel_physics,Nobel Prize in Physics,,2014,Hiroshi Amano,Hiroshi Amano,for the invention of efficient blue light-emitting diodes which has enabled bright and energy-saving white light sources,1/3,,physics,https://www.nobelprize.org/prizes/physics/2014/summary/,nobelprize.org API 2.1
nobel_physics,Nobel Prize in Physics,,2014,Shuji Nakamura,Shuji Nakamura,for the invention of efficient blue light-emitting diodes which has enabled bright and energy-saving white light sources,1/3,,physics,https://www.nobelprize.org/prizes/physics/2014/summary/,nobelprize.org API 2.1
nobel_physics,Nobel Prize in Physics,,2015,Takaaki Kajita,Takaaki Kajita,"for the discovery of neutrino oscillations, which shows that neutrinos have mass",1/2,,physics,https://www.nobelprize.org/prizes/physics/2015/summary/,nobelprize.org API 2.1
nobel_physics,Nobel Prize in Physics,,2015,Arthur B. McDonald,Arthur B. McDonald,"for the discovery of neutrino oscillations, which shows that neutrinos have mass",1/2,,physics,https://www.nobelprize.org/prizes/physics/2015/summary/,nobelprize.org API 2.1
nobel_physics,Nobel Prize in Physics,,2016,David J. Thouless,David J. Thouless,for theoretical discoveries of topological phase transitions and topological phases of matter,1/2,,physics,https://www.nobelprize.org/prizes/physics/2016/summary/,nobelprize.org API 2.1
nobel_physics,Nobel Prize in Physics,,2016,F. Duncan M. Haldane,F. Duncan M. Haldane,for theoretical discoveries of topological phase transitions and topological phases of matter,1/4,,physics,https://www.nobelprize.org/prizes/physics/2016/summary/,nobelprize.org API 2.1
nobel_physics,Nobel Prize in Physics,,2016,J. Michael Kosterlitz,J. Michael Kosterlitz,for theoretical discoveries of topological phase transitions and topological phases of matter,1/4,,physics,https://www.nobelprize.org/prizes/physics/2016/summary/,nobelprize.org API 2.1
nobel_physics,Nobel Prize in Physics,,2017,Rainer Weiss,Rainer Weiss,for decisive contributions to the LIGO detector and the observation of gravitational waves,1/2,,physics,https://www.nobelprize.org/prizes/physics/2017/summary/,nobelprize.org API 2.1
nobel_physics,Nobel Prize in Physics,,2017,Barry C. Barish,Barry C. Barish,for decisive contributions to the LIGO detector and the observation of gravitational waves,1/4,,physics,https://www.nobelprize.org/prizes/physics/2017/summary/,nobelprize.org API 2.1
nobel_physics,Nobel Prize in Physics,,2017,Kip S. Thorne,Kip S. Thorne,for decisive contributions to the LIGO detector and the observation of gravitational waves,1/4,,physics,https://www.nobelprize.org/prizes/physics/2017/summary/,nobelprize.org API 2.1
nobel_physics,Nobel Prize in Physics,,2018,Arthur Ashkin,Arthur Ashkin,for the optical tweezers and their application to biological systems,1/2,,physics,https://www.nobelprize.org/prizes/physics/2018/summary/,nobelprize.org API 2.1
nobel_physics,Nobel Prize in Physics,,2018,Gérard Mourou,Gérard Mourou,"for their method of generating high-intensity, ultra-short optical pulses",1/4,,physics,https://www.nobelprize.org/prizes/physics/2018/summary/,nobelprize.org API 2.1
nobel_physics,Nobel Prize in Physics,,2018,Donna Strickland,Donna Strickland,"for their method of generating high-intensity, ultra-short optical pulses",1/4,,physics,https://www.nobelprize.org/prizes/physics/2018/summary/,nobelprize.org API 2.1
nobel_physics,Nobel Prize in Physics,,2019,James Peebles,James Peebles,for theoretical discoveries in physical cosmology,1/2,,physics,https://www.nobelprize.org/prizes/physics/2019/summary/,nobelprize.org API 2.1
nobel_physics,Nobel Prize in Physics,,2019,Michel Mayor,Michel Mayor,for the discovery of an exoplanet orbiting a solar-type star,1/4,,physics,https://www.nobelprize.org/prizes/physics/2019/summary/,nobelprize.org API 2.1
nobel_physics,Nobel Prize in Physics,,2019,Didier Queloz,Didier Queloz,for the discovery of an exoplanet orbiting a solar-type star,1/4,,physics,https://www.nobelprize.org/prizes/physics/2019/summary/,nobelprize.org API 2.1
nobel_physics,Nobel Prize in Physics,,2020,Roger Penrose,Roger Penrose,for the discovery that black hole formation is a robust prediction of the general theory of relativity,1/2,,physics,https://www.nobelprize.org/prizes/physics/2020/summary/,nobelprize.org API 2.1
nobel_physics,Nobel Prize in Physics,,2020,Reinhard Genzel,Reinhard Genzel,for the discovery of a supermassive compact object at the centre of our galaxy,1/4,,physics,https://www.nobelprize.org/prizes/physics/2020/summary/,nobelprize.org API 2.1
nobel_physics,Nobel Prize in Physics,,2020,Andrea Ghez,Andrea Ghez,for the discovery of a supermassive compact object at the centre of our galaxy,1/4,,physics,https://www.nobelprize.org/prizes/physics/2020/summary/,nobelprize.org API 2.1
nobel_physics,Nobel Prize in Physics,,2021,Syukuro Manabe,Syukuro Manabe,"for the physical modelling of Earth’s climate, quantifying variability and reliably predicting global warming",1/4,,physics,https://www.nobelprize.org/prizes/physics/2021/summary/,nobelprize.org API 2.1
nobel_physics,Nobel Prize in Physics,,2021,Klaus Hasselmann,Klaus Hasselmann,"for the physical modelling of Earth’s climate, quantifying variability and reliably predicting global warming",1/4,,physics,https://www.nobelprize.org/prizes/physics/2021/summary/,nobelprize.org API 2.1
nobel_physics,Nobel Prize in Physics,,2021,Giorgio Parisi,Giorgio Parisi,for the discovery of the interplay of disorder and fluctuations in physical systems from atomic to planetary scales,1/2,,physics,https://www.nobelprize.org/prizes/physics/2021/summary/,nobelprize.org API 2.1
nobel_physics,Nobel Prize in Physics,,2022,Alain Aspect,Alain Aspect,"for experiments with entangled photons, establishing the violation of Bell inequalities and  pioneering quantum information science",1/3,,physics,https://www.nobelprize.org/prizes/physics/2022/summary/,nobelprize.org API 2.1
nobel_physics,Nobel Prize in Physics,,2022,John Clauser,John F. Clauser,"for experiments with entangled photons, establishing the violation of Bell inequalities and  pioneering quantum information science",1/3,,physics,https://www.nobelprize.org/prizes/physics/2022/summary/,nobelprize.org API 2.1
nobel_physics,Nobel Prize in Physics,,2022,Anton Zeilinger,Anton Zeilinger,"for experiments with entangled photons, establishing the violation of Bell inequalities and  pioneering quantum information science",1/3,,physics,https://www.nobelprize.org/prizes/physics/2022/summary/,nobelprize.org API 2.1
nobel_physics,Nobel Prize in Physics,,2023,Pierre Agostini,Pierre Agostini,for experimental methods that generate attosecond pulses of light for the study of electron dynamics in matter,1/3,,physics,https://www.nobelprize.org/prizes/physics/2023/summary/,nobelprize.org API 2.1
nobel_physics,Nobel Prize in Physics,,2023,Ferenc Krausz,Ferenc Krausz,for experimental methods that generate attosecond pulses of light for the study of electron dynamics in matter,1/3,,physics,https://www.nobelprize.org/prizes/physics/2023/summary/,nobelprize.org API 2.1
nobel_physics,Nobel Prize in Physics,,2023,Anne L’Huillier,Anne L’Huillier,for experimental methods that generate attosecond pulses of light for the study of electron dynamics in matter,1/3,,physics,https://www.nobelprize.org/prizes/physics/2023/summary/,nobelprize.org API 2.1
nobel_physics,Nobel Prize in Physics,,2024,John J. Hopfield,John J. Hopfield,for foundational discoveries and inventions that enable machine learning with artificial neural networks,1/2,,physics,https://www.nobelprize.org/prizes/physics/2024/summary/,nobelprize.org API 2.1
nobel_physics,Nobel Prize in Physics,,2024,Geoffrey Hinton,Geoffrey Hinton,for foundational discoveries and inventions that enable machine learning with artificial neural networks,1/2,,physics,https://www.nobelprize.org/prizes/physics/2024/summary/,nobelprize.org API 2.1
nobel_physics,Nobel Prize in Physics,,2025,John Clarke,John Clarke,for the discovery of macroscopic quantum mechanical tunnelling and energy quantisation in an electric circuit,1/3,,physics,https://www.nobelprize.org/prizes/physics/2025/summary/,nobelprize.org API 2.1
nobel_physics,Nobel Prize in Physics,,2025,Michel H. Devoret,Michel H. Devoret,for the discovery of macroscopic quantum mechanical tunnelling and energy quantisation in an electric circuit,1/3,,physics,https://www.nobelprize.org/prizes/physics/2025/summary/,nobelprize.org API 2.1
nobel_physics,Nobel Prize in Physics,,2025,John M. Martinis,John M. Martinis,for the discovery of macroscopic quantum mechanical tunnelling and energy quantisation in an electric circuit,1/3,,physics,https://www.nobelprize.org/prizes/physics/2025/summary/,nobelprize.org API 2.1
sakurai,Sakurai Prize for Theoretical Particle Physics,,1985,Toshihide Maskawa,Toshihide Maskawa,"""For their contributions to the theory of electroweak interactions through their general formulation of fermion mass matrix and their prescient inference of the existence of more than four flavors of quarks .""",,,,https://en.wikipedia.org/wiki/Sakurai_Prize,Wikipedia table
sakurai,Sakurai Prize for Theoretical Particle Physics,,1985,Makoto Kobayashi,Makoto Kobayashi,"""For their contributions to the theory of electroweak interactions through their general formulation of fermion mass matrix and their prescient inference of the existence of more than four flavors of quarks .""",,,,https://en.wikipedia.org/wiki/Sakurai_Prize,Wikipedia table
sakurai,Sakurai Prize for Theoretical Particle Physics,,1986,David Gross,David Gross,"""For their analyses of nonabelian gauge theories at short distances, and the implications of these insights for the understanding of the strong interaction between quarks.""",,,,https://en.wikipedia.org/wiki/Sakurai_Prize,Wikipedia table
sakurai,Sakurai Prize for Theoretical Particle Physics,,1986,H. David Politzer,H. David Politzer,"""For their analyses of nonabelian gauge theories at short distances, and the implications of these insights for the understanding of the strong interaction between quarks.""",,,,https://en.wikipedia.org/wiki/Sakurai_Prize,Wikipedia table
sakurai,Sakurai Prize for Theoretical Particle Physics,,1986,Frank Wilczek,Frank Wilczek,"""For their analyses of nonabelian gauge theories at short distances, and the implications of these insights for the understanding of the strong interaction between quarks.""",,,,https://en.wikipedia.org/wiki/Sakurai_Prize,Wikipedia table
sakurai,Sakurai Prize for Theoretical Particle Physics,,1987,Luciano Maiani,Luciano Maiani,"""For their work on the weak interactions of charmed particles , a crucial step in the development of the modern theory of the fundamental interactions .""",,,,https://en.wikipedia.org/wiki/Sakurai_Prize,Wikipedia table
sakurai,Sakurai Prize for Theoretical Particle Physics,,1987,John Iliopoulos,John Iliopoulos,"""For their work on the weak interactions of charmed particles , a crucial step in the development of the modern theory of the fundamental interactions .""",,,,https://en.wikipedia.org/wiki/Sakurai_Prize,Wikipedia table
sakurai,Sakurai Prize for Theoretical Particle Physics,,1988,Stephen L. Adler,Stephen L. Adler,"For his work in elucidating the consequences of chiral symmetry through sum rules and low energy theorems.""",,,,https://en.wikipedia.org/wiki/Sakurai_Prize,Wikipedia table
sakurai,Sakurai Prize for Theoretical Particle Physics,,1989,Nicola Cabibbo,Nicola Cabibbo,"""For his outstanding contribution in elucidating the structure of the hadronic weak current.""",,,,https://en.wikipedia.org/wiki/Sakurai_Prize,Wikipedia table
sakurai,Sakurai Prize for Theoretical Particle Physics,,1990,Toichiro Kinoshita,Toichiro Kinoshita,"""For his theoretical contributions to precision tests of quantum electrodynamics and the electroweak theory, especially his pioneering work on the computation of the lepton anomalous magnetic moments .""",,,,https://en.wikipedia.org/wiki/Sakurai_Prize,Wikipedia table
sakurai,Sakurai Prize for Theoretical Particle Physics,,1991,Vladimir N. Gribov,Vladimir N. Gribov,"""For his early pioneering work on the high energy behavior of quantum field theories and his elucidating studies of the global structure of non-abelian gauge theories.""",,,,https://en.wikipedia.org/wiki/Sakurai_Prize,Wikipedia table
sakurai,Sakurai Prize for Theoretical Particle Physics,,1992,Lincoln Wolfenstein,Lincoln Wolfenstein,"""For his many contributions to the theory of weak interactions, particularly CP violation and the properties of neutrinos .""",,,,https://en.wikipedia.org/wiki/Sakurai_Prize,Wikipedia table
sakurai,Sakurai Prize for Theoretical Particle Physics,,1993,Mary K. Gaillard,Mary K. Gaillard,"""For contributions to particle physics phenomenology and theory, and in particular for her work with Ben Lee and others applying QCD to K meson mixing and decays and to the bound states of charmed quarks.""",,,,https://en.wikipedia.org/wiki/Sakurai_Prize,Wikipedia table
sakurai,Sakurai Prize for Theoretical Particle Physics,,1994,Yoichiro Nambu,Yoichiro Nambu,"""For his many fundamental contributions to field theory and particle physics, including the understanding of the pion as the signaler of spontaneous breaking of chiral symmetry .""",,,,https://en.wikipedia.org/wiki/Sakurai_Prize,Wikipedia table
sakurai,Sakurai Prize for Theoretical Particle Physics,,1995,Howard Georgi,Howard Georgi,"""For his pioneering contributions toward the unification of strong and electroweak interactions, and for his application of quantum chromodynamics to the properties and interactions of hadrons .""",,,,https://en.wikipedia.org/wiki/Sakurai_Prize,Wikipedia table
sakurai,Sakurai Prize for Theoretical Particle Physics,,1996,William Allan Bardeen,William Allan Bardeen,"""For fundamental insights into the structure and meaning of the axial anomaly and for contributions to the understanding of perturbative quantum chromodynamics.""",,,,https://en.wikipedia.org/wiki/Sakurai_Prize,Wikipedia table
sakurai,Sakurai Prize for Theoretical Particle Physics,,1997,Thomas Appelquist,Thomas Appelquist,"""For his pioneering work on charmonium and on the de-coupling of heavy particles.""",,,,https://en.wikipedia.org/wiki/Sakurai_Prize,Wikipedia table
sakurai,Sakurai Prize for Theoretical Particle Physics,,1998,Leonard Susskind,Leonard Susskind,"""For his pioneering contributions to hadronic string models, lattice gauge theories , quantum chromodynamics, and dynamical symmetry breaking .""",,,,https://en.wikipedia.org/wiki/Sakurai_Prize,Wikipedia table
sakurai,Sakurai Prize for Theoretical Particle Physics,,1999,Mikhail Shifman,Mikhail Shifman,"""For fundamental contributions to the understanding of non-perturbative QCD, non-leptonic weak decays, and the analytic properties of supersymmetric gauge theories .""",,,,https://en.wikipedia.org/wiki/Sakurai_Prize,Wikipedia table
sakurai,Sakurai Prize for Theoretical Particle Physics,,1999,Arkady Vainshtein,Arkady Vainshtein,"""For fundamental contributions to the understanding of non-perturbative QCD, non-leptonic weak decays, and the analytic properties of supersymmetric gauge theories .""",,,,https://en.wikipedia.org/wiki/Sakurai_Prize,Wikipedia table
sakurai,Sakurai Prize for Theoretical Particle Physics,,1999,Valentin Ivanovich Zakharov [ ru,Valentin Ivanovich Zakharov [ ru,"""For fundamental contributions to the understanding of non-perturbative QCD, non-leptonic weak decays, and the analytic properties of supersymmetric gauge theories .""",,,,https://en.wikipedia.org/wiki/Sakurai_Prize,Wikipedia table
sakurai,Sakurai Prize for Theoretical Particle Physics,,1999,de ],de ],"""For fundamental contributions to the understanding of non-perturbative QCD, non-leptonic weak decays, and the analytic properties of supersymmetric gauge theories .""",,,,https://en.wikipedia.org/wiki/Sakurai_Prize,Wikipedia table
sakurai,Sakurai Prize for Theoretical Particle Physics,,2000,Curtis G. Callan,Curtis G. Callan,"""For his classic formulation of the renormalization group , his contributions to instanton physics and to the theory of monopoles and strings .""",,,,https://en.wikipedia.org/wiki/Sakurai_Prize,Wikipedia table
sakurai,Sakurai Prize for Theoretical Particle Physics,,2001,Nathan Isgur,Nathan Isgur,"""For the construction of the heavy quark mass expansion and the discovery of the heavy quark symmetry in quantum chromodynamics, which led to a quantitative theory of the decays of c and b flavored hadrons.""",,,,https://en.wikipedia.org/wiki/Sakurai_Prize,Wikipedia table
sakurai,Sakurai Prize for Theoretical Particle Physics,,2001,Mikhail Voloshin,Mikhail Voloshin,"""For the construction of the heavy quark mass expansion and the discovery of the heavy quark symmetry in quantum chromodynamics, which led to a quantitative theory of the decays of c and b flavored hadrons.""",,,,https://en.wikipedia.org/wiki/Sakurai_Prize,Wikipedia table
sakurai,Sakurai Prize for Theoretical Particle Physics,,2001,Mark Wise,Mark Wise,"""For the construction of the heavy quark mass expansion and the discovery of the heavy quark symmetry in quantum chromodynamics, which led to a quantitative theory of the decays of c and b flavored hadrons.""",,,,https://en.wikipedia.org/wiki/Sakurai_Prize,Wikipedia table
sakurai,Sakurai Prize for Theoretical Particle Physics,,2002,Alberto Sirlin,Alberto Sirlin,"""For their pioneering work on radiative corrections , which made precision electroweak studies a powerful method of probing the Standard Model and searching for new physics.""",,,,https://en.wikipedia.org/wiki/Sakurai_Prize,Wikipedia table
sakurai,Sakurai Prize for Theoretical Particle Physics,,2002,William J. Marciano,William J. Marciano,"""For their pioneering work on radiative corrections , which made precision electroweak studies a powerful method of probing the Standard Model and searching for new physics.""",,,,https://en.wikipedia.org/wiki/Sakurai_Prize,Wikipedia table
sakurai,Sakurai Prize for Theoretical Particle Physics,,2003,Alfred Mueller,Alfred Mueller,"""For developing concepts and techniques in QCD, such as infrared safety and factorization in hard processes, which permitted precise quantitative predictions and experimental tests, and thereby helped to establish QCD as the theory of the strong interactions.""",,,,https://en.wikipedia.org/wiki/Sakurai_Prize,Wikipedia table
sakurai,Sakurai Prize for Theoretical Particle Physics,,2003,George Sterman,George Sterman,"""For developing concepts and techniques in QCD, such as infrared safety and factorization in hard processes, which permitted precise quantitative predictions and experimental tests, and thereby helped to establish QCD as the theory of the strong interactions.""",,,,https://en.wikipedia.org/wiki/Sakurai_Prize,Wikipedia table
sakurai,Sakurai Prize for Theoretical Particle Physics,,2004,Ikaros I. Bigi,Ikaros I. Bigi,"""For pioneering theoretical insights that pointed the way to the very fruitful experimental study of CP violation in B decays, and for continuing contributions to the fields of CP and heavy flavor physics.""",,,,https://en.wikipedia.org/wiki/Sakurai_Prize,Wikipedia table
sakurai,Sakurai Prize for Theoretical Particle Physics,,2004,Anthony Sanda,Anthony Sanda,"""For pioneering theoretical insights that pointed the way to the very fruitful experimental study of CP violation in B decays, and for continuing contributions to the fields of CP and heavy flavor physics.""",,,,https://en.wikipedia.org/wiki/Sakurai_Prize,Wikipedia table
sakurai,Sakurai Prize for Theoretical Particle Physics,,2005,Susumu Okubo,Susumu Okubo,"""For groundbreaking investigations into the pattern of hadronic masses and decay rates, which provided essential clues into the development of the quark model, and for demonstrating that CP violation permits partial decay rate asymmetries.""",,,,https://en.wikipedia.org/wiki/Sakurai_Prize,Wikipedia table
sakurai,Sakurai Prize for Theoretical Particle Physics,,2006,Savas Dimopoulos,Savas Dimopoulos,"""For his creative ideas on dynamical symmetry breaking, supersymmetry , and extra spatial dimensions , which have shaped theoretical research on TeV-scale physics, thereby inspiring a wide range of experiments.""",,,,https://en.wikipedia.org/wiki/Sakurai_Prize,Wikipedia table
sakurai,Sakurai Prize for Theoretical Particle Physics,,2007,Stanley Brodsky,Stanley Brodsky,"""For applications of perturbative quantum field theory to critical questions of elementary particle physics, in particular, to the analysis of hard exclusive strong interaction processes.""",,,,https://en.wikipedia.org/wiki/Sakurai_Prize,Wikipedia table
sakurai,Sakurai Prize for Theoretical Particle Physics,,2008,Alexei Smirnov,Alexei Smirnov,"""For pioneering and influential work on the enhancement of neutrino oscillations in matter, which is essential to a quantitative understanding of the solar neutrino flux.""",,,,https://en.wikipedia.org/wiki/Sakurai_Prize,Wikipedia table
sakurai,Sakurai Prize for Theoretical Particle Physics,,2008,Stanislav Mikheyev,Stanislav Mikheyev,"""For pioneering and influential work on the enhancement of neutrino oscillations in matter, which is essential to a quantitative understanding of the solar neutrino flux.""",,,,https://en.wikipedia.org/wiki/Sakurai_Prize,Wikipedia table
sakurai,Sakurai Prize for Theoretical Particle Physics,,2009,Davison E. Soper,Davison E. Soper,"""For work in perturbative quantum chromodynamics, including applications to problems pivotal to the interpretation of high energy particle collisions.""",,,,https://en.wikipedia.org/wiki/Sakurai_Prize,Wikipedia table
sakurai,Sakurai Prize for Theoretical Particle Physics,,2009,John C. Collins,John C. Collins,"""For work in perturbative quantum chromodynamics, including applications to problems pivotal to the interpretation of high energy particle collisions.""",,,,https://en.wikipedia.org/wiki/Sakurai_Prize,Wikipedia table
sakurai,Sakurai Prize for Theoretical Particle Physics,,2009,R. Keith Ellis,R. Keith Ellis,"""For work in perturbative quantum chromodynamics, including applications to problems pivotal to the interpretation of high energy particle collisions.""",,,,https://en.wikipedia.org/wiki/Sakurai_Prize,Wikipedia table
sakurai,Sakurai Prize for Theoretical Particle Physics,,2010,Gerald S. Guralnik,Gerald S. Guralnik,"""For elucidation of the properties of spontaneous symmetry breaking in four-dimensional relativistic gauge theory and of the mechanism for the consistent generation of vector boson masses.""",,,,https://en.wikipedia.org/wiki/Sakurai_Prize,Wikipedia table
sakurai,Sakurai Prize for Theoretical Particle Physics,,2010,Carl R. Hagen,Carl R. Hagen,"""For elucidation of the properties of spontaneous symmetry breaking in four-dimensional relativistic gauge theory and of the mechanism for the consistent generation of vector boson masses.""",,,,https://en.wikipedia.org/wiki/Sakurai_Prize,Wikipedia table
sakurai,Sakurai Prize for Theoretical Particle Physics,,2010,T. W. B. Kibble,T. W. B. Kibble,"""For elucidation of the properties of spontaneous symmetry breaking in four-dimensional relativistic gauge theory and of the mechanism for the consistent generation of vector boson masses.""",,,,https://en.wikipedia.org/wiki/Sakurai_Prize,Wikipedia table
sakurai,Sakurai Prize for Theoretical Particle Physics,,2010,Robert Brout,Robert Brout,"""For elucidation of the properties of spontaneous symmetry breaking in four-dimensional relativistic gauge theory and of the mechanism for the consistent generation of vector boson masses.""",,,,https://en.wikipedia.org/wiki/Sakurai_Prize,Wikipedia table
sakurai,Sakurai Prize for Theoretical Particle Physics,,2010,François Englert,François Englert,"""For elucidation of the properties of spontaneous symmetry breaking in four-dimensional relativistic gauge theory and of the mechanism for the consistent generation of vector boson masses.""",,,,https://en.wikipedia.org/wiki/Sakurai_Prize,Wikipedia table
sakurai,Sakurai Prize for Theoretical Particle Physics,,2010,Peter Higgs,Peter Higgs,"""For elucidation of the properties of spontaneous symmetry breaking in four-dimensional relativistic gauge theory and of the mechanism for the consistent generation of vector boson masses.""",,,,https://en.wikipedia.org/wiki/Sakurai_Prize,Wikipedia table
sakurai,Sakurai Prize for Theoretical Particle Physics,,2011,Chris Quigg,Chris Quigg,"""For their work, separately and collectively, to chart a course of the exploration of TeV scale physics using multi-TeV hadron colliders .""",,,,https://en.wikipedia.org/wiki/Sakurai_Prize,Wikipedia table
sakurai,Sakurai Prize for Theoretical Particle Physics,,2011,Estia Eichten,Estia Eichten,"""For their work, separately and collectively, to chart a course of the exploration of TeV scale physics using multi-TeV hadron colliders .""",,,,https://en.wikipedia.org/wiki/Sakurai_Prize,Wikipedia table
sakurai,Sakurai Prize for Theoretical Particle Physics,,2011,Ian Hinchliffe,Ian Hinchliffe,"""For their work, separately and collectively, to chart a course of the exploration of TeV scale physics using multi-TeV hadron colliders .""",,,,https://en.wikipedia.org/wiki/Sakurai_Prize,Wikipedia table
sakurai,Sakurai Prize for Theoretical Particle Physics,,2011,Kenneth Lane,Kenneth Lane,"""For their work, separately and collectively, to chart a course of the exploration of TeV scale physics using multi-TeV hadron colliders .""",,,,https://en.wikipedia.org/wiki/Sakurai_Prize,Wikipedia table
sakurai,Sakurai Prize for Theoretical Particle Physics,,2012,Guido Altarelli,Guido Altarelli,"""For key ideas leading to the detailed confirmation of the Standard Model of particle physics, enabling high energy experiments to extract precise information about Quantum Chromodynamics, electroweak interactions and possible new physics.""",,,,https://en.wikipedia.org/wiki/Sakurai_Prize,Wikipedia table
sakurai,Sakurai Prize for Theoretical Particle Physics,,2012,Torbjörn Sjöstrand,Torbjörn Sjöstrand,"""For key ideas leading to the detailed confirmation of the Standard Model of particle physics, enabling high energy experiments to extract precise information about Quantum Chromodynamics, electroweak interactions and possible new physics.""",,,,https://en.wikipedia.org/wiki/Sakurai_Prize,Wikipedia table
sakurai,Sakurai Prize for Theoretical Particle Physics,,2012,Bryan Webber,Bryan Webber,"""For key ideas leading to the detailed confirmation of the Standard Model of particle physics, enabling high energy experiments to extract precise information about Quantum Chromodynamics, electroweak interactions and possible new physics.""",,,,https://en.wikipedia.org/wiki/Sakurai_Prize,Wikipedia table
sakurai,Sakurai Prize for Theoretical Particle Physics,,2013,Helen Quinn,Helen Quinn,"""For their proposal of the elegant mechanism to resolve the famous problem of strong-CP violation which, in turn, led to the invention of axions , a subject of intense experimental and theoretical investigation for more than three decades.""",,,,https://en.wikipedia.org/wiki/Sakurai_Prize,Wikipedia table
sakurai,Sakurai Prize for Theoretical Particle Physics,,2013,Roberto Peccei,Roberto Peccei,"""For their proposal of the elegant mechanism to resolve the famous problem of strong-CP violation which, in turn, led to the invention of axions , a subject of intense experimental and theoretical investigation for more than three decades.""",,,,https://en.wikipedia.org/wiki/Sakurai_Prize,Wikipedia table
sakurai,Sakurai Prize for Theoretical Particle Physics,,2014,Zvi Bern,Zvi Bern,"""For pathbreaking contributions to the calculation of perturbative scattering amplitudes, which led to a deeper understanding of quantum field theory and to powerful new tools for computing QCD processes.""",,,,https://en.wikipedia.org/wiki/Sakurai_Prize,Wikipedia table
sakurai,Sakurai Prize for Theoretical Particle Physics,,2014,Lance J. Dixon,Lance J. Dixon,"""For pathbreaking contributions to the calculation of perturbative scattering amplitudes, which led to a deeper understanding of quantum field theory and to powerful new tools for computing QCD processes.""",,,,https://en.wikipedia.org/wiki/Sakurai_Prize,Wikipedia table
sakurai,Sakurai Prize for Theoretical Particle Physics,,2014,David A. Kosower,David A. Kosower,"""For pathbreaking contributions to the calculation of perturbative scattering amplitudes, which led to a deeper understanding of quantum field theory and to powerful new tools for computing QCD processes.""",,,,https://en.wikipedia.org/wiki/Sakurai_Prize,Wikipedia table
sakurai,Sakurai Prize for Theoretical Particle Physics,,2015,George Zweig,George Zweig,"""For his independent proposal that hadrons are composed of fractionally charged fundamental constituents, called quarks or aces, and for developing its revolutionary implications for hadron masses and properties.""",,,,https://en.wikipedia.org/wiki/Sakurai_Prize,Wikipedia table
sakurai,Sakurai Prize for Theoretical Particle Physics,,2016,G. Peter Lepage,G. Peter Lepage,"""For inventive applications of quantum field theory to particle physics, particularly in establishing the theory of hadronic exclusive processes, developing nonrelativistic effective field theories , and determining standard-model parameters with lattice gauge theory .""",,,,https://en.wikipedia.org/wiki/Sakurai_Prize,Wikipedia table
sakurai,Sakurai Prize for Theoretical Particle Physics,,2017,Gordon L. Kane,Gordon L. Kane,"""For instrumental contributions to the theory of the properties, reactions, and signatures of the Higgs boson .""",,,,https://en.wikipedia.org/wiki/Sakurai_Prize,Wikipedia table
sakurai,Sakurai Prize for Theoretical Particle Physics,,2017,Howard E. Haber,Howard E. Haber,"""For instrumental contributions to the theory of the properties, reactions, and signatures of the Higgs boson .""",,,,https://en.wikipedia.org/wiki/Sakurai_Prize,Wikipedia table
sakurai,Sakurai Prize for Theoretical Particle Physics,,2017,Jack F. Gunion,Jack F. Gunion,"""For instrumental contributions to the theory of the properties, reactions, and signatures of the Higgs boson .""",,,,https://en.wikipedia.org/wiki/Sakurai_Prize,Wikipedia table
sakurai,Sakurai Prize for Theoretical Particle Physics,,2017,Sally Dawson,Sally Dawson,"""For instrumental contributions to the theory of the properties, reactions, and signatures of the Higgs boson .""",,,,https://en.wikipedia.org/wiki/Sakurai_Prize,Wikipedia table
sakurai,Sakurai Prize for Theoretical Particle Physics,,2018,Ann Nelson,Ann Nelson,"""For groundbreaking explorations of physics beyond the Standard Model of particle physics, including their seminal joint work on dynamical super-symmetry breaking, and for their innovative contributions to a broad range of topics, including new models of electroweak symmetry breaking, baryogenesis , and solutions to the strong charge parity problem .""",,,,https://en.wikipedia.org/wiki/Sakurai_Prize,Wikipedia table
sakurai,Sakurai Prize for Theoretical Particle Physics,,2018,Michael Dine,Michael Dine,"""For groundbreaking explorations of physics beyond the Standard Model of particle physics, including their seminal joint work on dynamical super-symmetry breaking, and for their innovative contributions to a broad range of topics, including new models of electroweak symmetry breaking, baryogenesis , and solutions to the strong charge parity problem .""",,,,https://en.wikipedia.org/wiki/Sakurai_Prize,Wikipedia table
sakurai,Sakurai Prize for Theoretical Particle Physics,,2019,Lisa Randall,Lisa Randall,"""For creative contributions to physics beyond the Standard Model, in particular the discovery that warped extra dimensions of space can solve the hierarchy puzzle , which has had a tremendous impact on searches at the Large Hadron Collider .""",,,,https://en.wikipedia.org/wiki/Sakurai_Prize,Wikipedia table
sakurai,Sakurai Prize for Theoretical Particle Physics,,2019,Raman Sundrum,Raman Sundrum,"""For creative contributions to physics beyond the Standard Model, in particular the discovery that warped extra dimensions of space can solve the hierarchy puzzle , which has had a tremendous impact on searches at the Large Hadron Collider .""",,,,https://en.wikipedia.org/wiki/Sakurai_Prize,Wikipedia table
sakurai,Sakurai Prize for Theoretical Particle Physics,,2020,Pierre Sikivie,Pierre Sikivie,"""For seminal work recognizing the potential visibility of the invisible axion, devising novel methods to detect it, and for theoretical investigations of its cosmological implications.""",,,,https://en.wikipedia.org/wiki/Sakurai_Prize,Wikipedia table
sakurai,Sakurai Prize for Theoretical Particle Physics,,2021,Vernon Barger,Vernon Barger,"""For pioneering work in collider physics contributing to the discovery and characterization of the W boson , top quark , and Higgs boson, and for the development of incisive strategies to test theoretical ideas with experiments.""",,,,https://en.wikipedia.org/wiki/Sakurai_Prize,Wikipedia table
sakurai,Sakurai Prize for Theoretical Particle Physics,,2022,Nima Arkani-Hamed,Nima Arkani-Hamed,"""For the development of transformative new frameworks for physics beyond the standard model with novel experimental signatures, including work on large extra dimensions, the little Higgs , and more generally for new ideas connected to the origin of the electroweak scale.""",,,,https://en.wikipedia.org/wiki/Sakurai_Prize,Wikipedia table
sakurai,Sakurai Prize for Theoretical Particle Physics,,2023,Heinrich Leutwyler,Heinrich Leutwyler,"""For fundamental contributions to the effective field theory of pions at low energies, and for proposing that the gluon is a color octet .""",,,,https://en.wikipedia.org/wiki/Sakurai_Prize,Wikipedia table
sakurai,Sakurai Prize for Theoretical Particle Physics,,2024,Andrzej Buras,Andrzej Buras,"""For exceptional contributions to quark-flavor physics, in particular, developing and carrying out calculations of higher-order QCD effects to electroweak transitions, as well as for drawing phenomenological connections between kaons, D mesons , and B mesons .""",,,,https://en.wikipedia.org/wiki/Sakurai_Prize,Wikipedia table
sakurai,Sakurai Prize for Theoretical Particle Physics,,2025,Elizabeth E. Jenkins,Elizabeth E. Jenkins,"""For outstanding contributions to the physics of baryons , including deriving many physical properties of nucleons and hyperons in the large number of colors limit of quantum chromodynamics and deriving the renormalization group evolution of the standard model effective field theory at one loop.""",,,,https://en.wikipedia.org/wiki/Sakurai_Prize,Wikipedia table
sakurai,Sakurai Prize for Theoretical Particle Physics,,2025,Aneesh V. Manohar,Aneesh V. Manohar,"""For outstanding contributions to the physics of baryons , including deriving many physical properties of nucleons and hyperons in the large number of colors limit of quantum chromodynamics and deriving the renormalization group evolution of the standard model effective field theory at one loop.""",,,,https://en.wikipedia.org/wiki/Sakurai_Prize,Wikipedia table
sakurai,Sakurai Prize for Theoretical Particle Physics,,2026,John F. Donoghue,John F. Donoghue,"""For original and lasting contributions to the development of effective field theories, including work on gravity as an effective quantum field theory, and important contributions to chiral perturbation theory.""",,,,https://en.wikipedia.org/wiki/Sakurai_Prize,Wikipedia table
shaw,Shaw Prize,,2004,P. James E. Peebles,P. James E. Peebles,"For his groundbreaking contribution to cosmology . He laid the foundations for almost all modern investigations in cosmology, both theoretical and observational , transforming a highly speculative field into a precision science.",,,,https://en.wikipedia.org/wiki/Shaw_Prize,Wikipedia table
shaw,Shaw Prize,,2004,Stanley N. Cohen,Stanley N. Cohen,For their discoveries on DNA cloning and genetic engineering .,,,,https://en.wikipedia.org/wiki/Shaw_Prize,Wikipedia table
shaw,Shaw Prize,,2004,Herbert W. Boyer,Herbert W. Boyer,For their discoveries on DNA cloning and genetic engineering .,,,,https://en.wikipedia.org/wiki/Shaw_Prize,Wikipedia table
shaw,Shaw Prize,,2004,Yuet-Wai Kan,Yuet-Wai Kan,For his discoveries on DNA polymorphism and its influence on human genetics .,,,,https://en.wikipedia.org/wiki/Shaw_Prize,Wikipedia table
shaw,Shaw Prize,,2004,Richard Doll,Richard Doll,For his contribution to modern cancer epidemiology .,,,,https://en.wikipedia.org/wiki/Shaw_Prize,Wikipedia table
shaw,Shaw Prize,,2004,Shiing-Shen Chern,Shiing-Shen Chern,"For his initiation of the field of global differential geometry and his continued leadership of the field, resulting in beautiful developments that are at the centre of contemporary mathematics, with deep connections to topology , algebra and analysis, in short, to all major branches of mathematics of the last sixty years.",,,,https://en.wikipedia.org/wiki/Shaw_Prize,Wikipedia table
shaw,Shaw Prize,,2005,Geoffrey Marcy,Geoffrey Marcy,"For finding and characterizing the orbits and masses of the first planets around other stars , thereby revolutionizing our understanding of the processes that form planets and planetary systems .",,,,https://en.wikipedia.org/wiki/Shaw_Prize,Wikipedia table
shaw,Shaw Prize,,2005,Michel Mayor,Michel Mayor,"For finding and characterizing the orbits and masses of the first planets around other stars , thereby revolutionizing our understanding of the processes that form planets and planetary systems .",,,,https://en.wikipedia.org/wiki/Shaw_Prize,Wikipedia table
shaw,Shaw Prize,,2005,Michael Berridge,Michael Berridge,For his discoveries on calcium signalling in the regulation of cellular activity.,,,,https://en.wikipedia.org/wiki/Shaw_Prize,Wikipedia table
shaw,Shaw Prize,,2005,Andrew John Wiles,Andrew John Wiles,For his proof of Fermat's Last Theorem .,,,,https://en.wikipedia.org/wiki/Shaw_Prize,Wikipedia table
shaw,Shaw Prize,,2006,Saul Perlmutter,Saul Perlmutter,"For discovering that the expansion rate of the universe is accelerating , implying in the simplest interpretation that the energy density of space is non-vanishing even in the absence of any matter and radiation.",,,,https://en.wikipedia.org/wiki/Shaw_Prize,Wikipedia table
shaw,Shaw Prize,,2006,Adam Riess,Adam Riess,"For discovering that the expansion rate of the universe is accelerating , implying in the simplest interpretation that the energy density of space is non-vanishing even in the absence of any matter and radiation.",,,,https://en.wikipedia.org/wiki/Shaw_Prize,Wikipedia table
shaw,Shaw Prize,,2006,Brian Schmidt,Brian Schmidt,"For discovering that the expansion rate of the universe is accelerating , implying in the simplest interpretation that the energy density of space is non-vanishing even in the absence of any matter and radiation.",,,,https://en.wikipedia.org/wiki/Shaw_Prize,Wikipedia table
shaw,Shaw Prize,,2006,Xiaodong Wang,Xiaodong Wang,"For his discovery of the biochemical basis of programmed cell death , a vital process that balances cell birth and defends against cancer .",,,,https://en.wikipedia.org/wiki/Shaw_Prize,Wikipedia table
shaw,Shaw Prize,,2006,David Mumford,David Mumford,"For David Mumford's contributions to mathematics, and to the new interdisciplinary fields of pattern theory and vision research ; and for Wentsun Wu's contributions to the new interdisciplinary field of mathematics mechanization.",,,,https://en.wikipedia.org/wiki/Shaw_Prize,Wikipedia table
shaw,Shaw Prize,,2006,Wentsun Wu,Wentsun Wu,"For David Mumford's contributions to mathematics, and to the new interdisciplinary fields of pattern theory and vision research ; and for Wentsun Wu's contributions to the new interdisciplinary field of mathematics mechanization.",,,,https://en.wikipedia.org/wiki/Shaw_Prize,Wikipedia table
shaw,Shaw Prize,,2007,Peter Goldreich,Peter Goldreich,In recognition of his lifetime achievements in theoretical astrophysics and planetary sciences .,,,,https://en.wikipedia.org/wiki/Shaw_Prize,Wikipedia table
shaw,Shaw Prize,,2007,Robert Lefkowitz,Robert Lefkowitz,For his relentless elucidation of the major receptor system that mediates the response of cells and organs to drugs and hormones .,,,,https://en.wikipedia.org/wiki/Shaw_Prize,Wikipedia table
shaw,Shaw Prize,,2007,Robert Langlands,Robert Langlands,For initiating and developing a grand unifying vision of mathematics that connects prime numbers with symmetry.,,,,https://en.wikipedia.org/wiki/Shaw_Prize,Wikipedia table
shaw,Shaw Prize,,2007,Richard Taylor,Richard Taylor,For initiating and developing a grand unifying vision of mathematics that connects prime numbers with symmetry.,,,,https://en.wikipedia.org/wiki/Shaw_Prize,Wikipedia table
shaw,Shaw Prize,,2008,Reinhard Genzel,Reinhard Genzel,In recognition of his outstanding contributions in demonstrating that the Milky Way contains a supermassive black hole at its centre .,,,,https://en.wikipedia.org/wiki/Shaw_Prize,Wikipedia table
shaw,Shaw Prize,,2008,Keith H. S. Campbell,Keith H. S. Campbell,"For their recent pivotal innovations in reversing the process of cell differentiation in mammals , a phenomenon which advances our knowledge of developmental biology and holds great promise for the treatment of human diseases and improvements in agriculture practices.",,,,https://en.wikipedia.org/wiki/Shaw_Prize,Wikipedia table
shaw,Shaw Prize,,2008,Ian Wilmut,Ian Wilmut,"For their recent pivotal innovations in reversing the process of cell differentiation in mammals , a phenomenon which advances our knowledge of developmental biology and holds great promise for the treatment of human diseases and improvements in agriculture practices.",,,,https://en.wikipedia.org/wiki/Shaw_Prize,Wikipedia table
shaw,Shaw Prize,,2008,Shinya Yamanaka,Shinya Yamanaka,"For their recent pivotal innovations in reversing the process of cell differentiation in mammals , a phenomenon which advances our knowledge of developmental biology and holds great promise for the treatment of human diseases and improvements in agriculture practices.",,,,https://en.wikipedia.org/wiki/Shaw_Prize,Wikipedia table
shaw,Shaw Prize,,2008,Vladimir Arnold,Vladimir Arnold,For their widespread and influential contributions to Mathematical Physics .,,,,https://en.wikipedia.org/wiki/Shaw_Prize,Wikipedia table
shaw,Shaw Prize,,2008,Ludwig Faddeev,Ludwig Faddeev,For their widespread and influential contributions to Mathematical Physics .,,,,https://en.wikipedia.org/wiki/Shaw_Prize,Wikipedia table
shaw,Shaw Prize,,2009,Frank H. Shu,Frank H. Shu,In recognition of his outstanding life-time contributions in theoretical astronomy .,,,,https://en.wikipedia.org/wiki/Shaw_Prize,Wikipedia table
shaw,Shaw Prize,,2009,Douglas L. Coleman,Douglas L. Coleman,"For their work leading to the discovery of leptin , a hormone that regulates food intake and body weight .",,,,https://en.wikipedia.org/wiki/Shaw_Prize,Wikipedia table
shaw,Shaw Prize,,2009,Jeffrey M. Friedman,Jeffrey M. Friedman,"For their work leading to the discovery of leptin , a hormone that regulates food intake and body weight .",,,,https://en.wikipedia.org/wiki/Shaw_Prize,Wikipedia table
shaw,Shaw Prize,,2009,Simon K. Donaldson,Simon K. Donaldson,For their many brilliant contributions to geometry in 3 and 4 dimensions .,,,,https://en.wikipedia.org/wiki/Shaw_Prize,Wikipedia table
shaw,Shaw Prize,,2009,Clifford H. Taubes,Clifford H. Taubes,For their many brilliant contributions to geometry in 3 and 4 dimensions .,,,,https://en.wikipedia.org/wiki/Shaw_Prize,Wikipedia table
shaw,Shaw Prize,,2010,Charles L. Bennett,Charles L. Bennett,"For their leadership of the Wilkinson Microwave Anisotropy Probe (WMAP) experiment, which has enabled precise determinations of the fundamental cosmological parameters, including the geometry , age and composition of the universe.",,,,https://en.wikipedia.org/wiki/Shaw_Prize,Wikipedia table
shaw,Shaw Prize,,2010,Lyman A. Page Jr,Lyman A. Page Jr,"For their leadership of the Wilkinson Microwave Anisotropy Probe (WMAP) experiment, which has enabled precise determinations of the fundamental cosmological parameters, including the geometry , age and composition of the universe.",,,,https://en.wikipedia.org/wiki/Shaw_Prize,Wikipedia table
shaw,Shaw Prize,,2010,David N. Spergel,David N. Spergel,"For their leadership of the Wilkinson Microwave Anisotropy Probe (WMAP) experiment, which has enabled precise determinations of the fundamental cosmological parameters, including the geometry , age and composition of the universe.",,,,https://en.wikipedia.org/wiki/Shaw_Prize,Wikipedia table
shaw,Shaw Prize,,2010,David Julius,David Julius,For his seminal discoveries of molecular mechanisms by which the skin senses painful stimuli and temperature and produces pain hypersensitivity .,,,,https://en.wikipedia.org/wiki/Shaw_Prize,Wikipedia table
shaw,Shaw Prize,,2010,Jean Bourgain,Jean Bourgain,"For his profound work in mathematical analysis and its application to partial differential equations , mathematical physics , combinatorics , number theory , ergodic theory and theoretical computer science .",,,,https://en.wikipedia.org/wiki/Shaw_Prize,Wikipedia table
shaw,Shaw Prize,,2011,Enrico Costa,Enrico Costa,"For their leadership of space missions that enabled the demonstration of the cosmological origin of gamma ray bursts , the brightest sources known in the universe .",,,,https://en.wikipedia.org/wiki/Shaw_Prize,Wikipedia table
shaw,Shaw Prize,,2011,Gerald J. Fishman,Gerald J. Fishman,"For their leadership of space missions that enabled the demonstration of the cosmological origin of gamma ray bursts , the brightest sources known in the universe .",,,,https://en.wikipedia.org/wiki/Shaw_Prize,Wikipedia table
shaw,Shaw Prize,,2011,Jules A. Hoffmann,Jules A. Hoffmann,"For their discovery of the molecular mechanism of innate immunity , the first line of defense against pathogens .",,,,https://en.wikipedia.org/wiki/Shaw_Prize,Wikipedia table
shaw,Shaw Prize,,2011,Ruslan M. Medzhitov,Ruslan M. Medzhitov,"For their discovery of the molecular mechanism of innate immunity , the first line of defense against pathogens .",,,,https://en.wikipedia.org/wiki/Shaw_Prize,Wikipedia table
shaw,Shaw Prize,,2011,Bruce A. Beutler,Bruce A. Beutler,"For their discovery of the molecular mechanism of innate immunity , the first line of defense against pathogens .",,,,https://en.wikipedia.org/wiki/Shaw_Prize,Wikipedia table
shaw,Shaw Prize,,2011,Demetrios Christodoulou,Demetrios Christodoulou,For their highly innovative works on nonlinear partial differential equations in Lorentzian and Riemannian geometry and their applications to general relativity and topology .,,,,https://en.wikipedia.org/wiki/Shaw_Prize,Wikipedia table
shaw,Shaw Prize,,2011,Richard S. Hamilton,Richard S. Hamilton,For their highly innovative works on nonlinear partial differential equations in Lorentzian and Riemannian geometry and their applications to general relativity and topology .,,,,https://en.wikipedia.org/wiki/Shaw_Prize,Wikipedia table
shaw,Shaw Prize,,2012,David Jewitt,David Jewitt,"For their discovery and characterization of trans-Neptunian bodies , an archeological treasure dating back to the formation of the Solar System and the long-sought source of short period comets .",,,,https://en.wikipedia.org/wiki/Shaw_Prize,Wikipedia table
shaw,Shaw Prize,,2012,Jane Luu,Jane Luu,"For their discovery and characterization of trans-Neptunian bodies , an archeological treasure dating back to the formation of the Solar System and the long-sought source of short period comets .",,,,https://en.wikipedia.org/wiki/Shaw_Prize,Wikipedia table
shaw,Shaw Prize,,2012,Franz-Ulrich Hartl,Franz-Ulrich Hartl,For their contributions to the understanding of the molecular mechanism of protein folding . Proper protein folding is essential for many cellular functions.,,,,https://en.wikipedia.org/wiki/Shaw_Prize,Wikipedia table
shaw,Shaw Prize,,2012,Arthur L. Horwich,Arthur L. Horwich,For their contributions to the understanding of the molecular mechanism of protein folding . Proper protein folding is essential for many cellular functions.,,,,https://en.wikipedia.org/wiki/Shaw_Prize,Wikipedia table
shaw,Shaw Prize,,2012,Maxim Kontsevich,Maxim Kontsevich,"For his pioneering works in algebra , geometry and mathematical physics and in particular deformation quantization , motivic integration and mirror symmetry .",,,,https://en.wikipedia.org/wiki/Shaw_Prize,Wikipedia table
shaw,Shaw Prize,,2013,Steven A. Balbus,Steven A. Balbus,"For their discovery and study of the magnetorotational instability , and for demonstrating that this instability leads to turbulence and is a viable mechanism for angular momentum transport in astrophysical accretion disks .",,,,https://en.wikipedia.org/wiki/Shaw_Prize,Wikipedia table
shaw,Shaw Prize,,2013,John F. Hawley,John F. Hawley,"For their discovery and study of the magnetorotational instability , and for demonstrating that this instability leads to turbulence and is a viable mechanism for angular momentum transport in astrophysical accretion disks .",,,,https://en.wikipedia.org/wiki/Shaw_Prize,Wikipedia table
shaw,Shaw Prize,,2013,Jeffrey C. Hall,Jeffrey C. Hall,For their discovery of molecular mechanisms underlying circadian rhythms .,,,,https://en.wikipedia.org/wiki/Shaw_Prize,Wikipedia table
shaw,Shaw Prize,,2013,Michael Rosbash,Michael Rosbash,For their discovery of molecular mechanisms underlying circadian rhythms .,,,,https://en.wikipedia.org/wiki/Shaw_Prize,Wikipedia table
shaw,Shaw Prize,,2013,Michael W. Young,Michael W. Young,For their discovery of molecular mechanisms underlying circadian rhythms .,,,,https://en.wikipedia.org/wiki/Shaw_Prize,Wikipedia table
shaw,Shaw Prize,,2013,David L. Donoho,David L. Donoho,For his profound contributions to modern mathematical statistics and in particular the development of optimal algorithms for statistical estimation in the presence of noise and of efficient techniques for sparse representation and recovery in large data-sets.,,,,https://en.wikipedia.org/wiki/Shaw_Prize,Wikipedia table
shaw,Shaw Prize,,2014,Daniel Eisenstein,Daniel Eisenstein,For their contributions to the measurements of features in the large-scale structure of galaxies used to constrain the cosmological model including baryon acoustic oscillations and redshift-space distortions.,,,,https://en.wikipedia.org/wiki/Shaw_Prize,Wikipedia table
shaw,Shaw Prize,,2014,Shaun Cole,Shaun Cole,For their contributions to the measurements of features in the large-scale structure of galaxies used to constrain the cosmological model including baryon acoustic oscillations and redshift-space distortions.,,,,https://en.wikipedia.org/wiki/Shaw_Prize,Wikipedia table
shaw,Shaw Prize,,2014,John A. Peacock,John A. Peacock,For their contributions to the measurements of features in the large-scale structure of galaxies used to constrain the cosmological model including baryon acoustic oscillations and redshift-space distortions.,,,,https://en.wikipedia.org/wiki/Shaw_Prize,Wikipedia table
shaw,Shaw Prize,,2014,Kazutoshi Mori,Kazutoshi Mori,"For their discovery of the Unfolded Protein Response of the endoplasmic reticulum , a cell signalling pathway that controls organelle homeostasis and quality of protein export in eukaryotic cells .",,,,https://en.wikipedia.org/wiki/Shaw_Prize,Wikipedia table
shaw,Shaw Prize,,2014,Peter Walter,Peter Walter,"For their discovery of the Unfolded Protein Response of the endoplasmic reticulum , a cell signalling pathway that controls organelle homeostasis and quality of protein export in eukaryotic cells .",,,,https://en.wikipedia.org/wiki/Shaw_Prize,Wikipedia table
shaw,Shaw Prize,,2014,George Lusztig,George Lusztig,"For his fundamental contributions to algebra , algebraic geometry , and representation theory , and for weaving these subjects together to solve old problems and reveal beautiful new connections.",,,,https://en.wikipedia.org/wiki/Shaw_Prize,Wikipedia table
shaw,Shaw Prize,,2015,William J. Borucki,William J. Borucki,"For his conceiving and leading the Kepler Mission , which greatly advanced knowledge of both extrasolar planetary systems and stellar interiors.",,,,https://en.wikipedia.org/wiki/Shaw_Prize,Wikipedia table
shaw,Shaw Prize,,2015,Bonnie L. Bassler,Bonnie L. Bassler,"For elucidating the molecular mechanism of quorum sensing , a process whereby bacteria communicate with each other and which offers innovative ways to interfere with bacterial pathogens or to modulate the microbiome for health applications.",,,,https://en.wikipedia.org/wiki/Shaw_Prize,Wikipedia table
shaw,Shaw Prize,,2015,E. Peter Greenberg,E. Peter Greenberg,"For elucidating the molecular mechanism of quorum sensing , a process whereby bacteria communicate with each other and which offers innovative ways to interfere with bacterial pathogens or to modulate the microbiome for health applications.",,,,https://en.wikipedia.org/wiki/Shaw_Prize,Wikipedia table
shaw,Shaw Prize,,2015,Gerd Faltings,Gerd Faltings,"For their introduction and development of fundamental tools in number theory , allowing them as well as others to resolve some longstanding classical problems.",,,,https://en.wikipedia.org/wiki/Shaw_Prize,Wikipedia table
shaw,Shaw Prize,,2015,Henryk Iwaniec,Henryk Iwaniec,"For their introduction and development of fundamental tools in number theory , allowing them as well as others to resolve some longstanding classical problems.",,,,https://en.wikipedia.org/wiki/Shaw_Prize,Wikipedia table
shaw,Shaw Prize,,2016,Ronald W. P. Drever,Ronald W. P. Drever,"For conceiving and designing the Laser Interferometer Gravitational-Wave Observatory (LIGO), whose recent direct detection of gravitational waves opens a new window in astronomy, with the first remarkable discovery being the merger of a pair of stellar mass black holes .",,,,https://en.wikipedia.org/wiki/Shaw_Prize,Wikipedia table
shaw,Shaw Prize,,2016,Kip S. Thorne,Kip S. Thorne,"For conceiving and designing the Laser Interferometer Gravitational-Wave Observatory (LIGO), whose recent direct detection of gravitational waves opens a new window in astronomy, with the first remarkable discovery being the merger of a pair of stellar mass black holes .",,,,https://en.wikipedia.org/wiki/Shaw_Prize,Wikipedia table
shaw,Shaw Prize,,2016,Rainer Weiss,Rainer Weiss,"For conceiving and designing the Laser Interferometer Gravitational-Wave Observatory (LIGO), whose recent direct detection of gravitational waves opens a new window in astronomy, with the first remarkable discovery being the merger of a pair of stellar mass black holes .",,,,https://en.wikipedia.org/wiki/Shaw_Prize,Wikipedia table
shaw,Shaw Prize,,2016,Adrian P. Bird,Adrian P. Bird,For their discovery of the genes and the encoded proteins that recognize one chemical modification of the DNA of chromosomes that influences gene control as the basis of the developmental disorder Rett syndrome .,,,,https://en.wikipedia.org/wiki/Shaw_Prize,Wikipedia table
shaw,Shaw Prize,,2016,Huda Y. Zoghbi,Huda Y. Zoghbi,For their discovery of the genes and the encoded proteins that recognize one chemical modification of the DNA of chromosomes that influences gene control as the basis of the developmental disorder Rett syndrome .,,,,https://en.wikipedia.org/wiki/Shaw_Prize,Wikipedia table
shaw,Shaw Prize,,2016,Nigel J. Hitchin,Nigel J. Hitchin,"For his far-reaching contributions to geometry , representation theory and theoretical physics . The fundamental and elegant concepts and techniques that he has introduced have had wide impact and are of lasting importance.",,,,https://en.wikipedia.org/wiki/Shaw_Prize,Wikipedia table
shaw,Shaw Prize,,2017,Simon D. M. White,Simon D. M. White,"For his contributions to understanding structure formation in the Universe . With powerful numerical simulations he has shown how small density fluctuations in the early Universe develop into galaxies and other nonlinear structures, strongly supporting a cosmology with a flat geometry, and dominated by dark matter and a cosmological constant .",,,,https://en.wikipedia.org/wiki/Shaw_Prize,Wikipedia table
shaw,Shaw Prize,,2017,Ian R. Gibbons,Ian R. Gibbons,"For their discovery of microtubule-associated motor proteins : engines that power cellular and intracellular movements essential to the growth, division, and survival of human cells .",,,,https://en.wikipedia.org/wiki/Shaw_Prize,Wikipedia table
shaw,Shaw Prize,,2017,Ronald D. Vale,Ronald D. Vale,"For their discovery of microtubule-associated motor proteins : engines that power cellular and intracellular movements essential to the growth, division, and survival of human cells .",,,,https://en.wikipedia.org/wiki/Shaw_Prize,Wikipedia table
shaw,Shaw Prize,,2017,János Kollár,János Kollár,"For their remarkable results in many central areas of algebraic geometry , which have transformed the field and led to the solution of long-standing problems that had appeared out of reach.",,,,https://en.wikipedia.org/wiki/Shaw_Prize,Wikipedia table
shaw,Shaw Prize,,2017,Claire Voisin,Claire Voisin,"For their remarkable results in many central areas of algebraic geometry , which have transformed the field and led to the solution of long-standing problems that had appeared out of reach.",,,,https://en.wikipedia.org/wiki/Shaw_Prize,Wikipedia table
shaw,Shaw Prize,,2018,Jean-Loup Puget,Jean-Loup Puget,"For his contributions to astronomy in the infrared to submillimetre spectral range. He detected the cosmic far-infrared background from past star-forming galaxies , and proposed aromatic hydrocarbon molecules as a constituent of interstellar matter . With the Planck space mission , he has dramatically advanced our knowledge of cosmology in the presence of interstellar matter foregrounds.",,,,https://en.wikipedia.org/wiki/Shaw_Prize,Wikipedia table
shaw,Shaw Prize,,2018,Mary-Claire King,Mary-Claire King,"For her mapping the first breast cancer gene . Using mathematical modeling, King predicted and then demonstrated that breast cancer can be caused by a single gene. She mapped the gene which facilitated its cloning and has saved thousands of lives.",,,,https://en.wikipedia.org/wiki/Shaw_Prize,Wikipedia table
shaw,Shaw Prize,,2018,Luis A. Caffarelli,Luis A. Caffarelli,"For his groundbreaking work on partial differential equations , including creating a theory of regularity for nonlinear equations such as the Monge-Ampère equation , and free-boundary problems such as the obstacle problem , work that has influenced a whole generation of researchers in the field.",,,,https://en.wikipedia.org/wiki/Shaw_Prize,Wikipedia table
shaw,Shaw Prize,,2019,Edward C. Stone,Edward C. Stone,"For his leadership in the Voyager project , which has, over the past four decades, transformed our understanding of the four giant planets and the outer Solar System , and has now begun to explore interstellar space .",,,,https://en.wikipedia.org/wiki/Shaw_Prize,Wikipedia table
shaw,Shaw Prize,,2019,Maria Jasin,Maria Jasin,For her work showing that localized double strand breaks in DNA stimulate recombination in mammalian cells . This seminal work was essential for and led directly to the tools enabling editing at specific sites in mammalian genomes .,,,,https://en.wikipedia.org/wiki/Shaw_Prize,Wikipedia table
shaw,Shaw Prize,,2019,Michel Talagrand,Michel Talagrand,"For his work on concentration inequalities , on suprema of stochastic processes and on rigorous results for spin glasses .",,,,https://en.wikipedia.org/wiki/Shaw_Prize,Wikipedia table
shaw,Shaw Prize,,2020,Roger D. Blandford,Roger D. Blandford,"For his foundational contributions to theoretical astrophysics , especially concerning the fundamental understanding of active galactic nuclei , the formation and collimation of relativistic jets , the energy extraction mechanism from black holes , and the acceleration of particles in shocks and their relevant radiation mechanisms.",,,,https://en.wikipedia.org/wiki/Shaw_Prize,Wikipedia table
shaw,Shaw Prize,,2020,Gero Miesenböck,Gero Miesenböck,"For the development of optogenetics , a technology that has revolutionized neuroscience .",,,,https://en.wikipedia.org/wiki/Shaw_Prize,Wikipedia table
shaw,Shaw Prize,,2020,Peter Hegemann,Peter Hegemann,"For the development of optogenetics , a technology that has revolutionized neuroscience .",,,,https://en.wikipedia.org/wiki/Shaw_Prize,Wikipedia table
shaw,Shaw Prize,,2020,Georg Nagel,Georg Nagel,"For the development of optogenetics , a technology that has revolutionized neuroscience .",,,,https://en.wikipedia.org/wiki/Shaw_Prize,Wikipedia table
shaw,Shaw Prize,,2020,Alexander Beilinson,Alexander Beilinson,"For their huge influence on and profound contributions to representation theory , as well as many other areas of mathematics.",,,,https://en.wikipedia.org/wiki/Shaw_Prize,Wikipedia table
shaw,Shaw Prize,,2020,David Kazhdan,David Kazhdan,"For their huge influence on and profound contributions to representation theory , as well as many other areas of mathematics.",,,,https://en.wikipedia.org/wiki/Shaw_Prize,Wikipedia table
shaw,Shaw Prize,,2021,Victoria M. Kaspi,Victoria M. Kaspi,"For their contributions to our understanding of magnetars , a class of highly magnetized neutron stars that are linked to a wide range of spectacular, transient astrophysical phenomena. Through the development of new and precise observational techniques, they confirmed the existence of neutron stars with ultra-strong magnetic fields and characterized their physical properties. Their work has established magnetars as a new and important class of astrophysical objects.",,,,https://en.wikipedia.org/wiki/Shaw_Prize,Wikipedia table
shaw,Shaw Prize,,2021,Chryssa Kouveliotou,Chryssa Kouveliotou,"For their contributions to our understanding of magnetars , a class of highly magnetized neutron stars that are linked to a wide range of spectacular, transient astrophysical phenomena. Through the development of new and precise observational techniques, they confirmed the existence of neutron stars with ultra-strong magnetic fields and characterized their physical properties. Their work has established magnetars as a new and important class of astrophysical objects.",,,,https://en.wikipedia.org/wiki/Shaw_Prize,Wikipedia table
shaw,Shaw Prize,,2021,Scott D. Emr,Scott D. Emr,"For the landmark discovery of the ESCRT (Endosomal Sorting Complex Required for Transport) pathway, which is essential in diverse processes involving membrane biology, including cell division , cell-surface receptor regulation, viral dissemination , and nerve axon pruning . These processes are central to life, health and disease.",,,,https://en.wikipedia.org/wiki/Shaw_Prize,Wikipedia table
shaw,Shaw Prize,,2021,Jean-Michel Bismut,Jean-Michel Bismut,"For their remarkable insights that have transformed, and continue to transform, modern geometry .",,,,https://en.wikipedia.org/wiki/Shaw_Prize,Wikipedia table
shaw,Shaw Prize,,2021,Jeff Cheeger,Jeff Cheeger,"For their remarkable insights that have transformed, and continue to transform, modern geometry .",,,,https://en.wikipedia.org/wiki/Shaw_Prize,Wikipedia table
shaw,Shaw Prize,,2022,Lennart Lindegren,Lennart Lindegren,"For their lifetime contributions to space astrometry , and in particular for their role in the conception and design of the European Space Agency 's Hipparcos and Gaia missions.",,,,https://en.wikipedia.org/wiki/Shaw_Prize,Wikipedia table
shaw,Shaw Prize,,2022,Michael Perryman,Michael Perryman,"For their lifetime contributions to space astrometry , and in particular for their role in the conception and design of the European Space Agency 's Hipparcos and Gaia missions.",,,,https://en.wikipedia.org/wiki/Shaw_Prize,Wikipedia table
shaw,Shaw Prize,,2022,Paul A. Negulescu,Paul A. Negulescu,"For landmark discoveries of the molecular, biochemical, and functional defects underlying cystic fibrosis and the identification and development of medicines that reverse those defects and can treat most people affected by this disorder. Together, these discoveries and medicines are alleviating human suffering and saving lives.",,,,https://en.wikipedia.org/wiki/Shaw_Prize,Wikipedia table
shaw,Shaw Prize,,2022,Michael J. Welsh,Michael J. Welsh,"For landmark discoveries of the molecular, biochemical, and functional defects underlying cystic fibrosis and the identification and development of medicines that reverse those defects and can treat most people affected by this disorder. Together, these discoveries and medicines are alleviating human suffering and saving lives.",,,,https://en.wikipedia.org/wiki/Shaw_Prize,Wikipedia table
shaw,Shaw Prize,,2022,Noga Alon,Noga Alon,"For their remarkable contributions to discrete mathematics and model theory with interaction notably with algebraic geometry , topology and computer sciences .",,,,https://en.wikipedia.org/wiki/Shaw_Prize,Wikipedia table
shaw,Shaw Prize,,2022,Ehud Hrushovski,Ehud Hrushovski,"For their remarkable contributions to discrete mathematics and model theory with interaction notably with algebraic geometry , topology and computer sciences .",,,,https://en.wikipedia.org/wiki/Shaw_Prize,Wikipedia table
shaw,Shaw Prize,,2023,Matthew Bailes,Matthew Bailes,For the discovery of fast radio bursts (FRBs).,,,,https://en.wikipedia.org/wiki/Shaw_Prize,Wikipedia table
shaw,Shaw Prize,,2023,Duncan Lorimer,Duncan Lorimer,For the discovery of fast radio bursts (FRBs).,,,,https://en.wikipedia.org/wiki/Shaw_Prize,Wikipedia table
shaw,Shaw Prize,,2023,Maura McLaughlin,Maura McLaughlin,For the discovery of fast radio bursts (FRBs).,,,,https://en.wikipedia.org/wiki/Shaw_Prize,Wikipedia table
shaw,Shaw Prize,,2023,Patrick Cramer,Patrick Cramer,"For pioneering structural biology that enabled visualisation, at the level of individual atoms, of the protein machines responsible for gene transcription, one of life's fundamental processes. They revealed the mechanism underlying each step in gene transcription, how proper gene transcription promotes health, and how dysregulation causes disease.",,,,https://en.wikipedia.org/wiki/Shaw_Prize,Wikipedia table
shaw,Shaw Prize,,2023,Eva Nogales,Eva Nogales,"For pioneering structural biology that enabled visualisation, at the level of individual atoms, of the protein machines responsible for gene transcription, one of life's fundamental processes. They revealed the mechanism underlying each step in gene transcription, how proper gene transcription promotes health, and how dysregulation causes disease.",,,,https://en.wikipedia.org/wiki/Shaw_Prize,Wikipedia table
shaw,Shaw Prize,,2023,Vladimir Drinfeld,Vladimir Drinfeld,"For their contributions related to mathematical physics, to arithmetic geometry, to differential geometry and to Kähler geometry.",,,,https://en.wikipedia.org/wiki/Shaw_Prize,Wikipedia table
shaw,Shaw Prize,,2023,Shing-Tung Yau,Shing-Tung Yau,"For their contributions related to mathematical physics, to arithmetic geometry, to differential geometry and to Kähler geometry.",,,,https://en.wikipedia.org/wiki/Shaw_Prize,Wikipedia table
shaw,Shaw Prize,,2024,Shrinivas R. Kulkarni,Shrinivas R. Kulkarni,"For his ground-breaking discoveries about millisecond pulsars, gamma-ray bursts, supernovae, and other variable or transient astronomical objects",,,,https://en.wikipedia.org/wiki/Shaw_Prize,Wikipedia table
shaw,Shaw Prize,,2024,Stuart H. Orkin,Stuart H. Orkin,"For their discovery of the genetic and molecular mechanisms underlying the fetal-to-adult hemoglobin switch, making possible a revolutionary and highly effective genome-editing therapy for sickle cell anemia and β thalassemia, devastating blood diseases that affect millions of people worldwide.",,,,https://en.wikipedia.org/wiki/Shaw_Prize,Wikipedia table
shaw,Shaw Prize,,2024,Swee Lay Thein,Swee Lay Thein,"For their discovery of the genetic and molecular mechanisms underlying the fetal-to-adult hemoglobin switch, making possible a revolutionary and highly effective genome-editing therapy for sickle cell anemia and β thalassemia, devastating blood diseases that affect millions of people worldwide.",,,,https://en.wikipedia.org/wiki/Shaw_Prize,Wikipedia table
shaw,Shaw Prize,,2024,Peter Sarnak,Peter Sarnak,"For his development of the arithmetic theory of thin groups and the affine sieve, by bringing together number theory, analysis, combinatorics, dynamics, geometry and spectral theory.",,,,https://en.wikipedia.org/wiki/Shaw_Prize,Wikipedia table
shaw,Shaw Prize,,2025,John Richard Bond,John Richard Bond,"For their pioneering research in cosmology, in particular for their studies of fluctuations in the cosmic microwave background. Their predictions have been verified by an armada of ground-, balloon- and space-based instruments, leading to precise determinations of the age, geometry, and mass-energy content of the universe.",,,,https://en.wikipedia.org/wiki/Shaw_Prize,Wikipedia table
shaw,Shaw Prize,,2025,George Efstathiou,George Efstathiou,"For their pioneering research in cosmology, in particular for their studies of fluctuations in the cosmic microwave background. Their predictions have been verified by an armada of ground-, balloon- and space-based instruments, leading to precise determinations of the age, geometry, and mass-energy content of the universe.",,,,https://en.wikipedia.org/wiki/Shaw_Prize,Wikipedia table
shaw,Shaw Prize,,2025,Wolfgang Baumeister,Wolfgang Baumeister,"For his pioneering development and use of cryogenic-electron tomography (cryo-ET), an imaging technique that enables three-dimensional visualisation of biological samples, including proteins, macromolecular complexes, and cellular compartments as they exist in their natural cellular settings.",,,,https://en.wikipedia.org/wiki/Shaw_Prize,Wikipedia table
shaw,Shaw Prize,,2025,Kenji Fukaya,Kenji Fukaya,"For his pioneering work on symplectic geometry, especially for envisioning the existence of a category — nowadays called the Fukaya category — consisting of Lagrangians on a symplectic manifold, for leading the monumental task of constructing it, and for his subsequent ground-breaking and impactful contributions to symplectic topology, mirror symmetry, and gauge theory.",,,,https://en.wikipedia.org/wiki/Shaw_Prize,Wikipedia table
shaw,Shaw Prize,,2026,Ken'ichi Nomoto,Ken'ichi Nomoto,For their studies of stellar explosions and the origin of the elements.,,,,https://en.wikipedia.org/wiki/Shaw_Prize,Wikipedia table
shaw,Shaw Prize,,2026,Stanford Woosley,Stanford Woosley,For their studies of stellar explosions and the origin of the elements.,,,,https://en.wikipedia.org/wiki/Shaw_Prize,Wikipedia table
shaw,Shaw Prize,,2026,Anne Dejean,Anne Dejean,For the discovery of the molecular and cellular bases of acute promyelocytic leukemia and the pioneering of a synergistic targeted therapy that transformed the disease from one of the most deadly to one of the most curable cancers.,,,,https://en.wikipedia.org/wiki/Shaw_Prize,Wikipedia table
shaw,Shaw Prize,,2026,Hugues de Thé,Hugues de Thé,For the discovery of the molecular and cellular bases of acute promyelocytic leukemia and the pioneering of a synergistic targeted therapy that transformed the disease from one of the most deadly to one of the most curable cancers.,,,,https://en.wikipedia.org/wiki/Shaw_Prize,Wikipedia table
shaw,Shaw Prize,,2026,Chen Zhu,Chen Zhu,For the discovery of the molecular and cellular bases of acute promyelocytic leukemia and the pioneering of a synergistic targeted therapy that transformed the disease from one of the most deadly to one of the most curable cancers.,,,,https://en.wikipedia.org/wiki/Shaw_Prize,Wikipedia table
shaw,Shaw Prize,,2026,Emmanuel Candès,Emmanuel Candès,"For their breakthrough contributions to the use of deep techniques from mathematical analysis to rigorously understand applied problems in information theory, signal processing and statistics on the one hand, and to the study of singularities in geometric measure theory and fluid dynamics on the other.",,,,https://en.wikipedia.org/wiki/Shaw_Prize,Wikipedia table
shaw,Shaw Prize,,2026,Camillo De Lellis,Camillo De Lellis,"For their breakthrough contributions to the use of deep techniques from mathematical analysis to rigorously understand applied problems in information theory, signal processing and statistics on the one hand, and to the study of singularities in geometric measure theory and fluid dynamics on the other.",,,,https://en.wikipedia.org/wiki/Shaw_Prize,Wikipedia table
templeton,Templeton Prize,,1973,Mother Teresa,Mother Teresa,"Mother Teresa, founder of India’s Missionaries of Charity, was recognized by the inaugural Templeton Prize (six years before she received the Nobel Peace Prize) for her extraordinary efforts to help the homeless and neglected children of Kolkata. Her heroic work brought about real change among those she served and continues to inspire millions around the world. Mother Teresa was canonized as Saint Teresa of Kolkata by Pope Francis on September 4, 2016.",,,,https://en.wikipedia.org/wiki/Templeton_Prize,Wikipedia table | citation: templetonprize.org laureate page
templeton,Templeton Prize,,1974,Brother Roger,Brother Roger,"Brother Roger was founder and Prior (director) of the religious brotherhood known as the Taizé Community in France. He initiated efforts to aide orphans in the region surrounding the community, which led to the founding of the Council of Youth and then the Intercontinental Meetings of Young Adults, which annually bring tens of thousands of young adults from throughout the world to pray and reflect in Taizé.",,,,https://en.wikipedia.org/wiki/Templeton_Prize,Wikipedia table | citation: templetonprize.org laureate page
templeton,Templeton Prize,,1975,Sarvepalli Radhakrishnan,Sarvepalli Radhakrishnan,"Sir Sarvepalli Radhakrishnan was President of India from 1962 to 1967. An Oxford Professor of Eastern Religions and Ethics, he consistently advocated non-aggression in India’s conflicts with neighboring Pakistan. His accessible writings underscored his country’s religious heritage and sought to convey a universal reality of God that embraced love and wisdom for all people.",,,,https://en.wikipedia.org/wiki/Templeton_Prize,Wikipedia table | citation: templetonprize.org laureate page
templeton,Templeton Prize,,1976,Leo Joseph Suenens,Leo Joseph Suenens,"Cardinal Suenens, Archbishop of Malines-Brussels, Belgium, was a pioneer in the research and discourse of the Charismatic Renewal Movement. The Cardinal’s enlightened discourse provided guidance and reassurance about the movement, eliminating misunderstanding and offering thoughtful insight to followers and observers alike.",,,,https://en.wikipedia.org/wiki/Templeton_Prize,Wikipedia table | citation: templetonprize.org laureate page
templeton,Templeton Prize,,1977,Chiara Lubich,Chiara Lubich,"Chiara Lubich founded and developed Italy’s Focolare Movement, a community dedicated to serving the poor. With roots in Trent, it expanded to other Italian cities, followed by Focolare settlements worldwide, including in Belgium, Germany, France, the United States, Japan, and Hong Kong.",,,,https://en.wikipedia.org/wiki/Templeton_Prize,Wikipedia table | citation: templetonprize.org laureate page
templeton,Templeton Prize,,1978,Thomas F. Torrance,Thomas F. Torrance,"Thomas Torrance, former Moderator of the Church of Scotland, was one of the first religious thinkers to win the respect of both theologians and scientists. In his long career as Professor of Christian Dogmatics at New College, University of Edinburgh, his insights on the rationality of the universe attempted to provide evidence of God through scientific reasoning.",,,,https://en.wikipedia.org/wiki/Templeton_Prize,Wikipedia table | citation: templetonprize.org laureate page
templeton,Templeton Prize,,1979,Nikkyō Niwano,Nikkyō Niwano,"Nikkyo Niwano co-founded the Japanese Buddhist movement Rissho Kosei-Kai, which aims to establish",,,,https://en.wikipedia.org/wiki/Templeton_Prize,Wikipedia table | citation: templetonprize.org laureate page
templeton,Templeton Prize,,1980,Ralph Wendell Burhoe,Ralph Wendell Burhoe,"Ralph Wendell Burhoe was the founder and editor of Zygon: Journal of Religion and Science . Burhoe pursued a passionate investigation into the differences and similarities between theology and science, becoming one of the world’s most informed voices in communicating this evolving research.",,,,https://en.wikipedia.org/wiki/Templeton_Prize,Wikipedia table | citation: templetonprize.org laureate page
templeton,Templeton Prize,,1981,Cicely Saunders,Cicely Saunders,"Dame Cicely Saunders spent years close to terminally ill patients as they expressed their physical, psychological, and spiritual pain. She went on to found the Hospice and Palliative Care Movement, combining a scientifically rigorous program with a unique social and spiritual awareness.",,,,https://en.wikipedia.org/wiki/Templeton_Prize,Wikipedia table | citation: templetonprize.org laureate page
templeton,Templeton Prize,,1982,Billy Graham,Billy Graham,"Billy Graham took his message of Christianity into the electronic world of radio and television, invigorating an entire generation with a simple and poignant message of salvation. He maintained a dignity that drew enormous audiences and enthusiastic support with an interpretation of the Gospel that still speaks to the problems and pressures of today.",,,,https://en.wikipedia.org/wiki/Templeton_Prize,Wikipedia table | citation: templetonprize.org laureate page
templeton,Templeton Prize,,1983,Aleksandr Solzhenitsyn,Aleksandr Solzhenitsyn,"Aleksandr Solzhenitsyn’s struggle for open expression made him one of the world’s most respected men. Under the repressive Soviet regime, he held firm in his beliefs and shared his worldview through powerful writings and devastating critiques of Russian Communism. His works renewed vitality in the Orthodox tradition and evidenced a profound spirituality.",,,,https://en.wikipedia.org/wiki/Templeton_Prize,Wikipedia table | citation: templetonprize.org laureate page
templeton,Templeton Prize,,1984,Michael Bourdeaux,Michael Bourdeaux,"Michael Bourdeaux, founder of Keston College in England, worked to examine and explain the systematic destruction of religion in Iron Curtain nations during the Cold War and to defend the rights of faiths in these countries to worship as they chose. When the Soviet Union and the Eastern Bloc regimes collapsed, Bourdeaux’s efforts for universal religious freedom were widely embraced.",,,,https://en.wikipedia.org/wiki/Templeton_Prize,Wikipedia table | citation: templetonprize.org laureate page
templeton,Templeton Prize,,1985,Sir Alister Hardy,Sir Alister Hardy,"Sir Alister Hardy, founder of the Sir Alister Hardy Research Centre at Manchester College, Oxford, began his career as a marine biologist but went on to gain prominence for original empirical studies that used scientific methodology to investigate religious experience. He spent a lifetime seeking evidence of God’s centrality to the human condition.",,,,https://en.wikipedia.org/wiki/Templeton_Prize,Wikipedia table | citation: templetonprize.org laureate page
templeton,Templeton Prize,,1986,James I. McCord,James I. McCord,"James McCord was chancellor of the Center for Theological Inquiry in Princeton, New Jersey and president of the Princeton Theological Seminary. He spent his professional life investigating the relationship between science and religion through studies on the nature of reality. He was instrumental to inaugurating the Center of Theological Inquiry, which was devoted to interrelation between science and theology and their areas of mutual influence.",,,,https://en.wikipedia.org/wiki/Templeton_Prize,Wikipedia table | citation: templetonprize.org laureate page
templeton,Templeton Prize,,1987,Stanley Jaki,Stanley Jaki,"Stanley L. Jaki, a Benedictine monk and Professor of Astrophysics at Seton Hall University, was a leading thinker in areas at the boundary of science and theology. He was a Fellow of Princeton from 1960-1962 and a visiting Fellow of the Institute of Advanced Studies at Princeton from 1966-1968. His many books carefully delineate the importance of differences as well as similarities between science and religion. The judges of the Prize said that he offered the world a reinterpretation of the history of science.",,,,https://en.wikipedia.org/wiki/Templeton_Prize,Wikipedia table | citation: templetonprize.org laureate page
templeton,Templeton Prize,,1988,Inamullah Khan,Inamullah Khan,"Inamullah Kahn, founder and former secretary-general of the Modern World Muslim Congress in Karachi, Pakistan, devoted his life to advancing peace among Muslims, Christians, and Jews. His interfaith activism provided important new opportunities to foster good will and understanding, in particular, by playing a crucial role in helping to settle the war between Iran and Iraq and to bring a message of peace to apartheid-era South Africa.",,,,https://en.wikipedia.org/wiki/Templeton_Prize,Wikipedia table | citation: templetonprize.org laureate page
templeton,Templeton Prize,,1989,Carl Friedrich Freiherr von Weizsäcker,Carl Friedrich Freiherr von Weizsäcker,"Carl Friedrich von Weizsäcker explored the intersection of physics, cosmology, and theology in work that placed him at the forefront of the reconciliation between religion and natural science. His key discoveries in nuclear physics, along with his application of nuclear physics to astrophysics, caused him to question the estrangement of religion and science and led to his investigation of Christianity’s obligation to technology.",,,,https://en.wikipedia.org/wiki/Templeton_Prize,Wikipedia table | citation: templetonprize.org laureate page
templeton,Templeton Prize,,1989,George MacLeod,George MacLeod,"Lord MacLeod, founder of the monastic Iona Community on an island off the west coast of Scotland, spent his life reviving a prayer-centered spiritual movement. Applying a simple monastic rule of prayer-centered life to its daily routine, the community became one of the most innovative and progressive spiritual movements in the Christian Church. This ecumenical community’s work continues, encouraging peace in the world and helping ordinary men and women with their personal struggles.",,,,https://en.wikipedia.org/wiki/Templeton_Prize,Wikipedia table | citation: templetonprize.org laureate page
templeton,Templeton Prize,,1990,Baba Amte,Baba Amte,"Baba Amte left his comfortable life as a wealthy Hindu lawyer to follow a personal calling, developing modern communities to help those with Hansen’s Disease (leprosy) and other so-called untouchables of his native India. Rebelling against the",,,,https://en.wikipedia.org/wiki/Templeton_Prize,Wikipedia table | citation: templetonprize.org laureate page
templeton,Templeton Prize,,1990,Charles Birch,Charles Birch,"L. Charles Birch, who was Emeritus Professor at the University of Sydney, Australia, engaged in adventurous reflection on questions of science and faith throughout his career as a biologist and geneticist. The son of a Methodist minister, he saw modern discoveries about natural science as expanding the understanding of God as designer and creator of the universe and its creatures. His research focused on population biology, especially principles concerned with distribution, abundance, and evolution.",,,,https://en.wikipedia.org/wiki/Templeton_Prize,Wikipedia table | citation: templetonprize.org laureate page
templeton,Templeton Prize,,1991,"Immanuel Jakobovits, Baron Jakobovits","Immanuel Jakobovits, Baron Jakobovits","Lord Jakobovits, Chief Rabbi of the United Hebrew Congregations of the Commonwealth from 1967 to 1991, was a spiritual leader of steadfast principles and unwavering ethics for more than 50 years. His book, Jewish Medical Ethics, helped to establish that field. His prominent public voice extended his moral authority far beyond the Jewish community. He was known for his moderation and compassion on Arab/Israeli issues, his enlightened approach to interfaith relations, and his originality in interpreting traditional values of Judaism.",,,,https://en.wikipedia.org/wiki/Templeton_Prize,Wikipedia table | citation: templetonprize.org laureate page
templeton,Templeton Prize,,1992,Kyung-Chik Han,Kyung-Chik Han,"Kyung-Chik Han was the founder of Seoul’s 60,000-member Young Nak Presbyterian Church. His fervent work for refugees and the poor epitomized the growth of Christianity in South Korea. His experience as a survivor of war and political oppression made him one of his country’s most respected religious leaders.",,,,https://en.wikipedia.org/wiki/Templeton_Prize,Wikipedia table | citation: templetonprize.org laureate page
templeton,Templeton Prize,,1993,Charles Colson,Charles Colson,"Charles W. Colson, former special counsel to President Richard Nixon, began Prison Fellowship after serving a federal prison sentence for obstructing justice in the Pentagon Papers case. It is now the largest prison outreach program in the world, operating a network of ministries in more than 120 nations. The organization has made substantial gains in breaking the cycle of crime and recidivism.",,,,https://en.wikipedia.org/wiki/Templeton_Prize,Wikipedia table | citation: templetonprize.org laureate page
templeton,Templeton Prize,,1994,Michael Novak,Michael Novak,"A former university professor and U.S. ambassador and the George Frederick Jewett Scholar in Religion, Philosophy, and Public Policy at the American Enterprise Institute from 1983 until 2009, Michael Novak developed influential new insights into the spiritual foundations of economic and political systems. His book, The Spirit of Democratic Capitalism , and other writings won the enthusiastic notice of such world leaders as Pope John Paul II, Margaret Thatcher, Lech Walesa, and Vaclav Havel.",,,,https://en.wikipedia.org/wiki/Templeton_Prize,Wikipedia table | citation: templetonprize.org laureate page
templeton,Templeton Prize,,1995,Paul Davies,Paul Davies,"Paul Davies, a theoretical physicist and cosmologist, holds the post of College Professor at Arizona State University. His research has been in the fields of quantum gravity, black holes, early-universe cosmology, and astrobiology as it relates to the origin of life and the transfer of microorganisms between planets.",,,,https://en.wikipedia.org/wiki/Templeton_Prize,Wikipedia table | citation: templetonprize.org laureate page
templeton,Templeton Prize,,1996,Bill Bright,Bill Bright,William R.,,,,https://en.wikipedia.org/wiki/Templeton_Prize,Wikipedia table | citation: templetonprize.org laureate page
templeton,Templeton Prize,,1997,Pandurang Shastri Athavale,Pandurang Shastri Athavale,"Pandurang Shastri Athavale was 19 when he and his co-workers began bhaktiferi —devotional visits to villages in India to spread the message of love for God and others. Athavale and his co-workers developed the Hindu practice of swadhyaya , a form of self-study that inspires each individual to recognize an inner God, cultivate an increased self-respect, and abandon immoral behavior.",,,,https://en.wikipedia.org/wiki/Templeton_Prize,Wikipedia table | citation: templetonprize.org laureate page
templeton,Templeton Prize,,1998,Sir Sigmund Sternberg,Sir Sigmund Sternberg,"Sir Sigmund Sternberg, a Hungarian-born businessman who settled in London in 1939, was a tireless force for interfaith dialogue over five decades. His quiet diplomacy played a critical role in relocating a Carmelite convent at Auschwitz in 1993, helping to organize the first papal visit to a synagogue in 1986, cultivating links which led to the recognition of the State of Israel by the Holy See in 1993, and promoting better relations among Jews, Christians, and Muslims.",,,,https://en.wikipedia.org/wiki/Templeton_Prize,Wikipedia table | citation: templetonprize.org laureate page
templeton,Templeton Prize,,1999,Ian Barbour,Ian Barbour,"Ian Barbour was one of the world pioneers in the integration of science and religion. His books and articles have helped to expand the field of theology not only for Christianity but also for other faiths. A physicist and former chair of the religion department, Barbour was Winifred and Atherton Bean Professor Emeritus of Science, Technology and Society at Carleton College.",,,,https://en.wikipedia.org/wiki/Templeton_Prize,Wikipedia table | citation: templetonprize.org laureate page
templeton,Templeton Prize,,2000,Freeman Dyson,Freeman Dyson,"Freeman Dyson was a physicist and mathematician and Professor Emeritus at the Institute for Advanced Study, Princeton, New Jersey. His contributions to science include the unification of the three versions of quantum electrodynamics invented by Feynman, Schwinger, and Tomonaga. Dyson’s writings on the meaning of science and its relation to other disciplines, especially religion and ethics, challenge humankind to reconcile technology and social justice.",,,,https://en.wikipedia.org/wiki/Templeton_Prize,Wikipedia table | citation: templetonprize.org laureate page
templeton,Templeton Prize,,2001,Arthur Peacocke,Arthur Peacocke,"Arthur Peacocke was a biochemist who, after pioneering early research into the physical chemistry of DNA, received a Bachelor of Divinity from the University of Birmingham and was ordained in the Church of England as a priest-scientist. In 1973, he became Dean of Clare College, Cambridge, where he pursued his interdisciplinary vocation. He also founded the Society of Ordained Scientists to advance the development of the field of science and religion.",,,,https://en.wikipedia.org/wiki/Templeton_Prize,Wikipedia table | citation: templetonprize.org laureate page
templeton,Templeton Prize,,2002,John Polkinghorne,John Polkinghorne,"John Polkinghorne was a mathematical physicist and Anglican priest whose treatment of theology as a natural science invigorated the search for an interface between science and religion. Polkinghorne resigned his position as Professor of Mathematical Physics at the University of Cambridge in 1979 to pursue theological studies, becoming a priest in 1982. Since then, his extensive writings and lectures have consistently applied scientific habits to Christianity, resulting in a modern and compelling, new exploration of the faith. His approach to the fundamentals of Christian orthodoxy – including the Trinity, Christ’s resurrection after death, and God’s creation of the universe – using the habits of a rigorous scientific mind have brought him international recognition as a unique voice for understanding the Bible as well as evolving Christian doctrine.",,,,https://en.wikipedia.org/wiki/Templeton_Prize,Wikipedia table | citation: templetonprize.org laureate page
templeton,Templeton Prize,,2003,Holmes Rolston III,Holmes Rolston III,"Holmes Rolston III was a philosopher and a Presbyterian minister whose research, writings, and lectures on the religious imperative to respect nature helped to establish the field of environmental ethics. His work assigned value not only to human beings but also to plants, animals, species, and ecosystems as core issues of theological and scientific concern. He was one of the world’s leading advocates for protecting the Earth’s biodiversity and ecology in recognition of the intrinsic value of creation, including the ongoing evolutionary genesis in the natural world. In philosophical circles, he was widely known as the",,,,https://en.wikipedia.org/wiki/Templeton_Prize,Wikipedia table | citation: templetonprize.org laureate page
templeton,Templeton Prize,,2004,George F. R. Ellis,George F. R. Ellis,"George F. R. Ellis is Professor Emeritus of Applied Mathematics at the University of Cape Town who has investigated whether or not there was a start to the universe, if there is one universe or many, the evolution of complexity, and the functioning of the human mind, as well as the intersection of these issues with areas beyond the boundaries of science. Ellis has advocated balancing the rationality of evidence-based science with faith and hope, a view shaped in part by his firsthand experiences in South Africa as it peacefully transformed from apartheid to multi-racial democracy without succumbing to racial civil war. Ellis describes that history as a",,,,https://en.wikipedia.org/wiki/Templeton_Prize,Wikipedia table | citation: templetonprize.org laureate page
templeton,Templeton Prize,,2005,Charles Hard Townes,Charles Hard Townes,"Charles H. Townes was Professor Emeritus of Physics at the University of California, Berkeley, who shared the 1964 Nobel Prize in Physics for his investigations into the properties of microwaves which resulted first in the maser and, later, his co-invention of the laser. His 1966 article,",,,,https://en.wikipedia.org/wiki/Templeton_Prize,Wikipedia table | citation: templetonprize.org laureate page
templeton,Templeton Prize,,2006,John D. Barrow,John D. Barrow,"John D. Barrow was Research Professor of Mathematical Sciences at the University of Cambridge whose writings on the relationship between life and the universe drew insights from mathematics, physics, and astronomy. He challenged scientists and theologians to cross disciplinary boundaries to test what they may or may not understand about the origins of time, space, and matter, and the behavior of the universe. His work cast the intrinsic limitations of scientific inquiry into sharp relief and given theologians and philosophers inescapable questions to consider when examining the very essence of belief, the nature of the universe, and humanity’s place in it.",,,,https://en.wikipedia.org/wiki/Templeton_Prize,Wikipedia table | citation: templetonprize.org laureate page
templeton,Templeton Prize,,2007,Charles Taylor,Charles Taylor,"Charles Taylor, Professor Emeritus of Philosophy at McGill University, argues that problems such as violence and bigotry can be solved only by considering both their secular and spiritual dimensions. He suggests that depending wholly on secularized viewpoints leads to fragmented reasoning and prevents crucial insights that might help a global community that is increasingly exposed to clashes of culture, morality, nationality, and religion. Taylor has long objected to what many social scientists take for granted, namely that the rational movement that began in the Enlightenment renders such notions as morality and spirituality as simply quaint anachronisms in the age of reason. That narrow, reductive sociological approach, he says, wrongly denies the full account of how and why humans strive for meaning.",,,,https://en.wikipedia.org/wiki/Templeton_Prize,Wikipedia table | citation: templetonprize.org laureate page
templeton,Templeton Prize,,2008,Michał Heller,Michał Heller,"Michael Heller, Professor in the Faculty of Philosophy at the Pontifical Academy of Theology in Kracow, Poland, is a cosmologist and Catholic priest who has developed sharply focused and strikingly original concepts on the origin and cause of the universe. Heller toiled for years beneath the stifling strictures of the Soviet era. He engages a wide range of sources in mathematics, philosophy, cosmology, and theology, allowing each field to share insights that may inform the others without any violence to their respective methodologies. With an academic and religious background that enables him to move comfortably and credibly within each of these domains, his extensive writings have evoked new and important consideration of some of humankind’s most profound concepts..",,,,https://en.wikipedia.org/wiki/Templeton_Prize,Wikipedia table | citation: templetonprize.org laureate page
templeton,Templeton Prize,,2009,Bernard d'Espagnat,Bernard d'Espagnat,"Bernard d’Espagnat was a French physicist, philosopher of science, and Professor Emeritus of Theoretical Physics at the University of Pari-Sud, whose explorations of the philosophical implications of quantum physics opened new vistas on the definition of reality and the potential limits of knowable science. From the mid-1960s through the early 1980s, he played a key role in the exploration and development of quantum mechanics, specifically on experiments testing the",,,,https://en.wikipedia.org/wiki/Templeton_Prize,Wikipedia table | citation: templetonprize.org laureate page
templeton,Templeton Prize,,2010,Francisco J. Ayala,Francisco J. Ayala,"Francisco J. Ayala, formerly Professor of Biological Sciences at the University of California, Irvine, was an evolutionary geneticist and molecular biologist who vigorously opposed the entanglement of science and religion while also calling for mutual respect between the two. Ayala equated efforts to block religious intrusions into science with",,,,https://en.wikipedia.org/wiki/Templeton_Prize,Wikipedia table | citation: templetonprize.org laureate page
templeton,Templeton Prize,,2011,Martin Rees,Martin Rees,"Martin J. Rees, Astronomer Royal, former Master of Trinity College, Cambridge, and former president of the Royal Society, is one of the world’s leading theoretical astrophysicists. Rees has spent decades investigating the implications of the big bang, the nature of black holes, events during the so-called ‘dark age’ of the early universe, and the mysterious explosions from galaxy centers known as gamma ray bursters. His distinguished achievements in cosmology and astrophysics have been exceptionally broad-based, and his pioneering research has contributed to the understanding of the origin and nature of the universe.",,,,https://en.wikipedia.org/wiki/Templeton_Prize,Wikipedia table | citation: templetonprize.org laureate page
templeton,Templeton Prize,,2012,"14th Dalai Lama, Tenzin Gyatso","14th Dalai Lama, Tenzin Gyatso","The 14th Dalai Lama, Tenzin Gyatso, is a Tibetan Buddhist spiritual leader whose engagement with multiple dimensions of science and with people far beyond his own religious traditions has made him an incomparable global voice for universal ethics, nonviolence, and harmony among world religions. For decades he has focused on the connections between the investigative traditions of science and Buddhism, specifically by encouraging scientific reviews of the power of compassion and its potential to address the world’s fundamental problems.",,,,https://en.wikipedia.org/wiki/Templeton_Prize,Wikipedia table | citation: templetonprize.org laureate page
templeton,Templeton Prize,,2013,Desmond Tutu,Desmond Tutu,"Desmond Tutu, the former Anglican Archbishop of Cape Town, was one of the world’s most revered religious figures and a leading moral voice for peace and justice. His teachings combined the theological concept that all human beings are shaped in the image of God with the traditional African spirit of Ubuntu , in which humanity achieves personhood only through other people. His deep faith and commitment to prayer, worship, and the life of the Spirit provided the foundation for his message of love and forgiveness .",,,,https://en.wikipedia.org/wiki/Templeton_Prize,Wikipedia table | citation: templetonprize.org laureate page
templeton,Templeton Prize,,2014,Tomáš Halík,Tomáš Halík,"Msgr. Prof. Tomáš Halík is a Czech priest and philosopher who risked imprisonment for illegally advancing religious and cultural freedoms after the Soviet invasion of his country, and has become a leading international advocate for dialogue among different faiths and non-believers. Halík spent nearly two decades building a secret network of academics, theologians, philosophers, and students dedicated to cultivating the intellectual and spiritual underpinnings which helped Czechoslovakia transition to democracy following the",,,,https://en.wikipedia.org/wiki/Templeton_Prize,Wikipedia table | citation: templetonprize.org laureate page
templeton,Templeton Prize,,2015,Jean Vanier,Jean Vanier,"Statement on Jean Vanier . Read our statement on the L’Arche report regarding Jean Vanier. Jean Vanier, a Canadian Catholic philosopher and theologian, was the founder of L’Arche, the international network of communities where people with and without intellectual disabilities live and work together as peers. Vanier began L’Arche in northern France in 1964, when he invited two intellectually disabled men to leave a large institution and live with him as friends. It has grown into 147 residential communities operating in 35 countries. L’Arche encourages people toward mutually transformative relationships, where those who help are transformed by those they encounter.",,,,https://en.wikipedia.org/wiki/Templeton_Prize,Wikipedia table | citation: templetonprize.org laureate page
templeton,Templeton Prize,,2016,Jonathan Sacks,Jonathan Sacks,"Rabbi Lord Jonathan Sacks, the former Chief Rabbi of the United Hebrew Congregations of the Commonwealth, spent decades bringing spiritual insight to the public conversation through mass media, popular lectures, and more than 25 books. IT WAS HIS CENTRAL MESSAGE of appreciation and respect of all faiths, with an emphasis that recognizing the values of each is the only path to effectively combat the global rise of violence and terrorism, which set him apart as one of the world’s most respected intellectuals and admired religious leaders.",,,,https://en.wikipedia.org/wiki/Templeton_Prize,Wikipedia table | citation: templetonprize.org laureate page
templeton,Templeton Prize,,2017,Alvin Plantinga,Alvin Plantinga,"Alvin Plantinga is an American philosopher whose rigorous scholarship over a half century has made theism – the belief in a divine reality or god – a serious option within the academy. PLATINGA’S PIONEERING WORK began in the late 1950s, a time when academic philosophers generally rejected religiously informed philosophy. His arguments have influenced three generations of professional philosophers, and university departments around the world now include thousands of professors who bring their religious commitments to bear on their work, including Buddhist, Jewish, and Muslim philosophers.",,,,https://en.wikipedia.org/wiki/Templeton_Prize,Wikipedia table | citation: templetonprize.org laureate page
templeton,Templeton Prize,,2018,Abdullah II of Jordan,Abdullah II of Jordan,"King Abdullah II of Jordan has done more to seek religious harmony within Islam and between Islam and other religions than any other living political leader. IN 2004 , he launched the Amman Message that articulated a clear understanding of the central elements of Islam. In 2005, the",,,,https://en.wikipedia.org/wiki/Templeton_Prize,Wikipedia table | citation: templetonprize.org laureate page
templeton,Templeton Prize,,2019,Marcelo Gleiser,Marcelo Gleiser,"Marcelo Gleiser is a theoretical physicist, cosmologist, and a leading proponent of the view that science, philosophy, and spirituality are complementary expressions of humanity’s need to embrace mystery and the unknown. THE APPLETON PROFESSOR of Natural Philosophy and a professor of physics and astronomy at Dartmouth College in Hanover, New Hampshire, he has earned international acclaim through his books, essays, blogs, TV documentaries, and conferences that present science as a spiritual quest to understand the origins of the universe and of life on Earth. A native of Brazil, where his books are bestsellers and his television series draw audiences in the millions, Gleiser is the first Latin American to be awarded the Templeton Prize.",,,,https://en.wikipedia.org/wiki/Templeton_Prize,Wikipedia table | citation: templetonprize.org laureate page
templeton,Templeton Prize,,2020,Francis Collins,Francis Collins,"Francis Collins is the Director of the National Institutes of Health and led the Human Genome Project to its successful completion in 2003. Throughout his career, he has advocated for the integration of faith and reason. In his scientific leadership, public speaking, and popular writing, including his bestselling 2006 book, The Language of God , Collins has demonstrated how religious faith can motivate and inspire rigorous scientific research. He endeavors to encourage religious communities to embrace the latest discoveries of genetics and the biomedical sciences as insights to enrich and enlarge their faith.",,,,https://en.wikipedia.org/wiki/Templeton_Prize,Wikipedia table | citation: templetonprize.org laureate page
templeton,Templeton Prize,,2021,Jane Goodall,Jane Goodall,"Dr. Jane Goodall is known worldwide for her groundbreaking scientific work studying chimpanzee society, which began in Africa in 1960. She received the 2021 Templeton Prize in celebration of her remarkable career, which arose from and was sustained by a keen scientific and spiritual curiosity. Her groundbreaking discoveries have changed humanity’s understanding of its role in an interconnected world, and her advocacy has pointed to a greater purpose for our species in caring for life on this planet. She founded the Jane Goodall Institute in 1977 to continue her work to study and protect chimpanzees while also improving the lives of local communities through education and training. Through her organizations, she has saved thousands of animals and inspired millions of people around the world to take action in their communities.",,,,https://en.wikipedia.org/wiki/Templeton_Prize,Wikipedia table | citation: templetonprize.org laureate page
templeton,Templeton Prize,,2022,Frank Wilczek,Frank Wilczek,"Dr. Frank Wilczek is a Nobel Prize-winning theoretical physicist and author, whose boundary-pushing investigations into the fundamental laws of nature have transformed our understanding of the forces that govern our universe. Dr. Wilczek’s achievements in physics, which include establishing the theoretical description of one of the four fundamental forces in nature and proposing a leading explanation for dark matter, put him in the first rank of scientists. Moreover, as a public intellectual, his lectures and writings have illuminated the philosophical implications of his ideas. Across his work, he reveals a vision of a universe that he regards as embodying mathematical beauty at the scales of the magnificently large and unimaginably small: a universe inherently beautiful in all its parts.",,,,https://en.wikipedia.org/wiki/Templeton_Prize,Wikipedia table | citation: templetonprize.org laureate page
templeton,Templeton Prize,,2023,Edna Adan Ismail,Edna Adan Ismail,"Dr. Edna Adan Ismail is a nurse-midwife, hospital founder, and health-care advocate who has worked courageously to change cultural, religious, and medical norms surrounding women’s health in East Africa, improving the lives of thousands of women and girls in the region and beyond. Drawing from the resources of her Muslim faith, she receives this year’s award in recognition of her extraordinary efforts to harness the power of the sciences to affirm the dignity of women and help them to flourish physically and spiritually. Her many achievements include the founding of the Edna Adan University and Edna Adan Hospital, which has significantly reduced maternal mortality in Somaliland, and her tireless campaign to end female genital mutilation (FGM) around the world. Like Mother Teresa, who received the first Templeton Prize fifty years ago in 1973, Edna has dedicated herself to helping a community that did not have adequate medical care, thereby achieving a global impact.",,,,https://en.wikipedia.org/wiki/Templeton_Prize,Wikipedia table | citation: templetonprize.org laureate page
templeton,Templeton Prize,,2024,Pumla Gobodo-Madikizela,Pumla Gobodo-Madikizela,"Dr. Gobodo-Madikizela is a professor and South African National Research Foundation’s Chair in Violent Histories and Transgenerational Trauma and the Director of the Centre for the Study of the Afterlife of Violence and the Reparative Quest at Stellenbosch University. Her insights into the mechanisms of trauma and forgiveness in post-apartheid South Africa have created a globally-recognized model for social healing in the aftermath of conflict, a model she calls",,,,https://en.wikipedia.org/wiki/Templeton_Prize,Wikipedia table | citation: templetonprize.org laureate page
templeton,Templeton Prize,,2025,Bartholomew I of Constantinople,Bartholomew I of Constantinople,"His All-Holiness Ecumenical Patriarch Bartholomew is the spiritual leader of 300 million Eastern Orthodox Christians whose pioneering efforts to bridge scientific and spiritual understandings of humanity’s relationship with the natural world have brought together people of different faiths to heed a call for stewardship of creation. Using the stature of his office—the highest spiritual authority within the Eastern Orthodox church—he has convened groups of scientists, scholars, political leaders, and clerics from the Catholic, Jewish, and Muslim worlds. His",,,,https://en.wikipedia.org/wiki/Templeton_Prize,Wikipedia table | citation: templetonprize.org laureate page
templeton,Templeton Prize,,2026,Simon Conway Morris,Simon Conway Morris,"Professor Simon Conway Morris is a groundbreaking paleontologist at the University of Cambridge. He is internationally recognized for his pioneering research on the Cambrian explosion and his meticulous analysis of the Burgess Shale fauna. These studies have significantly reshaped our understanding of the early evolution of animal body plans and the dynamics of evolutionary innovation. Conway Morris’s most distinctive contribution is the articulation and empirical substantiation of evolutionary convergence—the recurrence of similar biological forms and behaviors across vastly different evolutionary lineages. Through a vast body of scholarship, and in his popular books Life’s Solution (2003), The Runes of Evolution (2015), and From Extraterrestrials to Animal Minds (2022), he has shown that evolutionary pathways may be far more constrained and directional than previously assumed.",,,,https://en.wikipedia.org/wiki/Templeton_Prize,Wikipedia table | citation: templetonprize.org laureate page
turing,ACM A.M. Turing Award,,1966,Alan Perlis,Alan Perlis,"""for his influence in the area of advanced computer programming techniques and compiler construction""",,Carnegie Mellon University,,https://en.wikipedia.org/wiki/Turing_Award,Wikipedia table
turing,ACM A.M. Turing Award,,1967,Maurice Wilkes,Maurice Wilkes,"for contributions including being ""the builder and designer of the EDSAC , the second computer with an internally stored program "" and introducing program libraries (together with David Wheeler and Stanley Gill )",,University of Cambridge,,https://en.wikipedia.org/wiki/Turing_Award,Wikipedia table
turing,ACM A.M. Turing Award,,1968,Richard Hamming,Richard Hamming,"""for his work on numerical methods , automatic coding systems, and error-detecting and error-correcting codes """,,Bell Labs,,https://en.wikipedia.org/wiki/Turing_Award,Wikipedia table
turing,ACM A.M. Turing Award,,1969,Marvin Minsky,Marvin Minsky,"""for his central role in creating, shaping, promoting, and advancing the field of artificial intelligence """,,Massachusetts Institute of Technology,,https://en.wikipedia.org/wiki/Turing_Award,Wikipedia table
turing,ACM A.M. Turing Award,,1970,James H. Wilkinson,James H. Wilkinson,"""for his research in numerical analysis to facilitate the use of the high-speed digital computer, having received special recognition for his work in computations in linear algebra and 'backward' error analysis""",,National Physical Laboratory,,https://en.wikipedia.org/wiki/Turing_Award,Wikipedia table
turing,ACM A.M. Turing Award,,1971,John McCarthy,John McCarthy,"Award citation refers to McCarthy's lecture ""The Present State of Research on Artificial Intelligence""",,Stanford University,,https://en.wikipedia.org/wiki/Turing_Award,Wikipedia table
turing,ACM A.M. Turing Award,,1972,Edsger W. Dijkstra,Edsger W. Dijkstra,"""for fundamental contributions to programming as a high, intellectual challenge; for eloquent insistence and practical demonstration that programs should be composed correctly, not just debugged into correctness; for illuminating perception of problems at the foundations of program design""",,Eindhoven University of Technology,,https://en.wikipedia.org/wiki/Turing_Award,Wikipedia table
turing,ACM A.M. Turing Award,,1973,Charles Bachman,Charles Bachman,"""for his outstanding contributions to database technology""",,"General Electric Research Laboratory (now under Groupe Bull , an Atos company)",,https://en.wikipedia.org/wiki/Turing_Award,Wikipedia table
turing,ACM A.M. Turing Award,,1974,Donald Knuth,Donald Knuth,"""for his major contributions to the analysis of algorithms and the design of programming languages, and in particular for his contributions to ' The Art of Computer Programming ' through his well-known books in a continuous series by this title""",,Stanford University,,https://en.wikipedia.org/wiki/Turing_Award,Wikipedia table
turing,ACM A.M. Turing Award,,1975,Allen Newell,Allen Newell,"in collaboration with J. C. Shaw and others, for ""basic contributions to artificial intelligence, the psychology of human cognition , and list processing .""",,RAND Corporation,,https://en.wikipedia.org/wiki/Turing_Award,Wikipedia table
turing,ACM A.M. Turing Award,,1975,Herbert A. Simon,Herbert A. Simon,"in collaboration with J. C. Shaw and others, for ""basic contributions to artificial intelligence, the psychology of human cognition , and list processing .""",,Carnegie Mellon University,,https://en.wikipedia.org/wiki/Turing_Award,Wikipedia table
turing,ACM A.M. Turing Award,,1976,Michael O. Rabin,Michael O. Rabin,"""for their joint paper ' Finite automata and their decision problem', which introduced the idea of nondeterministic machines """,,Princeton University,,https://en.wikipedia.org/wiki/Turing_Award,Wikipedia table
turing,ACM A.M. Turing Award,,1976,Dana Scott,Dana Scott,"""for their joint paper ' Finite automata and their decision problem', which introduced the idea of nondeterministic machines """,,University of Chicago,,https://en.wikipedia.org/wiki/Turing_Award,Wikipedia table
turing,ACM A.M. Turing Award,,1977,John Backus,John Backus,"""for profound, influential, and lasting contributions to the design of practical high-level programming systems, notably through his work on FORTRAN , and for seminal publication of formal procedures for the specification of programming languages """,,IBM Research,,https://en.wikipedia.org/wiki/Turing_Award,Wikipedia table
turing,ACM A.M. Turing Award,,1978,Robert W. Floyd,Robert W. Floyd,"""for having a clear influence on methodologies for the creation of efficient and reliable software, and for helping to found the following important subfields of computer science : the theory of parsing , the semantics of programming languages, automatic program verification , automatic program synthesis , and analysis of algorithms """,,Stanford University,,https://en.wikipedia.org/wiki/Turing_Award,Wikipedia table
turing,ACM A.M. Turing Award,,1979,Kenneth E. Iverson,Kenneth E. Iverson,"""for his pioneering effort in programming languages and mathematical notation resulting in what the computing field now knows as APL , for his contributions to the implementation of interactive systems, to educational uses of APL, and to programming language theory and practice""",,IBM Research,,https://en.wikipedia.org/wiki/Turing_Award,Wikipedia table
turing,ACM A.M. Turing Award,,1980,Tony Hoare,Tony Hoare,"""for his fundamental contributions to the definition and design of programming languages""",,University of Oxford,,https://en.wikipedia.org/wiki/Turing_Award,Wikipedia table
turing,ACM A.M. Turing Award,,1981,Edgar F. Codd,Edgar F. Codd,"""for his fundamental and continuing contributions to the theory and practice of database management systems""",,IBM Research,,https://en.wikipedia.org/wiki/Turing_Award,Wikipedia table
turing,ACM A.M. Turing Award,,1982,Stephen Cook,Stephen Cook,"for ""his advancement of our understanding of the complexity of computation in a significant and profound way""; the citation in particular mentions his paper ""The Complexity of Theorem Proving Procedures,"" which is credited with founding the theory of NP-completeness",,University of Toronto,,https://en.wikipedia.org/wiki/Turing_Award,Wikipedia table
turing,ACM A.M. Turing Award,,1983,Dennis Ritchie,Dennis Ritchie,"""for their development of generic operating systems theory and specifically for the implementation of the UNIX operating system""",,Bell Labs,,https://en.wikipedia.org/wiki/Turing_Award,Wikipedia table
turing,ACM A.M. Turing Award,,1983,Ken Thompson,Ken Thompson,"""for their development of generic operating systems theory and specifically for the implementation of the UNIX operating system""",,Bell Labs,,https://en.wikipedia.org/wiki/Turing_Award,Wikipedia table
turing,ACM A.M. Turing Award,,1984,Niklaus Wirth,Niklaus Wirth,"""for developing a sequence of innovative computer languages, EULER , ALGOL-W , MODULA and PASCAL """,,University of Zurich,,https://en.wikipedia.org/wiki/Turing_Award,Wikipedia table
turing,ACM A.M. Turing Award,,1985,Richard M. Karp,Richard M. Karp,"""for his continuing contributions to the theory of algorithms including the development of efficient algorithms for network flow and other combinatorial optimization problems, the identification of polynomial-time computability with the intuitive notion of algorithmic efficiency, and, most notably, contributions to the theory of NP-completeness """,,"University of California, Berkeley",,https://en.wikipedia.org/wiki/Turing_Award,Wikipedia table
turing,ACM A.M. Turing Award,,1986,John Hopcroft,John Hopcroft,"""for fundamental achievements in the design and analysis of algorithms and data structures""",,Cornell University,,https://en.wikipedia.org/wiki/Turing_Award,Wikipedia table
turing,ACM A.M. Turing Award,,1986,Robert Tarjan,Robert Tarjan,"""for fundamental achievements in the design and analysis of algorithms and data structures""",,"Bell Labs , Princeton University",,https://en.wikipedia.org/wiki/Turing_Award,Wikipedia table
turing,ACM A.M. Turing Award,,1987,John Cocke,John Cocke,"""for significant contributions in the design and theory of compilers , the architecture of large systems and the development of reduced instruction set computers (RISC); for discovering and systematizing many fundamental transformations now used in optimizing compilers including reduction of operator strength , elimination of common subexpressions , register allocation , constant propagation , and dead code elimination """,,IBM Research,,https://en.wikipedia.org/wiki/Turing_Award,Wikipedia table
turing,ACM A.M. Turing Award,,1988,Ivan Sutherland,Ivan Sutherland,"""for his pioneering and visionary contributions to computer graphics , starting with Sketchpad , and continuing after""",,Sun Microsystems,,https://en.wikipedia.org/wiki/Turing_Award,Wikipedia table
turing,ACM A.M. Turing Award,,1989,William Kahan,William Kahan,"""for his fundamental contributions to numerical analysis "" and as ""one of the foremost experts on floating-point computations """,,"University of California, Berkeley",,https://en.wikipedia.org/wiki/Turing_Award,Wikipedia table
turing,ACM A.M. Turing Award,,1990,Fernando J. Corbató,Fernando J. Corbató,"""for his pioneering work organizing the concepts and leading the development of the general-purpose, large-scale, time-sharing and resource-sharing computer systems, CTSS and Multics """,,Massachusetts Institute of Technology,,https://en.wikipedia.org/wiki/Turing_Award,Wikipedia table
turing,ACM A.M. Turing Award,,1991,Robin Milner,Robin Milner,The award citation mentions three primary contributions: his mechanization of the Logic of Computable Functions ; the programming language ML including its type inference and type safety ; the calculus of communicating systems ; as well as the connection between operational and denotational semantics,,University of Edinburgh,,https://en.wikipedia.org/wiki/Turing_Award,Wikipedia table
turing,ACM A.M. Turing Award,,1992,Butler Lampson,Butler Lampson,"""for contributions to the development of distributed, personal computing environments and the technology for their implementation: workstations , networks , operating systems , programming systems, displays , security and document publishing """,,Digital Equipment Corporation,,https://en.wikipedia.org/wiki/Turing_Award,Wikipedia table
turing,ACM A.M. Turing Award,,1993,Juris Hartmanis,Juris Hartmanis,"""in recognition of their seminal paper which established the foundations for the field of computational complexity theory """,,"General Electric Research Laboratory (now under Groupe Bull , an Atos company)",,https://en.wikipedia.org/wiki/Turing_Award,Wikipedia table
turing,ACM A.M. Turing Award,,1993,Richard E. Stearns,Richard E. Stearns,"""in recognition of their seminal paper which established the foundations for the field of computational complexity theory """,,"General Electric Research Laboratory (now under Groupe Bull , an Atos company)",,https://en.wikipedia.org/wiki/Turing_Award,Wikipedia table
turing,ACM A.M. Turing Award,,1994,Edward Feigenbaum,Edward Feigenbaum,"""for pioneering the design and construction of large scale artificial intelligence systems, demonstrating the practical importance and potential commercial impact of artificial intelligence technology""",,Stanford University,,https://en.wikipedia.org/wiki/Turing_Award,Wikipedia table
turing,ACM A.M. Turing Award,,1994,Raj Reddy,Raj Reddy,"""for pioneering the design and construction of large scale artificial intelligence systems, demonstrating the practical importance and potential commercial impact of artificial intelligence technology""",,Carnegie Mellon University,,https://en.wikipedia.org/wiki/Turing_Award,Wikipedia table
turing,ACM A.M. Turing Award,,1995,Manuel Blum,Manuel Blum,"""in recognition of his contributions to the foundations of computational complexity theory and its application to cryptography and program checking """,,"University of California, Berkeley",,https://en.wikipedia.org/wiki/Turing_Award,Wikipedia table
turing,ACM A.M. Turing Award,,1996,Amir Pnueli,Amir Pnueli,"""for seminal work introducing temporal logic into computing science and for outstanding contributions to program and system verification """,,Weizmann Institute of Science,,https://en.wikipedia.org/wiki/Turing_Award,Wikipedia table
turing,ACM A.M. Turing Award,,1997,Douglas Engelbart,Douglas Engelbart,"""for an inspiring vision of the future of interactive computing and the invention of key technologies to help realize this vision""",,"Bootstrap Institute/Alliance,",,https://en.wikipedia.org/wiki/Turing_Award,Wikipedia table
turing,ACM A.M. Turing Award,,1998,Jim Gray,Jim Gray,"""for seminal contributions to database and transaction processing research and technical leadership in system implementation""",,Microsoft Research,,https://en.wikipedia.org/wiki/Turing_Award,Wikipedia table
turing,ACM A.M. Turing Award,,1999,Fred Brooks,Fred Brooks,"""for landmark contributions to computer architecture , operating systems , and software engineering""",,"IBM Research , University of North Carolina at Chapel Hill",,https://en.wikipedia.org/wiki/Turing_Award,Wikipedia table
turing,ACM A.M. Turing Award,,2000,Andrew Yao,Andrew Yao,"""in recognition of his fundamental contributions to the theory of computation , including the complexity-based theory of pseudorandom number generation , cryptography , and communication complexity """,,Princeton University,,https://en.wikipedia.org/wiki/Turing_Award,Wikipedia table
turing,ACM A.M. Turing Award,,2001,Ole-Johan Dahl,Ole-Johan Dahl,"""for ideas fundamental to the emergence of object-oriented programming , through their design of the programming languages Simula I and Simula 67 """,,"Norwegian Computing Center , University of Oslo",,https://en.wikipedia.org/wiki/Turing_Award,Wikipedia table
turing,ACM A.M. Turing Award,,2001,Kristen Nygaard,Kristen Nygaard,"""for ideas fundamental to the emergence of object-oriented programming , through their design of the programming languages Simula I and Simula 67 """,,"Norwegian Computing Center , University of Oslo",,https://en.wikipedia.org/wiki/Turing_Award,Wikipedia table
turing,ACM A.M. Turing Award,,2002,Leonard Adleman,Leonard Adleman,"""for their ingenious contribution for making public-key cryptography useful in practice""",,University of Southern California,,https://en.wikipedia.org/wiki/Turing_Award,Wikipedia table
turing,ACM A.M. Turing Award,,2002,Ron Rivest,Ron Rivest,"""for their ingenious contribution for making public-key cryptography useful in practice""",,Massachusetts Institute of Technology,,https://en.wikipedia.org/wiki/Turing_Award,Wikipedia table
turing,ACM A.M. Turing Award,,2002,Adi Shamir,Adi Shamir,"""for their ingenious contribution for making public-key cryptography useful in practice""",,Massachusetts Institute of Technology,,https://en.wikipedia.org/wiki/Turing_Award,Wikipedia table
turing,ACM A.M. Turing Award,,2003,Alan Kay,Alan Kay,"""for pioneering many of the ideas at the root of contemporary object-oriented programming languages, leading the team that developed Smalltalk , and for fundamental contributions to personal computing""",,HP Labs,,https://en.wikipedia.org/wiki/Turing_Award,Wikipedia table
turing,ACM A.M. Turing Award,,2004,Vint Cerf,Vint Cerf,"""for pioneering work on internetworking , including the design and implementation of the Internet's basic communications protocols, TCP/IP , and for inspired leadership in networking""",,"MCI , CNRI",,https://en.wikipedia.org/wiki/Turing_Award,Wikipedia table
turing,ACM A.M. Turing Award,,2004,Robert Kahn,Robert Kahn,"""for pioneering work on internetworking , including the design and implementation of the Internet's basic communications protocols, TCP/IP , and for inspired leadership in networking""",,CNRI,,https://en.wikipedia.org/wiki/Turing_Award,Wikipedia table
turing,ACM A.M. Turing Award,,2005,Peter Naur,Peter Naur,"""for fundamental contributions to programming language design and the definition of ALGOL 60 , to compiler design, and to the art and practice of computer programming""",,University of Copenhagen,,https://en.wikipedia.org/wiki/Turing_Award,Wikipedia table
turing,ACM A.M. Turing Award,,2006,Frances Allen,Frances Allen,"""for pioneering contributions to the theory and practice of optimizing compiler techniques that laid the foundation for modern optimizing compilers and automatic parallel execution """,,IBM Research,,https://en.wikipedia.org/wiki/Turing_Award,Wikipedia table
turing,ACM A.M. Turing Award,,2007,Edmund M. Clarke,Edmund M. Clarke,"""for their role in developing model checking into a highly effective verification technology that is widely adopted in the hardware and software industries""",,Carnegie Mellon University,,https://en.wikipedia.org/wiki/Turing_Award,Wikipedia table
turing,ACM A.M. Turing Award,,2007,E. Allen Emerson,E. Allen Emerson,"""for their role in developing model checking into a highly effective verification technology that is widely adopted in the hardware and software industries""",,University of Texas at Austin,,https://en.wikipedia.org/wiki/Turing_Award,Wikipedia table
turing,ACM A.M. Turing Award,,2007,Joseph Sifakis,Joseph Sifakis,"""for their role in developing model checking into a highly effective verification technology that is widely adopted in the hardware and software industries""",,French National Centre for Scientific Research,,https://en.wikipedia.org/wiki/Turing_Award,Wikipedia table
turing,ACM A.M. Turing Award,,2008,Barbara Liskov,Barbara Liskov,"""for contributions to practical and theoretical foundations of programming language and system design, especially related to data abstraction , fault tolerance , and distributed computing """,,Massachusetts Institute of Technology,,https://en.wikipedia.org/wiki/Turing_Award,Wikipedia table
turing,ACM A.M. Turing Award,,2009,Charles P. Thacker,Charles P. Thacker,"""for the pioneering design and realization of the first modern personal computer—the Alto at Xerox PARC —and seminal inventions and contributions to local area networks (including the Ethernet ), multiprocessor workstations, snooping cache coherence protocols, and tablet personal computers """,,Microsoft Research,,https://en.wikipedia.org/wiki/Turing_Award,Wikipedia table
turing,ACM A.M. Turing Award,,2010,Leslie Valiant,Leslie Valiant,"""for transformative contributions to the theory of computation , including the theory of probably approximately correct (PAC) learning , the complexity of enumeration and of algebraic computation , and the theory of parallel and distributed computing""",,Harvard University,,https://en.wikipedia.org/wiki/Turing_Award,Wikipedia table
turing,ACM A.M. Turing Award,,2011,Judea Pearl,Judea Pearl,"""for fundamental contributions to artificial intelligence through the development of a calculus for probabilistic and causal reasoning""",,"University of California, Los Angeles",,https://en.wikipedia.org/wiki/Turing_Award,Wikipedia table
turing,ACM A.M. Turing Award,,2012,Shafi Goldwasser,Shafi Goldwasser,"""for transformative work that laid the complexity-theoretic foundations for the science of cryptography, and in the process pioneered new methods for efficient verification of mathematical proofs in complexity theory""",,"Massachusetts Institute of Technology , ; Weizmann Institute of Science",,https://en.wikipedia.org/wiki/Turing_Award,Wikipedia table
turing,ACM A.M. Turing Award,,2012,Silvio Micali,Silvio Micali,"""for transformative work that laid the complexity-theoretic foundations for the science of cryptography, and in the process pioneered new methods for efficient verification of mathematical proofs in complexity theory""",,Massachusetts Institute of Technology,,https://en.wikipedia.org/wiki/Turing_Award,Wikipedia table
turing,ACM A.M. Turing Award,,2013,Leslie Lamport,Leslie Lamport,"""for fundamental contributions to the theory and practice of distributed and concurrent systems, notably the invention of concepts such as causality and logical clocks , safety and liveness , replicated state machines , and sequential consistency """,,Microsoft Research,,https://en.wikipedia.org/wiki/Turing_Award,Wikipedia table
turing,ACM A.M. Turing Award,,2014,Michael Stonebraker,Michael Stonebraker,"""for fundamental contributions to the concepts and practices underlying modern database systems""",,Massachusetts Institute of Technology,,https://en.wikipedia.org/wiki/Turing_Award,Wikipedia table
turing,ACM A.M. Turing Award,,2015,Whitfield Diffie,Whitfield Diffie,"""for inventing and promulgating both asymmetric public-key cryptography, including its application to digital signatures, and a practical cryptographic key-exchange method",,Stanford University,,https://en.wikipedia.org/wiki/Turing_Award,Wikipedia table
turing,ACM A.M. Turing Award,,2015,Martin Hellman,Martin Hellman,"""for inventing and promulgating both asymmetric public-key cryptography, including its application to digital signatures, and a practical cryptographic key-exchange method",,Stanford University,,https://en.wikipedia.org/wiki/Turing_Award,Wikipedia table
turing,ACM A.M. Turing Award,,2016,Tim Berners-Lee,Tim Berners-Lee,"""for inventing the World Wide Web , the first web browser , and the fundamental protocols and algorithms allowing the Web to scale""",,"Massachusetts Institute of Technology , ; World Wide Web Consortium",,https://en.wikipedia.org/wiki/Turing_Award,Wikipedia table
turing,ACM A.M. Turing Award,,2017,John L. Hennessy,John L. Hennessy,"""for pioneering a systematic, quantitative approach to the design and evaluation of computer architectures with enduring impact on the microprocessor industry""",,Stanford University,,https://en.wikipedia.org/wiki/Turing_Award,Wikipedia table
turing,ACM A.M. Turing Award,,2017,David Patterson,David Patterson,"""for pioneering a systematic, quantitative approach to the design and evaluation of computer architectures with enduring impact on the microprocessor industry""",,"University of California, Berkeley",,https://en.wikipedia.org/wiki/Turing_Award,Wikipedia table
turing,ACM A.M. Turing Award,,2018,Yoshua Bengio,Yoshua Bengio,"""for conceptual and engineering breakthroughs that have made deep neural networks a critical component of computing""",,"Université de Montréal , Mila",,https://en.wikipedia.org/wiki/Turing_Award,Wikipedia table
turing,ACM A.M. Turing Award,,2018,Geoffrey Hinton,Geoffrey Hinton,"""for conceptual and engineering breakthroughs that have made deep neural networks a critical component of computing""",,"University of Toronto , Google Brain",,https://en.wikipedia.org/wiki/Turing_Award,Wikipedia table
turing,ACM A.M. Turing Award,,2018,Yann LeCun,Yann LeCun,"""for conceptual and engineering breakthroughs that have made deep neural networks a critical component of computing""",,"New York University , Meta AI",,https://en.wikipedia.org/wiki/Turing_Award,Wikipedia table
turing,ACM A.M. Turing Award,,2019,Edwin Catmull,Edwin Catmull,"""For fundamental contributions to 3D computer graphics , and the impact of computer-generated imagery (CGI) in filmmaking and other applications""",,Pixar,,https://en.wikipedia.org/wiki/Turing_Award,Wikipedia table
turing,ACM A.M. Turing Award,,2019,Pat Hanrahan,Pat Hanrahan,"""For fundamental contributions to 3D computer graphics , and the impact of computer-generated imagery (CGI) in filmmaking and other applications""",,Stanford University,,https://en.wikipedia.org/wiki/Turing_Award,Wikipedia table
turing,ACM A.M. Turing Award,,2020,Alfred Aho,Alfred Aho,"""for fundamental algorithms and theory underlying programming language implementation and for synthesizing these results and those of others in their highly influential books, which educated generations of computer scientists""",,Columbia University,,https://en.wikipedia.org/wiki/Turing_Award,Wikipedia table
turing,ACM A.M. Turing Award,,2020,Jeffrey Ullman,Jeffrey Ullman,"""for fundamental algorithms and theory underlying programming language implementation and for synthesizing these results and those of others in their highly influential books, which educated generations of computer scientists""",,Stanford University,,https://en.wikipedia.org/wiki/Turing_Award,Wikipedia table
turing,ACM A.M. Turing Award,,2021,Jack Dongarra,Jack Dongarra,"""for pioneering contributions to numerical algorithms and libraries that enabled high performance computational software to keep pace with exponential hardware improvements for over four decades""",,"Oak Ridge National Laboratory , ; University of Manchester , ; University of Tennessee , ; Rice University",,https://en.wikipedia.org/wiki/Turing_Award,Wikipedia table
turing,ACM A.M. Turing Award,,2022,Robert Metcalfe,Robert Metcalfe,"""for the invention, standardization, and commercialization of Ethernet """,,Massachusetts Institute of Technology,,https://en.wikipedia.org/wiki/Turing_Award,Wikipedia table
turing,ACM A.M. Turing Award,,2023,Avi Wigderson,Avi Wigderson,"""For foundational contributions to the theory of computation, including reshaping our understanding of the role of randomness in computation and mathematics, and for his decades of intellectual leadership in theoretical computer science""",,Institute for Advanced Study,,https://en.wikipedia.org/wiki/Turing_Award,Wikipedia table
turing,ACM A.M. Turing Award,,2024,Andrew Barto,Andrew Barto,"""For developing the conceptual and algorithmic foundations of reinforcement learning """,,University of Massachusetts Amherst,,https://en.wikipedia.org/wiki/Turing_Award,Wikipedia table
turing,ACM A.M. Turing Award,,2024,Richard S. Sutton,Richard S. Sutton,"""For developing the conceptual and algorithmic foundations of reinforcement learning """,,"University of Alberta , Amii",,https://en.wikipedia.org/wiki/Turing_Award,Wikipedia table
turing,ACM A.M. Turing Award,,2025,Charles H. Bennett,Charles H. Bennett,"""For their essential role in igniting and shaping the quantum revolution in computer science and in information and communications technology.""",,IBM Research,,https://en.wikipedia.org/wiki/Turing_Award,Wikipedia table
turing,ACM A.M. Turing Award,,2025,Gilles Brassard,Gilles Brassard,"""For their essential role in igniting and shaping the quantum revolution in computer science and in information and communications technology.""",,Université de Montréal,,https://en.wikipedia.org/wiki/Turing_Award,Wikipedia table
wolf_chemistry,Wolf Prize in Chemistry,,1978,Carl Djerassi,Carl Djerassi,"for his work in bioorganic chemistry, application of new spectroscopic techniques, and his support of international cooperation.",,,,https://en.wikipedia.org/wiki/Wolf_Prize_in_Chemistry,Wikipedia table
wolf_chemistry,Wolf Prize in Chemistry,,1979,Herman Mark,Herman Mark,for his contributions to understanding the structure and behavior of natural and synthetic polymers.,,,,https://en.wikipedia.org/wiki/Wolf_Prize_in_Chemistry,Wikipedia table
wolf_chemistry,Wolf Prize in Chemistry,,1980,Henry Eyring,Henry Eyring,for his development of absolute rate theory and its imaginative applications to chemical and physical processes.,,,,https://en.wikipedia.org/wiki/Wolf_Prize_in_Chemistry,Wikipedia table
wolf_chemistry,Wolf Prize in Chemistry,,1981,Joseph Chatt,Joseph Chatt,"for pioneering and fundamental contributions to synthetic transition metal chemistry, particularly transition metal hydrides and dinitrogen complexes.",,,,https://en.wikipedia.org/wiki/Wolf_Prize_in_Chemistry,Wikipedia table
wolf_chemistry,Wolf Prize in Chemistry,,1982,John Charles Polanyi,John Charles Polanyi,"for his studies of chemical reactions in unprecedented detail by developing the infrared chemiluminescence technique, and for envisaging the chemical laser.",,,,https://en.wikipedia.org/wiki/Wolf_Prize_in_Chemistry,Wikipedia table
wolf_chemistry,Wolf Prize in Chemistry,,1982,George C. Pimentel,George C. Pimentel,for development of matrix isolation spectroscopy and for the discovery of photodissociation lasers and chemical lasers.,,,,https://en.wikipedia.org/wiki/Wolf_Prize_in_Chemistry,Wikipedia table
wolf_chemistry,Wolf Prize in Chemistry,,1983,Herbert S. Gutowsky,Herbert S. Gutowsky,for his pioneering work in the development and applications of nuclear magnetic resonance spectroscopy in chemistry.,,,,https://en.wikipedia.org/wiki/Wolf_Prize_in_Chemistry,Wikipedia table
wolf_chemistry,Wolf Prize in Chemistry,,1983,Harden M. McConnell,Harden M. McConnell,for his studies of the electronic structure of molecules through paramagnetic resonance spectroscopy and for the introduction and biological applications of spin label techniques.,,,,https://en.wikipedia.org/wiki/Wolf_Prize_in_Chemistry,Wikipedia table
wolf_chemistry,Wolf Prize in Chemistry,,1983,John S. Waugh,John S. Waugh,for his fundamental theoretical and experimental contributions to high resolution nuclear magnetic resonance spectroscopy in solids.,,,,https://en.wikipedia.org/wiki/Wolf_Prize_in_Chemistry,Wikipedia table
wolf_chemistry,Wolf Prize in Chemistry,,1984,Rudolph A. Marcus,Rudolph A. Marcus,"for his contributions to chemical kinetics, especially the theories of unimolecular reactions and electron transfer reactions.",,,,https://en.wikipedia.org/wiki/Wolf_Prize_in_Chemistry,Wikipedia table
wolf_chemistry,Wolf Prize in Chemistry,,1986,Elias James Corey,Elias James Corey,for outstanding research on the synthesis of many highly complex natural products and the demonstration of novel ways of thinking about such syntheses.,,,,https://en.wikipedia.org/wiki/Wolf_Prize_in_Chemistry,Wikipedia table
wolf_chemistry,Wolf Prize in Chemistry,,1986,Albert Eschenmoser,Albert Eschenmoser,"for outstanding research on the synthesis, stereochemistry and reaction mechanisms for formation of natural products, especially Vitamin-B12.",,,,https://en.wikipedia.org/wiki/Wolf_Prize_in_Chemistry,Wikipedia table
wolf_chemistry,Wolf Prize in Chemistry,,1987,David C. Phillips,David C. Phillips,for their contributions to protein X-ray crystallography and to the elucidation of structures of enzymes and their mechanisms of action.,,,,https://en.wikipedia.org/wiki/Wolf_Prize_in_Chemistry,Wikipedia table
wolf_chemistry,Wolf Prize in Chemistry,,1987,David M. Blow,David M. Blow,for their contributions to protein X-ray crystallography and to the elucidation of structures of enzymes and their mechanisms of action.,,,,https://en.wikipedia.org/wiki/Wolf_Prize_in_Chemistry,Wikipedia table
wolf_chemistry,Wolf Prize in Chemistry,,1988,Joshua Jortner,Joshua Jortner,for their incisive theoretical studies elucidating energy acquisition and disposal in molecular systems and mechanisms for dynamical selectivity and specificity.,,,,https://en.wikipedia.org/wiki/Wolf_Prize_in_Chemistry,Wikipedia table
wolf_chemistry,Wolf Prize in Chemistry,,1988,Raphael David Levine,Raphael David Levine,for their incisive theoretical studies elucidating energy acquisition and disposal in molecular systems and mechanisms for dynamical selectivity and specificity.,,,,https://en.wikipedia.org/wiki/Wolf_Prize_in_Chemistry,Wikipedia table
wolf_chemistry,Wolf Prize in Chemistry,,1989,Duilio Arigoni,Duilio Arigoni,"for their fundamental contributions to the elucidation of the mechanism of enzymic reactions and of the biosynthesis of natural products, in particular the pigments of life.",,,,https://en.wikipedia.org/wiki/Wolf_Prize_in_Chemistry,Wikipedia table
wolf_chemistry,Wolf Prize in Chemistry,,1989,Alan R. Battersby,Alan R. Battersby,"for their fundamental contributions to the elucidation of the mechanism of enzymic reactions and of the biosynthesis of natural products, in particular the pigments of life.",,,,https://en.wikipedia.org/wiki/Wolf_Prize_in_Chemistry,Wikipedia table
wolf_chemistry,Wolf Prize in Chemistry,,1991,Richard R. Ernst,Richard R. Ernst,"for his revolutionary contributions to NMR spectroscopy, especially Fourier-transform and two-dimensional NMR",,,,https://en.wikipedia.org/wiki/Wolf_Prize_in_Chemistry,Wikipedia table
wolf_chemistry,Wolf Prize in Chemistry,,1991,Alexander Pines,Alexander Pines,"for his revolutionary contributions to NMR spectroscopy, especially multiple-quantum and high-spin NMR.",,,,https://en.wikipedia.org/wiki/Wolf_Prize_in_Chemistry,Wikipedia table
wolf_chemistry,Wolf Prize in Chemistry,,1992,John Pople,John Pople,"for his outstanding contributions to theoretical chemistry, particularly in developing effective and widely used modern quantum- chemical methods.",,,,https://en.wikipedia.org/wiki/Wolf_Prize_in_Chemistry,Wikipedia table
wolf_chemistry,Wolf Prize in Chemistry,,1993,Ahmed Hassan Zewail,Ahmed Hassan Zewail,"for pioneering the development of laser femtochemistry. Using lasers and molecular beams, femtochemistry has made it now possible to probe the evolution of chemical reactions as they actually happen in real time.",,,,https://en.wikipedia.org/wiki/Wolf_Prize_in_Chemistry,Wikipedia table
wolf_chemistry,Wolf Prize in Chemistry,,1994,Richard Lerner,Richard Lerner,"for developing catalytic antibodies, thus permitting the catalysis of chemical reactions considered impossible to achieve by classical chemical procedures.",,,,https://en.wikipedia.org/wiki/Wolf_Prize_in_Chemistry,Wikipedia table
wolf_chemistry,Wolf Prize in Chemistry,,1994,Peter Schultz,Peter Schultz,"for developing catalytic antibodies, thus permitting the catalysis of chemical reactions considered impossible to achieve by classical chemical procedures.",,,,https://en.wikipedia.org/wiki/Wolf_Prize_in_Chemistry,Wikipedia table
wolf_chemistry,Wolf Prize in Chemistry,,1995,Gilbert Stork,Gilbert Stork,"for designing and developing novel chemical reactions which have opened new avenues to the synthesis of complex molecules, particularly polysaccharides and many other biologically and medicinally important compounds.",,,,https://en.wikipedia.org/wiki/Wolf_Prize_in_Chemistry,Wikipedia table
wolf_chemistry,Wolf Prize in Chemistry,,1995,Samuel J. Danishefsky,Samuel J. Danishefsky,"for designing and developing novel chemical reactions which have opened new avenues to the synthesis of complex molecules, particularly polysaccharides and many other biologically and medicinally important compounds.",,,,https://en.wikipedia.org/wiki/Wolf_Prize_in_Chemistry,Wikipedia table
wolf_chemistry,Wolf Prize in Chemistry,,1998,Gerhard Ertl,Gerhard Ertl,"for their outstanding contributions to the field of the surface science in general, and for their elucidation of fundamental mechanisms of heterogeneous catalytic reactions at single crystal surfaces in particular.",,,,https://en.wikipedia.org/wiki/Wolf_Prize_in_Chemistry,Wikipedia table
wolf_chemistry,Wolf Prize in Chemistry,,1998,Gabor A. Somorjai,Gabor A. Somorjai,"for their outstanding contributions to the field of the surface science in general, and for their elucidation of fundamental mechanisms of heterogeneous catalytic reactions at single crystal surfaces in particular.",,,,https://en.wikipedia.org/wiki/Wolf_Prize_in_Chemistry,Wikipedia table
wolf_chemistry,Wolf Prize in Chemistry,,1999,Raymond U. Lemieux,Raymond U. Lemieux,for his fundamental and seminal contributions to the study and synthesis of oligosaccharides and to the elucidation of their role in molecular recognition in biological systems.,,,,https://en.wikipedia.org/wiki/Wolf_Prize_in_Chemistry,Wikipedia table
wolf_chemistry,Wolf Prize in Chemistry,,2000,Frank Albert Cotton,Frank Albert Cotton,for opening up an entirely new phase of transition metal chemistry based on pairs and clusters of metal atoms directly linked by single or multiple bonds.,,,,https://en.wikipedia.org/wiki/Wolf_Prize_in_Chemistry,Wikipedia table
wolf_chemistry,Wolf Prize in Chemistry,,2001,Henri B. Kagan,Henri B. Kagan,"for their pioneering, creative and crucial work in developing asymmetric catalysis for the synthesis of chiral molecules, greatly increasing mankind's ability to create new products of fundamental and practical importance.",,,,https://en.wikipedia.org/wiki/Wolf_Prize_in_Chemistry,Wikipedia table
wolf_chemistry,Wolf Prize in Chemistry,,2001,Ryōji Noyori,Ryōji Noyori,"for their pioneering, creative and crucial work in developing asymmetric catalysis for the synthesis of chiral molecules, greatly increasing mankind's ability to create new products of fundamental and practical importance.",,,,https://en.wikipedia.org/wiki/Wolf_Prize_in_Chemistry,Wikipedia table
wolf_chemistry,Wolf Prize in Chemistry,,2001,K. Barry Sharpless,K. Barry Sharpless,"for their pioneering, creative and crucial work in developing asymmetric catalysis for the synthesis of chiral molecules, greatly increasing mankind's ability to create new products of fundamental and practical importance.",,,,https://en.wikipedia.org/wiki/Wolf_Prize_in_Chemistry,Wikipedia table
wolf_chemistry,Wolf Prize in Chemistry,,2004,Harry B. Gray,Harry B. Gray,"for pioneering work in bio-inorganic chemistry, unravelling novel principles of structure and long-range electron transfer in proteins.",,,,https://en.wikipedia.org/wiki/Wolf_Prize_in_Chemistry,Wikipedia table
wolf_chemistry,Wolf Prize in Chemistry,,2005,Richard N. Zare,Richard N. Zare,"for his ingenious applications of laser techniques, for identifying complex mechanisms in molecules, and their use in analytical chemistry.",,,,https://en.wikipedia.org/wiki/Wolf_Prize_in_Chemistry,Wikipedia table
wolf_chemistry,Wolf Prize in Chemistry,,2006,Ada Yonath,Ada Yonath,for ingenious structural discoveries of the ribosomal machinery of peptide-bond formation and the light-driven primary processes in photosynthesis.,,,,https://en.wikipedia.org/wiki/Wolf_Prize_in_Chemistry,Wikipedia table
wolf_chemistry,Wolf Prize in Chemistry,,2006,George Feher,George Feher,for ingenious structural discoveries of the ribosomal machinery of peptide-bond formation and the light-driven primary processes in photosynthesis.,,,,https://en.wikipedia.org/wiki/Wolf_Prize_in_Chemistry,Wikipedia table
wolf_chemistry,Wolf Prize in Chemistry,,2008,William E. Moerner,William E. Moerner,"for the ingenious creation of a new field of science, single molecule spectroscopy and electrochemistry, with impact at the nanoscopic regime, from the molecular and cellular domain to complex material systems.",,,,https://en.wikipedia.org/wiki/Wolf_Prize_in_Chemistry,Wikipedia table
wolf_chemistry,Wolf Prize in Chemistry,,2008,Allen J. Bard,Allen J. Bard,"for the ingenious creation of a new field of science, single molecule spectroscopy and electrochemistry, with impact at the nanoscopic regime, from the molecular and cellular domain to complex material systems.",,,,https://en.wikipedia.org/wiki/Wolf_Prize_in_Chemistry,Wikipedia table
wolf_chemistry,Wolf Prize in Chemistry,,2011,Stuart A. Rice,Stuart A. Rice,"for the deep creative contributions to the chemical sciences in the field of synthesis, properties and an understanding of organic materials.",,,,https://en.wikipedia.org/wiki/Wolf_Prize_in_Chemistry,Wikipedia table
wolf_chemistry,Wolf Prize in Chemistry,,2011,Ching W. Tang,Ching W. Tang,"for the deep creative contributions to the chemical sciences in the field of synthesis, properties and an understanding of organic materials.",,,,https://en.wikipedia.org/wiki/Wolf_Prize_in_Chemistry,Wikipedia table
wolf_chemistry,Wolf Prize in Chemistry,,2011,Krzysztof Matyjaszewski,Krzysztof Matyjaszewski,"for the deep creative contributions to the chemical sciences in the field of synthesis, properties and an understanding of organic materials.",,,,https://en.wikipedia.org/wiki/Wolf_Prize_in_Chemistry,Wikipedia table
wolf_chemistry,Wolf Prize in Chemistry,,2012,A. Paul Alivisatos,A. Paul Alivisatos,"for his development of the colloidal inorganic nanocrystal as a building block of nanoscience and for making fundamental contributions to controlling the synthesis of these particles, to measuring and understanding their physical properties.",,,,https://en.wikipedia.org/wiki/Wolf_Prize_in_Chemistry,Wikipedia table
wolf_chemistry,Wolf Prize in Chemistry,,2012,Charles M. Lieber,Charles M. Lieber,"for his seminal contributions to nanochemistry and particularly the synthesis of single-crystalline semiconductor nanowires, characterization of the fundamental physical properties of nanowires, and their application to electronics, photonics and nanomedicine.",,,,https://en.wikipedia.org/wiki/Wolf_Prize_in_Chemistry,Wikipedia table
wolf_chemistry,Wolf Prize in Chemistry,,2013,Robert S. Langer,Robert S. Langer,for conceiving and implementing advances in polymer chemistry that provide both controlled drug-release systems and new biomaterials.,,,,https://en.wikipedia.org/wiki/Wolf_Prize_in_Chemistry,Wikipedia table
wolf_chemistry,Wolf Prize in Chemistry,,2014,Chi-Huey Wong,Chi-Huey Wong,for his numerous and original contributions to the development of innovative methods for the programmable and applied synthesis of complex oligosaccharides and glycol-proteins.,,,,https://en.wikipedia.org/wiki/Wolf_Prize_in_Chemistry,Wikipedia table
wolf_chemistry,Wolf Prize in Chemistry,,2016,Kyriacos Costa Nicolaou,Kyriacos Costa Nicolaou,"for advancing the field of chemical synthesis to the extremes of molecular complexity, linking structure and function and expanding our dominion over the interface of chemistry, biology and medicine.",,,,https://en.wikipedia.org/wiki/Wolf_Prize_in_Chemistry,Wikipedia table
wolf_chemistry,Wolf Prize in Chemistry,,2016,Stuart Schreiber,Stuart Schreiber,"for pioneering chemical insights into the logic of signal transduction and gene regulation that led to important, new therapeutics and for advancing chemical biology and medicine through the discovery of small-molecule probes.",,,,https://en.wikipedia.org/wiki/Wolf_Prize_in_Chemistry,Wikipedia table
wolf_chemistry,Wolf Prize in Chemistry,,2017,Robert G. Bergman,Robert G. Bergman,for his discovery of the activation responses of carbon-hydrogen bonds in hydrocarbons by soluble organometallic complexes.,,,,https://en.wikipedia.org/wiki/Wolf_Prize_in_Chemistry,Wikipedia table
wolf_chemistry,Wolf Prize in Chemistry,,2018,Omar M. Yaghi,Omar M. Yaghi,for pioneering reticular chemistry via metal-organic frameworks (MOFs) and covalent organic frameworks (COFs).,,,,https://en.wikipedia.org/wiki/Wolf_Prize_in_Chemistry,Wikipedia table
wolf_chemistry,Wolf Prize in Chemistry,,2018,Makoto Fujita,Makoto Fujita,for conceiving metal-directed assembly principles leading to large highly porous complexes.,,,,https://en.wikipedia.org/wiki/Wolf_Prize_in_Chemistry,Wikipedia table
wolf_chemistry,Wolf Prize in Chemistry,,2019,Stephen L. Buchwald,Stephen L. Buchwald,for pioneering the development of transition metal catalyzed procedures that are broadly applicable and allow carbon-heteroatom bonds of all sorts to be formed with previously unknown efficiency and precision.,,,,https://en.wikipedia.org/wiki/Wolf_Prize_in_Chemistry,Wikipedia table
wolf_chemistry,Wolf Prize in Chemistry,,2019,John F. Hartwig,John F. Hartwig,for pioneering the development of transition metal catalyzed procedures that are broadly applicable and allow carbon-heteroatom bonds of all sorts to be formed with previously unknown efficiency and precision.,,,,https://en.wikipedia.org/wiki/Wolf_Prize_in_Chemistry,Wikipedia table
wolf_chemistry,Wolf Prize in Chemistry,,2021,Leslie Leiserowitz,Leslie Leiserowitz,for collaboratively established the fundamental reciprocal influences of three-dimensional molecular structure upon structures of organic crystals.,,,,https://en.wikipedia.org/wiki/Wolf_Prize_in_Chemistry,Wikipedia table
wolf_chemistry,Wolf Prize in Chemistry,,2021,Meir Lahav,Meir Lahav,for collaboratively established the fundamental reciprocal influences of three-dimensional molecular structure upon structures of organic crystals.,,,,https://en.wikipedia.org/wiki/Wolf_Prize_in_Chemistry,Wikipedia table
wolf_chemistry,Wolf Prize in Chemistry,,2022,Bonnie L. Bassler,Bonnie L. Bassler,"for their seminal contributions to understanding the chemistry of cellular communication and inventing chemical methodologies to study the role of carbohydrates, lipids, and proteins in such biological processes.",,,,https://en.wikipedia.org/wiki/Wolf_Prize_in_Chemistry,Wikipedia table
wolf_chemistry,Wolf Prize in Chemistry,,2022,Carolyn R. Bertozzi,Carolyn R. Bertozzi,"for their seminal contributions to understanding the chemistry of cellular communication and inventing chemical methodologies to study the role of carbohydrates, lipids, and proteins in such biological processes.",,,,https://en.wikipedia.org/wiki/Wolf_Prize_in_Chemistry,Wikipedia table
wolf_chemistry,Wolf Prize in Chemistry,,2022,Benjamin F. Cravatt,Benjamin F. Cravatt,"for their seminal contributions to understanding the chemistry of cellular communication and inventing chemical methodologies to study the role of carbohydrates, lipids, and proteins in such biological processes.",,,,https://en.wikipedia.org/wiki/Wolf_Prize_in_Chemistry,Wikipedia table
wolf_chemistry,Wolf Prize in Chemistry,,2023,Chuan He,Chuan He,for pioneering discoveries that illuminate the functions and pathological dysfunctions of RNA and proteins and for creating strategies to harness the capabilities of these biopolymers in new ways to ameliorate human diseases.,,,,https://en.wikipedia.org/wiki/Wolf_Prize_in_Chemistry,Wikipedia table
wolf_chemistry,Wolf Prize in Chemistry,,2023,Hiroaki Suga,Hiroaki Suga,for pioneering discoveries that illuminate the functions and pathological dysfunctions of RNA and proteins and for creating strategies to harness the capabilities of these biopolymers in new ways to ameliorate human diseases.,,,,https://en.wikipedia.org/wiki/Wolf_Prize_in_Chemistry,Wikipedia table
wolf_chemistry,Wolf Prize in Chemistry,,2023,Jeffery W. Kelly,Jeffery W. Kelly,for pioneering discoveries that illuminate the functions and pathological dysfunctions of RNA and proteins and for creating strategies to harness the capabilities of these biopolymers in new ways to ameliorate human diseases.,,,,https://en.wikipedia.org/wiki/Wolf_Prize_in_Chemistry,Wikipedia table
wolf_chemistry,Wolf Prize in Chemistry,,2025,Helmut F. Schwarz,Helmut F. Schwarz,for quantifying reactive species in the gas phase to solve fundamental problems in catalysis.,,,,https://en.wikipedia.org/wiki/Wolf_Prize_in_Chemistry,Wikipedia table
wolf_physics,Wolf Prize in Physics,,1978,Chien-Shiung Wu,Chien-Shiung Wu,"""For her persistent and successful exploration of the weak interaction which helped establish the precise form and the non conservation of parity for this new natural force.""",,,,https://en.wikipedia.org/wiki/Wolf_Prize_in_Physics,Wikipedia table
wolf_physics,Wolf Prize in Physics,,1979,George E. Uhlenbeck,George E. Uhlenbeck,"""For his discovery, jointly with the late Samuel A .Goudsmit, of the electron spin .""",,,,https://en.wikipedia.org/wiki/Wolf_Prize_in_Physics,Wikipedia table
wolf_physics,Wolf Prize in Physics,,1979,Giuseppe Occhialini,Giuseppe Occhialini,"""For his contributions to the discovery of electron pair production and of the charged pion .""",,,,https://en.wikipedia.org/wiki/Wolf_Prize_in_Physics,Wikipedia table
wolf_physics,Wolf Prize in Physics,,1980,Kenneth G. Wilson,Kenneth G. Wilson,"""For path breaking developments culminating in the general theory of the critical behavior at transitions between the different thermodynamic phases of matter.""",,,,https://en.wikipedia.org/wiki/Wolf_Prize_in_Physics,Wikipedia table
wolf_physics,Wolf Prize in Physics,,1980,Leo P. Kadanoff,Leo P. Kadanoff,"""For path breaking developments culminating in the general theory of the critical behavior at transitions between the different thermodynamic phases of matter.""",,,,https://en.wikipedia.org/wiki/Wolf_Prize_in_Physics,Wikipedia table
wolf_physics,Wolf Prize in Physics,,1980,Michael E. Fisher,Michael E. Fisher,"""For path breaking developments culminating in the general theory of the critical behavior at transitions between the different thermodynamic phases of matter.""",,,,https://en.wikipedia.org/wiki/Wolf_Prize_in_Physics,Wikipedia table
wolf_physics,Wolf Prize in Physics,,1981,Freeman J. Dyson,Freeman J. Dyson,"""For their outstanding contributions to theoretical physics, especially in the development and application of the quantum theory of, fields.""",,,,https://en.wikipedia.org/wiki/Wolf_Prize_in_Physics,Wikipedia table
wolf_physics,Wolf Prize in Physics,,1981,Gerard 't Hooft,Gerard 't Hooft,"""For their outstanding contributions to theoretical physics, especially in the development and application of the quantum theory of, fields.""",,,,https://en.wikipedia.org/wiki/Wolf_Prize_in_Physics,Wikipedia table
wolf_physics,Wolf Prize in Physics,,1981,Victor F. Weisskopf,Victor F. Weisskopf,"""For their outstanding contributions to theoretical physics, especially in the development and application of the quantum theory of, fields.""",,,,https://en.wikipedia.org/wiki/Wolf_Prize_in_Physics,Wikipedia table
wolf_physics,Wolf Prize in Physics,,1982,Leon M. Lederman,Leon M. Lederman,"""For their experimental discovery of unexpected new particles establishing a third generation quarks and leptons .""",,,,https://en.wikipedia.org/wiki/Wolf_Prize_in_Physics,Wikipedia table
wolf_physics,Wolf Prize in Physics,,1982,Martin L. Perl,Martin L. Perl,"""For their experimental discovery of unexpected new particles establishing a third generation quarks and leptons .""",,,,https://en.wikipedia.org/wiki/Wolf_Prize_in_Physics,Wikipedia table
wolf_physics,Wolf Prize in Physics,,1984,Erwin L. Hahn,Erwin L. Hahn,"""For his discovery of nuclear spin echoes and for the phenomenon of self-induced transparency.""",,,,https://en.wikipedia.org/wiki/Wolf_Prize_in_Physics,Wikipedia table
wolf_physics,Wolf Prize in Physics,,1984,Peter B. Hirsch,Peter B. Hirsch,"""For his development of the utilization of the transmission electron microscope as a universal instrument to study the structure of crystalline matter.""",,,,https://en.wikipedia.org/wiki/Wolf_Prize_in_Physics,Wikipedia table
wolf_physics,Wolf Prize in Physics,,1984,Theodore H. Maiman,Theodore H. Maiman,"""For his realization of the first operating laser , the pulsed three level ruby laser .""",,,,https://en.wikipedia.org/wiki/Wolf_Prize_in_Physics,Wikipedia table
wolf_physics,Wolf Prize in Physics,,1985,Conyers Herring,Conyers Herring,"""For their major contributions to the fundamental theory of solids, especially of the behavior of electrons in metals.""",,,,https://en.wikipedia.org/wiki/Wolf_Prize_in_Physics,Wikipedia table
wolf_physics,Wolf Prize in Physics,,1985,Philippe Nozières,Philippe Nozières,"""For their major contributions to the fundamental theory of solids, especially of the behavior of electrons in metals.""",,,,https://en.wikipedia.org/wiki/Wolf_Prize_in_Physics,Wikipedia table
wolf_physics,Wolf Prize in Physics,,1986,Albert J. Libchaber,Albert J. Libchaber,"""For his brilliant experimental demonstration of the transition to turbulence and chaos in dynamical systems.""",,,,https://en.wikipedia.org/wiki/Wolf_Prize_in_Physics,Wikipedia table
wolf_physics,Wolf Prize in Physics,,1986,Mitchell J. Feigenbaum,Mitchell J. Feigenbaum,"""For his pioneering theoretical studies demonstrating the universal character of non-linear systems , which has made possible the systematic study of chaos.""",,,,https://en.wikipedia.org/wiki/Wolf_Prize_in_Physics,Wikipedia table
wolf_physics,Wolf Prize in Physics,,1987,Bruno B. Rossi,Bruno B. Rossi,"""For the discovery of extra-solar X-ray sources and the elucidation of their physical processes.""",,,,https://en.wikipedia.org/wiki/Wolf_Prize_in_Physics,Wikipedia table
wolf_physics,Wolf Prize in Physics,,1987,Riccardo Giacconi,Riccardo Giacconi,"""For the discovery of extra-solar X-ray sources and the elucidation of their physical processes.""",,,,https://en.wikipedia.org/wiki/Wolf_Prize_in_Physics,Wikipedia table
wolf_physics,Wolf Prize in Physics,,1987,Herbert Friedman,Herbert Friedman,"""For pioneering investigations in solar X-rays.""",,,,https://en.wikipedia.org/wiki/Wolf_Prize_in_Physics,Wikipedia table
wolf_physics,Wolf Prize in Physics,,1988,Roger Penrose,Roger Penrose,"""For their brilliant development of the theory of general relativity , in which they have shown the necessity for cosmological singularities and have elucidated the physics of black holes . In this work they have greatly enlarged our understanding of the origin and possible fate of the Universe.""",,,,https://en.wikipedia.org/wiki/Wolf_Prize_in_Physics,Wikipedia table
wolf_physics,Wolf Prize in Physics,,1988,Stephen W. Hawking,Stephen W. Hawking,"""For their brilliant development of the theory of general relativity , in which they have shown the necessity for cosmological singularities and have elucidated the physics of black holes . In this work they have greatly enlarged our understanding of the origin and possible fate of the Universe.""",,,,https://en.wikipedia.org/wiki/Wolf_Prize_in_Physics,Wikipedia table
wolf_physics,Wolf Prize in Physics,,1990,David J. Thouless,David J. Thouless,"""For a wide variety of pioneering contributions to our understanding of the organization of complex condensed matter systems, de Gennes especially for his work on macromolecular matter and liquid crystals and Thouless for his on disordered and low-dimensional systems.""",,,,https://en.wikipedia.org/wiki/Wolf_Prize_in_Physics,Wikipedia table
wolf_physics,Wolf Prize in Physics,,1990,Pierre-Gilles de Gennes,Pierre-Gilles de Gennes,"""For a wide variety of pioneering contributions to our understanding of the organization of complex condensed matter systems, de Gennes especially for his work on macromolecular matter and liquid crystals and Thouless for his on disordered and low-dimensional systems.""",,,,https://en.wikipedia.org/wiki/Wolf_Prize_in_Physics,Wikipedia table
wolf_physics,Wolf Prize in Physics,,1991,Maurice Goldhaber,Maurice Goldhaber,"""For their separate seminal contributions to nuclear and particle physics, particularly those concerning the weak interactions involving leptons .""",,,,https://en.wikipedia.org/wiki/Wolf_Prize_in_Physics,Wikipedia table
wolf_physics,Wolf Prize in Physics,,1991,Valentine L. Telegdi,Valentine L. Telegdi,"""For their separate seminal contributions to nuclear and particle physics, particularly those concerning the weak interactions involving leptons .""",,,,https://en.wikipedia.org/wiki/Wolf_Prize_in_Physics,Wikipedia table
wolf_physics,Wolf Prize in Physics,,1992,Joseph H. Taylor Jr,Joseph H. Taylor Jr,"""For his discovery of an orbiting radio pulsar and its exploitation to verify the general theory of relativity to high precision.""",,,,https://en.wikipedia.org/wiki/Wolf_Prize_in_Physics,Wikipedia table
wolf_physics,Wolf Prize in Physics,,1993,Benoit B. Mandelbrot,Benoit B. Mandelbrot,"""By recognizing the widespread occurrence of fractals and developing mathematical tools for describing them, he has changed our view of nature.""",,,,https://en.wikipedia.org/wiki/Wolf_Prize_in_Physics,Wikipedia table
wolf_physics,Wolf Prize in Physics,,1994,Vitaly L. Ginzburg,Vitaly L. Ginzburg,"""For his contributions to the theory of superconductivity and to the theory of high-energy processes in astrophysics.""",,,,https://en.wikipedia.org/wiki/Wolf_Prize_in_Physics,Wikipedia table
wolf_physics,Wolf Prize in Physics,,1994,Yoichiro Nambu,Yoichiro Nambu,"""For his contribution to elementary particle theory, including recognition of the role played by spontaneous symmetry-breaking in analogy with superconductivity theory, and the discovery of the color symmetry of the strong interactions .""",,,,https://en.wikipedia.org/wiki/Wolf_Prize_in_Physics,Wikipedia table
wolf_physics,Wolf Prize in Physics,,1996,John A. Wheeler,John A. Wheeler,"""For his seminal contributions to black holes physics, to quantum gravity , and to the theories of nuclear scattering and nuclear fission .""",,,,https://en.wikipedia.org/wiki/Wolf_Prize_in_Physics,Wikipedia table
wolf_physics,Wolf Prize in Physics,,1998,Michael V. Berry,Michael V. Berry,"""For the discovery of quantum topological and geometrical phases, specifically the Aharonov-Bohm effect , the Berry phase , and their incorporation into many fields of physics""",,,,https://en.wikipedia.org/wiki/Wolf_Prize_in_Physics,Wikipedia table
wolf_physics,Wolf Prize in Physics,,1998,Yakir Aharonov,Yakir Aharonov,"""For the discovery of quantum topological and geometrical phases, specifically the Aharonov-Bohm effect , the Berry phase , and their incorporation into many fields of physics""",,,,https://en.wikipedia.org/wiki/Wolf_Prize_in_Physics,Wikipedia table
wolf_physics,Wolf Prize in Physics,,1999,Dan Shechtman,Dan Shechtman,"""For the experimental discovery of quasi-crystals , non periodic solids having long-range order, which inspired the exploration of a new fundamental state of matter.""",,,,https://en.wikipedia.org/wiki/Wolf_Prize_in_Physics,Wikipedia table
wolf_physics,Wolf Prize in Physics,,2000,Masatoshi Koshiba,Masatoshi Koshiba,"""For their pioneering observations of astronomical phenomena by detection of neutrinos , thus creating the emerging field of neutrino astronomy .""",,,,https://en.wikipedia.org/wiki/Wolf_Prize_in_Physics,Wikipedia table
wolf_physics,Wolf Prize in Physics,,2000,Raymond Davis Jr,Raymond Davis Jr,"""For their pioneering observations of astronomical phenomena by detection of neutrinos , thus creating the emerging field of neutrino astronomy .""",,,,https://en.wikipedia.org/wiki/Wolf_Prize_in_Physics,Wikipedia table
wolf_physics,Wolf Prize in Physics,,2002,Anthony J. Leggett,Anthony J. Leggett,"""For key insights into the broad range of condensed matter physics: Leggett on superfluidity of the light helium isotope and macroscopic quantum phenomena ; and Halperin on two- dimensional melting, disordered systems and strongly interacting electrons.""",,,,https://en.wikipedia.org/wiki/Wolf_Prize_in_Physics,Wikipedia table
wolf_physics,Wolf Prize in Physics,,2002,Bertrand Halperin,Bertrand Halperin,"""For key insights into the broad range of condensed matter physics: Leggett on superfluidity of the light helium isotope and macroscopic quantum phenomena ; and Halperin on two- dimensional melting, disordered systems and strongly interacting electrons.""",,,,https://en.wikipedia.org/wiki/Wolf_Prize_in_Physics,Wikipedia table
wolf_physics,Wolf Prize in Physics,,2004,François Englert,François Englert,"""For pioneering work that has led to the insight of mass generation, whenever a local gauge symmetry is realized asymmetrically in the world of sub-atomic particles.""",,,,https://en.wikipedia.org/wiki/Wolf_Prize_in_Physics,Wikipedia table
wolf_physics,Wolf Prize in Physics,,2004,Peter Higgs,Peter Higgs,"""For pioneering work that has led to the insight of mass generation, whenever a local gauge symmetry is realized asymmetrically in the world of sub-atomic particles.""",,,,https://en.wikipedia.org/wiki/Wolf_Prize_in_Physics,Wikipedia table
wolf_physics,Wolf Prize in Physics,,2004,Robert Brout,Robert Brout,"""For pioneering work that has led to the insight of mass generation, whenever a local gauge symmetry is realized asymmetrically in the world of sub-atomic particles.""",,,,https://en.wikipedia.org/wiki/Wolf_Prize_in_Physics,Wikipedia table
wolf_physics,Wolf Prize in Physics,,2005,Daniel Kleppner,Daniel Kleppner,"""For groundbreaking work in atomic physics of hydrogenic systems, including research on the hydrogen maser , Rydberg atoms and Bose-Einstein condensation .""",,,,https://en.wikipedia.org/wiki/Wolf_Prize_in_Physics,Wikipedia table
wolf_physics,Wolf Prize in Physics,,2006,Albert Fert,Albert Fert,"""For their independent discovery of the giant magnetoresistance phenomenon (GMR), thereby launching a new field of research and applications known as spintronics , which utilizes the spin of the electron to store and transport information.""",,,,https://en.wikipedia.org/wiki/Wolf_Prize_in_Physics,Wikipedia table
wolf_physics,Wolf Prize in Physics,,2006,Peter Grünberg,Peter Grünberg,"""For their independent discovery of the giant magnetoresistance phenomenon (GMR), thereby launching a new field of research and applications known as spintronics , which utilizes the spin of the electron to store and transport information.""",,,,https://en.wikipedia.org/wiki/Wolf_Prize_in_Physics,Wikipedia table
wolf_physics,Wolf Prize in Physics,,2010,Alain Aspect,Alain Aspect,"""For their fundamental conceptual and experimental contributions to the foundations of quantum physics, specifically an increasingly sophisticated series of tests of Bell’s inequalities or extensions there of using entangled quantum states .""",,,,https://en.wikipedia.org/wiki/Wolf_Prize_in_Physics,Wikipedia table
wolf_physics,Wolf Prize in Physics,,2010,Anton Zeilinger,Anton Zeilinger,"""For their fundamental conceptual and experimental contributions to the foundations of quantum physics, specifically an increasingly sophisticated series of tests of Bell’s inequalities or extensions there of using entangled quantum states .""",,,,https://en.wikipedia.org/wiki/Wolf_Prize_in_Physics,Wikipedia table
wolf_physics,Wolf Prize in Physics,,2010,John F. Clauser,John F. Clauser,"""For their fundamental conceptual and experimental contributions to the foundations of quantum physics, specifically an increasingly sophisticated series of tests of Bell’s inequalities or extensions there of using entangled quantum states .""",,,,https://en.wikipedia.org/wiki/Wolf_Prize_in_Physics,Wikipedia table
wolf_physics,Wolf Prize in Physics,,2011,Harald Rose,Harald Rose,"""For their development of aberration-corrected electron microscopy , allowing the observation of individual atoms with picometer precision, thus revolutionizing materials science.""",,,,https://en.wikipedia.org/wiki/Wolf_Prize_in_Physics,Wikipedia table
wolf_physics,Wolf Prize in Physics,,2011,Knut Urban,Knut Urban,"""For their development of aberration-corrected electron microscopy , allowing the observation of individual atoms with picometer precision, thus revolutionizing materials science.""",,,,https://en.wikipedia.org/wiki/Wolf_Prize_in_Physics,Wikipedia table
wolf_physics,Wolf Prize in Physics,,2011,Maximilian Haider,Maximilian Haider,"""For their development of aberration-corrected electron microscopy , allowing the observation of individual atoms with picometer precision, thus revolutionizing materials science.""",,,,https://en.wikipedia.org/wiki/Wolf_Prize_in_Physics,Wikipedia table
wolf_physics,Wolf Prize in Physics,,2012,Jacob Bekenstein,Jacob Bekenstein,"""For his work on astronomical super-massive objects called ‘ black holes ’ that showed they can possess a statistical-thermodynamic property called entropy even though the internal dynamics could not be known. This work created an entire field of black hole dynamics which has become a cornerstone in the important theoretical physics areas of quantum gravity and strings.""",,,,https://en.wikipedia.org/wiki/Wolf_Prize_in_Physics,Wikipedia table
wolf_physics,Wolf Prize in Physics,,2013,Juan Ignacio Cirac,Juan Ignacio Cirac,"""For groundbreaking theoretical contributions to quantum information processing, quantum optics and the physics of quantum gases.""",,,,https://en.wikipedia.org/wiki/Wolf_Prize_in_Physics,Wikipedia table
wolf_physics,Wolf Prize in Physics,,2013,Peter Zoller,Peter Zoller,"""For groundbreaking theoretical contributions to quantum information processing, quantum optics and the physics of quantum gases.""",,,,https://en.wikipedia.org/wiki/Wolf_Prize_in_Physics,Wikipedia table
wolf_physics,Wolf Prize in Physics,,2015,James D. Bjorken,James D. Bjorken,"""For predicting scaling in deep inelastic scattering , leading to identification of nucleon ’s pointlike constituents.""",,,,https://en.wikipedia.org/wiki/Wolf_Prize_in_Physics,Wikipedia table
wolf_physics,Wolf Prize in Physics,,2015,Robert P. Kirshner,Robert P. Kirshner,"""For forging the path to supernova cosmology through his observations and insights.""",,,,https://en.wikipedia.org/wiki/Wolf_Prize_in_Physics,Wikipedia table
wolf_physics,Wolf Prize in Physics,,2016,Yoseph Imry,Yoseph Imry,"""For pioneering studies of the physics of mesoscopic and random systems.""",,,,https://en.wikipedia.org/wiki/Wolf_Prize_in_Physics,Wikipedia table
wolf_physics,Wolf Prize in Physics,,2017,Didier Queloz,Didier Queloz,"""For the first discovery of an exoplanet orbiting a solar-type star .""",,,,https://en.wikipedia.org/wiki/Wolf_Prize_in_Physics,Wikipedia table
wolf_physics,Wolf Prize in Physics,,2017,Michel Mayor,Michel Mayor,"""For the first discovery of an exoplanet orbiting a solar-type star .""",,,,https://en.wikipedia.org/wiki/Wolf_Prize_in_Physics,Wikipedia table
wolf_physics,Wolf Prize in Physics,,2018,Charles H. Bennett,Charles H. Bennett,"""For founding and advancing the fields of Quantum Cryptography and Quantum Teleportation .""",,,,https://en.wikipedia.org/wiki/Wolf_Prize_in_Physics,Wikipedia table
wolf_physics,Wolf Prize in Physics,,2018,Gilles Brassard,Gilles Brassard,"""For founding and advancing the fields of Quantum Cryptography and Quantum Teleportation .""",,,,https://en.wikipedia.org/wiki/Wolf_Prize_in_Physics,Wikipedia table
wolf_physics,Wolf Prize in Physics,,2020,Rafi Bistritzer,Rafi Bistritzer,"""For pioneering theoretical and experimental work on twisted bilayer graphene .""",,,,https://en.wikipedia.org/wiki/Wolf_Prize_in_Physics,Wikipedia table
wolf_physics,Wolf Prize in Physics,,2020,Pablo Jarillo-Herrero,Pablo Jarillo-Herrero,"""For pioneering theoretical and experimental work on twisted bilayer graphene .""",,,,https://en.wikipedia.org/wiki/Wolf_Prize_in_Physics,Wikipedia table
wolf_physics,Wolf Prize in Physics,,2020,Allan H. MacDonald,Allan H. MacDonald,"""For pioneering theoretical and experimental work on twisted bilayer graphene .""",,,,https://en.wikipedia.org/wiki/Wolf_Prize_in_Physics,Wikipedia table
wolf_physics,Wolf Prize in Physics,,2021,Giorgio Parisi,Giorgio Parisi,"""For ground-breaking discoveries in disordered systems, particle physics and statistical physics.""",,,,https://en.wikipedia.org/wiki/Wolf_Prize_in_Physics,Wikipedia table
wolf_physics,Wolf Prize in Physics,,2022,Anne L'Huillier,Anne L'Huillier,"""For pioneering contributions to ultrafast laser science and attosecond physics .""",,,,https://en.wikipedia.org/wiki/Wolf_Prize_in_Physics,Wikipedia table
wolf_physics,Wolf Prize in Physics,,2022,Paul Corkum,Paul Corkum,"""For pioneering contributions to ultrafast laser science and attosecond physics .""",,,,https://en.wikipedia.org/wiki/Wolf_Prize_in_Physics,Wikipedia table
wolf_physics,Wolf Prize in Physics,,2022,Ferenc Krausz,Ferenc Krausz,"""For pioneering contributions to ultrafast laser science and attosecond physics .""",,,,https://en.wikipedia.org/wiki/Wolf_Prize_in_Physics,Wikipedia table
wolf_physics,Wolf Prize in Physics,,2024,Martin Rees,Martin Rees,"""For fundamental contributions to high-energy astrophysics , galaxies and structure formation, and cosmology .""",,,,https://en.wikipedia.org/wiki/Wolf_Prize_in_Physics,Wikipedia table
wolf_physics,Wolf Prize in Physics,,2025,Jainendra K. Jain,Jainendra K. Jain,"""For advancing our understanding of the surprising properties of two-dimensional electron systems in strong magnetic fields""",,,,https://en.wikipedia.org/wiki/Wolf_Prize_in_Physics,Wikipedia table
wolf_physics,Wolf Prize in Physics,,2025,Mordehai Heiblum,Mordehai Heiblum,"""For advancing our understanding of the surprising properties of two-dimensional electron systems in strong magnetic fields""",,,,https://en.wikipedia.org/wiki/Wolf_Prize_in_Physics,Wikipedia table
wolf_physics,Wolf Prize in Physics,,2025,James P. Eisenstein,James P. Eisenstein,"""For advancing our understanding of the surprising properties of two-dimensional electron systems in strong magnetic fields""",,,,https://en.wikipedia.org/wiki/Wolf_Prize_in_Physics,Wikipedia table
