prize_key,year,who,mode,modes,levels,ops,trigger,confidence,evidence,grain,subdepth,batch,justification
abel,2003,Jean-Pierre Serre,REPRESENT,REPRESENT,L2,ABSTRACT/IDEALIZE,unexplained structure,med,B,STEP,,b01_math,"""Shaping the modern form"" of three fields — reformulation rather than a single theorem."
abel,2004,Michael Atiyah; Isadore Singer,REPRESENT,REPRESENT,L3,BUILD TRANSLATION MAP|MAP/TRANSFER,surprising equivalence,high,A,STEP,,b01_math,"The index theorem equates an analytic and a topological quantity; the citation names ""new bridges"" explicitly."
abel,2005,Peter Lax,REPRESENT,REPRESENT,L0|L2,MAKE-COMPUTABLE,unsolved case,high,A,STEP,,b01_math,PDE theory together with the computation of solutions — the citation pairs theory with tractability.
abel,2006,Lennart Carleson,REPRESENT,REPRESENT,L0,,unsolved case,high,A,STEP,,b01_math,Harmonic analysis and smooth dynamics — hard convergence results inside an existing language.
abel,2007,S. R. Srinivasa Varadhan,REPRESENT,REPRESENT,L2|L4,MERGE/SPLIT CONCEPTS|PROBABILIZE,excessive complexity,high,A,STEP,,b01_math,"""Creating a unified theory of large deviation"" — scattered estimates merged into one framework."
abel,2008,John G. Thompson; Jacques Tits,REPRESENT,REPRESENT,L2,CLASSIFY/ENUMERATE,failure of classification,high,A,STEP,,b01_math,Shaping modern group theory; the classification of finite simple groups is an enumeration of what can exist.
abel,2009,Mikhail Gromov,REPRESENT,REPRESENT,L2,ABSTRACT/IDEALIZE|CHANGE SCALE,unexplained structure,high,A,STEP,,b01_math,Metric/coarse geometry: study spaces by large-scale invariants rather than local smooth structure.
abel,2010,John Tate,REPRESENT,REPRESENT,L2,,unexplained structure,low,C,CAREER,,b01_math,"""Vast and lasting impact on the theory of numbers"" — too general to localise."
abel,2011,John Milnor,REPRESENT,REPRESENT,L0|L4,ADD/REMOVE LATENT OBJECT,unexplained structure,med,B,STEP,,b01_math,Exotic spheres established that a familiar object type had unsuspected members.
abel,2012,Endre Szemeredi,REPRESENT,REPRESENT,L0|L3,MAP/TRANSFER,unsolved case,high,A,STEP,,b01_math,Szemeredi's theorem plus the ergodic-theoretic route to it links combinatorics and dynamics.
abel,2013,Pierre Deligne,REPRESENT,REPRESENT,L0|L3,MAP/TRANSFER,surprising equivalence,high,A,STEP,,b01_math,Weil conjectures: counting solutions over finite fields controlled by topological cohomology.
abel,2014,Yakov Sinai,REPRESENT,REPRESENT,L2|L3,PROBABILIZE|MAP/TRANSFER,cross-domain analogy,high,A,STEP,,b01_math,Deterministic dynamics given a probabilistic/ergodic description; carried into mathematical physics.
abel,2015,John Nash; Louis Nirenberg,REPRESENT,REPRESENT,L0,,unsolved case,high,A,STEP,,b01_math,Nonlinear PDE regularity and existence results applied to geometric analysis.
abel,2016,Andrew Wiles,REPRESENT,REPRESENT,L3|L0,BUILD TRANSLATION MAP,unsolved case,high,A,STEP,,b01_math,"FLT proved via modularity — the result comes from the elliptic-curve/modular-form dictionary, not from attacking FLT directly."
abel,2017,Yves Meyer,REPRESENT,REPRESENT,L2,CHANGE WHAT IS MEASURED|CHANGE SCALE,failure of current variables,high,A,STEP,,b01_math,Wavelets are a change of basis: localise in scale and position where Fourier could not.
abel,2018,Robert Langlands,REPRESENT,REPRESENT,L3,BUILD TRANSLATION MAP,surprising equivalence,high,A,STEP,,b01_math,"The citation is literally ""a visionary program connecting representation theory to number theory""."
abel,2019,Karen Uhlenbeck,REPRESENT,REPRESENT,L2|L3,MAP/TRANSFER,cross-domain analogy,high,A,STEP,,b01_math,Geometric PDE and gauge theory: analytic methods carried into geometry and mathematical physics.
abel,2020,Hillel Furstenberg; Grigory Margulis,REPRESENT,REPRESENT,L3,MAP/TRANSFER|PROBABILIZE,cross-domain analogy,high,A,STEP,,b01_math,"The citation names the move: methods from probability and dynamics used in group theory, number theory and combinatorics."
abel,2021,Laszlo Lovasz; Avi Wigderson,REPRESENT,REPRESENT,L2|L3,MAP/TRANSFER|MAKE-COMPUTABLE,cross-domain analogy,high,A,STEP,,b01_math,Discrete mathematics and complexity theory shaped into each other; algorithmic tractability is central.
abel,2022,Dennis Sullivan,REPRESENT,REPRESENT,L2|L3,MAP/TRANSFER,unexplained structure,high,A,STEP,,b01_math,"Topology treated through algebraic, geometric and dynamical languages together."
abel,2023,Luis Caffarelli,REPRESENT,REPRESENT,L0,RIGORIZE,unsolved case,high,A,STEP,,b01_math,Regularity theory for nonlinear PDE and free-boundary problems — establishing what was expected.
abel,2024,Michel Talagrand,REPRESENT,REPRESENT,L2,ABSTRACT/IDEALIZE|PROBABILIZE,unexplained structure,high,A,STEP,,b01_math,Concentration of measure reorganises high-dimensional probability around a single principle.
abel,2025,Masaki Kashiwara,REPRESENT,REPRESENT,L4|L2,ADD/REMOVE LATENT OBJECT|CHANGE ALGEBRA/GEOMETRY/DIMENSION,unexplained structure,high,A,STEP,,b01_math,D-modules make differential equations algebraic objects; crystal graphs give representations a combinatorial skeleton.
abel,2026,Gerd Faltings,REPRESENT,REPRESENT,L0|L2,,unsolved case,high,A,STEP,,b01_math,"""Introducing powerful tools in arithmetic geometry"" then using them to settle Mordell and Lang."
boltzmann,1977,Ryogo Kubo,REPRESENT,REPRESENT,L3|L2,MAP/TRANSFER|FIND INVARIANT/SYMMETRY,surprising equivalence,high,A,STEP,,b01_math,Fluctuation theory ties spontaneous fluctuation to driven response — two previously separate quantities become one relation.
boltzmann,1992,Giorgio Parisi,REPRESENT,REPRESENT,L2|L4,CHANGE WHAT IS MEASURED|PROBABILIZE,failure of current variables,high,A,STEP,,b01_math,Replica symmetry breaking: the order parameter stops being a number and becomes a function/distribution.
boltzmann,1992,Joel Lebowitz,REPRESENT,REPRESENT,L0|L2,RIGORIZE,unsolved case,med,B,CAREER,,b01_math,"Equilibrium and non-equilibrium statistical mechanics, largely by putting existing formalism on rigorous footing."
boltzmann,1998,Benjamin Widom,REPRESENT,REPRESENT,L2,CHANGE SCALE|FIND INVARIANT/SYMMETRY,unexplained structure,high,A,STEP,,b01_math,Scaling hypotheses reorganise the equation of state around scale invariance rather than microscopic detail.
boltzmann,2001,Berni Alder,TRACTABLE,TRACTABLE,,MAKE-COMPUTABLE,failure of current method,high,A,STEP,C3,b01_math,"Explicitly ""inventing the technique of molecular dynamics simulation… computer experiments"" — a tractability move, not a new ontology."
boltzmann,2001,Kyozi Kawasaki,REPRESENT,REPRESENT,L2,CHANGE SCALE,unexplained structure,high,A,STEP,,b01_math,Mode-coupling theory is a change of dynamical variables (modes) for critical and sheared fluids.
boltzmann,2004,E.G.D. Cohen,REPRESENT,REPRESENT,L2,CHANGE WHAT IS MEASURED,failure of current variables,high,A,STEP,,b01_math,Transport theory for dense gases plus measures/fluctuations characterising non-equilibrium stationary states.
boltzmann,2004,H. Eugene Stanley,REPRESENT,REPRESENT,L2|L3,MAP/TRANSFER|CHANGE SCALE,cross-domain analogy,high,A,STEP,,b01_math,Critical-phenomena and percolation language exported to explain anomalous liquid water.
boltzmann,2013,Giovanni Jona-Lasinio,REPRESENT,REPRESENT,L3|L2,MAP/TRANSFER,cross-domain analogy,high,A,STEP,,b01_math,Spontaneous symmetry breaking carried from condensed matter into particle physics (with Nambu); plus non-equilibrium fluctuation theory.
boltzmann,2013,Harry Swinney,REACH,REACH,,,new capability,high,A,STEP,R2,b01_math,"""Ingenious and challenging experiments"" — the contribution is experimental access, not representational change."
boltzmann,2016,Daan Frenkel,REPRESENT,REPRESENT,L2,MAKE-COMPUTABLE|CHANGE SCALE,intractability,high,A,STEP,,b01_math,Soft-matter self-assembly understood through coarse-grained models and the simulation methods that make them solvable.
boltzmann,2016,Yves Pomeau,REPRESENT,REPRESENT,L2,ABSTRACT/IDEALIZE|CHANGE SCALE,emergent collective structure,high,A,STEP,,b01_math,"Instabilities, pattern formation and chaos described by reduced amplitude/phase equations."
boltzmann,2019,Herbert Spohn,REPRESENT,REPRESENT,L2,CHANGE SCALE,unsolved case,low,C,CAREER,,b01_math,"""Wide-ranging and highly influential work in non-equilibrium statistical physics"" — no single move localisable."
boltzmann,2022,Deepak Dhar,REPRESENT,REPRESENT,L0|L2,FIND INVARIANT/SYMMETRY|RIGORIZE,unexplained structure,high,A,STEP,,b01_math,Exact solutions of self-organised criticality (the abelian structure) plus the definition of spectral dimension — a new quantity.
boltzmann,2022,John J. Hopfield,REPRESENT,REPRESENT,L3,MAP/TRANSFER|CHANGE EXPLANATORY LEVEL,cross-domain analogy,high,A,STEP,,b01_math,"The citation states the move outright: ""creating a new language for thinking about computation in the brain""."
boltzmann,2025,Mehran Kardar,REPRESENT,REPRESENT,L2|L3,CHANGE SCALE|MAP/TRANSFER,emergent collective structure,high,A,STEP,,b01_math,"KPZ recasts surface growth as a stochastic field theory and the citation stresses transfer to ""a diversity of phenomena""."
boltzmann,2025,Yoshiki Kuramoto,REPRESENT,REPRESENT,L2,STRIP DETAILS|ABSTRACT/IDEALIZE,emergent collective structure,high,A,STEP,,b01_math,Oscillators reduced to phase variables — discard amplitude detail to expose synchronisation.
breakthrough_fundamental_physics,2012,Arkani-Hamed,REPRESENT,REPRESENT,L2,,unsolved case,low,C,STEP,,b06_bfp_shaw,"""Original approaches to outstanding problems"" — unlocalisable."
breakthrough_fundamental_physics,2012,Guth,REPRESENT,REPRESENT,L4|L2,ADD/REMOVE LATENT OBJECT,internal inconsistency,high,A,STEP,,b06_bfp_shaw,"Inflation invented, plus the mechanism generating density fluctuations."
breakthrough_fundamental_physics,2012,Kitaev,REPRESENT,REPRESENT,L4,ADD/REMOVE LATENT OBJECT|FIND INVARIANT/SYMMETRY,internal inconsistency,high,A,STEP,,b06_bfp_shaw,Anyons and Majorana modes as objects whose topology protects information.
breakthrough_fundamental_physics,2012,Kontsevich,REPRESENT,REPRESENT,L3,MAP/TRANSFER|DUALIZE,surprising equivalence,high,A,STEP,,b06_bfp_shaw,Homological mirror symmetry identifies two geometries as one structure.
breakthrough_fundamental_physics,2012,Linde,REPRESENT,REPRESENT,L4|L2,ADD/REMOVE LATENT OBJECT,internal inconsistency,high,A,STEP,,b06_bfp_shaw,Inflationary cosmology: a new field and epoch resolve fine-tuning.
breakthrough_fundamental_physics,2012,Maldacena,REPRESENT,REPRESENT,L3,DUALIZE|BUILD TRANSLATION MAP,surprising equivalence,high,A,STEP,,b06_bfp_shaw,Gauge/gravity duality: bulk gravity and boundary field theory are one system in two languages.
breakthrough_fundamental_physics,2012,Seiberg,REPRESENT,REPRESENT,L2,DUALIZE,unexplained structure,med,B,PROGRAMME,,b06_bfp_shaw,Understanding of quantum field theory and string theory; dualities among gauge theories.
breakthrough_fundamental_physics,2012,Sen,REPRESENT,REPRESENT,L3,DUALIZE,surprising equivalence,high,A,STEP,,b06_bfp_shaw,All string theories seen as limits of a single underlying theory.
breakthrough_fundamental_physics,2012,Witten,REPRESENT,REPRESENT,L3,MAP/TRANSFER|DUALIZE,cross-domain analogy,high,A,STEP,,b06_bfp_shaw,Topology applied to physics and non-perturbative duality symmetries.
breakthrough_fundamental_physics,2013,Beisert,REPRESENT,REPRESENT,L2|L3,FIND INVARIANT/SYMMETRY,failure of current method,high,A,STEP,,b06_bfp_shaw,Integrability exploited for exact results in gauge theory and its string dual.
breakthrough_fundamental_physics,2013,Gaiotto,REPRESENT,REPRESENT,L3,MAP/TRANSFER|DUALIZE,surprising equivalence,high,A,STEP,,b06_bfp_shaw,"Theories in different dimensions linked, exposing dualities as geometry."
breakthrough_fundamental_physics,2013,Hawking,REPRESENT,REPRESENT,L3|L1,MAP/TRANSFER|REINTERPRET,surprising equivalence,high,A,STEP,,b06_bfp_shaw,"Black holes radiate: thermodynamics, quantum field theory and gravity forced into one description."
breakthrough_fundamental_physics,2013,Jenni; Gianotti,RECORD,RECORD,,,test an existing prediction,high,A,STEP,E0,b06_bfp_shaw,Leadership of the collaborations that discovered the Higgs boson.
breakthrough_fundamental_physics,2013,Komargodski,REPRESENT,REPRESENT,L2,FIND INVARIANT/SYMMETRY|CHANGE SCALE,unexplained structure,high,A,STEP,,b06_bfp_shaw,The a-theorem supplies a monotone quantity along renormalisation flow.
breakthrough_fundamental_physics,2013,Polyakov,REPRESENT,REPRESENT,L2|L4,FIND INVARIANT/SYMMETRY|ADD/REMOVE LATENT OBJECT,unexplained structure,high,A,STEP,,b06_bfp_shaw,"Conformal bootstrap, monopoles, instantons — consistency conditions used as the tool."
breakthrough_fundamental_physics,2014,Cachazo,REPRESENT,REPRESENT,L2,CHANGE WHAT IS MEASURED|MAKE-COMPUTABLE,failure of current method,high,A,STEP,,b06_bfp_shaw,Hidden structures in scattering amplitudes replace diagrammatic expansion.
breakthrough_fundamental_physics,2014,Green; Schwarz,REPRESENT,REPRESENT,L4|L3,ADD/REMOVE LATENT OBJECT,internal inconsistency,high,A,STEP,,b06_bfp_shaw,Anomaly cancellation opens a consistent route to quantum gravity and unification.
breakthrough_fundamental_physics,2014,Minwalla,REPRESENT,REPRESENT,L3,DUALIZE|MAP/TRANSFER,surprising equivalence,high,A,STEP,,b06_bfp_shaw,Fluid dynamics equations shown equivalent to gravitational dynamics.
breakthrough_fundamental_physics,2014,Rychkov,REPRESENT,REPRESENT,L2,FIND INVARIANT/SYMMETRY,failure of current method,high,A,STEP,,b06_bfp_shaw,Conformal bootstrap revived: theories constrained by consistency rather than solved dynamically.
breakthrough_fundamental_physics,2015,Casini; Huerta; et al,REPRESENT,REPRESENT,L2|L3,CHANGE WHAT IS MEASURED,divergence,high,A,STEP,,b06_bfp_shaw,Entropy in quantum field theory and gravity recast through finite information quantities.
breakthrough_fundamental_physics,2015,Hartnoll,REPRESENT,REPRESENT,L3,MAP/TRANSFER,cross-domain analogy,high,A,STEP,,b06_bfp_shaw,Holographic methods imported to describe strongly interacting quantum matter.
breakthrough_fundamental_physics,2015,Schuster; Toro,REPRESENT,REPRESENT,L2,ABSTRACT/IDEALIZE,excessive complexity,high,A,STEP,,b06_bfp_shaw,Simplified models: strip theory to the few parameters an experiment can actually constrain.
breakthrough_fundamental_physics,2016,Bernevig; Qi; et al,REPRESENT,REPRESENT,L2,CLASSIFY/ENUMERATE|FIND INVARIANT/SYMMETRY,failure of classification,high,A,STEP,,b06_bfp_shaw,Topology used to classify states of matter.
breakthrough_fundamental_physics,2016,Drever; Thorne; Weiss,REACH,REACH,,,test an existing prediction,high,A,STEP,R2,b06_bfp_shaw,Gravitational waves observed — a new observational channel.
breakthrough_fundamental_physics,2016,Flauger; Senatore,REPRESENT,REPRESENT,L2,,unexplained structure,low,C,PROGRAMME,,b06_bfp_shaw,"""Outstanding contributions to theoretical cosmology"" — unlocalisable."
breakthrough_fundamental_physics,2016,Tachikawa,REPRESENT,REPRESENT,L2,FIND INVARIANT/SYMMETRY,unexplained structure,med,B,STEP,,b06_bfp_shaw,Structure of supersymmetric quantum field theories.
breakthrough_fundamental_physics,2016,Wang; Luk; teams,RECORD,RECORD,,,empirical anomaly,high,A,STEP,E3,b06_bfp_shaw,Neutrino oscillation discovered and explored.
breakthrough_fundamental_physics,2017,Arvanitaki; Graham; et al,REACH,REACH,,,new capability,high,A,STEP,R2,b06_bfp_shaw,New experimental probes of fundamental physics devised.
breakthrough_fundamental_physics,2017,Giombi; Yin,REPRESENT,REPRESENT,L3,DUALIZE,surprising equivalence,high,A,STEP,,b06_bfp_shaw,Higher-spin gravity connected holographically to a soluble field theory.
breakthrough_fundamental_physics,2017,Polchinski; Strominger; Vafa,REPRESENT,REPRESENT,L3|L4,REIFY|DUALIZE,unexplained structure,high,A,STEP,,b06_bfp_shaw,D-branes and black hole microstate counting in string theory.
breakthrough_fundamental_physics,2017,Pretorius,TRACTABLE,TRACTABLE,,MAKE-COMPUTABLE,intractability,high,A,STEP,C3,b06_bfp_shaw,The first code able to simulate binary black-hole inspiral and merger.
breakthrough_fundamental_physics,2018,Bell Burnell,RECORD,RECORD,,,observational opportunity,high,A,CAREER,E2,b06_bfp_shaw,Pulsars discovered.
breakthrough_fundamental_physics,2018,Bennett; Hinshaw; et al,RECORD,RECORD,,,observational opportunity,high,A,STEP,E1,b06_bfp_shaw,Detailed maps of the early universe from WMAP.
breakthrough_fundamental_physics,2018,Hirata,REPRESENT,REPRESENT,L2,MAKE-COMPUTABLE,observational opportunity,med,B,PROGRAMME,,b06_bfp_shaw,Early galaxy formation physics and sharpened cosmological tools.
breakthrough_fundamental_physics,2018,Stanford,REPRESENT,REPRESENT,L3,MAP/TRANSFER,surprising equivalence,high,A,STEP,,b06_bfp_shaw,Quantum chaos diagnostics tied to gravitational dynamics.
breakthrough_fundamental_physics,2018,Young,ARTIFACT,ARTIFACT,,,new capability,high,A,STEP,A2,b06_bfp_shaw,Van der Waals heterostructures co-invented; new quantum Hall phases followed.
breakthrough_fundamental_physics,2019,Adhikari; Barsotti; et al,REACH,REACH,,,new capability,high,A,STEP,R2,b06_bfp_shaw,Present and future gravitational-wave detectors.
breakthrough_fundamental_physics,2019,Ferrara; Freedman; van Nieuwenhuizen,REPRESENT,REPRESENT,L4,MERGE/SPLIT CONCEPTS,excessive complexity,high,A,STEP,,b06_bfp_shaw,Supergravity: quantum variables become part of spacetime geometry.
breakthrough_fundamental_physics,2019,Harlow; Jafferis; et al,REPRESENT,REPRESENT,L3,MAP/TRANSFER,surprising equivalence,high,A,STEP,,b06_bfp_shaw,Quantum information concepts applied to field theory and gravity.
breakthrough_fundamental_physics,2019,Kane; Mele,REPRESENT,REPRESENT,L2|L4,FIND INVARIANT/SYMMETRY|CLASSIFY/ENUMERATE,failure of classification,high,A,STEP,,b06_bfp_shaw,Topological invariants predict a new class of conducting-surface materials.
breakthrough_fundamental_physics,2019,Metzger,REPRESENT,REPRESENT,L0,,unsolved case,high,A,STEP,,b06_bfp_shaw,Electromagnetic counterpart of a neutron-star merger predicted.
breakthrough_fundamental_physics,2020,Caron-Huot; Vieira,REPRESENT,REPRESENT,L2,,unexplained structure,low,C,PROGRAMME,,b06_bfp_shaw,"""Profound contributions to the understanding of quantum field theory"" — unlocalisable."
breakthrough_fundamental_physics,2020,Chen; Fidkowski; et al,REPRESENT,REPRESENT,L2,CLASSIFY/ENUMERATE,failure of classification,high,A,STEP,,b06_bfp_shaw,Topological states of matter and their relationships classified.
breakthrough_fundamental_physics,2020,Dunkley; Nissanke; et al,TRACTABLE,TRACTABLE,,MAKE-COMPUTABLE,intractability,high,A,STEP,C2,b06_bfp_shaw,Novel techniques to extract fundamental physics from astronomical data.
breakthrough_fundamental_physics,2020,Event Horizon Telescope,REACH,REACH,,,new capability,high,A,STEP,R2,b06_bfp_shaw,First image of a supermassive black hole via an Earth-sized interferometer.
breakthrough_fundamental_physics,2021,Adelberger; Gundlach; et al,REACH,REACH,,,new capability,high,A,STEP,R0,b06_bfp_shaw,Precision measurements testing gravity and constraining new couplings.
breakthrough_fundamental_physics,2021,Almheiri; Engelhardt; et al,REPRESENT,REPRESENT,L3,MAP/TRANSFER|CHANGE WHAT IS MEASURED,internal inconsistency,high,A,STEP,,b06_bfp_shaw,The information content of a black hole computed — entropy curves reconcile unitarity with gravity.
breakthrough_fundamental_physics,2021,Essig; Tiffenberg; et al,REACH,REACH,,,new capability,high,A,STEP,R2,b06_bfp_shaw,Detection methods for sub-GeV dark matter.
breakthrough_fundamental_physics,2021,Slatyer,RECORD,RECORD,,,observational opportunity,high,A,STEP,E2,b06_bfp_shaw,Dark matter models and the discovery of the Fermi Bubbles.
breakthrough_fundamental_physics,2021,Weinberg,REPRESENT,REPRESENT,L2,,unexplained structure,low,C,CAREER,,b06_bfp_shaw,"Lifetime leadership across particle physics, gravity and cosmology."
breakthrough_fundamental_physics,2022,Corsi; Hallinan; et al,REACH,REACH,,,new capability,high,A,STEP,R2,b06_bfp_shaw,Electromagnetic follow-up of gravitational-wave sources.
breakthrough_fundamental_physics,2022,Else; Khemani; et al,REPRESENT,REPRESENT,L4,ADD/REMOVE LATENT OBJECT|CLASSIFY/ENUMERATE,failure of classification,high,A,STEP,,b06_bfp_shaw,Time crystals: phases defined by broken time-translation symmetry out of equilibrium.
breakthrough_fundamental_physics,2022,Katori; Ye,REACH,REACH,,,new capability,high,A,STEP,R0,b06_bfp_shaw,Optical lattice clocks enabling precision tests.
breakthrough_fundamental_physics,2022,Sebastian,REACH,REACH,,,new capability,high,A,STEP,R0,b06_bfp_shaw,High-precision electronic and magnetic measurements of correlated materials.
breakthrough_fundamental_physics,2023,Bennett; Brassard,REPRESENT,REPRESENT,L3,MAP/TRANSFER,cross-domain analogy,high,A,STEP,,b06_bfp_shaw,Quantum mechanics recast as an information-processing resource.
breakthrough_fundamental_physics,2023,Bernien; Endres; et al,REACH,REACH,,,new capability,high,A,STEP,R3,b06_bfp_shaw,Optical tweezer arrays controlling individual atoms.
breakthrough_fundamental_physics,2023,Grassellino,ARTIFACT,ARTIFACT,,,technological need,high,A,STEP,A2,b06_bfp_shaw,Superconducting radio-frequency cavity performance engineered upward.
breakthrough_fundamental_physics,2023,Simmons-Duffin,TRACTABLE,TRACTABLE,L2,MAKE-COMPUTABLE,intractability,high,A,STEP,C2,b06_bfp_shaw,Numerical bootstrap turns consistency constraints into computable bounds.
breakthrough_fundamental_physics,2024,Cardy; Zamolodchikov,REPRESENT,REPRESENT,L2,FIND INVARIANT/SYMMETRY|CHANGE SCALE,unexplained structure,high,A,STEP,,b06_bfp_shaw,Conformal field theory and c-theorem structures underpinning critical phenomena.
breakthrough_fundamental_physics,2024,Ivanov; Philcox; et al,TRACTABLE,TRACTABLE,L2,MAKE-COMPUTABLE,intractability,high,A,STEP,C2,b06_bfp_shaw,New tools to extract cosmological physics from large-scale structure.
breakthrough_fundamental_physics,2024,Johnson; Lupsasca; et al,REPRESENT,REPRESENT,L0|L2,FIND INVARIANT/SYMMETRY,unsolved case,high,A,STEP,,b06_bfp_shaw,Universal substructure of black hole photon rings derived and its detection proposed.
breakthrough_fundamental_physics,2024,Perez; Pinilla; et al,REPRESENT,REPRESENT,L0,ADD/REMOVE LATENT OBJECT,unsolved case,high,A,STEP,,b06_bfp_shaw,"Dust traps predicted, found and modelled, solving a planet-formation obstacle."
breakthrough_fundamental_physics,2025,ATLAS; CMS collaborations,RECORD,RECORD,,,test an existing prediction,high,A,STEP,E0,b06_bfp_shaw,"Higgs properties measured, confirming the mass-generation mechanism."
breakthrough_fundamental_physics,2025,Bakr,REACH,REACH,,,new capability,high,A,STEP,R1,b06_bfp_shaw,Quantum gas microscopes give a site-resolved view of correlated systems.
breakthrough_fundamental_physics,2025,Haah,REPRESENT,REPRESENT,L4|L3,MAP/TRANSFER|ADD/REMOVE LATENT OBJECT,unexplained structure,high,A,STEP,,b06_bfp_shaw,Fractal conservation laws: discrete mathematical structures imported as physical objects.
breakthrough_fundamental_physics,2025,Haffert; Jensen-Clem; et al,REACH,REACH,,,new capability,high,A,STEP,R2,b06_bfp_shaw,Extreme adaptive optics for direct imaging of small exoplanets.
breakthrough_fundamental_physics,2025,t Hooft,REPRESENT,REPRESENT,L2,QUOTIENT/REMOVE REDUNDANCY|CHANGE SCALE,internal inconsistency,high,A,STEP,,b06_bfp_shaw,Gauge theory made renormalisable and structurally understood.
breakthrough_fundamental_physics,2026,Brout; Hill; et al,RECORD,RECORD,,,observational opportunity,high,A,STEP,E1,b06_bfp_shaw,Advances in CMB and supernova cosmology.
breakthrough_fundamental_physics,2026,Cordova; Dumitrescu; et al,REPRESENT,REPRESENT,L4|L2,FIND INVARIANT/SYMMETRY|CLASSIFY/ENUMERATE,unexplained structure,high,A,STEP,,b06_bfp_shaw,"Generalising what ""symmetry"" means (higher-form, non-invertible) — a second L5 candidate: the operator itself is extended."
breakthrough_fundamental_physics,2026,Gross,REPRESENT,REPRESENT,L2,,unexplained structure,low,C,CAREER,,b06_bfp_shaw,Lifetime contributions from the strong force to string theory.
breakthrough_fundamental_physics,2026,Muon g-2 collaboration,REACH,REACH,,,test an existing prediction,high,A,STEP,R0,b06_bfp_shaw,Precision measurement of the muon anomalous magnetic moment.
breakthrough_fundamental_physics,2026,Safdi,REACH,REACH,,,new capability,high,A,STEP,R2,b06_bfp_shaw,New laboratory and astronomical searches for axion-like particles.
breakthrough_life_sciences,2013,Bargmann,RECORD,RECORD,,,observational opportunity,high,A,STEP,E1,b09_med_life,Genetics of neural circuits and behaviour.
breakthrough_life_sciences,2013,Botstein,REACH,REACH,,,new capability,high,A,STEP,R2,b09_med_life,DNA polymorphisms as markers for linkage mapping.
breakthrough_life_sciences,2013,Cantley,RECORD,RECORD,,,observational opportunity,high,A,STEP,E1,b09_med_life,PI3-kinase and cancer metabolism.
breakthrough_life_sciences,2013,Clevers,RECORD,RECORD,,,observational opportunity,high,A,STEP,E1,b09_med_life,Wnt signalling in tissue stem cells and cancer.
breakthrough_life_sciences,2013,Ferrara,RECORD,RECORD,,,observational opportunity,high,A,STEP,E1,b09_med_life,Angiogenesis mechanisms leading to therapies.
breakthrough_life_sciences,2013,Lander,REACH,REACH,,,new capability,high,A,STEP,R2,b09_med_life,General principles for identifying human disease genes.
breakthrough_life_sciences,2013,Sawyers,RECORD,RECORD,,,observational opportunity,high,A,STEP,E1,b09_med_life,Cancer genes tied to targeted therapy.
breakthrough_life_sciences,2013,Vogelstein,RECORD,RECORD,,,observational opportunity,high,A,STEP,E1,b09_med_life,Cancer genomics and tumour suppressor genes.
breakthrough_life_sciences,2013,Weinberg,RECORD,RECORD,,,observational opportunity,high,A,STEP,E1,b09_med_life,Human cancer genes characterised.
breakthrough_life_sciences,2013,Yamanaka,REACH,REACH,,,new capability,high,A,STEP,R3,b09_med_life,Induced pluripotent stem cells as a general capability.
breakthrough_life_sciences,2013,de Lange,RECORD,RECORD,,,observational opportunity,high,A,STEP,E1,b09_med_life,Telomere protection of chromosome ends.
breakthrough_life_sciences,2014,Allison,ARTIFACT,ARTIFACT,,,technological need,high,A,STEP,A2,b09_med_life,T cell checkpoint blockade as cancer therapy.
breakthrough_life_sciences,2014,DeLong,RECORD,RECORD,,,observational opportunity,high,A,STEP,E1,b09_med_life,Brain circuits malfunctioning in Parkinson disease.
breakthrough_life_sciences,2014,Hall,RECORD,RECORD,,,observational opportunity,high,A,STEP,E1,b09_med_life,TOR and its role in cell growth control.
breakthrough_life_sciences,2014,Langer,ARTIFACT,ARTIFACT,,,technological need,high,A,STEP,A1,b09_med_life,Controlled drug release systems and biomaterials.
breakthrough_life_sciences,2014,Lifton,RECORD,RECORD,,,observational opportunity,high,A,STEP,E1,b09_med_life,Genes and mechanisms causing hypertension.
breakthrough_life_sciences,2014,Varshavsky,RECORD,RECORD,,,observational opportunity,high,A,STEP,E1,b09_med_life,Determinants and functions of intracellular protein degradation.
breakthrough_life_sciences,2015,Allis,RECORD,RECORD,,,observational opportunity,high,A,STEP,E1,b09_med_life,Histone modification as a regulatory code.
breakthrough_life_sciences,2015,Ambros; Ruvkun,RECORD,RECORD,,,observational opportunity,high,A,STEP,E2,b09_med_life,MicroRNAs as a new layer of genetic regulation.
breakthrough_life_sciences,2015,Benabid,ARTIFACT,ARTIFACT,,,technological need,high,A,STEP,A1,b09_med_life,High-frequency deep brain stimulation as therapy.
breakthrough_life_sciences,2015,Doudna; Charpentier,REACH,REACH,,,new capability,high,A,STEP,R3,b09_med_life,Bacterial immunity harnessed into a general editing technology.
breakthrough_life_sciences,2016,Boyden; Deisseroth,REACH,REACH,,,new capability,high,A,STEP,R3,b09_med_life,Optogenetics gives programmable control of neurons.
breakthrough_life_sciences,2016,Hardy,RECORD,RECORD,,,observational opportunity,high,A,STEP,E1,b09_med_life,APP mutations causing early-onset Alzheimer disease.
breakthrough_life_sciences,2016,Hobbs,RECORD,RECORD,,,observational opportunity,high,A,STEP,E1,b09_med_life,Genetic variants altering cholesterol levels.
breakthrough_life_sciences,2016,Paabo,REACH,REACH,,,new capability,high,A,STEP,R2,b09_med_life,Ancient DNA sequencing as a method.
breakthrough_life_sciences,2017,Elledge,RECORD,RECORD,,,observational opportunity,high,A,STEP,E1,b09_med_life,DNA damage sensing and response.
breakthrough_life_sciences,2017,Noller,RECORD,RECORD,,,observational opportunity,high,A,STEP,E1,b09_med_life,RNA at the catalytic centre of the ribosome.
breakthrough_life_sciences,2017,Nusse,RECORD,RECORD,,,observational opportunity,high,A,STEP,E1,b09_med_life,The Wnt intercellular signalling pathway.
breakthrough_life_sciences,2017,Ohsumi,RECORD,RECORD,,,observational opportunity,high,A,STEP,E1,b09_med_life,Autophagy elucidated as a recycling system.
breakthrough_life_sciences,2017,Zoghbi,RECORD,RECORD,,,observational opportunity,high,A,STEP,E1,b09_med_life,Genetic causes of spinocerebellar ataxia and Rett syndrome.
breakthrough_life_sciences,2018,Chory,RECORD,RECORD,,,observational opportunity,high,A,STEP,E1,b09_med_life,How plants optimise growth in response to light.
breakthrough_life_sciences,2018,Cleveland,RECORD,RECORD,,,observational opportunity,high,A,STEP,E1,b09_med_life,Molecular pathogenesis of inherited ALS.
breakthrough_life_sciences,2018,Nasmyth,RECORD,RECORD,,,observational opportunity,high,A,STEP,E1,b09_med_life,Mechanism separating duplicated chromosomes.
breakthrough_life_sciences,2018,Walter; Mori,RECORD,RECORD,,,observational opportunity,high,A,STEP,E1,b09_med_life,The unfolded protein response.
breakthrough_life_sciences,2019,Amon,RECORD,RECORD,,,observational opportunity,high,A,STEP,E1,b09_med_life,Consequences of aneuploidy.
breakthrough_life_sciences,2019,Bennett; Krainer,ARTIFACT,ARTIFACT,,,technological need,high,A,STEP,A1,b09_med_life,Antisense oligonucleotide therapy for spinal muscular atrophy.
breakthrough_life_sciences,2019,Chen,RECORD,RECORD,,,observational opportunity,high,A,STEP,E1,b09_med_life,How cytosolic DNA triggers immune responses.
breakthrough_life_sciences,2019,Zhuang,REACH,REACH,,,new capability,high,A,STEP,R1,b09_med_life,Super-resolution imaging reveals hidden cellular structure.
breakthrough_life_sciences,2020,Friedman,RECORD,RECORD,,,observational opportunity,high,A,STEP,E2,b09_med_life,Adipose tissue signalling to the brain — a new endocrine axis.
breakthrough_life_sciences,2020,Hartl; Horwich,RECORD,RECORD,,,observational opportunity,high,A,STEP,E1,b09_med_life,Chaperones mediating protein folding.
breakthrough_life_sciences,2020,Julius,RECORD,RECORD,,,observational opportunity,high,A,STEP,E1,b09_med_life,Molecules and mechanisms of pain sensation.
breakthrough_life_sciences,2020,Lee; Trojanowski,RECORD,RECORD,,,observational opportunity,high,A,STEP,E1,b09_med_life,TDP43 aggregates in dementia and ALS.
breakthrough_life_sciences,2021,Baker,TRACTABLE,TRACTABLE,,MAKE-COMPUTABLE,intractability,high,A,STEP,C3,b09_med_life,Proteins never seen in nature designed computationally.
breakthrough_life_sciences,2021,Dulac,RECORD,RECORD,,,observational opportunity,high,A,STEP,E1,b09_med_life,Parenting behaviour decomposed to cell types and circuits.
breakthrough_life_sciences,2021,Lo,REACH,REACH,,,new capability,high,A,STEP,R2,b09_med_life,Fetal DNA in maternal blood enables non-invasive prenatal testing.
breakthrough_life_sciences,2021,Youle,RECORD,RECORD,,,observational opportunity,high,A,STEP,E1,b09_med_life,Quality-control pathway clearing damaged mitochondria.
breakthrough_life_sciences,2022,Balasubramanian; Klenerman,REACH,REACH,,,new capability,high,A,STEP,R2,b09_med_life,Massively parallel DNA sequencing made affordable.
breakthrough_life_sciences,2022,Kariko; Weissman,REACH,REACH,,,new capability,high,A,STEP,R2,b09_med_life,Modified RNA engineered into a vaccine platform.
breakthrough_life_sciences,2022,Kelly,RECORD,RECORD,,,observational opportunity,high,A,STEP,E1,b09_med_life,Molecular basis of transthyretin diseases.
breakthrough_life_sciences,2023,Brangwynne; Hyman,REPRESENT,REPRESENT,L4|L2,ADD/REMOVE LATENT OBJECT,unexplained phenomenon,high,A,STEP,,b09_med_life,Phase separation introduces membraneless condensates as a kind of cellular organelle.
breakthrough_life_sciences,2023,Hassabis; Jumper,TRACTABLE,TRACTABLE,,MAKE-COMPUTABLE,intractability,high,A,STEP,C3,b09_med_life,Deep learning turns protein structure prediction into a solved computation.
breakthrough_life_sciences,2023,Mignot; Yanagisawa,RECORD,RECORD,,,observational opportunity,high,A,STEP,E1,b09_med_life,Narcolepsy traced to loss of a specific neuron population.
breakthrough_life_sciences,2024,Gasser; Sidransky; Alcalay,RECORD,RECORD,,,observational opportunity,high,A,STEP,E1,b09_med_life,GBA1 and LRRK2 as Parkinson risk genes.
breakthrough_life_sciences,2024,Hadida; Negulescu; Van Goor,ARTIFACT,ARTIFACT,,,technological need,high,A,STEP,A1,b09_med_life,Drug combinations repairing the cystic fibrosis chloride channel.
breakthrough_life_sciences,2024,June; Sadelain,ARTIFACT,ARTIFACT,,,technological need,high,A,STEP,A3,b09_med_life,CAR T cell immunotherapy engineered.
breakthrough_life_sciences,2025,Drucker; Habener; Mojsov,RECORD,RECORD,,,observational opportunity,high,A,STEP,E2,b09_med_life,GLP-1 discovered and its physiology characterised.
breakthrough_life_sciences,2025,Hauser; Steinman,RECORD,RECORD,,,observational opportunity,high,A,STEP,E1,b09_med_life,B cells established as central to multiple sclerosis.
breakthrough_life_sciences,2025,Liu,REACH,REACH,,,new capability,high,A,STEP,R3,b09_med_life,Base and prime editing as precise genome-editing capabilities.
breakthrough_life_sciences,2026,Bennett; High,ARTIFACT,ARTIFACT,,,technological need,high,A,STEP,A2,b09_med_life,Gene therapy for inherited retinal degeneration.
breakthrough_life_sciences,2026,Orkin; Thein,RECORD,RECORD,,,observational opportunity,high,A,STEP,E1,b09_med_life,Fetal-to-adult haemoglobin switch mechanism.
breakthrough_life_sciences,2026,Rademakers; Traynor,RECORD,RECORD,,,observational opportunity,high,A,STEP,E1,b09_med_life,Most common genetic cause of ALS and frontotemporal dementia.
breakthrough_mathematics,2015,Jacob Lurie,REPRESENT,REPRESENT,L4|L2,ADD/REMOVE LATENT OBJECT|CLASSIFY/ENUMERATE,unexplained structure,high,A,STEP,,b01_math,Higher category theory + derived algebraic geometry supply new foundational object types; the TQFT classification is CLASSIFY/ENUMERATE.
breakthrough_mathematics,2015,Maxim Kontsevich,REPRESENT,REPRESENT,L3,MAP/TRANSFER,cross-domain analogy,med,B,STEP,,b01_math,Cited explicitly for impact across many disciplines — the move is transfer of structure between them.
breakthrough_mathematics,2015,Richard Taylor,REPRESENT,REPRESENT,L3|L0,BUILD TRANSLATION MAP,surprising equivalence,high,A,STEP,,b01_math,Taniyama-Weil / local Langlands / Sato-Tate are all correspondences between automorphic and Galois-theoretic languages.
breakthrough_mathematics,2015,Simon Donaldson,REPRESENT,REPRESENT,L2|L3,CHANGE WHAT IS MEASURED|MAP/TRANSFER,unexplained structure,high,A,STEP,,b01_math,New 4-manifold invariants change what is measured; the stability result links algebraic and differential geometry.
breakthrough_mathematics,2015,Terence Tao,REPRESENT,REPRESENT,L0,,unsolved case,low,C,PROGRAMME,,b01_math,"""Numerous breakthrough contributions"" names fields, not a move; defaults to solving hard problems inside existing languages."
breakthrough_mathematics,2016,Ian Agol,REPRESENT,REPRESENT,L0,,unsolved case,high,A,STEP,,b01_math,"Solutions of the tameness, virtually Haken and virtual fibering conjectures: hard results inside a fixed language."
breakthrough_mathematics,2017,Jean Bourgain,REPRESENT,REPRESENT,L0,,unsolved case,low,C,CAREER,,b01_math,"""Multiple transformative contributions"" across five fields; no single move is localisable from the citation."
breakthrough_mathematics,2018,Christopher Hacon; James McKernan,REPRESENT,REPRESENT,L0|L2,CLASSIFY/ENUMERATE,failure of classification,high,A,STEP,,b01_math,"The minimal model program is a classification scheme for birational geometry, extended to all dimensions."
breakthrough_mathematics,2019,Vincent Lafforgue,REPRESENT,REPRESENT,L3,BUILD TRANSLATION MAP,surprising equivalence,high,A,STEP,,b01_math,Langlands in the function-field case is a dictionary between two languages.
breakthrough_mathematics,2020,Alex Eskin; Maryam Mirzakhani,REPRESENT,REPRESENT,L0|L2,FIND INVARIANT/SYMMETRY,unexplained structure,high,A,STEP,,b01_math,The magic-wand theorem constrains orbit closures in moduli space — a rigidity/invariant result.
breakthrough_mathematics,2021,Martin Hairer,REPRESENT,REPRESENT,L2,RIGORIZE|ABSTRACT/IDEALIZE,internal inconsistency,high,A,STEP,,b01_math,"Regularity structures give meaning to SPDEs that were previously ill-defined: a new formalism, not a new solution."
breakthrough_mathematics,2022,Takuro Mochizuki,REPRESENT,REPRESENT,L0|L2,,unsolved case,med,B,STEP,,b01_math,Bundles with flat connections including irregular singularities — extends an existing theory to a harder regime.
breakthrough_mathematics,2023,Daniel Spielman,REPRESENT,REPRESENT,L0|L2,MAKE-COMPUTABLE|MAP/TRANSFER,failure of current method,high,A,STEP,,b01_math,Spectral graph theory imports linear-algebraic structure into combinatorics; the algorithmic half is MAKE-COMPUTABLE.
breakthrough_mathematics,2024,Simon Brendle,REPRESENT,REPRESENT,L0,,unsolved case,high,A,STEP,,b01_math,"Sharp inequalities, Ricci/mean-curvature flow results, Lawson conjecture — solved problems, fixed language."
breakthrough_mathematics,2025,Dennis Gaitsgory,REPRESENT,REPRESENT,L3|L0,BUILD TRANSLATION MAP,surprising equivalence,high,A,STEP,,b01_math,Proof of the geometric Langlands conjecture: establishing the dictionary itself.
breakthrough_mathematics,2026,Frank Merle,REPRESENT,REPRESENT,L0,,unsolved case,high,A,STEP,,b01_math,"Stability, singularity formation and soliton resolution for nonlinear evolution equations — results inside a fixed L."
copley,1731,Gray,RECORD,RECORD,,,observational opportunity,high,A,STEP,E0,b10_copley,New electrical experiments — conduction demonstrated.
copley,1732,Gray,RECORD,RECORD,,,observational opportunity,med,B,STEP,E1,b10_copley,Further electrical experiments.
copley,1734,Desaguliers,UNRESOLVED,UNRESOLVED,,,observational opportunity,low,C,CAREER,,b10_copley,"Citation names neither a result nor a domain — ""In consideration of his several Experiments performed before the Socie"". Nothing to place."
copley,1736,Desaguliers,UNRESOLVED,UNRESOLVED,,,observational opportunity,low,C,CAREER,,b10_copley,"Citation names neither a result nor a domain — ""For his experiments made during the year"". Nothing to place."
copley,1737,Belchier,RECORD,RECORD,,,observational opportunity,high,A,STEP,E0,b10_copley,Madder root shown to dye bone.
copley,1738,Valoue,ARTIFACT,ARTIFACT,,,technological need,high,A,STEP,A1,b10_copley,A pile-driving engine invented.
copley,1739,Hales,RECORD,RECORD,,,observational opportunity,high,A,STEP,E1,b10_copley,Experiments toward solvents for the stone.
copley,1740,Stuart,RECORD,RECORD,,,observational opportunity,med,B,STEP,E1,b10_copley,Lectures on muscular motion.
copley,1741,Desaguliers,RECORD,RECORD,,,observational opportunity,high,A,STEP,E1,b10_copley,Experiments on the properties of electricity.
copley,1742,Middleton,RECORD,RECORD,,,observational opportunity,high,A,STEP,E1,b10_copley,Observations from the search for a Northwest Passage.
copley,1743,Trembley,RECORD,RECORD,,,observational opportunity,high,A,STEP,E1,b10_copley,Experiments on the polyp — regeneration in an animal.
copley,1744,Baker,RECORD,RECORD,,,observational opportunity,high,A,STEP,E1,b10_copley,Experiments on crystallisation.
copley,1745,Watson,RECORD,RECORD,,,observational opportunity,high,A,STEP,E2,b10_copley,Surprising discoveries in electrical phenomena.
copley,1746,Robins,RECORD,RECORD,,,observational opportunity,high,A,STEP,E1,b10_copley,Experiments on air resistance.
copley,1747,Knight,RECORD,RECORD,,,observational opportunity,high,A,STEP,E1,b10_copley,Experiments with natural and artificial magnets.
copley,1748,Bradley,RECORD,RECORD,,,observational opportunity,high,A,STEP,E2,b10_copley,Discoveries in the apparent motion of the fixed stars (nutation).
copley,1749,Harrison,REACH,REACH,,,new capability,high,A,STEP,R2,b10_copley,Timekeeping instruments for determining longitude.
copley,1750,Edwards,RECORD,RECORD,,,observational opportunity,med,B,STEP,E1,b10_copley,A natural history published.
copley,1751,Canton,RECORD,RECORD,,,observational opportunity,high,A,STEP,E1,b10_copley,Method of making artificial magnets.
copley,1752,Pringle,RECORD,RECORD,,,observational opportunity,high,A,STEP,E1,b10_copley,Experiments on septic and antiseptic substances.
copley,1753,Franklin,RECORD,RECORD,,,observational opportunity,high,A,STEP,E1,b10_copley,Experiments and observations on electricity.
copley,1754,Lewis,RECORD,RECORD,,,observational opportunity,high,A,STEP,E1,b10_copley,Experiments on platina.
copley,1755,Huxham,RECORD,RECORD,,,observational opportunity,high,A,STEP,E1,b10_copley,Experiments on antimony.
copley,1757,Cavendish,REACH,REACH,,,new capability,high,A,STEP,R2,b10_copley,An improved method of making thermometers.
copley,1758,Dollond,REPRESENT,REPRESENT,L2,FIND INVARIANT/SYMMETRY,unexplained structure,high,A,STEP,,b10_copley,Differing refrangibility exploited to build the achromatic lens.
copley,1759,Smeaton,RECORD,RECORD,,,observational opportunity,high,A,STEP,E1,b10_copley,Experiments on water-wheel and windmill efficiency.
copley,1760,B. Wilson,RECORD,RECORD,,,observational opportunity,med,B,STEP,E1,b10_copley,Experiments in electricity.
copley,1764,Canton,RECORD,RECORD,,,observational opportunity,high,A,STEP,E1,b10_copley,Experiments with the air pump and condensing engine; water compressibility.
copley,1766,Brownrigg,RECORD,RECORD,,,observational opportunity,high,A,STEP,E1,b10_copley,Enquiry into the mineral elastic spirit in Spa water.
copley,1767,Ellis,RECORD,RECORD,,,observational opportunity,high,A,STEP,E1,b10_copley,The animal nature of zoophytes established.
copley,1768,Woulfe,RECORD,RECORD,,,observational opportunity,high,A,STEP,E1,b10_copley,Experiments on distillation of acids and alkalis.
copley,1769,Hewson,RECORD,RECORD,,,observational opportunity,high,A,STEP,E1,b10_copley,The lymphatic system described in amphibious animals.
copley,1770,Hamilton,RECORD,RECORD,,,observational opportunity,high,A,STEP,E1,b10_copley,Account of a journey to Mount Etna.
copley,1771,Raper,REPRESENT,REPRESENT,L0,,unexplained structure,med,B,STEP,,b10_copley,Enquiry into the value of ancient Greek and Roman money.
copley,1772,Priestley,RECORD,RECORD,,,observational opportunity,high,A,STEP,E1,b10_copley,Experiments on different kinds of air.
copley,1773,Walsh,RECORD,RECORD,,,observational opportunity,high,A,STEP,E0,b10_copley,The torpedo fish shown to produce electricity.
copley,1775,Maskelyne,RECORD,RECORD,,,observational opportunity,high,A,STEP,E1,b10_copley,Observations on the attraction of mountains — Earth density measured.
copley,1776,Cook,REACH,REACH,,,new capability,high,A,STEP,R2,b10_copley,Method for preserving the health of a ship crew.
copley,1777,Mudge,REACH,REACH,,,new capability,high,A,STEP,R2,b10_copley,Directions for making reflecting telescopes.
copley,1778,Hutton,RECORD,RECORD,,,observational opportunity,high,A,STEP,E1,b10_copley,Force of fired gunpowder and initial ball velocity measured.
copley,1780,Vince,REPRESENT,REPRESENT,L0,,unexplained structure,med,B,STEP,,b10_copley,Principles of progressive and rotary motion.
copley,1781,Herschel,RECORD,RECORD,,,observational opportunity,high,A,STEP,E2,b10_copley,A new and singular star — the discovery of Uranus.
copley,1782,Kirwan,RECORD,RECORD,,,observational opportunity,med,B,STEP,E1,b10_copley,"Labours in chemistry, attractive powers of salts."
copley,1783,Goodricke,RECORD,RECORD,,,observational opportunity,high,A,STEP,E1,b10_copley,Period of light variation in Algol determined.
copley,1784,Waring,REPRESENT,REPRESENT,L0,,unexplained structure,med,B,STEP,,b10_copley,Mathematical communications on summation of series.
copley,1785,Roy,RECORD,RECORD,,,observational opportunity,high,A,STEP,E1,b10_copley,Base line measured on Hounslow Heath.
copley,1787,Hunter,RECORD,RECORD,,,observational opportunity,high,A,STEP,E1,b10_copley,Papers on the ovaria and on species identity.
copley,1788,Blagden,RECORD,RECORD,,,observational opportunity,high,A,STEP,E1,b10_copley,Papers on congelation — freezing-point depression.
copley,1789,Morgan,REPRESENT,REPRESENT,L0|L2,PROBABILIZE,unexplained structure,high,A,STEP,,b10_copley,Values of reversions and survivorships — actuarial mathematics.
copley,1791,Rennell,RECORD,RECORD,,,observational opportunity,med,B,STEP,E1,b10_copley,Rate of travelling performed by camels.
copley,1792,Thompson,REPRESENT,REPRESENT,L1,REINTERPRET,unexplained structure,high,A,CAREER,,b10_copley,Heat treated as motion rather than a fluid.
copley,1794,Volta,RECORD,RECORD,,,observational opportunity,high,A,STEP,E1,b10_copley,Communications explaining electrical experiments.
copley,1795,Ramsden,REACH,REACH,,,new capability,high,A,STEP,R2,b10_copley,Inventions and improvements in instrument construction.
copley,1796,Atwood,REPRESENT,REPRESENT,L0,,unexplained structure,med,B,STEP,,b10_copley,Construction and analysis of geometrical propositions.
copley,1798,Shuckburgh-Evelyn,UNRESOLVED,UNRESOLVED,,,observational opportunity,low,C,CAREER,,b10_copley,"Citation names neither a result nor a domain — ""For his various Communications printed in the Philosophical Transactio"". Nothing to place."
copley,1799,Hellins,REPRESENT,REPRESENT,L0,MAKE-COMPUTABLE,unexplained structure,high,A,STEP,,b10_copley,Improved solution of a problem in physical astronomy.
copley,1800,Howard,RECORD,RECORD,,,observational opportunity,high,A,STEP,E2,b10_copley,A new fulminating mercury.
copley,1801,Cooper,RECORD,RECORD,,,observational opportunity,high,A,STEP,E1,b10_copley,Effects of destruction of the tympanic membrane.
copley,1802,Wollaston,UNRESOLVED,UNRESOLVED,,,observational opportunity,low,C,CAREER,,b10_copley,"Citation names neither a result nor a domain — ""For his various Papers printed in the Philosophical Transactions"". Nothing to place."
copley,1803,Chenevix,UNRESOLVED,UNRESOLVED,,,observational opportunity,low,C,CAREER,,b10_copley,"Citation names neither a result nor a domain — ""For his various Chemical Papers printed in the Philosophical Transacti"". Nothing to place."
copley,1804,Tennant,RECORD,RECORD,,,observational opportunity,high,A,STEP,E2,b10_copley,Chemical discoveries — new platinum-group elements.
copley,1805,Davy,RECORD,RECORD,,,observational opportunity,med,B,CAREER,E1,b10_copley,Various communications in the Transactions.
copley,1806,Knight,RECORD,RECORD,,,observational opportunity,med,B,CAREER,E1,b10_copley,Papers on vegetation.
copley,1807,Home,UNRESOLVED,UNRESOLVED,,,observational opportunity,low,C,CAREER,,b10_copley,"Citation names neither a result nor a domain — ""For his various Papers on Anatomy and Physiology, printed in the Philo"". Nothing to place."
copley,1808,Henry,REPRESENT,REPRESENT,L2,FIND INVARIANT/SYMMETRY,unexplained structure,high,A,CAREER,,b10_copley,Gas solubility proportional to pressure.
copley,1809,Troughton,REACH,REACH,,,new capability,high,A,STEP,R2,b10_copley,A method of dividing astronomical instruments accurately.
copley,1811,Brodie,RECORD,RECORD,,,observational opportunity,high,A,STEP,E1,b10_copley,Influence of the brain on organic action.
copley,1813,Brande,RECORD,RECORD,,,observational opportunity,high,A,STEP,E1,b10_copley,Alcohol content of fermented liquors.
copley,1814,Ivory,REPRESENT,REPRESENT,L0,,unexplained structure,med,B,STEP,,b10_copley,Mathematical contributions in the Transactions.
copley,1815,Brewster,RECORD,RECORD,,,observational opportunity,high,A,STEP,E1,b10_copley,Polarisation of light by reflection.
copley,1817,Kater,RECORD,RECORD,,,observational opportunity,high,A,STEP,E1,b10_copley,Experiments on the pendulum — gravity measured.
copley,1818,Seppings,ARTIFACT,ARTIFACT,,,technological need,high,A,STEP,A0,b10_copley,Improved construction of ships of war.
copley,1820,Oersted,RECORD,RECORD,,,observational opportunity,high,A,STEP,E2,b10_copley,Electromagnetism discovered — a current deflects a needle.
copley,1821,Sabine,RECORD,RECORD,,,observational opportunity,high,A,CAREER,E1,b10_copley,Researches on the figure of the Earth and magnetism.
copley,1822,Buckland,RECORD,RECORD,,,observational opportunity,high,A,STEP,E1,b10_copley,Fossil teeth and bones from Kirkdale Cave.
copley,1823,Pond,UNRESOLVED,UNRESOLVED,,,observational opportunity,low,C,CAREER,,b10_copley,"Citation names neither a result nor a domain — ""For his various Communications to the Royal Society"". Nothing to place."
copley,1824,Brinkley,UNRESOLVED,UNRESOLVED,,,observational opportunity,low,C,CAREER,,b10_copley,"Citation names neither a result nor a domain — ""For his various Communications to the Royal Society"". Nothing to place."
copley,1825,Arago,RECORD,RECORD,,,observational opportunity,high,A,CAREER,E1,b10_copley,Magnetic properties in substances containing no iron.
copley,1826,South,RECORD,RECORD,,,observational opportunity,high,A,STEP,E1,b10_copley,Observations of double stars.
copley,1827,Prout,REPRESENT,REPRESENT,L2,CLASSIFY/ENUMERATE,unexplained structure,high,A,STEP,,b10_copley,Ultimate composition of alimentary substances categorised.
copley,1831,Airy,REACH,REACH,,,new capability,high,A,STEP,R2,b10_copley,Construction of the achromatic eye-piece.
copley,1832,Faraday,RECORD,RECORD,,,observational opportunity,high,A,STEP,E2,b10_copley,Magneto-electricity discovered — induction.
copley,1834,Plana,REPRESENT,REPRESENT,L0,,unexplained structure,high,A,STEP,,b10_copley,Theory of the motion of the Moon.
copley,1835,Harris,RECORD,RECORD,,,observational opportunity,high,A,STEP,E1,b10_copley,Experimental investigation of high-intensity electricity.
copley,1836,Berzelius,REPRESENT,REPRESENT,L2,CLASSIFY/ENUMERATE,unexplained structure,high,A,STEP,,b10_copley,Definite proportions applied systematically to organic chemistry.
copley,1837,Becquerel,RECORD,RECORD,,,observational opportunity,med,B,CAREER,E1,b10_copley,Memoirs on electricity.
copley,1838,Gauss,REPRESENT,REPRESENT,L2,ABSTRACT/IDEALIZE,unexplained structure,high,A,STEP,,b10_copley,"Mathematical treatment of magnetism, with instruments."
copley,1839,Brown,RECORD,RECORD,,,observational opportunity,high,A,STEP,E2,b10_copley,Discoveries on vegetable impregnation; the cell nucleus.
copley,1840,von Liebig,RECORD,RECORD,,,observational opportunity,high,A,STEP,E2,b10_copley,Discoveries in organic chemistry and analytical methods.
copley,1841,Ohm,REPRESENT,REPRESENT,L2,FIND INVARIANT/SYMMETRY,unexplained structure,high,A,CAREER,,b10_copley,"The law relating current, voltage and resistance."
copley,1842,MacCullagh,REPRESENT,REPRESENT,L2,ABSTRACT/IDEALIZE,unexplained structure,high,A,STEP,,b10_copley,Researches connected with the wave theory of light.
copley,1843,Dumas,RECORD,RECORD,,,observational opportunity,med,B,STEP,E1,b10_copley,Researches in organic chemistry.
copley,1844,Matteucci,RECORD,RECORD,,,observational opportunity,high,A,STEP,E1,b10_copley,Researches in animal electricity.
copley,1845,Schwann,REPRESENT,REPRESENT,L2|L4,ADD/REMOVE LATENT OBJECT,unexplained structure,high,A,STEP,,b10_copley,Cell theory: animal and plant tissue share one structural unit.
copley,1846,Le Verrier,REPRESENT,REPRESENT,L0,,unexplained structure,high,A,STEP,,b10_copley,Uranus perturbations used to predict an unseen planet.
copley,1847,J. Herschel,RECORD,RECORD,,,observational opportunity,high,A,STEP,E1,b10_copley,Astronomical observations at the Cape of Good Hope.
copley,1848,Adams,REPRESENT,REPRESENT,L0,,unexplained structure,high,A,STEP,,b10_copley,Uranus perturbations analysed and Neptune inferred.
copley,1849,Murchison,RECORD,RECORD,,,observational opportunity,med,B,STEP,E1,b10_copley,Services to geological science.
copley,1850,Hansen,REPRESENT,REPRESENT,L0,MAKE-COMPUTABLE,unexplained structure,high,A,STEP,,b10_copley,Researches in physical astronomy — lunar tables.
copley,1851,Owen,RECORD,RECORD,,,observational opportunity,high,A,STEP,E2,b10_copley,Discoveries in comparative anatomy and palaeontology.
copley,1852,von Humboldt,RECORD,RECORD,,,observational opportunity,med,B,STEP,E1,b10_copley,Services in terrestrial physics.
copley,1853,Dove,RECORD,RECORD,,,observational opportunity,high,A,STEP,E1,b10_copley,Distribution of heat over the Earth surface.
copley,1854,J.P. Mueller,RECORD,RECORD,,,observational opportunity,med,B,PROGRAMME,E1,b10_copley,Contributions to physiology and comparative anatomy.
copley,1855,Foucault,RECORD,RECORD,,,observational opportunity,high,A,STEP,E1,b10_copley,Researches in experimental physics — the rotating Earth shown.
copley,1856,Milne-Edwards,RECORD,RECORD,,,observational opportunity,med,B,STEP,E1,b10_copley,Researches in comparative anatomy and zoology.
copley,1857,Chevreul,RECORD,RECORD,,,observational opportunity,high,A,STEP,E1,b10_copley,Researches on the composition of fats.
copley,1858,Lyell,REPRESENT,REPRESENT,L2,CHANGE SCALE,unexplained structure,high,A,STEP,,b10_copley,Uniformitarian geology: present processes extended over deep time.
copley,1859,W.E. Weber,RECORD,RECORD,,,observational opportunity,high,A,STEP,E1,b10_copley,Absolute measurements in electricity and magnetism.
copley,1860,Bunsen,RECORD,RECORD,,,observational opportunity,high,A,STEP,E1,b10_copley,"Cacodyls, gaseous analysis, volcanic phenomena."
copley,1861,Agassiz,RECORD,RECORD,,,observational opportunity,med,B,STEP,E1,b10_copley,Researches in palaeontology.
copley,1862,Graham,REPRESENT,REPRESENT,L2,CHANGE WHAT IS MEASURED,unexplained structure,high,A,STEP,,b10_copley,Diffusion of liquids; colloid and crystalloid distinguished.
copley,1863,Sedgwick,RECORD,RECORD,,,observational opportunity,high,A,STEP,E1,b10_copley,Geology of the Palaeozoic.
copley,1864,Darwin,RECORD,RECORD,,,observational opportunity,high,A,STEP,E1,b10_copley,"Researches in geology, zoology and botanical physiology."
copley,1865,Chasles,REPRESENT,REPRESENT,L2,GEOMETRIZE,unexplained structure,high,A,STEP,,b10_copley,Original researches in pure geometry.
copley,1866,Pluecker,REPRESENT,REPRESENT,L2|L3,MAP/TRANSFER,unexplained structure,high,A,STEP,,b10_copley,Analytical geometry together with magnetism and spectral analysis.
copley,1867,von Baer,RECORD,RECORD,,,observational opportunity,high,A,STEP,E2,b10_copley,Discoveries in embryology and comparative anatomy.
copley,1868,Wheatstone,RECORD,RECORD,,,observational opportunity,med,B,STEP,E1,b10_copley,"Researches in acoustics, optics, electricity and magnetism."
copley,1869,Regnault,RECORD,RECORD,,,observational opportunity,high,A,CAREER,E1,b10_copley,Experiments determining the laws of gases.
copley,1870,Joule,REPRESENT,REPRESENT,L2|L1,REINTERPRET,unexplained structure,high,A,STEP,,b10_copley,The dynamical theory of heat — heat and work as one quantity.
copley,1871,von Mayer,REPRESENT,REPRESENT,L1,REINTERPRET|MERGE/SPLIT CONCEPTS,unexplained structure,high,A,STEP,,b10_copley,"Conservation of force: mechanical, thermal and organic energy unified."
copley,1872,Woehler,RECORD,RECORD,,,observational opportunity,high,A,STEP,E1,b10_copley,"Contributions to chemistry, notably organic synthesis from inorganic matter."
copley,1873,von Helmholtz,RECORD,RECORD,,,observational opportunity,med,B,STEP,E1,b10_copley,Researches in physics and physiology.
copley,1874,Pasteur,RECORD,RECORD,,,observational opportunity,high,A,STEP,E1,b10_copley,Researches on fermentation.
copley,1875,von Hofmann,RECORD,RECORD,,,observational opportunity,med,B,PROGRAMME,E1,b10_copley,Contributions to chemistry.
copley,1876,Bernard,RECORD,RECORD,,,observational opportunity,high,A,STEP,E1,b10_copley,Contributions to physiology — the internal environment.
copley,1877,Dana,RECORD,RECORD,,,observational opportunity,med,B,STEP,E1,b10_copley,"Biological, geological and mineralogical investigations."
copley,1878,Boussingault,RECORD,RECORD,,,observational opportunity,high,A,STEP,E1,b10_copley,Researches in agricultural chemistry.
copley,1879,Clausius,REPRESENT,REPRESENT,L2|L4,ADD/REMOVE LATENT OBJECT,unexplained structure,high,A,STEP,,b10_copley,Entropy introduced as a state function of heat.
copley,1880,Sylvester,REPRESENT,REPRESENT,L0,,unexplained structure,med,B,STEP,,b10_copley,Long-continued investigations in mathematics.
copley,1881,Wurtz,RECORD,RECORD,,,observational opportunity,high,A,STEP,E2,b10_copley,Discovery of the organic ammonias and glycols.
copley,1882,Cayley,REPRESENT,REPRESENT,L2,ABSTRACT/IDEALIZE,unexplained structure,high,A,STEP,,b10_copley,Researches in pure mathematics — invariants and matrices.
copley,1883,W. Thomson,REPRESENT,REPRESENT,L2,CHANGE SCALE|FIND INVARIANT/SYMMETRY,unexplained structure,high,A,STEP,,b10_copley,Universal dissipation of energy and the absolute temperature scale.
copley,1884,Ludwig,RECORD,RECORD,,,observational opportunity,med,B,STEP,E1,b10_copley,Investigations in physiology.
copley,1885,Kekule,REPRESENT,REPRESENT,L2|L4,CHANGE ALGEBRA/GEOMETRY/DIMENSION,unexplained structure,high,A,STEP,,b10_copley,Structural formulae and the benzene ring — molecules acquire shape.
copley,1886,F.E. Neumann,REPRESENT,REPRESENT,L2,ABSTRACT/IDEALIZE,unexplained structure,high,A,STEP,,b10_copley,Theoretical optics and electrodynamics.
copley,1887,J.D. Hooker,RECORD,RECORD,,,observational opportunity,med,B,STEP,E1,b10_copley,Services to botanical science.
copley,1888,Huxley,RECORD,RECORD,,,observational opportunity,high,A,STEP,E1,b10_copley,Morphology and histology of vertebrates and invertebrates.
copley,1889,Salmon,REPRESENT,REPRESENT,L0,,unexplained structure,med,B,CAREER,,b10_copley,Papers in pure mathematics.
copley,1890,Newcomb,REPRESENT,REPRESENT,L0,MAKE-COMPUTABLE,unexplained structure,high,A,STEP,,b10_copley,Gravitational astronomy — precise planetary tables.
copley,1891,Cannizzaro,REPRESENT,REPRESENT,L2,CLASSIFY/ENUMERATE,unexplained structure,high,A,STEP,,b10_copley,Avogadro applied consistently to fix atomic weights.
copley,1892,Virchow,RECORD,RECORD,,,observational opportunity,high,A,STEP,E1,b10_copley,Investigations in pathology and pathological anatomy.
copley,1893,Stokes,RECORD,RECORD,,,observational opportunity,med,B,STEP,E2,b10_copley,Researches and discoveries in physical science.
copley,1894,Frankland,REPRESENT,REPRESENT,L2|L4,ADD/REMOVE LATENT OBJECT,unexplained structure,high,A,STEP,,b10_copley,Valency introduced as a fixed combining capacity of elements.
copley,1895,Weierstrass,REPRESENT,REPRESENT,L2,RIGORIZE,unexplained structure,high,A,STEP,,b10_copley,Analysis put on a rigorous foundation.
copley,1896,Gegenbaur,RECORD,RECORD,,,observational opportunity,high,A,STEP,E1,b10_copley,Comparative anatomy across the animal kingdom.
copley,1897,von Koelliker,RECORD,RECORD,,,observational opportunity,high,A,STEP,E1,b10_copley,"Embryology, comparative anatomy and histology."
copley,1898,Huggins,REACH,REACH,,,new capability,high,A,STEP,R2,b10_copley,Spectrum analysis applied to celestial bodies.
copley,1899,Rayleigh,RECORD,RECORD,,,observational opportunity,med,B,PROGRAMME,E1,b10_copley,Contributions to physical science.
copley,1900,Berthelot,RECORD,RECORD,,,observational opportunity,med,B,STEP,E1,b10_copley,Services to chemical science.
copley,1901,Gibbs,REPRESENT,REPRESENT,L2|L4,ABSTRACT/IDEALIZE|PROBABILIZE,unexplained structure,high,A,STEP,,b10_copley,Statistical mechanics and chemical thermodynamics given a general formalism.
copley,1902,Lister,RECORD,RECORD,,,observational opportunity,high,A,STEP,E1,b10_copley,Physiological and pathological researches; antiseptic surgery.
copley,1903,Suess,RECORD,RECORD,,,observational opportunity,high,A,STEP,E1,b10_copley,Geological researches on the structure of the Earth.
copley,1904,Crookes,RECORD,RECORD,,,observational opportunity,high,A,STEP,E1,b10_copley,Spectroscopic chemistry and electrical discharge.
copley,1905,Mendeleev,REPRESENT,REPRESENT,L2,CLASSIFY/ENUMERATE,unexplained structure,high,A,STEP,,b10_copley,The periodic system: elements ordered so that gaps predict new ones.
copley,1906,Metchnikoff,RECORD,RECORD,,,observational opportunity,high,A,STEP,E1,b10_copley,Work in zoology and pathology — phagocytosis.
copley,1907,Michelson,REACH,REACH,,,new capability,high,A,STEP,R0,b10_copley,Investigations in optics with interferometric precision.
copley,1908,Wallace,RECORD,RECORD,,,observational opportunity,high,A,STEP,E1,b10_copley,Contributions to natural history and evolution.
copley,1909,G.W. Hill,REPRESENT,REPRESENT,L0,,unexplained structure,high,A,STEP,,b10_copley,Researches in mathematical astronomy.
copley,1910,Galton,REPRESENT,REPRESENT,L2,PROBABILIZE|CHANGE WHAT IS MEASURED,unexplained structure,high,A,STEP,,b10_copley,Heredity studied statistically — regression and correlation.
copley,1911,G. Darwin,REPRESENT,REPRESENT,L2,CHANGE SCALE,unexplained structure,high,A,STEP,,b10_copley,Tidal theory and the figures of planets.
copley,1912,Klein,REPRESENT,REPRESENT,L2,CLASSIFY/ENUMERATE|FIND INVARIANT/SYMMETRY,unexplained structure,high,A,STEP,,b10_copley,Geometries classified by their groups of invariance.
copley,1913,Lankester,RECORD,RECORD,,,observational opportunity,med,B,STEP,E1,b10_copley,Researches in zoology.
copley,1914,J.J. Thomson,RECORD,RECORD,,,observational opportunity,med,B,STEP,E2,b10_copley,Discoveries in physical science.
copley,1915,Pavlov,RECORD,RECORD,,,observational opportunity,high,A,STEP,E1,b10_copley,Physiology of digestion and conditioned reflexes.
copley,1916,Dewar,REACH,REACH,,,new capability,high,A,STEP,R1,b10_copley,Low-temperature physical chemistry and the vacuum flask.
copley,1917,Roux,RECORD,RECORD,,,observational opportunity,high,A,STEP,E1,b10_copley,Bacteriology and serum therapy.
copley,1918,Lorentz,REPRESENT,REPRESENT,L2,ABSTRACT/IDEALIZE,unexplained structure,high,A,STEP,,b10_copley,Researches in mathematical physics — electron theory and transformations.
copley,1919,Bayliss,RECORD,RECORD,,,observational opportunity,high,A,STEP,E1,b10_copley,General physiology and biophysics; hormones.
copley,1920,Brown,RECORD,RECORD,,,observational opportunity,med,B,STEP,E1,b10_copley,Chemistry of carbohydrates.
copley,1921,Larmor,REPRESENT,REPRESENT,L2,ABSTRACT/IDEALIZE,unexplained structure,high,A,STEP,,b10_copley,Researches in mathematical physics.
copley,1922,Rutherford,RECORD,RECORD,,,observational opportunity,high,A,STEP,E1,b10_copley,Radioactivity and atomic structure.
copley,1923,Lamb,REPRESENT,REPRESENT,L2,ABSTRACT/IDEALIZE,unexplained structure,high,A,STEP,,b10_copley,Researches in mathematical physics — hydrodynamics.
copley,1924,Sharpey-Schafer,RECORD,RECORD,,,observational opportunity,med,B,STEP,E1,b10_copley,Physiology and histology.
copley,1925,Einstein,REPRESENT,REPRESENT,L4|L2,CHANGE ALGEBRA/GEOMETRY/DIMENSION|ADD/REMOVE LATENT OBJECT,unexplained structure,high,A,STEP,,b10_copley,Relativity and quantum contributions — spacetime geometry replaces absolute space and time.
copley,1926,Hopkins,RECORD,RECORD,,,observational opportunity,high,A,STEP,E1,b10_copley,Work in biochemistry — accessory food factors.
copley,1927,Sherrington,RECORD,RECORD,,,observational opportunity,high,A,STEP,E1,b10_copley,Work on neurology — integrative action of the nervous system.
copley,1928,Parsons,ARTIFACT,ARTIFACT,,,technological need,high,A,STEP,A2,b10_copley,Contributions to engineering science — the steam turbine.
copley,1929,Planck,REPRESENT,REPRESENT,L4,ADD/REMOVE LATENT OBJECT,unexplained structure,high,A,STEP,,b10_copley,Originator of the quantum theory.
copley,1930,W.H. Bragg,REACH,REACH,,,new capability,high,A,STEP,R2,b10_copley,"Crystallography by X-rays, and radioactivity."
copley,1931,Schuster,RECORD,RECORD,,,observational opportunity,med,B,STEP,E1,b10_copley,Researches in optics and terrestrial magnetism.
copley,1932,Hale,RECORD,RECORD,,,observational opportunity,high,A,STEP,E1,b10_copley,Solar magnetic phenomena.
copley,1933,T. Smith,RECORD,RECORD,,,observational opportunity,high,A,STEP,E1,b10_copley,Research on diseases of animals and man.
copley,1934,J.S. Haldane,RECORD,RECORD,,,observational opportunity,high,A,STEP,E2,b10_copley,Discoveries in human physiology and their application.
copley,1935,C.T.R. Wilson,REACH,REACH,,,new capability,high,A,STEP,R2,b10_copley,Cloud tracks used to advance knowledge of atoms.
copley,1936,Evans,RECORD,RECORD,,,observational opportunity,high,A,STEP,E1,b10_copley,Pioneer archaeological work in Crete.
copley,1937,Dale,RECORD,RECORD,,,observational opportunity,high,A,STEP,E1,b10_copley,Contributions to physiology and pharmacology.
copley,1938,Bohr,REPRESENT,REPRESENT,L2|L4,ADD/REMOVE LATENT OBJECT,unexplained structure,high,A,STEP,,b10_copley,Development of quantum theory and atomic structure.
copley,1939,T.H. Morgan,REPRESENT,REPRESENT,L4|L2,ADD/REMOVE LATENT OBJECT,unexplained structure,high,A,STEP,,b10_copley,Modern genetics established — genes as located material entities.
copley,1940,Langevin,REPRESENT,REPRESENT,L2,PROBABILIZE,unexplained structure,high,A,STEP,,b10_copley,Electron theory of magnetism and stochastic dynamics.
copley,1941,Lewis,RECORD,RECORD,,,observational opportunity,high,A,STEP,E1,b10_copley,Clinical and experimental investigation of the heart.
copley,1942,R. Robinson,RECORD,RECORD,,,observational opportunity,med,B,STEP,E1,b10_copley,Research in organic chemistry.
copley,1943,Barcroft,RECORD,RECORD,,,observational opportunity,high,A,STEP,E1,b10_copley,Respiration and the respiratory function of blood.
copley,1944,G.I. Taylor,REPRESENT,REPRESENT,L2,CHANGE SCALE|ABSTRACT/IDEALIZE,unexplained structure,high,A,STEP,,b10_copley,"Aerodynamics, hydrodynamics and the structure of turbulence."
copley,1945,Avery,RECORD,RECORD,,,observational opportunity,high,A,STEP,E1,b10_copley,Chemical methods introduced into the study of immunity — DNA as transforming principle.
copley,1946,Adrian,RECORD,RECORD,,,observational opportunity,high,A,STEP,E1,b10_copley,Fundamental nature of nervous activity.
copley,1947,Hardy,REPRESENT,REPRESENT,L0,,unexplained structure,med,B,STEP,,b10_copley,Development of mathematical analysis.
copley,1948,A.V. Hill,RECORD,RECORD,,,observational opportunity,high,A,STEP,E1,b10_copley,Myothermal and biophysical researches.
copley,1949,de Hevesy,REACH,REACH,,,new capability,high,A,STEP,R2,b10_copley,Radioactive tracers applied to chemistry and biology.
copley,1950,Chadwick,RECORD,RECORD,,,observational opportunity,high,A,STEP,E1,b10_copley,Nuclear physics and the development of atomic energy.
copley,1951,Keilin,RECORD,RECORD,,,observational opportunity,high,A,STEP,E1,b10_copley,"Protozoology, entomology and biochemistry — cytochromes."
copley,1952,Dirac,REPRESENT,REPRESENT,L4|L2,CHANGE ALGEBRA/GEOMETRY/DIMENSION|ADD/REMOVE LATENT OBJECT,unexplained structure,high,A,STEP,,b10_copley,"Relativistic dynamics of the electron, entailing antimatter."
copley,1953,Kluyver,RECORD,RECORD,,,observational opportunity,high,A,STEP,E1,b10_copley,Fundamental contributions to microbiology — unity of biochemistry.
copley,1954,Whittaker,REPRESENT,REPRESENT,L0|L2,,unexplained structure,med,B,PROGRAMME,,b10_copley,Contributions to pure and applied mathematics.
copley,1955,Fisher,REPRESENT,REPRESENT,L2,PROBABILIZE|CHANGE WHAT IS MEASURED,unexplained structure,high,A,STEP,,b10_copley,Statistical method and population genetics — inference formalised.
copley,1956,Blackett,RECORD,RECORD,,,observational opportunity,high,A,STEP,E1,b10_copley,Cosmic ray showers and heavy mesons.
copley,1957,Florey,RECORD,RECORD,,,observational opportunity,high,A,STEP,E1,b10_copley,Experimental pathology and chemotherapy — penicillin made usable.
copley,1958,Littlewood,REPRESENT,REPRESENT,L0,,unexplained structure,med,B,PROGRAMME,,b10_copley,Contributions to many branches of analysis.
copley,1959,Burnet,RECORD,RECORD,,,observational opportunity,high,A,STEP,E1,b10_copley,Knowledge of viruses and immunological tolerance.
copley,1960,Jeffreys,REPRESENT,REPRESENT,L2,PROBABILIZE,unexplained structure,high,A,STEP,,b10_copley,Geophysics and the theory of probability in inference.
copley,1961,Krebs,RECORD,RECORD,,,observational opportunity,high,A,STEP,E1,b10_copley,Contributions to biochemistry — metabolic cycles.
copley,1962,Hinshelwood,RECORD,RECORD,,,observational opportunity,high,A,STEP,E1,b10_copley,Researches in chemical kinetics.
copley,1963,Fildes,RECORD,RECORD,,,observational opportunity,high,A,STEP,E1,b10_copley,Pioneering contributions to bacteriology.
copley,1964,Chapman,REPRESENT,REPRESENT,L2,ABSTRACT/IDEALIZE,unexplained structure,high,A,STEP,,b10_copley,Theoretical terrestrial and interplanetary magnetism.
copley,1965,Hodgkin,RECORD,RECORD,,,observational opportunity,high,A,STEP,E1,b10_copley,Mechanism of excitation and impulse conduction in nerve.
copley,1966,W.L. Bragg,REACH,REACH,,,new capability,high,A,STEP,R2,b10_copley,Methods for determining crystal structure developed.
copley,1967,Katz,RECORD,RECORD,,,observational opportunity,high,A,STEP,E1,b10_copley,Fundamental processes of neuromuscular transmission.
copley,1968,Reichstein,RECORD,RECORD,,,observational opportunity,high,A,STEP,E1,b10_copley,Chemistry of vitamin C and adrenal hormones.
copley,1969,Medawar,RECORD,RECORD,,,observational opportunity,high,A,STEP,E1,b10_copley,Tissue transplantation and immunological tolerance.
copley,1970,Todd,RECORD,RECORD,,,observational opportunity,high,A,STEP,E1,b10_copley,Analytical and synthetic chemistry of nucleotides.
copley,1971,Pirie,RECORD,RECORD,,,observational opportunity,high,A,STEP,E1,b10_copley,"Biochemistry, notably plant viruses."
copley,1972,Mott,REPRESENT,REPRESENT,L2,CHANGE SCALE,unexplained structure,high,A,STEP,,b10_copley,Atomic and solid state physics — electrons in disordered solids.
copley,1973,A. Huxley,RECORD,RECORD,,,observational opportunity,high,A,STEP,E1,b10_copley,Mechanisms of nerve impulse and muscle contraction.
copley,1974,Hodge,REPRESENT,REPRESENT,L2|L4,ADD/REMOVE LATENT OBJECT,unexplained structure,high,A,STEP,,b10_copley,Hodge theory in algebraic geometry.
copley,1975,Crick,RECORD,RECORD,,,observational opportunity,high,A,STEP,E1,b10_copley,Elucidation of the structure of DNA.
copley,1976,D. Hodgkin,REACH,REACH,,,new capability,high,A,STEP,R2,b10_copley,Structures of complex molecules determined by X-ray methods.
copley,1977,Sanger,REACH,REACH,,,new capability,high,A,STEP,R2,b10_copley,Chemical structure of proteins and nucleic acids — sequencing.
copley,1978,Woodward,ARTIFACT,ARTIFACT,,,technological need,high,A,STEP,A1,b10_copley,Synthesis of complex natural products.
copley,1979,Perutz,RECORD,RECORD,,,observational opportunity,high,A,STEP,E1,b10_copley,Molecular biology through protein structure.
copley,1980,Barton,REPRESENT,REPRESENT,L2,CHANGE ALGEBRA/GEOMETRY/DIMENSION,unexplained structure,high,A,STEP,,b10_copley,Conformational analysis in organic chemistry.
copley,1981,Mitchell,REPRESENT,REPRESENT,L4|L2,ADD/REMOVE LATENT OBJECT|CHANGE EXPLANATORY LEVEL,unexplained structure,high,A,STEP,,b10_copley,The chemiosmotic hypothesis — a gradient as the energy intermediate.
copley,1982,Cornforth,RECORD,RECORD,,,observational opportunity,high,A,STEP,E1,b10_copley,Stereochemically controlled enzyme reactions.
copley,1983,Porter,RECORD,RECORD,,,observational opportunity,high,A,STEP,E1,b10_copley,Structure of immunoglobulins.
copley,1984,Chandrasekhar,REPRESENT,REPRESENT,L2,ABSTRACT/IDEALIZE,unexplained structure,high,A,STEP,,b10_copley,Theoretical physics of stellar structure and evolution.
copley,1985,Klug,REACH,REACH,,,new capability,high,A,STEP,R2,b10_copley,Complex biological assemblies imaged and reconstructed.
copley,1986,Peierls,REPRESENT,REPRESENT,L2,ABSTRACT/IDEALIZE,unexplained structure,med,B,PROGRAMME,,b10_copley,Wide-ranging contributions to theoretical physics.
copley,1987,Hill,RECORD,RECORD,,,observational opportunity,high,A,STEP,E1,b10_copley,Nature of photosynthesis.
copley,1988,Atiyah,REPRESENT,REPRESENT,L3,MAP/TRANSFER,unexplained structure,high,A,STEP,,b10_copley,"Topics linking geometry, analysis and theoretical physics."
copley,1989,Milstein,REACH,REACH,,,new capability,high,A,STEP,R2,b10_copley,Monoclonal antibodies as a general immunological tool.
copley,1990,Salam,REPRESENT,REPRESENT,L3|L4,MERGE/SPLIT CONCEPTS|FIND INVARIANT/SYMMETRY,unexplained structure,high,A,STEP,,b10_copley,Symmetries of the laws of nature and electroweak unification.
copley,1991,Brenner,RECORD,RECORD,,,observational opportunity,high,A,STEP,E1,b10_copley,Molecular genetics and developmental biology.
copley,1992,Porter,REACH,REACH,,,new capability,high,A,STEP,R1,b10_copley,Flash photolysis for fast photochemical processes.
copley,1993,Watson,RECORD,RECORD,,,observational opportunity,high,A,STEP,E1,b10_copley,Elucidation of DNA structure and its consequences.
copley,1994,Frank,REPRESENT,REPRESENT,L2|L4,ADD/REMOVE LATENT OBJECT,unexplained structure,high,A,STEP,,b10_copley,Crystal growth explained by dislocations.
copley,1995,Fenner,RECORD,RECORD,,,observational opportunity,high,A,STEP,E1,b10_copley,"Animal virology, notably smallpox eradication."
copley,1996,Cottrell,REPRESENT,REPRESENT,L2,CHANGE SCALE,unexplained structure,high,A,STEP,,b10_copley,Mechanical properties of materials traced to defect structure.
copley,1997,H. Huxley,RECORD,RECORD,,,observational opportunity,high,A,STEP,E1,b10_copley,Structure of muscle and the sliding filament mechanism.
copley,1998,Lighthill,REPRESENT,REPRESENT,L2|L3,MAP/TRANSFER,unexplained structure,high,A,STEP,,b10_copley,Fluid mechanics including aeroacoustics and biofluiddynamics.
copley,1999,Maynard Smith,REPRESENT,REPRESENT,L3|L2,MAP/TRANSFER,unexplained structure,high,A,STEP,,b10_copley,Game theory imported into evolutionary biology.
copley,2000,Battersby,RECORD,RECORD,,,observational opportunity,high,A,STEP,E1,b10_copley,Biosynthetic pathways to the pigments of life.
copley,2001,Miller,RECORD,RECORD,,,observational opportunity,high,A,STEP,E1,b10_copley,Immunological function of the thymus and T cells.
copley,2002,Pople,TRACTABLE,TRACTABLE,,MAKE-COMPUTABLE,intractability,high,A,STEP,C1,b10_copley,Computational methods in quantum chemistry.
copley,2003,Gurdon,RECORD,RECORD,,,observational opportunity,high,A,STEP,E2,b10_copley,Discoveries in cell and developmental biology — nuclear reprogramming.
copley,2004,Kroto,RECORD,RECORD,,,observational opportunity,high,A,STEP,E1,b10_copley,Fundamental understanding of carbon clusters — fullerenes.
copley,2005,Nurse,RECORD,RECORD,,,observational opportunity,high,A,STEP,E1,b10_copley,Cell cycle control elucidated.
copley,2006,Hawking,REPRESENT,REPRESENT,L3,MAP/TRANSFER,unexplained structure,high,A,STEP,,b10_copley,Theoretical physics and cosmology — black hole thermodynamics.
copley,2007,May,REPRESENT,REPRESENT,L2,STRIP DETAILS|ABSTRACT/IDEALIZE,unexplained structure,high,A,STEP,,b10_copley,Interactions within and among biological populations modelled simply.
copley,2008,Penrose,REPRESENT,REPRESENT,L2,CHANGE ALGEBRA/GEOMETRY/DIMENSION,unexplained structure,high,A,STEP,,b10_copley,Insights across mathematics and mathematical physics.
copley,2009,Evans,REACH,REACH,,,new capability,high,A,STEP,R2,b10_copley,Embryonic stem cells in mice made a general experimental tool.
copley,2010,Cox,REPRESENT,REPRESENT,L2,PROBABILIZE|CHANGE WHAT IS MEASURED,unexplained structure,high,A,STEP,,b10_copley,Theory and application of statistics — proportional hazards.
copley,2010,Lindahl,RECORD,RECORD,,,observational opportunity,high,A,STEP,E1,b10_copley,Biochemistry of DNA repair.
copley,2011,McKenzie,REPRESENT,REPRESENT,L4|L2,ADD/REMOVE LATENT OBJECT,unexplained structure,high,A,STEP,,b10_copley,Geological and geophysical processes — plate tectonics.
copley,2012,Walker,RECORD,RECORD,,,observational opportunity,high,A,STEP,E1,b10_copley,Mechanism of ATP synthase.
copley,2013,Geim,RECORD,RECORD,,,observational opportunity,high,A,STEP,E1,b10_copley,Initiating the science of graphene.
copley,2014,Jeffreys,REACH,REACH,,,new capability,high,A,STEP,R2,b10_copley,Genome variation turned into DNA fingerprinting.
copley,2015,Higgs,REPRESENT,REPRESENT,L2|L4,ADD/REMOVE LATENT OBJECT,unexplained structure,high,A,STEP,,b10_copley,Mass generation via a scalar field and its particle.
copley,2016,Henderson,REACH,REACH,,,new capability,high,A,STEP,R2,b10_copley,Electron cryo-microscopy developed for biological structures.
copley,2017,Wiles,REPRESENT,REPRESENT,L3|L0,BUILD TRANSLATION MAP,unexplained structure,high,A,STEP,,b10_copley,Fermat proved via modularity.
copley,2018,Gordon,RECORD,RECORD,,,observational opportunity,high,A,STEP,E1,b10_copley,Role of gut microbial communities in health.
copley,2019,Goodenough,ARTIFACT,ARTIFACT,,,technological need,high,A,STEP,A2,b10_copley,Science and technology of rechargeable batteries.
copley,2020,Fersht,REACH,REACH,,,new capability,high,A,STEP,R2,b10_copley,Protein engineering methods for dissecting structure and function.
copley,2021,Bell Burnell,RECORD,RECORD,,,observational opportunity,high,A,STEP,E2,b10_copley,Discovery of pulsars.
copley,2022,Oxford-AstraZeneca team,ARTIFACT,ARTIFACT,,,technological need,high,A,STEP,A2,b10_copley,A COVID-19 vaccine developed and deployed rapidly.
copley,2023,Rees,REPRESENT,REPRESENT,L2,,unexplained structure,low,C,CAREER,,b10_copley,Theoretical astrophysics across many problems.
copley,2024,Winter,REACH,REACH,,,new capability,high,A,STEP,R2,b10_copley,Antibody engineering for therapeutic use.
copley,2025,Pendry,REPRESENT,REPRESENT,L4|L2,ADD/REMOVE LATENT OBJECT|CHANGE ALGEBRA/GEOMETRY/DIMENSION,unexplained structure,high,A,STEP,,b10_copley,"Metamaterials: structure, not composition, sets the electromagnetic response."
crafoord,1982,Arnold; Nirenberg,REPRESENT,REPRESENT,L0|L2,,unsolved case,high,A,STEP,,b04_dirac_crafoord,Nonlinear differential equations: results plus geometric methods.
crafoord,1983,Lorenz; Stommel,REPRESENT,REPRESENT,L2,STRIP DETAILS|ABSTRACT/IDEALIZE,intractability,high,A,STEP,,b04_dirac_crafoord,Atmospheric and ocean circulation reduced to low-dimensional models that expose sensitive dependence.
crafoord,1984,Janzen,RECORD,RECORD,L2,ENLARGE SYSTEM,observational opportunity,med,B,STEP,E1,b04_dirac_crafoord,Co-evolution studies: the unit of analysis becomes the interacting pair rather than the species.
crafoord,1985,Spitzer,RECORD,RECORD,,,observational opportunity,high,A,STEP,E1,b04_dirac_crafoord,The interstellar medium characterised across essentially every aspect.
crafoord,1986,Allegre; Wasserburg,REACH,REACH,,,new capability,high,A,STEP,R2,b04_dirac_crafoord,"Isotope geochemistry as a method, then its geological interpretation."
crafoord,1987,Odum; Odum,REPRESENT,REPRESENT,L2,CHANGE EXPLANATORY LEVEL|ENLARGE SYSTEM,emergent collective structure,high,A,STEP,,b04_dirac_crafoord,"The ecosystem, not the organism, becomes the unit carrying energy and matter flows."
crafoord,1988,Deligne; Grothendieck,REPRESENT,REPRESENT,L4|L2,ADD/REMOVE LATENT OBJECT|ABSTRACT/IDEALIZE,unexplained structure,high,A,STEP,,b04_dirac_crafoord,Schemes and related foundations replace varieties as the objects of algebraic geometry.
crafoord,1989,Van Allen,RECORD,RECORD,,,observational opportunity,high,A,STEP,E2,b04_dirac_crafoord,Radiation belts discovered — a new fact about near-Earth space.
crafoord,1990,E. O. Wilson,REPRESENT,REPRESENT,L2,ABSTRACT/IDEALIZE|PROBABILIZE,excessive complexity,high,A,STEP,,b04_dirac_crafoord,Island biogeography reduces species diversity to an equilibrium between immigration and extinction.
crafoord,1990,Ehrlich,RECORD,RECORD,L2,ENLARGE SYSTEM,observational opportunity,high,A,STEP,E1,b04_dirac_crafoord,Fragmented populations studied as spatially structured units.
crafoord,1991,Sandage,RECORD,RECORD,,,observational opportunity,high,A,STEP,E1,b04_dirac_crafoord,"Galaxies, stellar populations and the velocity-distance relation measured."
crafoord,1992,Seilacher,RECORD,RECORD,,,observational opportunity,high,A,STEP,E1,b04_dirac_crafoord,Evolution of life read from the geological record.
crafoord,1993,Benzer,REPRESENT,REPRESENT,L3,MAP/TRANSFER,cross-domain analogy,high,A,STEP,,b04_dirac_crafoord,Genetic dissection applied to behaviour — behaviour becomes a phenotype with mutants.
crafoord,1993,Hamilton,REPRESENT,REPRESENT,L1|L2,REINTERPRET|CHANGE EXPLANATORY LEVEL,unexplained phenomenon,high,A,STEP,,b04_dirac_crafoord,Altruism reinterpreted at the level of genes: kin selection makes apparent self-sacrifice fitness-maximising.
crafoord,1994,Donaldson,REPRESENT,REPRESENT,L3|L2,MAP/TRANSFER|CHANGE WHAT IS MEASURED,cross-domain analogy,high,A,STEP,,b04_dirac_crafoord,Instanton equations from physics used to build new invariants of four-manifolds.
crafoord,1994,Yau,REPRESENT,REPRESENT,L0|L2,,unsolved case,high,A,STEP,,b04_dirac_crafoord,Nonlinear techniques in differential geometry settling outstanding problems.
crafoord,1995,Dansgaard; Shackleton,REACH,REACH,,,new capability,high,A,STEP,R2,b04_dirac_crafoord,Isotope analysis developed into a proxy record of Quaternary climate.
crafoord,1996,May,REPRESENT,REPRESENT,L2,STRIP DETAILS|ABSTRACT/IDEALIZE,emergent collective structure,high,A,STEP,,b04_dirac_crafoord,Simple difference-equation models show that ecological complexity is not needed for complex dynamics.
crafoord,1997,Hoyle; Salpeter,REPRESENT,REPRESENT,L3,MAP/TRANSFER|CHANGE EXPLANATORY LEVEL,cross-domain analogy,high,A,STEP,,b04_dirac_crafoord,Nuclear physics carried into stars: stellar evolution becomes nucleosynthesis.
crafoord,1998,Anderson; Dziewonski,REACH,REACH,,,new capability,high,A,STEP,R2,b04_dirac_crafoord,Seismic tomography and reference models make the Earth interior observable.
crafoord,1999,Mayr; Maynard Smith; Williams,REPRESENT,REPRESENT,L2|L1,CHANGE EXPLANATORY LEVEL|ABSTRACT/IDEALIZE,unexplained phenomenon,high,A,STEP,,b04_dirac_crafoord,"The citation says ""conceptual development"": species concepts, gene-level selection and evolutionary game theory."
crafoord,2000,Feldmann; Maini,RECORD,RECORD,,,observational opportunity,high,A,STEP,E2,b04_dirac_crafoord,TNF-alpha identified as the causal target in rheumatoid arthritis.
crafoord,2001,Connes,REPRESENT,REPRESENT,L4,CHANGE ALGEBRA/GEOMETRY/DIMENSION,unexplained structure,high,A,STEP,,b04_dirac_crafoord,"Non-commutative geometry: spaces replaced by algebras so that ""space"" survives where points do not."
crafoord,2002,McKenzie,REPRESENT,REPRESENT,L4|L2,ADD/REMOVE LATENT OBJECT,unexplained structure,high,A,STEP,,b04_dirac_crafoord,Rigid plates become the objects whose motion explains surface geology.
crafoord,2003,Woese,REPRESENT,REPRESENT,L2,CLASSIFY/ENUMERATE|CHANGE WHAT IS MEASURED,failure of classification,high,A,STEP,,b04_dirac_crafoord,"Ribosomal RNA replaces morphology as the basis for classifying life, and a third domain appears."
crafoord,2004,Butcher; Springer,RECORD,RECORD,,,observational opportunity,high,A,STEP,E1,b04_dirac_crafoord,Molecular mechanisms of leukocyte migration established.
crafoord,2005,Gunn; Peebles; Rees,REPRESENT,REPRESENT,L2,CHANGE SCALE|PROBABILIZE,unexplained structure,high,A,STEP,,b04_dirac_crafoord,"Large-scale structure treated statistically, from initial fluctuations to galaxy distribution."
crafoord,2006,Broecker,REPRESENT,REPRESENT,L2,ENLARGE SYSTEM,emergent collective structure,high,A,STEP,,b04_dirac_crafoord,"Ocean, atmosphere and biosphere coupled into one carbon-cycle system with abrupt modes."
crafoord,2007,Trivers,REPRESENT,REPRESENT,L1|L2,REINTERPRET|CHANGE EXPLANATORY LEVEL,unexplained phenomenon,high,A,STEP,,b04_dirac_crafoord,Reciprocal altruism and parent-offspring conflict recast social behaviour as fitness accounting.
crafoord,2008,Kontsevich; Witten,REPRESENT,REPRESENT,L3,MAP/TRANSFER,cross-domain analogy,high,A,STEP,,b04_dirac_crafoord,The citation names it: mathematics inspired by modern theoretical physics.
crafoord,2008,Sunyaev,REPRESENT,REPRESENT,L2,CHANGE WHAT IS MEASURED,observational opportunity,high,A,STEP,,b04_dirac_crafoord,Processes around compact objects turned into diagnostics — spectra as probes.
crafoord,2009,Dinarello; Kishimoto; Akira,RECORD,RECORD,,,observational opportunity,high,A,STEP,E2,b04_dirac_crafoord,Interleukins isolated and their role in inflammatory disease established.
crafoord,2010,Munk,REPRESENT,REPRESENT,L2,CHANGE SCALE,unexplained phenomenon,high,A,STEP,,b04_dirac_crafoord,"Ocean circulation, tides and waves given a quantitative dynamical account."
crafoord,2011,Hanski,REPRESENT,REPRESENT,L2,ENLARGE SYSTEM|CHANGE SCALE,emergent collective structure,high,A,STEP,,b04_dirac_crafoord,"The metapopulation becomes the unit: spatial variation is part of the model, not noise."
crafoord,2012,Bourgain; Tao,REPRESENT,REPRESENT,L0,,unsolved case,low,C,STEP,,b04_dirac_crafoord,Groundbreaking work across seven named fields; no single move localisable.
crafoord,2012,Genzel; Ghez,RECORD,RECORD,,,observational opportunity,high,A,STEP,E1,b04_dirac_crafoord,Stellar orbits at the galactic centre indicate a supermassive black hole.
crafoord,2013,Gregersen; Klareskog; Winchester,RECORD,RECORD,,,observational opportunity,high,A,STEP,E2,b04_dirac_crafoord,Genetic and environmental factors in rheumatoid arthritis identified.
crafoord,2014,Molnar,RECORD,RECORD,L2,,observational opportunity,high,A,STEP,E1,b04_dirac_crafoord,Continental deformation and mountain-range evolution characterised.
crafoord,2015,Lewontin; Ohta,REPRESENT,REPRESENT,L2,PROBABILIZE|CHANGE WHAT IS MEASURED,failure of current variables,high,A,STEP,,b04_dirac_crafoord,"Molecular polymorphism measured directly, and explained by nearly neutral rather than selective dynamics."
crafoord,2016,Eliashberg,REPRESENT,REPRESENT,L2|L0,FIND INVARIANT/SYMMETRY,unexplained structure,high,A,STEP,,b04_dirac_crafoord,Contact and symplectic topology: rigidity/flexibility as the organising dichotomy.
crafoord,2016,Kerr; Blandford,REPRESENT,REPRESENT,L0|L2,,unsolved case,high,A,STEP,,b04_dirac_crafoord,"The rotating-hole solution found inside fixed general relativity, plus its astrophysical machinery."
crafoord,2017,Sakaguchi; Ramsdell; Rudensky,RECORD,RECORD,,,observational opportunity,high,A,STEP,E2,b04_dirac_crafoord,Regulatory T cells discovered and their suppressive role established.
crafoord,2018,Manabe; Solomon,REPRESENT,REPRESENT,L2,MAKE-COMPUTABLE|ENLARGE SYSTEM,intractability,high,A,STEP,,b04_dirac_crafoord,Trace gases placed in a tractable radiative-convective model of the climate system.
crafoord,2019,Chisholm,RECORD,RECORD,,,observational opportunity,high,A,STEP,E2,b04_dirac_crafoord,Prochlorococcus discovered — the most abundant photosynthesiser on Earth.
crafoord,2020,Bombieri,REPRESENT,REPRESENT,L0,,unsolved case,low,C,STEP,,b04_dirac_crafoord,"""All the major areas of mathematics"" — unlocalisable."
crafoord,2020,Parker,REPRESENT,REPRESENT,L4|L2,ADD/REMOVE LATENT OBJECT,unexplained phenomenon,high,A,STEP,,b04_dirac_crafoord,"The solar wind posited as a real continuous outflow, against the prevailing static-corona view."
crafoord,2021,Kastner,REPRESENT,REPRESENT,L2,CLASSIFY/ENUMERATE,failure of classification,high,A,STEP,,b04_dirac_crafoord,"The citation is explicit: ""establishing the concept of autoinflammatory diseases"" — a new disease category."
crafoord,2022,Knoll,RECORD,RECORD,,,observational opportunity,high,A,STEP,E2,b04_dirac_crafoord,The first three billion years of life documented from the rock record.
crafoord,2023,Schluter,REPRESENT,REPRESENT,L2,ABSTRACT/IDEALIZE,unexplained phenomenon,high,A,STEP,,b04_dirac_crafoord,Adaptive radiation and ecological speciation given a testable ecological mechanism.
crafoord,2024,Gough; Christensen-Dalsgaard,REACH,REACH,,,new capability,high,A,STEP,R2,b04_dirac_crafoord,Asteroseismology developed as a method for seeing stellar interiors.
crafoord,2024,Voisin,REPRESENT,REPRESENT,L0|L2,,unsolved case,high,A,STEP,,b04_dirac_crafoord,"Hodge theory, algebraic cycles and hyperkahler geometry."
crafoord,2025,Goodnow; Nemazee,RECORD,RECORD,,,observational opportunity,high,A,STEP,E2,b04_dirac_crafoord,Mechanisms of B cell tolerance discovered.
crafoord,2026,Ramanathan,RECORD,RECORD,L2,,observational opportunity,high,A,STEP,E0,b04_dirac_crafoord,Aerosols and short-lived pollutants shown to alter the atmospheric energy balance.
dirac,1985,Witten,REPRESENT,REPRESENT,L3|L4,MERGE/SPLIT CONCEPTS|MAP/TRANSFER,excessive complexity,med,B,PROGRAMME,,b04_dirac_crafoord,"Particle physics, gravity and cosmology pursued as one unification problem."
dirac,1985,Zel dovich,REPRESENT,REPRESENT,L3|L2,MAP/TRANSFER,cross-domain analogy,high,A,STEP,,b04_dirac_crafoord,"Nuclear, plasma and fluid physics carried into relativistic astrophysics and cosmic evolution."
dirac,1986,Nambu,REPRESENT,REPRESENT,L1|L3|L4,REINTERPRET|MAP/TRANSFER|REIFY,cross-domain analogy,high,A,STEP,,b04_dirac_crafoord,Symmetry breaking imported into particle physics; dual models geometrically reinterpreted as strings.
dirac,1986,Polyakov,REPRESENT,REPRESENT,L2,CHANGE SCALE|FIND INVARIANT/SYMMETRY,unexplained structure,high,A,STEP,,b04_dirac_crafoord,Scale invariance elevated to the organising principle of quantum field theory and critical phenomena.
dirac,1987,DeWitt,REPRESENT,REPRESENT,L2,QUOTIENT/REMOVE REDUNDANCY|CHANGE WHAT IS MEASURED,internal inconsistency,high,A,STEP,,b04_dirac_crafoord,Background field method and ghost loops handle gauge redundancy; the effective action becomes the working object.
dirac,1987,Zumino,REPRESENT,REPRESENT,L4|L1,ADD/REMOVE LATENT OBJECT|FIND INVARIANT/SYMMETRY,unexplained structure,high,A,STEP,,b04_dirac_crafoord,Supersymmetry realised in 4D field theory — a new symmetry type relating bosons and fermions; anomalies structurally analysed.
dirac,1988,Fradkin,REPRESENT,REPRESENT,L2,ABSTRACT/IDEALIZE,failure of current method,high,A,STEP,,b04_dirac_crafoord,Functional methods and a formal solution of the Schwinger-Dyson hierarchy.
dirac,1988,Gross,REPRESENT,REPRESENT,L2,CHANGE SCALE,unexplained empirical structure,high,A,STEP,,b04_dirac_crafoord,Asymptotic freedom: the interaction strength becomes a function of distance.
dirac,1989,Schwarz; Green,REPRESENT,REPRESENT,L4,FIND INVARIANT/SYMMETRY|ADD/REMOVE LATENT OBJECT,internal inconsistency,high,A,STEP,,b04_dirac_crafoord,Anomaly cancellation singles out consistent 10D superstring theories — an inconsistency selects the ontology.
dirac,1990,Coleman,REPRESENT,REPRESENT,L2,CLASSIFY/ENUMERATE|FIND INVARIANT/SYMMETRY,unexplained structure,high,A,STEP,,b04_dirac_crafoord,Coleman-Mandula enumerates which symmetries an S-matrix can possibly have.
dirac,1990,Faddeev,REPRESENT,REPRESENT,L2,QUOTIENT/REMOVE REDUNDANCY,internal inconsistency,high,A,STEP,,b04_dirac_crafoord,Yang-Mills quantisation: gauge redundancy removed correctly via ghost fields.
dirac,1991,Goldstone,REPRESENT,REPRESENT,L4|L2,ADD/REMOVE LATENT OBJECT,unexplained structure,high,A,STEP,,b04_dirac_crafoord,Spontaneous symmetry breaking necessarily produces massless bosons — a new object entailed by a structural fact.
dirac,1991,Mandelstam,REPRESENT,REPRESENT,L2,,unexplained structure,low,C,PROGRAMME,,b04_dirac_crafoord,"""Contributions to the development of theoretical physics"" — no move localisable from the citation."
dirac,1992,Bogoliubov; Sinai,REPRESENT,REPRESENT,L2,,unexplained structure,low,C,CAREER,,b04_dirac_crafoord,"""Many outstanding contributions in physics and mathematics"" — unlocalisable."
dirac,1993,Freedman; van Nieuwenhuizen; Ferrara,REPRESENT,REPRESENT,L4|L3,MERGE/SPLIT CONCEPTS|ADD/REMOVE LATENT OBJECT,excessive complexity,high,A,STEP,,b04_dirac_crafoord,"Supergravity fuses supersymmetry with general relativity, creating new field types."
dirac,1994,Wilczek,REPRESENT,REPRESENT,L2,CHANGE SCALE,unexplained empirical structure,high,A,STEP,,b04_dirac_crafoord,Asymptotic freedom — the effective interaction weakens at short distance.
dirac,1995,Berry,REPRESENT,REPRESENT,L2|L1,FIND INVARIANT/SYMMETRY|REINTERPRET,unexplained structure,high,A,STEP,,b04_dirac_crafoord,"A geometric phase, previously discarded as unphysical, becomes an observable invariant of the path."
dirac,1996,Regge,REPRESENT,REPRESENT,L2,CHANGE ALGEBRA/GEOMETRY/DIMENSION,failure of current method,high,A,STEP,,b04_dirac_crafoord,Angular momentum continued into the complex plane — a discrete label becomes a continuous variable.
dirac,1996,Veltman,REPRESENT,REPRESENT,L2,MAKE-COMPUTABLE|QUOTIENT/REMOVE REDUNDANCY,internal inconsistency,high,A,STEP,,b04_dirac_crafoord,Renormalisability of gauge theories established and radiative corrections made computable.
dirac,1997,Olive; Goddard,REPRESENT,REPRESENT,L3,DUALIZE,surprising equivalence,high,A,STEP,,b04_dirac_crafoord,Electric-magnetic duality and its role in string theory: two descriptions identified.
dirac,1998,Jackiw; Adler,REPRESENT,REPRESENT,L1|L2,REINTERPRET|FIND INVARIANT/SYMMETRY,internal inconsistency,high,A,STEP,,b04_dirac_crafoord,The axial anomaly recognised as a real structural feature; current algebra turned into sum rules.
dirac,1999,Parisi,REPRESENT,REPRESENT,L2|L3,CHANGE SCALE|MAP/TRANSFER|PROBABILIZE,cross-domain analogy,high,A,STEP,,b04_dirac_crafoord,"Scaling violations, replica methods, multifractals and growth equations moved between field theory and statistical physics."
dirac,2000,Quinn; Georgi; Pati,REPRESENT,REPRESENT,L3|L4,MERGE/SPLIT CONCEPTS,excessive complexity,high,A,STEP,,b04_dirac_crafoord,Quarks and leptons and the three forces placed in one unified structure.
dirac,2001,Hopfield,REPRESENT,REPRESENT,L3,MAP/TRANSFER|CHANGE EXPLANATORY LEVEL,cross-domain analogy,high,A,STEP,,b04_dirac_crafoord,"The citation names the move: crossing interdisciplinary boundaries to ""uncover the conceptual structure behind the experimental facts""."
dirac,2002,Guth; Linde; Steinhardt,REPRESENT,REPRESENT,L4|L2,ADD/REMOVE LATENT OBJECT|CHANGE SCALE,internal inconsistency,high,A,STEP,,b04_dirac_crafoord,Inflation introduces a new epoch and field to remove cosmological fine-tuning.
dirac,2003,Kraichnan; Zakharov,REPRESENT,REPRESENT,L2|L0,CHANGE SCALE|FIND INVARIANT/SYMMETRY,unsolved case,high,A,STEP,,b04_dirac_crafoord,Turbulence organised by cascades and exact spectra; classes of tractable problems identified.
dirac,2004,Callan; Bjorken,REPRESENT,REPRESENT,L2|L4,CHANGE SCALE|ADD/REMOVE LATENT OBJECT,unexplained empirical structure,high,A,STEP,,b04_dirac_crafoord,Deep inelastic scaling read as evidence for pointlike constituents.
dirac,2005,Edwards,REPRESENT,REPRESENT,L3|L2,MAP/TRANSFER|PROBABILIZE,cross-domain analogy,high,A,STEP,,b04_dirac_crafoord,"One statistical-mechanical language carried across polymers, spin glasses and granular matter."
dirac,2005,Lee,REPRESENT,REPRESENT,L2,CHANGE SCALE|PROBABILIZE,unexplained phenomenon,high,A,STEP,,b04_dirac_crafoord,Weak localization and interaction effects as the right description of disordered many-body systems.
dirac,2006,Zoller,REPRESENT,REPRESENT,L3,MAP/TRANSFER|BUILD TRANSLATION MAP,cross-domain analogy,high,A,STEP,,b04_dirac_crafoord,"Condensed-matter models (Bose-Hubbard) realised in cold atoms, and ions recast as qubits — quantum simulation as a translation."
dirac,2007,"Iliopoulos, Maiani",REPRESENT,REPRESENT,L4,ADD/REMOVE LATENT OBJECT,internal inconsistency (FCNC),high,A,STEP,,phase1,charm predicted to cancel an unwanted process — textbook anomaly -> new object
dirac,2008,"Maldacena, Polchinski, Vafa",REPRESENT,REPRESENT,L3|L4,DUALIZE|BUILD TRANSLATION MAP|REIFY,surprising equivalence,high,A,STEP,,phase1,"AdS/CFT, D-branes, mirror symmetry — the framework's clearest L3/L4 case"
dirac,2009,"Car, Parrinello",TRACTABLE,TRACTABLE|REPRESENT,L3,MAP/TRANSFER,failure of current method (intractability),high,A,STEP,C0,phase1,DFT electronic structure fused with Newtonian molecular dynamics
dirac,2010,"Cabibbo, Sudarshan",REPRESENT,REPRESENT,L2|L4,ADD/REMOVE LATENT OBJECT|FIND INVARIANT/SYMMETRY,empirical anomaly,high,A,STEP,,phase1,quark mixing introduced a new class of physical constant; V-A structure
dirac,2011,"Brézin, Cardy, Zamolodchikov",REPRESENT,REPRESENT,L2|L0,CHANGE SCALE|FIND INVARIANT/SYMMETRY,unexplained structure,high,A,STEP,,phase1,CFT and integrability; exact results at criticality
dirac,2012,"Haldane, Kane, Zhang",REPRESENT,REPRESENT,L2|L4,FIND INVARIANT/SYMMETRY|CHANGE WHAT IS MEASURED,unexplained structure,high,A,STEP,,phase1,order classified by topology rather than broken symmetry
dirac,2013,"Kibble, Peebles, Rees",REPRESENT,REPRESENT,L3|L2,MAP/TRANSFER|FIND INVARIANT/SYMMETRY,cross-domain link,high,A,STEP,,phase1,"symmetry breaking -> cosmological defects; career-spanning, weakly localised"
dirac,2014,"Sen, Strominger, Veneziano",REPRESENT,REPRESENT,L1|L4,REIFY|CHANGE EXPLANATORY LEVEL|DUALIZE,unexplained mathematical structure,high,A,STEP,,phase1,dual model -> strings; microscopic origin of BH entropy
dirac,2015,"Kitaev, Moore, Read",REPRESENT,REPRESENT,L3|L4,MAP/TRANSFER|ADD/REMOVE LATENT OBJECT,cross-domain analogy,high,A,STEP,,phase1,CFT imported to FQHE; non-abelian anyons as new object type
dirac,2016,"Seiberg, Shifman, Vainshtein",REPRESENT,REPRESENT,L0|L2|L3,DUALIZE|FIND INVARIANT/SYMMETRY,failure of current method (perturbation theory),high,A,STEP,,phase1,exact non-perturbative results; Seiberg duality
dirac,2017,"Bennett, Deutsch, Shor",REPRESENT,REPRESENT,L3|L4,MAP/TRANSFER|BUILD TRANSLATION MAP|ADD/REMOVE LATENT OBJECT,cross-domain analogy,high,A,STEP,,phase1,quantum mechanics <-> computation/communication
dirac,2018,"Sachdev, Son, Wen",REPRESENT,REPRESENT,L4|L3,MAP/TRANSFER|FIND INVARIANT/SYMMETRY|DUALIZE,failure of classification,high,A,STEP,,phase1,holographic methods imported into condensed matter
dirac,2019,"Mukhanov, Starobinsky, Sunyaev",REPRESENT,REPRESENT,L3|L2,CHANGE SCALE|MAP/TRANSFER,cross-domain link,high,A,STEP,,phase1,quantum fluctuations <-> large-scale structure
dirac,2020,"Neveu, Ramond, Virasoro",REPRESENT,REPRESENT,L4|L2,ADD/REMOVE LATENT OBJECT|FIND INVARIANT/SYMMETRY,unexplained structure,high,A,STEP,,phase1,fermionic/bosonic symmetries introduced into the string framework
dirac,2021,"Buonanno, Damour, Pretorius, Teukolsky",REPRESENT,REPRESENT|TRACTABLE,L0|L2,CHANGE SCALE|MAP/TRANSFER,unsolved case inside adequate theory,high,A,STEP,,phase1,effective-one-body is a genuine change of variables; Pretorius is algorithmic
dirac,2022,"Lebowitz, Lieb, Ruelle",REPRESENT,REPRESENT,L0|L2,ABSTRACT/IDEALIZE,unsolved case inside adequate theory,high,A,STEP,,phase1,"stability of matter, Gibbs states for infinite systems, exact 2D solutions"
dirac,2023,"Harvey, Klebanov, Shenker, Susskind",REPRESENT,REPRESENT,L1|L3|L4,ENLARGE SYSTEM|BUILD TRANSLATION MAP|REIFY|DUALIZE,internal inconsistency + equivalence,high,A,STEP,,phase1,"anomaly inflow, AdS/CFT dictionary, matrix model, dual models as strings"
dirac,2024,"Casini, Huerta, Ryu, Takayanagi",REPRESENT,REPRESENT,L3|L2,DUALIZE|GEOMETRIZE|CHANGE WHAT IS MEASURED,divergence + surprising equivalence,high,A,STEP,,phase1,entanglement entropy <-> minimal surface; raw entropy -> relative entropy
dirac,2025,"Gibbons, Horowitz, Kerr, Wald",REPRESENT,REPRESENT,L0|L1|L2,REINTERPRET|CHANGE ALGEBRA/GEOMETRY/DIMENSION|FIND INVARIANT/SYMMETRY,unsolved case + structure,high,A,STEP,,phase1,"Kerr L0, Wald L1 (Noether charge), Gibbons L2 (Euclidean)"
dirac,2026,"Derrida, Dhar, Mézard, Sompolinsky",REPRESENT,REPRESENT,L3|L2,MAP/TRANSFER|CHANGE SCALE|STRIP DETAILS,cross-domain analogy,high,A,STEP,,phase1,"stat-mech language exported to optimisation, neuroscience, AI"
fields,1936,Ahlfors,REPRESENT,REPRESENT,L2,GEOMETRIZE,unexplained structure,high,A,STEP,,b05_turing_fields,Covering surfaces give a geometric handle on value distribution of meromorphic functions.
fields,1936,Douglas,REPRESENT,REPRESENT,L0,,unsolved case,high,A,STEP,,b05_turing_fields,The Plateau problem solved.
fields,1950,Schwartz,REPRESENT,REPRESENT,L4,ADD/REMOVE LATENT OBJECT|RIGORIZE,internal inconsistency,high,A,STEP,,b05_turing_fields,Distributions legitimise the Dirac delta: a new object type replaces an illegitimate one.
fields,1950,Selberg,REPRESENT,REPRESENT,L0,,unsolved case,high,A,STEP,,b05_turing_fields,"Sieve generalisations, zeta zeros, elementary proof of the prime number theorem."
fields,1954,Kodaira,REPRESENT,REPRESENT,L2|L3,MAP/TRANSFER,cross-domain analogy,high,A,STEP,,b05_turing_fields,Harmonic integrals carried onto Kahler and algebraic varieties.
fields,1954,Serre,REPRESENT,REPRESENT,L2,MAKE-COMPUTABLE,intractability,high,A,STEP,,b05_turing_fields,Spectral sequences turn homotopy groups of spheres into something computable.
fields,1958,Roth,REPRESENT,REPRESENT,L0,,unsolved case,high,A,STEP,,b05_turing_fields,The exact exponent in the Thue-Siegel inequality determined.
fields,1958,Thom,REPRESENT,REPRESENT,L2|L4,CLASSIFY/ENUMERATE|QUOTIENT/REMOVE REDUNDANCY,failure of classification,high,A,STEP,,b05_turing_fields,Cobordism classifies manifolds by an equivalence that discards inessential distinctions.
fields,1962,Hormander,REPRESENT,REPRESENT,L2,ABSTRACT/IDEALIZE,excessive complexity,high,A,STEP,,b05_turing_fields,A general theory of linear differential operators replaces case-by-case treatment.
fields,1962,Milnor,REPRESENT,REPRESENT,L4,ADD/REMOVE LATENT OBJECT,unexplained structure,high,A,STEP,,b05_turing_fields,"Exotic spheres show a familiar object type has unsuspected members, founding differential topology."
fields,1966,Atiyah,REPRESENT,REPRESENT,L3,BUILD TRANSLATION MAP,surprising equivalence,high,A,STEP,,b05_turing_fields,K-theory and the index theorem link analysis and topology.
fields,1966,Cohen,REPRESENT,REPRESENT,L2|L5?,ADD/REMOVE LATENT OBJECT,unsolved case,high,A,STEP,,b05_turing_fields,"Forcing is a general method for constructing models to order — the corpus's strongest candidate for a new KIND of transformation (R->R'), though cited only for the independence results."
fields,1966,Grothendieck,REPRESENT,REPRESENT,L4,ADD/REMOVE LATENT OBJECT|ABSTRACT/IDEALIZE,unexplained structure,high,A,STEP,,b05_turing_fields,K-theory and scheme-theoretic foundations replace the objects of algebraic geometry wholesale.
fields,1966,Smale,REPRESENT,REPRESENT,L0,,unsolved case,high,A,STEP,,b05_turing_fields,Generalised Poincare conjecture proved in dimension at least five.
fields,1970,Baker,REPRESENT,REPRESENT,L0,,unsolved case,high,A,STEP,,b05_turing_fields,Gelfond-Schneider generalised; new transcendental numbers produced.
fields,1970,Hironaka,REPRESENT,REPRESENT,L0,,unsolved case,high,A,STEP,,b05_turing_fields,Resolution of singularities in arbitrary dimension.
fields,1970,Novikov,REPRESENT,REPRESENT,L0|L2,FIND INVARIANT/SYMMETRY,unexplained structure,high,A,STEP,,b05_turing_fields,Topological invariance of Pontryagin classes.
fields,1970,Thompson,REPRESENT,REPRESENT,L0,CLASSIFY/ENUMERATE,failure of classification,high,A,STEP,,b05_turing_fields,Odd-order theorem and minimal simple groups — steps in enumerating what groups can exist.
fields,1974,Bombieri,REPRESENT,REPRESENT,L0,,unsolved case,med,B,STEP,,b05_turing_fields,"Results across primes, univalent functions and several complex variables."
fields,1974,Mumford,REPRESENT,REPRESENT,L4|L2,ADD/REMOVE LATENT OBJECT,unexplained structure,high,A,STEP,,b05_turing_fields,"Moduli varieties make ""the space of all such objects"" itself an object."
fields,1978,Deligne,REPRESENT,REPRESENT,L3,MAP/TRANSFER,surprising equivalence,high,A,STEP,,b05_turing_fields,"Weil conjectures settled, unifying algebraic geometry and number theory."
fields,1978,Fefferman,REPRESENT,REPRESENT,L0|L2,,unsolved case,high,A,STEP,,b05_turing_fields,Correct high-dimensional generalisations of classical complex analysis.
fields,1978,Margulis,REPRESENT,REPRESENT,L3,MAP/TRANSFER,cross-domain analogy,high,A,STEP,,b05_turing_fields,Lie group structure attacked with ergodic theory and combinatorics together.
fields,1978,Quillen,REPRESENT,REPRESENT,L3|L4,MAP/TRANSFER,cross-domain analogy,high,A,STEP,,b05_turing_fields,Higher algebraic K-theory built by importing geometric and topological methods into algebra.
fields,1982,Connes,REPRESENT,REPRESENT,L2,CLASSIFY/ENUMERATE,failure of classification,high,A,STEP,,b05_turing_fields,Type III factors and automorphisms classified.
fields,1982,Thurston,REPRESENT,REPRESENT,L2,CLASSIFY/ENUMERATE|GEOMETRIZE,failure of classification,high,A,STEP,,b05_turing_fields,Three-manifolds carved up by the geometry they admit — a new classification principle.
fields,1982,Yau,REPRESENT,REPRESENT,L0|L3,MAP/TRANSFER,unsolved case,high,A,STEP,,b05_turing_fields,"Calabi conjecture, plus the positive mass conjecture linking geometry and general relativity."
fields,1986,Donaldson,REPRESENT,REPRESENT,L3,MAP/TRANSFER,cross-domain analogy,high,A,STEP,,b05_turing_fields,Gauge-theory equations from physics used to detect exotic differential structures.
fields,1986,Faltings,REPRESENT,REPRESENT,L0|L3,,unsolved case,high,A,STEP,,b05_turing_fields,Mordell conjecture proved by arithmetic algebraic geometry.
fields,1986,Freedman,REPRESENT,REPRESENT,L0|L2,,unsolved case,high,A,STEP,,b05_turing_fields,Topological four-manifolds classified; four-dimensional Poincare proved.
fields,1990,Drinfeld,REPRESENT,REPRESENT,L4|L3,ADD/REMOVE LATENT OBJECT,unexplained structure,high,A,STEP,,b05_turing_fields,Quantum groups introduced as new algebraic objects; Langlands advanced.
fields,1990,Jones,REPRESENT,REPRESENT,L3,MAP/TRANSFER|CHANGE WHAT IS MEASURED,surprising equivalence,high,A,STEP,,b05_turing_fields,"An ""astonishing relationship"" between von Neumann algebras and knot topology yields a new invariant."
fields,1990,Mori,REPRESENT,REPRESENT,L2,CLASSIFY/ENUMERATE,failure of classification,high,A,STEP,,b05_turing_fields,Mori's program restructures the classification of algebraic varieties.
fields,1990,Witten,REPRESENT,REPRESENT,L3,MAP/TRANSFER,cross-domain analogy,high,A,STEP,,b05_turing_fields,Physical insight repeatedly converted into mathematical theorems — the citation says exactly this.
fields,1994,Bourgain,REPRESENT,REPRESENT,L0,,unsolved case,med,B,STEP,,b05_turing_fields,"Results across Banach spaces, convexity, harmonic analysis and ergodic theory."
fields,1994,Lions,REPRESENT,REPRESENT,L2,ABSTRACT/IDEALIZE,failure of current method,high,A,STEP,,b05_turing_fields,Viscosity solutions give meaning to PDEs lacking classical solutions.
fields,1994,Yoccoz,REPRESENT,REPRESENT,L0,,unsolved case,high,A,STEP,,b05_turing_fields,Bruno's theorem and its converse; conjugacy classification in dynamics.
fields,1994,Zelmanov,REPRESENT,REPRESENT,L0,,unsolved case,high,A,STEP,,b05_turing_fields,Restricted Burnside problem solved.
fields,1998,Borcherds,REPRESENT,REPRESENT,L4|L3,ADD/REMOVE LATENT OBJECT|MAP/TRANSFER,surprising equivalence,high,A,STEP,,b05_turing_fields,Vertex algebras supply the objects that explain monstrous moonshine.
fields,1998,Gowers,REPRESENT,REPRESENT,L2|L0,ABSTRACT/IDEALIZE,unexplained structure,high,A,STEP,,b05_turing_fields,A new vision of infinite-dimensional geometry settles Banach's problems.
fields,1998,Kontsevich,REPRESENT,REPRESENT,L3,MAP/TRANSFER,cross-domain analogy,high,A,STEP,,b05_turing_fields,Physics conjectures proved and transplanted into algebraic geometry and topology.
fields,1998,McMullen,REPRESENT,REPRESENT,L0|L2,GEOMETRIZE,unsolved case,high,A,STEP,,b05_turing_fields,Holomorphic dynamics and the geometrisation of three-manifolds.
fields,2002,Lafforgue,REPRESENT,REPRESENT,L3,BUILD TRANSLATION MAP,surprising equivalence,high,A,STEP,,b05_turing_fields,Langlands correspondence proved for GL(r) over function fields.
fields,2002,Voevodsky,REPRESENT,REPRESENT,L4|L3,MAP/TRANSFER|ADD/REMOVE LATENT OBJECT,cross-domain analogy,high,A,STEP,,b05_turing_fields,"Homotopy theory transported into algebraic geometry, yielding motivic cohomology."
fields,2006,Okounkov,REPRESENT,REPRESENT,L3,MAP/TRANSFER,cross-domain analogy,high,A,STEP,,b05_turing_fields,"The citation names the move: ""bridging probability, representation theory and algebraic geometry""."
fields,2006,Perelman,REPRESENT,REPRESENT,L0|L2,CHANGE SCALE,unsolved case,high,A,STEP,,b05_turing_fields,Ricci flow with surgery; the flow is a scale-changing device that resolves the geometry.
fields,2006,Tao,REPRESENT,REPRESENT,L0,,unsolved case,low,C,PROGRAMME,,b05_turing_fields,Four named fields; no single move localisable.
fields,2006,Werner,REPRESENT,REPRESENT,L2|L3,GEOMETRIZE|PROBABILIZE,surprising equivalence,high,A,STEP,,b05_turing_fields,"SLE represents critical interfaces as a growth process, linking probability to conformal field theory."
fields,2010,Lindenstrauss,REPRESENT,REPRESENT,L3,MAP/TRANSFER,cross-domain analogy,high,A,STEP,,b05_turing_fields,Measure rigidity in ergodic theory applied to number theory.
fields,2010,Ngo,REPRESENT,REPRESENT,L0|L3,MAP/TRANSFER,unsolved case,high,A,STEP,,b05_turing_fields,The Fundamental Lemma proved via new algebro-geometric methods.
fields,2010,Smirnov,REPRESENT,REPRESENT,L0|L2,FIND INVARIANT/SYMMETRY,unsolved case,high,A,STEP,,b05_turing_fields,Conformal invariance of percolation and the planar Ising model proved.
fields,2010,Villani,REPRESENT,REPRESENT,L0,RIGORIZE,unsolved case,high,A,STEP,,b05_turing_fields,Nonlinear Landau damping and Boltzmann convergence established rigorously.
fields,2014,Avila,REPRESENT,REPRESENT,L2,CHANGE SCALE,unexplained structure,high,A,STEP,,b05_turing_fields,The citation names renormalisation as the unifying principle — an explicit scale-change operator.
fields,2014,Bhargava,REPRESENT,REPRESENT,L2|L0,GEOMETRIZE,unsolved case,high,A,STEP,,b05_turing_fields,Geometry-of-numbers methods count arithmetic objects.
fields,2014,Hairer,REPRESENT,REPRESENT,L2,RIGORIZE|ABSTRACT/IDEALIZE,internal inconsistency,high,A,STEP,,b05_turing_fields,Regularity structures make singular SPDEs well posed.
fields,2014,Mirzakhani,REPRESENT,REPRESENT,L0|L2,,unsolved case,high,A,STEP,,b05_turing_fields,Dynamics and geometry of Riemann surfaces and their moduli spaces.
fields,2018,Birkar,REPRESENT,REPRESENT,L0,CLASSIFY/ENUMERATE,failure of classification,high,A,STEP,,b05_turing_fields,Boundedness of Fano varieties within the minimal model program.
fields,2018,Figalli,REPRESENT,REPRESENT,L2|L0,MAP/TRANSFER,unsolved case,high,A,STEP,,b05_turing_fields,"Optimal transport applied across PDE, metric geometry and probability."
fields,2018,Scholze,REPRESENT,REPRESENT,L4,ADD/REMOVE LATENT OBJECT,unexplained structure,high,A,STEP,,b05_turing_fields,Perfectoid spaces supply new objects that reorganise p-adic geometry.
fields,2018,Venkatesh,REPRESENT,REPRESENT,L3,MAP/TRANSFER|MERGE/SPLIT CONCEPTS,cross-domain analogy,high,A,STEP,,b05_turing_fields,"The citation says ""synthesis"" of number theory, dynamics, topology and representation theory."
fields,2022,Duminil-Copin,REPRESENT,REPRESENT,L0,RIGORIZE,unsolved case,high,A,STEP,,b05_turing_fields,Longstanding phase-transition problems solved in three and four dimensions.
fields,2022,Huh,REPRESENT,REPRESENT,L3,MAP/TRANSFER,cross-domain analogy,high,A,STEP,,b05_turing_fields,Hodge-theoretic ideas carried into combinatorics to settle log-concavity conjectures.
fields,2022,Maynard,REPRESENT,REPRESENT,L0,,unsolved case,high,A,STEP,,b05_turing_fields,Advances on the structure of primes and Diophantine approximation.
fields,2022,Viazovska,REPRESENT,REPRESENT,L0,,unsolved case,high,A,STEP,,b05_turing_fields,E8 proved optimal for sphere packing in eight dimensions.
fields,2026,Hong Wang,REPRESENT,REPRESENT,L0|L2,CHANGE SCALE,unsolved case,high,A,STEP,,b05_turing_fields,Multiscale and decoupling techniques applied to the local smoothing conjecture.
fields,2026,Pardon,REPRESENT,REPRESENT,L2,RIGORIZE|ABSTRACT/IDEALIZE,internal inconsistency,high,A,STEP,,b05_turing_fields,Virtual fundamental cycles put symplectic invariants on a sound footing.
fields,2026,Tsimerman,REPRESENT,REPRESENT,L3|L2,MAP/TRANSFER|REINTERPRET,cross-domain analogy,high,A,STEP,,b05_turing_fields,"The citation says ""recasting of o-minimality as a fundamental method"" — model theory becomes a tool of arithmetic geometry."
fields,2026,Yu Deng,REPRESENT,REPRESENT,L3,CHANGE SCALE|RIGORIZE,unsolved case,high,A,STEP,,b05_turing_fields,Boltzmann derived from hard-sphere dynamics — a rigorous bridge from microscopic to macroscopic language.
heineman_mathphys,1959,Murray Gell-Mann,REPRESENT,REPRESENT,L4|L2,FIND INVARIANT/SYMMETRY|CLASSIFY/ENUMERATE,unexplained structure,med,B,PROGRAMME,,b13_aps,Field theory and elementary-particle theory; the operative moves are strangeness as a new quantum number and the classification of hadrons by symmetry.
heineman_mathphys,1960,Aage Bohr,REPRESENT,REPRESENT,L2|L3,CHANGE SCALE|MAP/TRANSFER,failure of current variables,high,A,STEP,,b13_aps,The collective model describes the nucleus by shape and rotation variables rather than by independent particles alone.
heineman_mathphys,1961,Marvin Leonard Goldberger,REPRESENT,REPRESENT,L2,FIND INVARIANT/SYMMETRY,unexplained structure,high,A,STEP,,b13_aps,Dispersion relations turn analyticity and causality into constraints that determine scattering amplitudes.
heineman_mathphys,1962,Léon Van Hove,REPRESENT,REPRESENT,L2,CHANGE WHAT IS MEASURED|CHANGE SCALE,unexplained structure,med,B,PROGRAMME,,b13_aps,Statistical mechanics and field theory; the named contribution is the space-time correlation function as the object scattering measures.
heineman_mathphys,1963,Keith Brueckner,REPRESENT,REPRESENT,L2|L0,CHANGE SCALE|TRUNCATE,important unsolved case,high,A,STEP,,b13_aps,Nuclear matter derived from nucleon-nucleon interactions: a resummation that makes the many-body problem tractable in its own variables.
heineman_mathphys,1964,Tullio Regge,REPRESENT,REPRESENT,L2|L1,CHANGE ALGEBRA/GEOMETRY/DIMENSION|REINTERPRET,unexplained structure,high,A,STEP,,b13_aps,"Continuing angular momentum to complex values turns a discrete label into a continuous variable, and families of particles into trajectories."
heineman_mathphys,1965,Freeman Dyson,REPRESENT,REPRESENT,L3,BUILD TRANSLATION MAP|DUALIZE,surprising equivalence,high,A,STEP,,b13_aps,"Quantum field theory and the S-matrix: showing the Feynman, Schwinger and Tomonaga formulations are the same theory."
heineman_mathphys,1966,Nikolai N. Bogoliubov,REPRESENT,REPRESENT,L2,RIGORIZE|ABSTRACT/IDEALIZE,foundational dispute,high,A,STEP,,b13_aps,"Explicitly cited for bringing modern mathematics to physics, in particular the first rigorous proof of dispersion relations."
heineman_mathphys,1968,Sergio Fubini,REPRESENT,REPRESENT,L2,FIND INVARIANT/SYMMETRY,unexplained structure,med,A,STEP,,b13_aps,Superconvergence relations: sum rules that constrain amplitudes from high-energy behaviour.
heineman_mathphys,1969,Arthur S. Wightman,REPRESENT,REPRESENT,L2,RIGORIZE|ABSTRACT/IDEALIZE,foundational dispute,high,A,STEP,,b13_aps,Founding axiomatic quantum field theory: restating the theory as a set of axioms on operator-valued distributions.
heineman_mathphys,1970,Yoichiro Nambu,REPRESENT,REPRESENT,L2|L4,MAP/TRANSFER|ADD/REMOVE LATENT OBJECT,cross-domain analogy,high,A,STEP,,b13_aps,"Symmetry breaking carried from the BCS theory of superconductivity into particle physics, with the massless mode as a new object."
heineman_mathphys,1971,Roger Penrose,REPRESENT,REPRESENT,L2|L0,CHANGE ALGEBRA/GEOMETRY/DIMENSION|ABSTRACT/IDEALIZE,important unsolved case,high,A,STEP,,b13_aps,New mathematical techniques and conservation laws in general relativity; the singularity theorem replaces symmetry assumptions with global causal structure.
heineman_mathphys,1972,James D. Bjorken,REPRESENT,REPRESENT,L2|L3,CHANGE SCALE|MAP/TRANSFER,unexplained phenomenon,high,A,STEP,,b13_aps,"Scaling links short-distance current behaviour to deep inelastic scattering, making the proton's constituents visible in the data."
heineman_mathphys,1973,Kenneth G. Wilson,REPRESENT,REPRESENT,L2|L4,CHANGE SCALE|ADD/REMOVE LATENT OBJECT,unexplained structure,high,A,STEP,,b13_aps,Broken scale invariance in field theory and scaling in critical phenomena: the renormalisation group makes couplings scale-dependent objects.
heineman_mathphys,1974,Subrahmanyan Chandrasekhar,REPRESENT,REPRESENT,L0|L2,RIGORIZE,important unsolved case,high,A,STEP,,b13_aps,"Rigorous mathematical treatment of stellar structure, radiative transfer, hydromagnetic stability and the post-Newtonian approximation."
heineman_mathphys,1975,Ludwig D. Faddeev,REPRESENT,REPRESENT,L2,QUOTIENT/REMOVE REDUNDANCY|RIGORIZE,internal inconsistency,high,A,STEP,,b13_aps,Quantisation of gauge fields by functional integration: dividing out gauge redundancy is what makes the path integral well defined.
heineman_mathphys,1976,Stephen Hawking,REPRESENT,REPRESENT,L2|L3,MAP/TRANSFER|CHANGE EXPLANATORY LEVEL,unexplained structure,high,A,STEP,,b13_aps,"Gravitational singularities, and the growth and death of black holes: thermodynamic language imported into gravity."
heineman_mathphys,1977,Steven Weinberg,REPRESENT,REPRESENT,L3|L4,MERGE/SPLIT CONCEPTS|FIND INVARIANT/SYMMETRY,surprising equivalence,high,A,STEP,,b13_aps,"Unified gauge theory of weak and electromagnetic interactions: two forces become one description, with spontaneous symmetry breaking supplying the difference."
heineman_mathphys,1978,Elliott H. Lieb,REPRESENT,REPRESENT,L0|L2,RIGORIZE,important unsolved case,high,A,STEP,,b13_aps,Exact solutions of two-dimensional ferroelectric models and rigorous clarification of Coulomb interactions.
heineman_mathphys,1979,Gerard 't Hooft,REPRESENT,REPRESENT,L2,QUOTIENT/REMOVE REDUNDANCY|RIGORIZE,internal inconsistency,high,A,STEP,,b13_aps,Renormalisation of non-Abelian gauge theories: showing the theory is finite is what made it usable.
heineman_mathphys,1980,Arthur Jaffe,REPRESENT,REPRESENT,L2,RIGORIZE|ABSTRACT/IDEALIZE,foundational dispute,high,A,STEP,,b13_aps,Constructive quantum field theory: exhibiting interacting field models that actually exist in two and three dimensions.
heineman_mathphys,1980,James Glimm,REPRESENT,REPRESENT,L2,RIGORIZE|ABSTRACT/IDEALIZE,foundational dispute,high,A,STEP,,b13_aps,Constructive quantum field theory: exhibiting interacting field models that actually exist in two and three dimensions.
heineman_mathphys,1981,Jeffrey Goldstone,REPRESENT,REPRESENT,L2|L4,FIND INVARIANT/SYMMETRY|ADD/REMOVE LATENT OBJECT,unexplained structure,high,A,STEP,,b13_aps,"A rigorous diagrammatic technique for the many-body problem, and the theorem forcing a massless mode when a continuous symmetry breaks."
heineman_mathphys,1982,John Clive Ward,REPRESENT,REPRESENT,L2,FIND INVARIANT/SYMMETRY,unexplained structure,high,A,STEP,,b13_aps,Ward identities turn gauge invariance into exact relations among renormalised quantities.
heineman_mathphys,1983,Martin D. Kruskal,REPRESENT,REPRESENT,L1|L2,REINTERPRET|FIND INVARIANT/SYMMETRY,unexplained structure,high,A,STEP,,b13_aps,Kruskal coordinates reinterpret the Schwarzschild horizon as a coordinate artefact; solitons and inverse scattering give nonlinear equations a linear structure.
heineman_mathphys,1984,Robert B. Griffiths,REPRESENT,REPRESENT,L2|L0,RIGORIZE|FIND INVARIANT/SYMMETRY,unexplained structure,high,A,STEP,,b13_aps,"Correlation inequalities, tricritical points and phase equilibria: exact constraints on what phase diagrams can do."
heineman_mathphys,1985,David P. Ruelle,REPRESENT,REPRESENT,L2|L3,ABSTRACT/IDEALIZE|MAP/TRANSFER,unexplained phenomenon,high,A,STEP,,b13_aps,"Mathematical basis for quantum field theory, statistical mechanics and turbulence; the strange attractor recasts turbulence onset in dynamical-systems language."
heineman_mathphys,1986,Alexander M. Polyakov,REPRESENT,REPRESENT,L4|L2,ADD/REMOVE LATENT OBJECT|CHANGE ALGEBRA/GEOMETRY/DIMENSION,unexplained structure,high,A,STEP,,b13_aps,Topological effects in quantum field theory: instantons and monopoles enter as objects the perturbative language cannot express.
heineman_mathphys,1987,Rodney Baxter,REPRESENT,REPRESENT,L0|L2,FIND INVARIANT/SYMMETRY,important unsolved case,high,A,STEP,,b13_aps,Exact analytic solutions of lattice models; the Yang-Baxter relation is the structure that makes them solvable.
heineman_mathphys,1988,Bruno Zumino,REPRESENT,REPRESENT,L4,CHANGE ALGEBRA/GEOMETRY/DIMENSION|ADD/REMOVE LATENT OBJECT,unexplained structure,high,A,STEP,,b13_aps,"Supersymmetry: the citation calls it an extension of space-time symmetry itself, which changes what kinds of object the theory admits."
heineman_mathphys,1988,Julius Wess,REPRESENT,REPRESENT,L4,CHANGE ALGEBRA/GEOMETRY/DIMENSION|ADD/REMOVE LATENT OBJECT,unexplained structure,high,A,STEP,,b13_aps,"Supersymmetry: the citation calls it an extension of space-time symmetry itself, which changes what kinds of object the theory admits."
heineman_mathphys,1989,John S. Bell,REPRESENT,REPRESENT,L2|L1,CHANGE WHAT IS MEASURED|REINTERPRET,foundational dispute,high,A,STEP,,b13_aps,The Bell inequality converts a philosophical dispute about hidden variables into a measurable inequality.
heineman_mathphys,1990,Yakov Sinai,REPRESENT,REPRESENT,L2|L3,MAP/TRANSFER|RIGORIZE,foundational dispute,high,A,STEP,,b13_aps,New concepts and theorems tying dynamical systems to the foundations of statistical mechanics -- ergodic theory as the bridge.
heineman_mathphys,1991,Jürg Fröhlich,REPRESENT,REPRESENT,L2,RIGORIZE,foundational dispute,high,A,STEP,,b13_aps,Rigorous solutions of outstanding problems in statistical mechanics and field theory.
heineman_mathphys,1991,Thomas Spencer,REPRESENT,REPRESENT,L2,RIGORIZE,foundational dispute,high,A,STEP,,b13_aps,Rigorous solutions of outstanding problems in statistical mechanics and field theory.
heineman_mathphys,1992,Stanley Mandelstam,REPRESENT,REPRESENT,L2,CHANGE ALGEBRA/GEOMETRY/DIMENSION|FIND INVARIANT/SYMMETRY,unexplained structure,high,A,STEP,,b13_aps,The Mandelstam representation makes analyticity of the scattering amplitude the organising structure; also early string/dual-model formulations.
heineman_mathphys,1993,Martin C. Gutzwiller,REPRESENT,REPRESENT,L3,BUILD TRANSLATION MAP,surprising equivalence,high,A,STEP,,b13_aps,The trace formula is an explicit dictionary between classical periodic orbits and the quantum spectrum.
heineman_mathphys,1994,Charles W. Misner,REPRESENT,REPRESENT,L2,CHANGE WHAT IS MEASURED|ENLARGE SYSTEM,failure of current variables,high,A,STEP,,b13_aps,The ADM canonical formalism splits spacetime into space plus time so that general relativity has a Hamiltonian and a well-defined energy.
heineman_mathphys,1994,Richard Arnowitt,REPRESENT,REPRESENT,L2,CHANGE WHAT IS MEASURED|ENLARGE SYSTEM,failure of current variables,high,A,STEP,,b13_aps,The ADM canonical formalism splits spacetime into space plus time so that general relativity has a Hamiltonian and a well-defined energy.
heineman_mathphys,1994,Stanley Deser,REPRESENT,REPRESENT,L2,CHANGE WHAT IS MEASURED|ENLARGE SYSTEM,failure of current variables,high,A,STEP,,b13_aps,The ADM canonical formalism splits spacetime into space plus time so that general relativity has a Hamiltonian and a well-defined energy.
heineman_mathphys,1995,Roman W. Jackiw,REPRESENT,REPRESENT,L4|L2,ADD/REMOVE LATENT OBJECT|REINTERPRET,unexplained structure,high,A,STEP,,b13_aps,"Topological solitons, finite-temperature field theory and anomalies: an apparent inconsistency reinterpreted as a genuine feature of the quantised theory."
heineman_mathphys,1996,Roy J. Glauber,REPRESENT,REPRESENT,L2|L4,PROBABILIZE|CHANGE WHAT IS MEASURED,failure of current variables,high,A,STEP,,b13_aps,Quantum optics: coherence recast as a hierarchy of correlation functions of the quantised field rather than a property of a classical wave.
heineman_mathphys,1998,Edward Witten,REPRESENT,REPRESENT,L3|L4,DUALIZE|ADD/REMOVE LATENT OBJECT,surprising equivalence,high,A,STEP,,b13_aps,"Duality between strongly coupled supersymmetric field and string theories, with the mathematical consequences the citation singles out."
heineman_mathphys,1998,Nathan Seiberg,REPRESENT,REPRESENT,L3|L0,DUALIZE|BUILD TRANSLATION MAP,surprising equivalence,high,A,STEP,,b13_aps,Electric-magnetic duality in supersymmetric gauge theory: strong coupling in one description is weak coupling in another.
heineman_mathphys,1999,Alexander B. Zamolodchikov,REPRESENT,REPRESENT,L2|L0,FIND INVARIANT/SYMMETRY|CLASSIFY/ENUMERATE,unexplained structure,high,A,STEP,,b13_aps,Integrable models and conformal field theory; the c-theorem makes irreversibility of renormalisation-group flow a theorem about a single function.
heineman_mathphys,1999,Barry M. McCoy,REPRESENT,REPRESENT,L0|L2,FIND INVARIANT/SYMMETRY,important unsolved case,high,A,STEP,,b13_aps,"Classical statistical mechanics, integrable models and conformal field theory: exact results for two-dimensional systems."
heineman_mathphys,1999,Tai Tsun Wu,REPRESENT,REPRESENT,L0|L2,FIND INVARIANT/SYMMETRY,important unsolved case,high,A,STEP,,b13_aps,"Classical statistical mechanics, integrable models and conformal field theory: exact results for two-dimensional systems."
heineman_mathphys,2000,Sidney R. Coleman,REPRESENT,REPRESENT,L2|L1,ABSTRACT/IDEALIZE|REINTERPRET,unexplained structure,high,A,STEP,,b13_aps,Symmetry breaking and the role of symmetry in particle theory; the citation rewards conceptual clarification rather than new prediction.
heineman_mathphys,2001,Vladimir Igorevich Arnol'd,REPRESENT,REPRESENT,L2|L3,CHANGE ALGEBRA/GEOMETRY/DIMENSION|MAP/TRANSFER,unexplained structure,high,A,STEP,,b13_aps,"Dynamics and singularities of maps: geometric and topological structure imported into mechanics, astrophysics and hydrodynamics."
heineman_mathphys,2002,John Henry Schwarz,REPRESENT,REPRESENT,L4,ADD/REMOVE LATENT OBJECT|CHANGE ALGEBRA/GEOMETRY/DIMENSION,internal inconsistency,high,A,STEP,,b13_aps,"Superstring theory: point particles replaced by extended objects, with anomaly cancellation as the constraint that fixed the theory."
heineman_mathphys,2002,Michael B. Green,REPRESENT,REPRESENT,L4,ADD/REMOVE LATENT OBJECT|CHANGE ALGEBRA/GEOMETRY/DIMENSION,internal inconsistency,high,A,STEP,,b13_aps,"Superstring theory: point particles replaced by extended objects, with anomaly cancellation as the constraint that fixed the theory."
heineman_mathphys,2003,James W. York,REPRESENT,REPRESENT,L2|L0,RIGORIZE|CHANGE WHAT IS MEASURED,foundational dispute,high,A,STEP,,b13_aps,"Existence and uniqueness for the Einstein equations, and their reformulation as a well-posed initial-value problem."
heineman_mathphys,2003,Yvonne Choquet-Bruhat,REPRESENT,REPRESENT,L2|L0,RIGORIZE|CHANGE WHAT IS MEASURED,foundational dispute,high,A,STEP,,b13_aps,"Existence and uniqueness for the Einstein equations, and their reformulation as a well-posed initial-value problem."
heineman_mathphys,2004,Gabriele Veneziano,REPRESENT,REPRESENT,L1|L4,REINTERPRET|REIFY,unexplained structure,high,A,STEP,,b13_aps,"The dual resonance amplitude, later reinterpreted as the scattering of extended strings -- a formula promoted into an ontology."
heineman_mathphys,2005,Giorgio Parisi,REPRESENT,REPRESENT,L2|L4,CHANGE WHAT IS MEASURED|PROBABILIZE,failure of current variables,high,A,STEP,,b13_aps,Spin glasses and disordered systems: replica symmetry breaking makes the order parameter a distribution rather than a number.
heineman_mathphys,2006,Daniel Z. Freedman,REPRESENT,REPRESENT,L4|L3,ADD/REMOVE LATENT OBJECT|MERGE/SPLIT CONCEPTS,unexplained structure,high,A,STEP,,b13_aps,"Supergravity: supersymmetry made local, which forces gravity and matter into one multiplet."
heineman_mathphys,2006,Peter van Nieuwenhuizen,REPRESENT,REPRESENT,L4|L3,ADD/REMOVE LATENT OBJECT|MERGE/SPLIT CONCEPTS,unexplained structure,high,A,STEP,,b13_aps,"Supergravity: supersymmetry made local, which forces gravity and matter into one multiplet."
heineman_mathphys,2006,Sergio Ferrara,REPRESENT,REPRESENT,L4|L3,ADD/REMOVE LATENT OBJECT|MERGE/SPLIT CONCEPTS,unexplained structure,high,A,STEP,,b13_aps,"Supergravity: supersymmetry made local, which forces gravity and matter into one multiplet."
heineman_mathphys,2007,Joseph Polchinski,REPRESENT,REPRESENT,L4|L3,REIFY|ADD/REMOVE LATENT OBJECT,unexplained structure,high,A,STEP,,b13_aps,"D-branes promote a boundary condition on open strings into a dynamical object, which is what made the gauge/gravity connection concrete."
heineman_mathphys,2007,Juan Maldacena,REPRESENT,REPRESENT,L3,DUALIZE|BUILD TRANSLATION MAP,surprising equivalence,high,A,STEP,,b13_aps,"The citation names interconnections between quantum field theory, string theory and gravity: AdS/CFT is the bridge."
heineman_mathphys,2008,Mitchell Feigenbaum,REPRESENT,REPRESENT,L2|L3,FIND INVARIANT/SYMMETRY|CHANGE SCALE,unexplained structure,high,A,STEP,,b13_aps,Period doubling and its universal constants: a renormalisation-group argument showing unrelated systems share one route to chaos.
heineman_mathphys,2009,Alain Rouet,REPRESENT,REPRESENT,L2,FIND INVARIANT/SYMMETRY|QUOTIENT/REMOVE REDUNDANCY,internal inconsistency,high,A,STEP,,b13_aps,"BRST symmetry replaces gauge redundancy with an exact fermionic symmetry, making quantised gauge theory consistent."
heineman_mathphys,2009,Carlo Becchi,REPRESENT,REPRESENT,L2,FIND INVARIANT/SYMMETRY|QUOTIENT/REMOVE REDUNDANCY,internal inconsistency,high,A,STEP,,b13_aps,"BRST symmetry replaces gauge redundancy with an exact fermionic symmetry, making quantised gauge theory consistent."
heineman_mathphys,2009,Igor Tyutin,REPRESENT,REPRESENT,L2,FIND INVARIANT/SYMMETRY|QUOTIENT/REMOVE REDUNDANCY,internal inconsistency,high,A,STEP,,b13_aps,"BRST symmetry replaces gauge redundancy with an exact fermionic symmetry, making quantised gauge theory consistent."
heineman_mathphys,2009,Raymond Stora,REPRESENT,REPRESENT,L2,FIND INVARIANT/SYMMETRY|QUOTIENT/REMOVE REDUNDANCY,internal inconsistency,high,A,STEP,,b13_aps,"BRST symmetry replaces gauge redundancy with an exact fermionic symmetry, making quantised gauge theory consistent."
heineman_mathphys,2010,Michael Aizenman,REPRESENT,REPRESENT,L2|L0,PROBABILIZE|RIGORIZE,important unsolved case,high,A,STEP,,b13_aps,"The random-current representation rewrites Ising correlations as a percolation problem, which is what makes the triviality proof possible."
heineman_mathphys,2011,Herbert Spohn,REPRESENT,REPRESENT,L2|L0,CHANGE SCALE|RIGORIZE,unexplained structure,high,A,STEP,,b13_aps,"Nonequilibrium statistical mechanics: exact solutions of growth models and of stationary states of open systems, with the hydrodynamic limit as the move."
heineman_mathphys,2012,Giovanni Jona-Lasinio,REPRESENT,REPRESENT,L3|L2,MAP/TRANSFER|CHANGE SCALE,cross-domain analogy,high,A,STEP,,b13_aps,Spontaneous symmetry breaking and critical phenomena carried between statistical mechanics and particle physics.
heineman_mathphys,2013,Michio Jimbo,REPRESENT,REPRESENT,L2|L4,CHANGE ALGEBRA/GEOMETRY/DIMENSION,unexplained structure,high,A,STEP,,b13_aps,Quantum groups and algebraic analysis supply the algebraic objects that organise integrable systems and their correlation functions.
heineman_mathphys,2013,Tetsuji Miwa,REPRESENT,REPRESENT,L2|L4,CHANGE ALGEBRA/GEOMETRY/DIMENSION,unexplained structure,high,A,STEP,,b13_aps,Quantum groups and algebraic analysis supply the algebraic objects that organise integrable systems and their correlation functions.
heineman_mathphys,2014,Greg Moore,REPRESENT,REPRESENT,L3,MAP/TRANSFER|BUILD TRANSLATION MAP,cross-domain analogy,high,A,STEP,,b13_aps,"Cited for influence across string theory, gauge theory, conformal field theory and condensed matter -- the contribution is the transfer itself."
heineman_mathphys,2015,Pierre Ramond,REPRESENT,REPRESENT,L4,ADD/REMOVE LATENT OBJECT|CHANGE ALGEBRA/GEOMETRY/DIMENSION,important unsolved case,high,A,STEP,,b13_aps,"The dual model of fermions put fermions into string theory, which required supersymmetry on the world sheet."
heineman_mathphys,2016,Andrew Strominger,REPRESENT,REPRESENT,L3|L4,MAP/TRANSFER|GEOMETRIZE,unexplained structure,high,A,STEP,,b13_aps,"String theory and Calabi-Yau geometry, and the counting of black-hole microstates -- geometry and quantum statistics identified."
heineman_mathphys,2016,Cumrun Vafa,REPRESENT,REPRESENT,L3|L4,MAP/TRANSFER|GEOMETRIZE,unexplained structure,high,A,STEP,,b13_aps,"String theory and Calabi-Yau geometry, and the counting of black-hole microstates -- geometry and quantum statistics identified."
heineman_mathphys,2017,Carl M. Bender,REPRESENT,REPRESENT,L2|L4,FIND INVARIANT/SYMMETRY|ABSTRACT/IDEALIZE,foundational dispute,high,A,STEP,,b13_aps,"PT symmetry replaces Hermiticity as the condition guaranteeing a real spectrum, widening what counts as an admissible Hamiltonian."
heineman_mathphys,2018,Barry Simon,REPRESENT,REPRESENT,L2|L0,RIGORIZE,foundational dispute,high,A,STEP,,b13_aps,"Spectral theory, phase transitions and the geometric phase, treated with mathematical rigour across quantum mechanics and statistical mechanics."
heineman_mathphys,2019,Francesco Calogero,REPRESENT,REPRESENT,L0|L2,FIND INVARIANT/SYMMETRY,important unsolved case,high,A,STEP,,b13_aps,Exactly solvable many-body models -- the Gaudin magnet and the Calogero-Sutherland model.
heineman_mathphys,2019,Michel Gaudin,REPRESENT,REPRESENT,L0|L2,FIND INVARIANT/SYMMETRY,important unsolved case,high,A,STEP,,b13_aps,Exactly solvable many-body models -- the Gaudin magnet and the Calogero-Sutherland model.
heineman_mathphys,2019,T. Bill Sutherland,REPRESENT,REPRESENT,L0|L2,FIND INVARIANT/SYMMETRY,important unsolved case,high,A,STEP,,b13_aps,Exactly solvable many-body models -- the Gaudin magnet and the Calogero-Sutherland model.
heineman_mathphys,2020,Svetlana Jitomirskaya,REPRESENT,REPRESENT,L0|L2,RIGORIZE,important unsolved case,high,A,STEP,,b13_aps,"Spectral theory of almost-periodic Schrödinger operators, including the solution of the Ten Martini problem."
heineman_mathphys,2021,Joel Lebowitz,REPRESENT,REPRESENT,L2|L0,RIGORIZE|CHANGE SCALE,foundational dispute,high,A,STEP,,b13_aps,Large deviations in nonequilibrium steady states and rigorous analysis of Gibbs equilibrium -- foundations for the macroscopic limit.
heineman_mathphys,2022,Antti Kupiainen,REPRESENT,REPRESENT,L2|L3,CHANGE SCALE|PROBABILIZE,unexplained structure,high,A,STEP,,b13_aps,"Geometric, probabilistic and renormalisation-group ideas applied across field theory, statistical mechanics and fluid dynamics."
heineman_mathphys,2022,Krzysztof Gawędzki,REPRESENT,REPRESENT,L2|L3,CHANGE SCALE|PROBABILIZE,unexplained structure,high,A,STEP,,b13_aps,"Geometric, probabilistic and renormalisation-group ideas applied across field theory, statistical mechanics and fluid dynamics."
heineman_mathphys,2023,Nikita Nekrasov,REPRESENT,REPRESENT,L2|L3,MAKE-COMPUTABLE|MAP/TRANSFER,important unsolved case,high,A,STEP,,b13_aps,"Localisation turns supersymmetric path integrals into exact finite-dimensional sums, linking gauge theory to integrable systems and noncommutative geometry."
kavli,2008,Brus; Iijima,RECORD,RECORD,,,new capability,high,A,STEP,E1,b02_kavli_sakurai,Established 0D/1D nanostructures as a distinct class of objects with size-dependent properties.
kavli,2008,Grillner; Jessell; Rakic,RECORD,RECORD,,,observational opportunity,high,A,STEP,E2,b02_kavli_sakurai,"Discoveries of how neuronal circuits are built and function — establishing facts, L unchanged."
kavli,2008,Schmidt; Lynden-Bell,REPRESENT,REPRESENT,L1,REINTERPRET|CHANGE EXPLANATORY LEVEL,unexplained phenomenon,high,A,STEP,,b02_kavli_sakurai,"Quasars reinterpreted: odd radio sources become accreting supermassive black holes. Same objects, new meaning."
kavli,2010,Eigler; Seeman,REACH,REACH,,,new capability,high,A,STEP,R3,b02_kavli_sakurai,"""Unprecedented methods to control matter on the nanoscale"" — control capability, not representation."
kavli,2010,Nelson; Wilson; Angel,REACH,REACH,,,new capability,high,A,STEP,R2,b02_kavli_sakurai,Giant telescope development extends what can be observed.
kavli,2010,Scheller; Sudhof; Rothman,RECORD,RECORD,,,observational opportunity,high,A,STEP,E1,b02_kavli_sakurai,Molecular basis of neurotransmitter release established empirically.
kavli,2012,Bargmann; Denk; Grafton,RECORD,RECORD,,,observational opportunity,high,A,STEP,E1,b02_kavli_sakurai,Neuronal mechanisms of perception and decision established.
kavli,2012,Dresselhaus,REPRESENT,REPRESENT,L2,CHANGE SCALE|CHANGE WHAT IS MEASURED,emergent collective structure,med,B,PROGRAMME,,b02_kavli_sakurai,Phonons and electron-phonon coupling as the right variables for thermal transport in nanostructures.
kavli,2012,Jewitt; Luu; Brown,RECORD,RECORD,,,observational opportunity,high,A,STEP,E2,b02_kavli_sakurai,Kuiper Belt discovered and characterised.
kavli,2014,Ebbesen; Hell; Pendry,REACH,REACH,,,new capability,high,A,STEP,R1,b02_kavli_sakurai,Nano-optics breaking the optical resolution limit — a measurement capability.
kavli,2014,Guth; Linde; Starobinsky,REPRESENT,REPRESENT,L4|L2,ADD/REMOVE LATENT OBJECT|CHANGE SCALE,internal inconsistency,high,A,STEP,,b02_kavli_sakurai,Inflation posits a new field and epoch to remove horizon/flatness fine-tuning.
kavli,2014,Milner; O Keefe; Raichle,RECORD,RECORD,,,observational opportunity,high,A,STEP,E2,b02_kavli_sakurai,Specialised brain networks for memory and cognition discovered.
kavli,2016,Binnig; Gerber; Quate,REACH,REACH,,,new capability,high,A,STEP,R2,b02_kavli_sakurai,"Atomic force microscopy, explicitly ""a breakthrough in measurement technology""."
kavli,2016,Drever; Thorne; Weiss,REACH,REACH,,,test an existing prediction,high,A,STEP,R2,b02_kavli_sakurai,Direct detection of gravitational waves: instrument plus confirmation.
kavli,2016,Marder; Merzenich; Shatz,RECORD,RECORD,,,observational opportunity,high,A,STEP,E1,b02_kavli_sakurai,Mechanisms of experience-driven remodelling of brain function.
kavli,2018,Charpentier; Doudna; Siksnys,REACH,REACH,,,new capability,high,A,STEP,R3,b02_kavli_sakurai,"CRISPR-Cas9 described in the citation itself as ""a precise nanotool for editing DNA""."
kavli,2018,Hudspeth; Fettiplace; Petit,RECORD,RECORD,,,observational opportunity,high,A,STEP,E1,b02_kavli_sakurai,Molecular and neural mechanisms of hearing.
kavli,2018,van Dishoeck,RECORD,RECORD,,,observational opportunity,med,B,PROGRAMME,E1,b02_kavli_sakurai,"Astrochemistry of interstellar clouds and star formation across observation, theory and lab."
kavli,2020,Fabian,RECORD,RECORD,,,observational opportunity,high,A,STEP,E1,b02_kavli_sakurai,Observational X-ray astronomy from cluster gas flows to supermassive black holes.
kavli,2020,Julius; Patapoutian,RECORD,RECORD,,,observational opportunity,high,A,STEP,E2,b02_kavli_sakurai,Temperature and pressure receptors identified.
kavli,2020,Rose; Haider; Urban; Krivanek,REACH,REACH,,,new capability,high,A,STEP,R1,b02_kavli_sakurai,Sub-angstrom electron imaging and chemical analysis.
kavli,2022,Mandel; Orr; Zoghbi; Warren,RECORD,RECORD,,,observational opportunity,high,A,STEP,E2,b02_kavli_sakurai,Genes underlying brain disorders identified.
kavli,2022,Sagiv; Nuzzo; Allara; Whitesides,ARTIFACT,ARTIFACT,,,technological need,high,A,STEP,A1,b02_kavli_sakurai,Self-assembled monolayers as engineered coatings to control surface properties.
kavli,2022,Ulrich; Christensen-Dalsgaard; Aerts,REACH,REACH,,,new capability,high,A,STEP,R2,b02_kavli_sakurai,Helio- and asteroseismology: a new way to see stellar interiors.
kavli,2024,Kanwisher; Freiwald; Tsao,RECORD,RECORD,,,observational opportunity,high,A,STEP,E2,b02_kavli_sakurai,A localised cortical system for face representation discovered.
kavli,2024,Langer; Alivisatos; Mirkin,ARTIFACT,ARTIFACT,,,technological need,high,A,STEP,A1,b02_kavli_sakurai,Synthetic nanoscale materials integrated with biological function for biomedical use.
kavli,2024,Seager; Charbonneau,RECORD,RECORD,,,observational opportunity,high,A,STEP,E2,b02_kavli_sakurai,Discovery and characterisation of exoplanets and their atmospheres.
kavli,2026,Andrei; Jarillo-Herrero; MacDonald,RECORD,RECORD,L2,CHANGE WHAT IS MEASURED,new capability,high,A,STEP,E2,b02_kavli_sakurai,Twistronics: twist angle becomes a new control variable; magic-angle behaviour is an empirical find.
kavli,2026,Belokurov; Helmi; Ibata,RECORD,RECORD,,,observational opportunity,high,A,STEP,E1,b02_kavli_sakurai,Fossil evidence of past mergers proving hierarchical assembly of the Milky Way.
kavli,2026,Holt; Martin; Schuman; Steward,RECORD,RECORD,,,observational opportunity,high,A,STEP,E1,b02_kavli_sakurai,Local protein translation in neurons established as real and important.
lars_onsager,1995,Michael E. Fisher,REPRESENT,REPRESENT,L2|L3,CHANGE SCALE|FIND INVARIANT/SYMMETRY,unexplained structure,high,A,STEP,,b13_aps,"Scaling laws, critical exponents and finite-size effects: universality classes as the objects that classify phase transitions."
lars_onsager,1997,Robert Kraichnan,REPRESENT,REPRESENT,L2,CHANGE SCALE|ABSTRACT/IDEALIZE,important unsolved case,high,A,STEP,,b13_aps,"Turbulence theory: the inverse cascade in two dimensions and passive-scalar transport, obtained by closures on a statistical description."
lars_onsager,1998,Leo Kadanoff,REPRESENT,REPRESENT,L2|L3,CHANGE SCALE|ABSTRACT/IDEALIZE,emergence of collective structure,high,A,STEP,,b13_aps,Universality and block-spin scaling: the citation names the two concepts that made the renormalisation group possible.
lars_onsager,1999,Chen Ning Yang,REPRESENT,REPRESENT,L2|L4,FIND INVARIANT/SYMMETRY|ADD/REMOVE LATENT OBJECT,unexplained structure,high,A,STEP,,b13_aps,"The circle theorem, off-diagonal long-range order and flux quantisation: new order parameters and exact constraints on phase transitions."
lars_onsager,2000,David J. Thouless,REPRESENT,REPRESENT,L2|L4,CHANGE ALGEBRA/GEOMETRY/DIMENSION|ADD/REMOVE LATENT OBJECT,unexplained phenomenon,high,A,STEP,,b13_aps,"Topological phase transitions: vortex unbinding rather than symmetry breaking, which required topology as part of the description."
lars_onsager,2000,John M. Kosterlitz,REPRESENT,REPRESENT,L2|L4,CHANGE ALGEBRA/GEOMETRY/DIMENSION|ADD/REMOVE LATENT OBJECT,unexplained phenomenon,high,A,STEP,,b13_aps,"Topological phase transitions, with renormalisation-group calculations turning the picture into quantitative predictions."
lars_onsager,2001,Bertrand Halperin,REPRESENT,REPRESENT,L2|L4,ADD/REMOVE LATENT OBJECT|CHANGE SCALE,unexplained phenomenon,high,A,STEP,,b13_aps,"Elucidation of the quantum Hall effect and low-dimensional electronic phenomena, including composite objects as the right degrees of freedom."
lars_onsager,2002,Anatoly Larkin,REPRESENT,REPRESENT,L2,CHANGE SCALE|PROBABILIZE,unexplained structure,high,A,STEP,,b13_aps,"The roles of fluctuations and randomness in collective phenomena, including how impurities change critical behaviour."
lars_onsager,2003,Pierre Hohenberg,REPRESENT,REPRESENT,L2|L3,CLASSIFY/ENUMERATE|CHANGE SCALE,unexplained structure,high,A,STEP,,b13_aps,Dynamic scaling near critical points -- the classification of dynamical universality classes -- and pattern formation out of equilibrium.
lars_onsager,2004,John Cardy,REPRESENT,REPRESENT,L2|L3,FIND INVARIANT/SYMMETRY|MAP/TRANSFER,unexplained structure,high,A,STEP,,b13_aps,Conformal invariance applied to bulk and boundary properties of two-dimensional systems: symmetry alone fixes the critical behaviour.
lars_onsager,2005,Valery Pokrovsky,REPRESENT,REPRESENT,L2,CHANGE SCALE|FIND INVARIANT/SYMMETRY,unexplained structure,high,A,STEP,,b13_aps,"Scaling theory for correlation functions near critical points, and commensurate-incommensurate transitions."
lars_onsager,2006,Rodney Baxter,REPRESENT,REPRESENT,L0|L2,FIND INVARIANT/SYMMETRY,important unsolved case,high,A,STEP,,b13_aps,Exactly solved models in statistical mechanics; the solvability rests on the Yang-Baxter structure.
lars_onsager,2007,A. Brooks Harris,REPRESENT,REPRESENT,L2|L0,FIND INVARIANT/SYMMETRY|ABSTRACT/IDEALIZE,unexplained structure,high,A,STEP,,b13_aps,The Harris criterion decides when disorder changes a critical point -- a general constraint rather than a model solution.
lars_onsager,2008,Christopher Pethick,REPRESENT,REPRESENT,L2|L3,MAP/TRANSFER|CHANGE SCALE,cross-domain analogy,high,A,STEP,,b13_aps,Fermi-liquid theory and dilute quantum gases treated as one subject; the citation names the conceptual unification explicitly.
lars_onsager,2008,Gordon Baym,REPRESENT,REPRESENT,L2|L3,MAP/TRANSFER|CHANGE SCALE,cross-domain analogy,high,A,STEP,,b13_aps,Fermi-liquid theory and dilute quantum gases treated as one subject; the citation names the conceptual unification explicitly.
lars_onsager,2008,Tin-Lun Ho,REPRESENT,REPRESENT,L3|L2,MAP/TRANSFER,cross-domain analogy,high,A,STEP,,b13_aps,"Multi-component and rapidly rotating quantum gases, cited for unifying condensed-matter and atomic-physics descriptions."
lars_onsager,2009,B. Sriram Shastry,REPRESENT,REPRESENT,L0|L2,FIND INVARIANT/SYMMETRY,important unsolved case,high,A,STEP,,b13_aps,"Solvable models of strongly correlated systems, plus phenomenological many-body theory used to read experiments."
lars_onsager,2010,Daniel Friedan,REPRESENT,REPRESENT,L2,CLASSIFY/ENUMERATE|FIND INVARIANT/SYMMETRY,unexplained structure,high,A,STEP,,b13_aps,Classification of two-dimensional unitary conformal field theories: enumerating which critical theories can exist at all.
lars_onsager,2010,Stephen Shenker,REPRESENT,REPRESENT,L2,CLASSIFY/ENUMERATE|FIND INVARIANT/SYMMETRY,unexplained structure,high,A,STEP,,b13_aps,Classification of two-dimensional unitary conformal field theories: enumerating which critical theories can exist at all.
lars_onsager,2011,Alexander Belavin,REPRESENT,REPRESENT,L2|L3,FIND INVARIANT/SYMMETRY|MAP/TRANSFER,unexplained structure,high,A,STEP,,b13_aps,Conformal field theory in two dimensions: infinite-dimensional symmetry made critical systems exactly solvable.
lars_onsager,2011,Alexander Polyakov,REPRESENT,REPRESENT,L2|L3,FIND INVARIANT/SYMMETRY|MAP/TRANSFER,unexplained structure,high,A,STEP,,b13_aps,Conformal field theory in two dimensions: infinite-dimensional symmetry made critical systems exactly solvable.
lars_onsager,2011,Alexander Zamolodchikov,REPRESENT,REPRESENT,L2|L3,FIND INVARIANT/SYMMETRY|MAP/TRANSFER,unexplained structure,high,A,STEP,,b13_aps,Conformal field theory in two dimensions: infinite-dimensional symmetry made critical systems exactly solvable.
lars_onsager,2012,Ian Affleck,REPRESENT,REPRESENT,L3|L2,MAP/TRANSFER,cross-domain analogy,high,A,STEP,,b13_aps,Conformal field theory carried into condensed matter: quantum critical spin chains and impurity problems described in field-theory language.
lars_onsager,2013,Daniel S. Fisher,REPRESENT,REPRESENT,L2|L3,CHANGE SCALE|PROBABILIZE,unexplained structure,high,A,STEP,,b13_aps,"Disordered systems -- random magnets, sliding charge-density waves, vortices -- with the infinite-randomness fixed point as the organising idea."
lars_onsager,2014,Grigory E. Volovik,REPRESENT,REPRESENT,L2|L4,CLASSIFY/ENUMERATE|CHANGE ALGEBRA/GEOMETRY/DIMENSION,unexplained structure,high,A,STEP,,b13_aps,"Homotopy classification of topological defects in broken-symmetry phases, predicting half-quantum vortices."
lars_onsager,2014,Vladimir P. Mineev,REPRESENT,REPRESENT,L2|L4,CLASSIFY/ENUMERATE|CHANGE ALGEBRA/GEOMETRY/DIMENSION,unexplained structure,high,A,STEP,,b13_aps,"Homotopy classification of topological defects in broken-symmetry phases, predicting half-quantum vortices."
lars_onsager,2015,Franz Wegner,REPRESENT,REPRESENT,L2|L4,ADD/REMOVE LATENT OBJECT|FIND INVARIANT/SYMMETRY,failure of current variables,high,A,STEP,,b13_aps,"Ising lattice gauge theory: a phase transition with no local order parameter, which forced order itself to be redefined."
lars_onsager,2016,Giorgio Parisi,REPRESENT,REPRESENT,L3|L2,MAP/TRANSFER|MAKE-COMPUTABLE,cross-domain analogy,high,A,STEP,,b13_aps,"Spin-glass methods applied to ensembles of computational problems, yielding both algorithms and a phase description of complexity."
lars_onsager,2016,Marc Mézard,REPRESENT,REPRESENT,L3|L2,MAP/TRANSFER|MAKE-COMPUTABLE,cross-domain analogy,high,A,STEP,,b13_aps,"Spin-glass methods applied to ensembles of computational problems, yielding both algorithms and a phase description of complexity."
lars_onsager,2016,Riccardo Zecchina,REPRESENT,REPRESENT,L3|L2,MAP/TRANSFER|MAKE-COMPUTABLE,cross-domain analogy,high,A,STEP,,b13_aps,"Spin-glass methods applied to ensembles of computational problems, yielding both algorithms and a phase description of complexity."
lars_onsager,2017,Natan Andrei,REPRESENT,REPRESENT,L0|L2,FIND INVARIANT/SYMMETRY,important unsolved case,high,A,STEP,,b13_aps,"Exact solution of the Kondo and Anderson models by Bethe ansatz, opening exact treatment of quantum impurity systems."
lars_onsager,2017,Paul Wiegmann,REPRESENT,REPRESENT,L0|L2,FIND INVARIANT/SYMMETRY,important unsolved case,high,A,STEP,,b13_aps,"Exact solution of the Kondo and Anderson models by Bethe ansatz, opening exact treatment of quantum impurity systems."
lars_onsager,2018,Subir Sachdev,REPRESENT,REPRESENT,L2|L4,CHANGE SCALE|ADD/REMOVE LATENT OBJECT,unexplained structure,high,A,STEP,,b13_aps,Quantum phase transitions and fractionalised spin liquids: excitations that carry fractions of the electron's quantum numbers.
lars_onsager,2019,Christopher Jarzynski,REPRESENT,REPRESENT,L2|L3,FIND INVARIANT/SYMMETRY|PROBABILIZE,unexplained structure,high,A,STEP,,b13_aps,"The Jarzynski equality turns an inequality of classical thermodynamics into an exact identity over fluctuations, which is what made single-molecule tests possible."
lars_onsager,2020,John Toner,REPRESENT,REPRESENT,L2|L3,ABSTRACT/IDEALIZE|CHANGE SCALE,emergence of collective structure,high,A,STEP,,b13_aps,Flocking as a phase of matter: the hydrodynamic theory that gave the minimal model a continuum description.
lars_onsager,2020,Tamás Vicsek,REPRESENT,REPRESENT,L2|L3,ABSTRACT/IDEALIZE|CHANGE SCALE,emergence of collective structure,high,A,STEP,,b13_aps,"Flocking as a phase of matter: a minimal alignment rule reproduces collective motion, founding active matter."
lars_onsager,2020,Yuhai Tu,REPRESENT,REPRESENT,L2|L3,ABSTRACT/IDEALIZE|CHANGE SCALE,emergence of collective structure,high,A,STEP,,b13_aps,Flocking as a phase of matter: the hydrodynamic theory that gave the minimal model a continuum description.
lars_onsager,2021,Lev Pitaevskii,REPRESENT,REPRESENT,L2,ABSTRACT/IDEALIZE|CHANGE SCALE,important unsolved case,high,A,STEP,,b13_aps,Gross-Pitaevskii theory: a single nonlinear equation for the condensate wavefunction of a non-uniform Bose gas.
lars_onsager,2022,Boris Altshuler,REPRESENT,REPRESENT,L2|L4,ADD/REMOVE LATENT OBJECT|FIND INVARIANT/SYMMETRY,unexplained phenomenon,high,A,STEP,,b13_aps,"Many-body localisation: a phase that fails to thermalise, which required ergodicity itself to be treated as a variable property."
lars_onsager,2022,David A. Huse,REPRESENT,REPRESENT,L2|L4,ADD/REMOVE LATENT OBJECT|FIND INVARIANT/SYMMETRY,unexplained phenomenon,high,A,STEP,,b13_aps,"Many-body localisation: a phase that fails to thermalise, which required ergodicity itself to be treated as a variable property."
lars_onsager,2022,Igor Aleiner,REPRESENT,REPRESENT,L2|L4,ADD/REMOVE LATENT OBJECT|FIND INVARIANT/SYMMETRY,unexplained phenomenon,high,A,STEP,,b13_aps,"Many-body localisation: a phase that fails to thermalise, which required ergodicity itself to be treated as a variable property."
lars_onsager,2023,Peter Hänggi,REPRESENT,REPRESENT,L2|L3,ABSTRACT/IDEALIZE|PROBABILIZE,unexplained structure,high,A,STEP,,b13_aps,"Brownian motors: directed transport extracted from noise without a net force, plus relativistic and quantum thermodynamics."
lars_onsager,2024,Jacques Prost,REPRESENT,REPRESENT,L2|L3,MAP/TRANSFER|CHANGE SCALE,cross-domain analogy,high,A,STEP,,b13_aps,Nonequilibrium statistical physics applied to soft matter and biology -- active gels as a continuum description of living material.
lorentz,2002,Frank Wilczek,REPRESENT,REPRESENT,L2|L4,CHANGE SCALE|ADD/REMOVE LATENT OBJECT,unexplained phenomenon,high,A,STEP,,b11_maxplanck_lorentz,"Asymptotic freedom makes the coupling scale-dependent; the citation also names two-dimensional particles (anyons), a new statistics type."
lorentz,2006,Leo P. Kadanoff,REPRESENT,REPRESENT,L2|L3,CHANGE SCALE|ABSTRACT/IDEALIZE,emergence of collective structure,high,A,STEP,,b11_maxplanck_lorentz,"Block-spin scaling: the citation names universality at phase transitions, later carried across to turbulence and complex systems."
lorentz,2010,Edward Witten,REPRESENT,REPRESENT,L4|L3,ADD/REMOVE LATENT OBJECT|MAP/TRANSFER,unexplained structure,high,A,STEP,,b11_maxplanck_lorentz,"Mathematical description of fundamental forces and particles, string theory in particular — new fundamental objects and transfer between physics and mathematics."
lorentz,2014,Michael Berry,REPRESENT,REPRESENT,L1|L2,REINTERPRET|GEOMETRIZE,unexplained structure,high,A,STEP,,b11_maxplanck_lorentz,"The geometric phase reinterprets an accumulated phase factor as holonomy of a connection — same mathematics, new geometric meaning."
lorentz,2018,Juan M. Maldacena,REPRESENT,REPRESENT,L3,DUALIZE|BUILD TRANSLATION MAP,surprising equivalence,high,A,STEP,,b11_maxplanck_lorentz,AdS/CFT: an explicit equivalence between a quantum field theory and a gravitational theory in one more dimension.
lorentz,2022,Daan Frenkel,TRACTABLE,TRACTABLE,,MAKE-COMPUTABLE|SAMPLE,failure of current method,high,A,STEP,C3,b11_maxplanck_lorentz,"Cited for a ""quiet revolution"" in computer simulation of molecular systems — free-energy and sampling methods that made soft-matter theory calculable."
lorentz,2025,Charles L. Kane,REPRESENT,REPRESENT,L2|L4,FIND INVARIANT/SYMMETRY|ADD/REMOVE LATENT OBJECT,unexplained structure,high,A,STEP,,b11_maxplanck_lorentz,"Topological insulators: a topological invariant becomes the classifying property of a material, and a new state of matter enters the ontology."
max_planck,2001,Jürg Fröhlich,REPRESENT,REPRESENT,L2|L0,RIGORIZE,foundational dispute,high,A,STEP,,b11_maxplanck_lorentz,"Explicitly cited for ""exact"" contributions: rigorous results on phase transitions, disordered systems and the fractional quantum Hall effect."
max_planck,2002,Jürgen Ehlers,REPRESENT,REPRESENT,L2,RIGORIZE|ABSTRACT/IDEALIZE,foundational dispute,high,A,STEP,,b11_maxplanck_lorentz,"General relativity, relativistic kinetic theory and hydrodynamics — the cited work is structural clarification of the theory itself."
max_planck,2003,Martin Gutzwiller,REPRESENT,REPRESENT,L3,BUILD TRANSLATION MAP,surprising equivalence,high,A,STEP,,b11_maxplanck_lorentz,The trace formula is an explicit dictionary between classical periodic orbits and quantum spectra.
max_planck,2004,Klaus Hepp,REPRESENT,REPRESENT,L2|L3,RIGORIZE|MAP/TRANSFER,foundational dispute,med,B,STEP,,b11_maxplanck_lorentz,"Rigorous QFT and laser theory, later transferring statistical-physics methods to neural information processing."
max_planck,2005,Peter Zoller,REPRESENT,REPRESENT,L3|L2,MAP/TRANSFER,new capability,high,A,STEP,,b11_maxplanck_lorentz,Ultracold bosons in optical lattices proposed as a realisation of Hubbard-model physics — condensed-matter language mapped onto an atomic system.
max_planck,2006,Wolfgang Götze,REPRESENT,REPRESENT,L2,CHANGE WHAT IS MEASURED|ABSTRACT/IDEALIZE,unexplained phenomenon,high,A,STEP,,b11_maxplanck_lorentz,Mode-coupling theory: the glass transition described by a self-consistent equation for the density correlator rather than by structure.
max_planck,2007,Joel Lebowitz,REPRESENT,REPRESENT,L2|L0,RIGORIZE|CHANGE SCALE,foundational dispute,high,A,STEP,,b11_maxplanck_lorentz,"Equilibrium and non-equilibrium statistical physics, phase transitions and dynamics of infinite systems — largely rigorous foundations for the macroscopic limit."
max_planck,2008,Detlev Buchholz,REPRESENT,REPRESENT,L2,RIGORIZE|ABSTRACT/IDEALIZE,foundational dispute,high,A,STEP,,b11_maxplanck_lorentz,Algebraic quantum field theory: the content is a rigorous operator-algebraic reformulation of QFT rather than a new prediction.
max_planck,2009,Robert Graham,REPRESENT,REPRESENT,L2,PROBABILIZE|CHANGE SCALE,unexplained structure,med,B,STEP,,b11_maxplanck_lorentz,Quantum optics and the statistical mechanics of open stationary systems far from equilibrium — recasting driven systems in a nonequilibrium potential language.
max_planck,2010,Dieter Vollhardt,TRACTABLE,TRACTABLE,,MAKE-COMPUTABLE|TRUNCATE,failure of current method,high,A,STEP,C0,b11_maxplanck_lorentz,Dynamical mean-field theory: an infinite-dimensional limit that renders correlated-electron models solvable.
max_planck,2011,Giorgio Parisi,REPRESENT,REPRESENT,L2|L4,CHANGE WHAT IS MEASURED|PROBABILIZE,failure of current variables,high,A,STEP,,b11_maxplanck_lorentz,Replica symmetry breaking for spin glasses: the order parameter becomes a distribution of overlaps rather than a number.
max_planck,2012,Martin Zirnbauer,REPRESENT,REPRESENT,L3|L2,MAP/TRANSFER|FIND INVARIANT/SYMMETRY,cross-domain analogy,high,A,STEP,,b11_maxplanck_lorentz,"Supersymmetry method for random matrices, and the symmetry classification of disordered systems — importing one algebraic structure to organise another field."
max_planck,2013,Werner Nahm,REPRESENT,REPRESENT,L2|L4,CLASSIFY/ENUMERATE|ADD/REMOVE LATENT OBJECT,unexplained structure,high,A,STEP,,b11_maxplanck_lorentz,"Nahm equations for monopoles, plus classification of modular partition functions and super-Lie algebras — an enumeration of the allowed objects."
max_planck,2014,David Ruelle,REPRESENT,REPRESENT,L2|L3,ABSTRACT/IDEALIZE|MAP/TRANSFER,unexplained phenomenon,high,A,STEP,,b11_maxplanck_lorentz,"Axiomatic QFT and statistical mechanics, and the reformulation of turbulence onset as a strange attractor in dynamical-systems language."
max_planck,2015,Viatcheslav Mukhanov,REPRESENT,REPRESENT,L3,MAP/TRANSFER|CHANGE SCALE,unexplained structure,high,A,STEP,,b11_maxplanck_lorentz,Quantum fluctuations in the early universe mapped onto cosmological large-scale structure: a bridge between quantum field theory and cosmology.
max_planck,2016,Herbert Wagner,REPRESENT,REPRESENT,L2|L0,FIND INVARIANT/SYMMETRY,unexplained structure,high,A,STEP,,b11_maxplanck_lorentz,Mermin-Wagner: continuous symmetry cannot break in low dimensions — an invariance argument that constrains what phases can exist.
max_planck,2017,Herbert Spohn,REPRESENT,REPRESENT,L2|L3,CHANGE SCALE|ABSTRACT/IDEALIZE,unexplained structure,high,A,STEP,,b11_maxplanck_lorentz,"Explicitly cited for clarifying the passage from microscopic to macroscopic — a scale-change programme (hydrodynamic limits, KPZ)."
max_planck,2018,Juan Ignacio Cirac,REPRESENT,REPRESENT,L2|L3,MAP/TRANSFER|ADD/REMOVE LATENT OBJECT,new capability,high,A,STEP,,b11_maxplanck_lorentz,"Quantum information and quantum optics: recasting atomic systems as information-processing resources, and tensor-network states as a language for many-body physics."
max_planck,2019,Detlef Lohse,REPRESENT,REPRESENT,L0|L2,CHANGE SCALE,unexplained phenomenon,high,A,STEP,,b11_maxplanck_lorentz,"Single-bubble sonoluminescence solved inside hydrodynamics, plus turbulent-flow theory — mostly hard solutions in an existing language."
max_planck,2020,Andrzej Buras,TRACTABLE,TRACTABLE,,MAKE-COMPUTABLE|TRUNCATE,important unsolved case,high,A,STEP,C3,b11_maxplanck_lorentz,"Applied QFT for flavour physics and QCD: the contribution is the calculational machinery (effective Hamiltonians, higher-order corrections) that makes the Standard Model predictive."
max_planck,2021,Alexander Markovich Polyakov,REPRESENT,REPRESENT,L4|L3,ADD/REMOVE LATENT OBJECT|DUALIZE,unexplained structure,high,A,STEP,,b11_maxplanck_lorentz,Monopoles and instantons add new non-perturbative objects to the field-theory ontology; conformal bootstrap and gauge/string duality are bridges between languages.
max_planck,2022,Annette Zippelius,REPRESENT,REPRESENT,L2|L3,CHANGE SCALE|MAP/TRANSFER,emergence of collective structure,high,A,STEP,,b11_maxplanck_lorentz,"Melting of thin films, statistical theory of neural networks and granular-gas dynamics — each recasts a system in collective statistical variables."
max_planck,2023,Rashid A. Sunyaev,REPRESENT,REPRESENT,L2,CHANGE WHAT IS MEASURED,observational opportunity,high,A,STEP,,b11_maxplanck_lorentz,Predicted spectral distortions of the CMB (SZ effect and acoustic signatures) — turning the background radiation into a measurable probe of structure.
max_planck,2024,Erwin Frey,REPRESENT,REPRESENT,L2|L3,MAP/TRANSFER|CHANGE EXPLANATORY LEVEL,cross-domain analogy,high,A,STEP,,b11_maxplanck_lorentz,Non-equilibrium statistical physics carried into biology: intracellular transport and pattern formation described in physical rather than biochemical variables.
max_planck,2025,Reinhard F. Werner,REPRESENT,REPRESENT,L2|L4,CHANGE WHAT IS MEASURED|ADD/REMOVE LATENT OBJECT,unexplained structure,high,A,STEP,,b11_maxplanck_lorentz,"Entanglement, non-locality and quantum information: Werner states separate entanglement from non-locality, splitting one concept into two."
max_planck,2026,Kurt Kremer,TRACTABLE,TRACTABLE,,MAKE-COMPUTABLE|COARSE-GRAIN,failure of current method,high,A,STEP,C3,b11_maxplanck_lorentz,Simulation of microscopic polymer models; the cited breakthrough is systematic multiscale and coarse-graining methods that made polymer theory computable.
nobel_chemistry,1901,van t Hoff,REPRESENT,REPRESENT,L3|L2,MAP/TRANSFER,cross-domain analogy,high,A,STEP,,b08_nobelchem,Gas-law reasoning carried to solutions; reaction rates given a dynamical law.
nobel_chemistry,1902,E. Fischer,ARTIFACT,ARTIFACT,,,unsolved case,high,A,STEP,A1,b08_nobelchem,Sugars and purines synthesised.
nobel_chemistry,1903,Arrhenius,REPRESENT,REPRESENT,L4,ADD/REMOVE LATENT OBJECT,unexplained phenomenon,high,A,STEP,,b08_nobelchem,Free ions posited to exist in solution before any were seen.
nobel_chemistry,1904,Ramsay,RECORD,RECORD,,,empirical anomaly,high,A,STEP,E3,b08_nobelchem,The inert gases found and placed in the table.
nobel_chemistry,1905,von Baeyer,ARTIFACT,ARTIFACT,,,technological need,high,A,STEP,A1,b08_nobelchem,Dyes and hydroaromatic compounds synthesised.
nobel_chemistry,1906,Moissan,REACH,REACH,,,new capability,high,A,STEP,R2,b08_nobelchem,Fluorine isolated; the electric furnace as a tool.
nobel_chemistry,1907,Buchner,RECORD,RECORD,,,foundational dispute,high,A,STEP,E3,b08_nobelchem,Cell-free fermentation refuted the need for living cells.
nobel_chemistry,1908,Rutherford,RECORD,RECORD,,,unexplained phenomenon,high,A,STEP,E0,b08_nobelchem,Elements shown to disintegrate.
nobel_chemistry,1909,Ostwald,REPRESENT,REPRESENT,L2,CHANGE WHAT IS MEASURED,unexplained phenomenon,high,A,STEP,,b08_nobelchem,Catalysis and equilibrium described by rates rather than affinities.
nobel_chemistry,1910,Wallach,RECORD,RECORD,,,observational opportunity,high,A,STEP,E1,b08_nobelchem,Alicyclic compounds characterised.
nobel_chemistry,1911,M. Curie,RECORD,RECORD,,,observational opportunity,high,A,STEP,E2,b08_nobelchem,Radium and polonium discovered and isolated.
nobel_chemistry,1912,Grignard,ARTIFACT,ARTIFACT,,,technological need,high,A,STEP,A1,b08_nobelchem,The Grignard reagent.
nobel_chemistry,1912,Sabatier,ARTIFACT,ARTIFACT,,,technological need,high,A,STEP,A1,b08_nobelchem,Metal-catalysed hydrogenation.
nobel_chemistry,1913,Werner,REPRESENT,REPRESENT,L2|L4,CHANGE ALGEBRA/GEOMETRY/DIMENSION,failure of current variables,high,A,STEP,,b08_nobelchem,Coordination number and three-dimensional arrangement replace simple valence bookkeeping.
nobel_chemistry,1914,Richards,REACH,REACH,,,new capability,high,A,STEP,R0,b08_nobelchem,Atomic weights determined to new accuracy.
nobel_chemistry,1915,Willstaetter,RECORD,RECORD,,,observational opportunity,high,A,STEP,E1,b08_nobelchem,Plant pigments including chlorophyll characterised.
nobel_chemistry,1918,Haber,ARTIFACT,ARTIFACT,,,technological need,high,A,STEP,A1,b08_nobelchem,Ammonia synthesised from its elements.
nobel_chemistry,1920,Nernst,REPRESENT,REPRESENT,L2,FIND INVARIANT/SYMMETRY,unexplained structure,high,A,STEP,,b08_nobelchem,The third law fixes entropy behaviour at absolute zero.
nobel_chemistry,1921,Soddy,REPRESENT,REPRESENT,L4,MERGE/SPLIT CONCEPTS,empirical anomaly,high,A,STEP,,b08_nobelchem,"Isotopes split ""element"" from ""atomic mass"" — one chemical identity, several masses."
nobel_chemistry,1922,Aston,REACH,REACH,,,new capability,high,A,STEP,R2,b08_nobelchem,The mass spectrograph revealed isotopes in stable elements.
nobel_chemistry,1923,Pregl,REACH,REACH,,,new capability,high,A,STEP,R2,b08_nobelchem,Micro-analysis of organic substances.
nobel_chemistry,1925,Zsigmondy,RECORD,RECORD,,,unexplained phenomenon,high,A,STEP,E1,b08_nobelchem,"Colloids shown heterogeneous, with the ultramicroscope that showed it."
nobel_chemistry,1926,Svedberg,REACH,REACH,,,new capability,high,A,STEP,R1,b08_nobelchem,The ultracentrifuge characterises disperse systems.
nobel_chemistry,1927,Wieland,RECORD,RECORD,,,observational opportunity,high,A,STEP,E1,b08_nobelchem,Constitution of bile acids determined.
nobel_chemistry,1928,Windaus,RECORD,RECORD,,,observational opportunity,high,A,STEP,E1,b08_nobelchem,Sterols and their vitamin connection.
nobel_chemistry,1929,Harden; von Euler-Chelpin,RECORD,RECORD,,,observational opportunity,high,A,STEP,E1,b08_nobelchem,Sugar fermentation and its enzymes.
nobel_chemistry,1930,H. Fischer,RECORD,RECORD,,,observational opportunity,high,A,STEP,E1,b08_nobelchem,"Haemin and chlorophyll constitution, haemin synthesised."
nobel_chemistry,1931,Bosch; Bergius,ARTIFACT,ARTIFACT,,,technological need,high,A,STEP,A1,b08_nobelchem,High-pressure chemical methods industrialised.
nobel_chemistry,1932,Langmuir,REPRESENT,REPRESENT,L2,CHANGE SCALE|ABSTRACT/IDEALIZE,failure of current variables,high,A,STEP,,b08_nobelchem,The surface monolayer becomes the unit of description.
nobel_chemistry,1934,Urey,RECORD,RECORD,,,observational opportunity,high,A,STEP,E2,b08_nobelchem,Deuterium discovered.
nobel_chemistry,1935,F. Joliot; I. Joliot-Curie,RECORD,RECORD,,,new capability,high,A,STEP,E1,b08_nobelchem,Artificial radioactive elements produced.
nobel_chemistry,1936,Debye,REACH,REACH,L2,,new capability,high,A,STEP,R2,b08_nobelchem,Dipole moments and diffraction turned into structural information.
nobel_chemistry,1937,Haworth,RECORD,RECORD,,,observational opportunity,high,A,STEP,E1,b08_nobelchem,Carbohydrate and vitamin C structures.
nobel_chemistry,1937,Karrer,RECORD,RECORD,,,observational opportunity,high,A,STEP,E1,b08_nobelchem,"Carotenoids, flavins and vitamins characterised."
nobel_chemistry,1938,Kuhn,RECORD,RECORD,,,observational opportunity,high,A,STEP,E1,b08_nobelchem,Carotenoids and vitamins.
nobel_chemistry,1939,Butenandt,RECORD,RECORD,,,observational opportunity,high,A,STEP,E2,b08_nobelchem,Sex hormones isolated and characterised.
nobel_chemistry,1939,Ruzicka,RECORD,RECORD,,,observational opportunity,high,A,STEP,E1,b08_nobelchem,Polymethylenes and higher terpenes.
nobel_chemistry,1943,de Hevesy,REACH,REACH,,,new capability,high,A,STEP,R2,b08_nobelchem,Isotopic tracers follow chemical processes in situ.
nobel_chemistry,1944,Hahn,RECORD,RECORD,,,empirical anomaly,high,A,STEP,E3,b08_nobelchem,Heavy nuclei shown to fission.
nobel_chemistry,1945,Virtanen,ARTIFACT,ARTIFACT,,,technological need,high,A,STEP,A1,b08_nobelchem,Fodder preservation method.
nobel_chemistry,1946,Northrop; Stanley,REACH,REACH,,,new capability,high,A,STEP,R2,b08_nobelchem,Enzymes and virus proteins purified.
nobel_chemistry,1946,Sumner,RECORD,RECORD,,,foundational dispute,high,A,STEP,E0,b08_nobelchem,Crystallised enzymes settled that enzymes are proteins.
nobel_chemistry,1947,R. Robinson,RECORD,RECORD,,,observational opportunity,high,A,STEP,E1,b08_nobelchem,Alkaloids and other plant products characterised.
nobel_chemistry,1948,Tiselius,REACH,REACH,,,new capability,high,A,STEP,R2,b08_nobelchem,Electrophoresis and adsorption analysis.
nobel_chemistry,1949,Giauque,REACH,REACH,L2,,new capability,high,A,STEP,R1,b08_nobelchem,Low-temperature thermodynamics and adiabatic demagnetisation.
nobel_chemistry,1950,Diels; Alder,ARTIFACT,ARTIFACT,,,technological need,high,A,STEP,A1,b08_nobelchem,The diene synthesis.
nobel_chemistry,1951,McMillan; Seaborg,RECORD,RECORD,,,observational opportunity,high,A,STEP,E1,b08_nobelchem,Transuranium elements made and characterised.
nobel_chemistry,1952,Martin; Synge,REACH,REACH,,,new capability,high,A,STEP,R2,b08_nobelchem,Partition chromatography separates mixtures.
nobel_chemistry,1953,Staudinger,REPRESENT,REPRESENT,L4,ADD/REMOVE LATENT OBJECT,foundational dispute,high,A,STEP,,b08_nobelchem,"Polymers established as covalent macromolecules, not colloidal aggregates."
nobel_chemistry,1954,Pauling,REPRESENT,REPRESENT,L3|L2,MAP/TRANSFER|ABSTRACT/IDEALIZE,cross-domain analogy,high,A,STEP,,b08_nobelchem,Quantum mechanics carried into chemistry: resonance and hybridisation as bonding language.
nobel_chemistry,1955,du Vigneaud,ARTIFACT,ARTIFACT,,,unsolved case,high,A,STEP,A3,b08_nobelchem,First synthesis of a polypeptide hormone.
nobel_chemistry,1956,Hinshelwood; Semenov,REPRESENT,REPRESENT,L2,ADD/REMOVE LATENT OBJECT,unexplained phenomenon,high,A,STEP,,b08_nobelchem,Chain reactions with branching radicals as the mechanism of fast reactions.
nobel_chemistry,1957,Todd,RECORD,RECORD,,,observational opportunity,high,A,STEP,E1,b08_nobelchem,Nucleotides and coenzymes characterised.
nobel_chemistry,1958,Sanger,REACH,REACH,,,new capability,high,A,STEP,R2,b08_nobelchem,Protein sequencing demonstrated on insulin.
nobel_chemistry,1959,Heyrovsky,REACH,REACH,,,new capability,high,A,STEP,R2,b08_nobelchem,Polarographic analysis.
nobel_chemistry,1960,Libby,REACH,REACH,,,new capability,high,A,STEP,R0,b08_nobelchem,Carbon-14 dating gives absolute chronology.
nobel_chemistry,1961,Calvin,RECORD,RECORD,,,observational opportunity,high,A,STEP,E1,b08_nobelchem,The carbon fixation pathway in photosynthesis traced.
nobel_chemistry,1962,Perutz; Kendrew,RECORD,RECORD,,,observational opportunity,high,A,STEP,E1,b08_nobelchem,Globular protein structures solved.
nobel_chemistry,1963,Ziegler; Natta,ARTIFACT,ARTIFACT,,,technological need,high,A,STEP,A1,b08_nobelchem,Catalysts for controlled polymer synthesis.
nobel_chemistry,1964,Hodgkin,REACH,REACH,,,new capability,high,A,STEP,R2,b08_nobelchem,X-ray structure determination applied to biochemical substances.
nobel_chemistry,1965,Woodward,ARTIFACT,ARTIFACT,,,unsolved case,high,A,STEP,A1,b08_nobelchem,Total synthesis of complex natural products.
nobel_chemistry,1966,Mulliken,REPRESENT,REPRESENT,L2,CHANGE WHAT IS MEASURED,failure of current variables,high,A,STEP,,b08_nobelchem,Molecular orbitals delocalised over the whole molecule replace localised bonds.
nobel_chemistry,1967,Eigen; Norrish; Porter,REACH,REACH,,,inaccessible regime,high,A,STEP,R1,b08_nobelchem,Relaxation and flash methods reach very fast reactions.
nobel_chemistry,1968,Onsager,REPRESENT,REPRESENT,L2,FIND INVARIANT/SYMMETRY,unexplained structure,high,A,STEP,,b08_nobelchem,Reciprocal relations: microscopic reversibility constrains macroscopic transport.
nobel_chemistry,1969,Barton; Hassel,REPRESENT,REPRESENT,L2,CHANGE ALGEBRA/GEOMETRY/DIMENSION,failure of current variables,high,A,STEP,,b08_nobelchem,Conformation — three-dimensional shape — becomes an explanatory variable in reactivity.
nobel_chemistry,1970,Leloir,RECORD,RECORD,,,observational opportunity,high,A,STEP,E1,b08_nobelchem,Sugar nucleotides in carbohydrate biosynthesis.
nobel_chemistry,1971,Herzberg,REACH,REACH,,,new capability,high,A,STEP,R2,b08_nobelchem,Spectroscopy yields molecular electronic structure and geometry.
nobel_chemistry,1972,Anfinsen,RECORD,RECORD,L2,,unexplained phenomenon,high,A,STEP,E0,b08_nobelchem,Sequence shown to determine three-dimensional structure.
nobel_chemistry,1972,Moore; Stein,RECORD,RECORD,,,observational opportunity,high,A,STEP,E1,b08_nobelchem,Chemical structure linked to catalytic activity in ribonuclease.
nobel_chemistry,1973,E.O. Fischer; Wilkinson,REPRESENT,REPRESENT,L4,ADD/REMOVE LATENT OBJECT,unexplained structure,high,A,STEP,,b08_nobelchem,Sandwich compounds: a bonding arrangement with no place in prior valence theory.
nobel_chemistry,1974,Flory,REPRESENT,REPRESENT,L2,ABSTRACT/IDEALIZE|PROBABILIZE,excessive complexity,high,A,STEP,,b08_nobelchem,Macromolecules described statistically by chain configurations.
nobel_chemistry,1975,Cornforth,RECORD,RECORD,,,observational opportunity,high,A,STEP,E1,b08_nobelchem,Stereochemical course of enzyme-catalysed reactions.
nobel_chemistry,1975,Prelog,REPRESENT,REPRESENT,L2,CLASSIFY/ENUMERATE,failure of classification,high,A,STEP,,b08_nobelchem,Stereochemistry given a systematic descriptor scheme.
nobel_chemistry,1976,Lipscomb,REPRESENT,REPRESENT,L4,ADD/REMOVE LATENT OBJECT,unexplained structure,high,A,STEP,,b08_nobelchem,Boranes force multi-centre bonds — electrons shared over three atoms.
nobel_chemistry,1977,Prigogine,REPRESENT,REPRESENT,L4|L2,ADD/REMOVE LATENT OBJECT|CHANGE SCALE,emergent collective structure,high,A,STEP,,b08_nobelchem,Dissipative structures: order sustained by flow becomes a legitimate kind of object.
nobel_chemistry,1978,Mitchell,REPRESENT,REPRESENT,L4|L2,ADD/REMOVE LATENT OBJECT|CHANGE EXPLANATORY LEVEL,unexplained phenomenon,high,A,STEP,,b08_nobelchem,"Chemiosmosis: a proton gradient, not a chemical intermediate, is the energy currency."
nobel_chemistry,1979,H.C. Brown; Wittig,ARTIFACT,ARTIFACT,,,technological need,high,A,STEP,A1,b08_nobelchem,Boron and phosphorus reagents for synthesis.
nobel_chemistry,1980,Berg,REACH,REACH,,,new capability,high,A,STEP,R2,b08_nobelchem,Recombinant DNA methods.
nobel_chemistry,1980,Gilbert; Sanger,REACH,REACH,,,new capability,high,A,STEP,R2,b08_nobelchem,Nucleic acid sequencing.
nobel_chemistry,1981,Fukui; Hoffmann,REPRESENT,REPRESENT,L2,FIND INVARIANT/SYMMETRY,unexplained structure,high,A,STEP,,b08_nobelchem,Orbital symmetry predicts whether a reaction is allowed — structure replaces case-by-case chemistry.
nobel_chemistry,1982,Klug,REACH,REACH,,,new capability,high,A,STEP,R2,b08_nobelchem,Crystallographic electron microscopy for biological assemblies.
nobel_chemistry,1983,Taube,RECORD,RECORD,,,observational opportunity,high,A,STEP,E1,b08_nobelchem,Electron transfer mechanisms in metal complexes.
nobel_chemistry,1984,Merrifield,REACH,REACH,,,new capability,high,A,STEP,R2,b08_nobelchem,Solid-phase synthesis automates peptide assembly.
nobel_chemistry,1985,Hauptman; Karle,TRACTABLE,TRACTABLE,,MAKE-COMPUTABLE,intractability,high,A,STEP,C1,b08_nobelchem,Direct methods solve the crystallographic phase problem computationally.
nobel_chemistry,1986,Herschbach; Lee; Polanyi,REACH,REACH,,,new capability,high,A,STEP,R2,b08_nobelchem,Crossed molecular beams expose single-collision dynamics.
nobel_chemistry,1987,Cram; Lehn; Pedersen,ARTIFACT,ARTIFACT,L2,,technological need,high,A,STEP,A1,b08_nobelchem,Host-guest molecules designed for selective recognition.
nobel_chemistry,1988,Deisenhofer; Huber; Michel,RECORD,RECORD,,,observational opportunity,high,A,STEP,E1,b08_nobelchem,Three-dimensional structure of a photosynthetic reaction centre.
nobel_chemistry,1989,Altman; Cech,RECORD,RECORD,,,foundational dispute,high,A,STEP,E0,b08_nobelchem,"RNA shown to catalyse, breaking the protein-only assumption."
nobel_chemistry,1990,Corey,REPRESENT,REPRESENT,L2,CHANGE EXPLANATORY LEVEL,excessive complexity,high,A,STEP,,b08_nobelchem,Retrosynthetic analysis reverses the direction in which a synthesis is represented.
nobel_chemistry,1991,Ernst,REACH,REACH,,,new capability,high,A,STEP,R1,b08_nobelchem,High-resolution and multidimensional NMR methodology.
nobel_chemistry,1992,Marcus,REPRESENT,REPRESENT,L2,CHANGE WHAT IS MEASURED,unexplained phenomenon,high,A,STEP,,b08_nobelchem,Electron transfer rates governed by a reorganisation coordinate.
nobel_chemistry,1993,Mullis,REACH,REACH,,,new capability,high,A,STEP,R3,b08_nobelchem,PCR amplifies specific DNA sequences.
nobel_chemistry,1993,Smith,REACH,REACH,,,new capability,high,A,STEP,R3,b08_nobelchem,Site-directed mutagenesis makes proteins editable.
nobel_chemistry,1994,Olah,RECORD,RECORD,,,unexplained phenomenon,high,A,STEP,E1,b08_nobelchem,Carbocations stabilised and observed directly.
nobel_chemistry,1995,Crutzen; Molina; Rowland,RECORD,RECORD,,,unexplained phenomenon,high,A,STEP,E1,b08_nobelchem,Ozone formation and catalytic destruction traced.
nobel_chemistry,1996,Curl; Kroto; Smalley,RECORD,RECORD,,,unexplained phenomenon,high,A,STEP,E2,b08_nobelchem,Fullerenes discovered — a third carbon allotrope.
nobel_chemistry,1997,Boyer; Walker,RECORD,RECORD,,,observational opportunity,high,A,STEP,E1,b08_nobelchem,The rotary enzymatic mechanism of ATP synthesis.
nobel_chemistry,1997,Skou,RECORD,RECORD,,,observational opportunity,high,A,STEP,E2,b08_nobelchem,The first ion-transporting enzyme identified.
nobel_chemistry,1998,Kohn,REPRESENT,REPRESENT,L2,CHANGE WHAT IS MEASURED|STRIP DETAILS,intractability,high,A,STEP,,b08_nobelchem,Density-functional theory replaces the many-body wavefunction with the electron density.
nobel_chemistry,1998,Pople,TRACTABLE,TRACTABLE,,MAKE-COMPUTABLE,intractability,high,A,STEP,C1,b08_nobelchem,Quantum chemistry turned into usable computational methods.
nobel_chemistry,1999,Zewail,REACH,REACH,,,inaccessible regime,high,A,STEP,R1,b08_nobelchem,Femtosecond spectroscopy resolves transition states.
nobel_chemistry,2000,Heeger; MacDiarmid; Shirakawa,RECORD,RECORD,,,unexplained phenomenon,high,A,STEP,E0,b08_nobelchem,Polymers shown to conduct electricity.
nobel_chemistry,2001,Knowles; Noyori,ARTIFACT,ARTIFACT,,,technological need,high,A,STEP,A1,b08_nobelchem,Chirally catalysed hydrogenation reactions.
nobel_chemistry,2001,Sharpless,ARTIFACT,ARTIFACT,,,technological need,high,A,STEP,A1,b08_nobelchem,Chirally catalysed oxidation reactions.
nobel_chemistry,2002,Fenn; Tanaka,REACH,REACH,,,new capability,high,A,STEP,R2,b08_nobelchem,Soft ionisation brings large biomolecules into the mass spectrometer.
nobel_chemistry,2002,Wuethrich,REACH,REACH,,,new capability,high,A,STEP,R2,b08_nobelchem,NMR extended to three-dimensional structures of biological macromolecules.
nobel_chemistry,2003,Agre,RECORD,RECORD,,,observational opportunity,high,A,STEP,E2,b08_nobelchem,Water channels discovered.
nobel_chemistry,2003,MacKinnon,RECORD,RECORD,,,observational opportunity,high,A,STEP,E1,b08_nobelchem,Ion channel structure and selectivity mechanism.
nobel_chemistry,2004,Ciechanover; Hershko; Rose,RECORD,RECORD,,,observational opportunity,high,A,STEP,E2,b08_nobelchem,Ubiquitin-mediated protein degradation identified as a regulated process.
nobel_chemistry,2005,Chauvin; Grubbs; Schrock,ARTIFACT,ARTIFACT,,,technological need,high,A,STEP,A1,b08_nobelchem,Metathesis catalysts for rearranging carbon skeletons.
nobel_chemistry,2006,Kornberg,RECORD,RECORD,,,observational opportunity,high,A,STEP,E1,b08_nobelchem,Molecular basis of eukaryotic transcription.
nobel_chemistry,2007,Ertl,RECORD,RECORD,,,observational opportunity,high,A,STEP,E1,b08_nobelchem,Surface chemical processes resolved step by step.
nobel_chemistry,2008,Shimomura; Chalfie; Tsien,REACH,REACH,,,new capability,high,A,STEP,R2,b08_nobelchem,GFP turned into a general marker for watching molecules in cells.
nobel_chemistry,2009,Ramakrishnan; Steitz; Yonath,RECORD,RECORD,,,observational opportunity,high,A,STEP,E1,b08_nobelchem,Ribosome structure and function determined.
nobel_chemistry,2010,Heck; Negishi; Suzuki,ARTIFACT,ARTIFACT,,,technological need,high,A,STEP,A1,b08_nobelchem,Palladium cross-coupling for carbon-carbon bonds.
nobel_chemistry,2011,Shechtman,RECORD,RECORD,,,empirical anomaly,high,A,STEP,E3,b08_nobelchem,"Quasicrystals observed, forcing the definition of ""crystal"" to change."
nobel_chemistry,2012,Lefkowitz; Kobilka,RECORD,RECORD,,,observational opportunity,high,A,STEP,E1,b08_nobelchem,G-protein-coupled receptors characterised.
nobel_chemistry,2013,Karplus; Levitt; Warshel,TRACTABLE,TRACTABLE,L2,MAKE-COMPUTABLE|CHANGE SCALE,intractability,high,A,STEP,C2,b08_nobelchem,Quantum and classical descriptions combined so that large systems become simulable.
nobel_chemistry,2014,Betzig; Hell; Moerner,REACH,REACH,,,inaccessible regime,high,A,STEP,R1,b08_nobelchem,Fluorescence microscopy beyond the diffraction limit.
nobel_chemistry,2015,Lindahl; Modrich; Sancar,RECORD,RECORD,,,observational opportunity,high,A,STEP,E1,b08_nobelchem,DNA repair mechanisms established.
nobel_chemistry,2016,Sauvage; Stoddart; Feringa,ARTIFACT,ARTIFACT,,,technological need,high,A,STEP,A3,b08_nobelchem,Molecular machines designed and synthesised.
nobel_chemistry,2017,Dubochet; Frank; Henderson,REACH,REACH,,,new capability,high,A,STEP,R2,b08_nobelchem,Cryo-electron microscopy for biomolecules in solution.
nobel_chemistry,2018,Arnold,REACH,REACH,,,new capability,high,A,STEP,R3,b08_nobelchem,Directed evolution harnesses selection as a design method for enzymes.
nobel_chemistry,2018,Smith; Winter,REACH,REACH,,,new capability,high,A,STEP,R2,b08_nobelchem,Phage display selects peptides and antibodies.
nobel_chemistry,2019,Goodenough; Whittingham; Yoshino,ARTIFACT,ARTIFACT,,,technological need,high,A,STEP,A2,b08_nobelchem,Lithium-ion batteries.
nobel_chemistry,2020,Charpentier; Doudna,REACH,REACH,,,new capability,high,A,STEP,R3,b08_nobelchem,A programmable method for editing genomes.
nobel_chemistry,2021,List; MacMillan,ARTIFACT,ARTIFACT,,,technological need,high,A,STEP,A1,b08_nobelchem,Small organic molecules as asymmetric catalysts.
nobel_chemistry,2022,Bertozzi; Meldal; Sharpless,REACH,REACH,,,new capability,high,A,STEP,R2,b08_nobelchem,Click and bioorthogonal chemistry allow reactions inside living systems.
nobel_chemistry,2023,Bawendi; Brus; Ekimov,RECORD,RECORD,,,unexplained phenomenon,high,A,STEP,E2,b08_nobelchem,Quantum dots: size-dependent properties discovered and made synthesisable.
nobel_chemistry,2024,Baker,TRACTABLE,TRACTABLE,,MAKE-COMPUTABLE,intractability,high,A,STEP,C3,b08_nobelchem,Protein sequences computed to order for a desired structure.
nobel_chemistry,2024,Hassabis; Jumper,TRACTABLE,TRACTABLE,,MAKE-COMPUTABLE,intractability,high,A,STEP,C3,b08_nobelchem,Structure prediction turned from an open problem into a solved computation.
nobel_chemistry,2025,Kitagawa; Robson; Yaghi,ARTIFACT,ARTIFACT,,,technological need,high,A,STEP,A2,b08_nobelchem,Metal-organic frameworks as designed porous materials.
nobel_medicine,1901,von Behring,ARTIFACT,ARTIFACT,,,technological need,high,A,STEP,A1,b09_med_life,Serum therapy developed against diphtheria.
nobel_medicine,1902,Ross,RECORD,RECORD,,,observational opportunity,high,A,STEP,E1,b09_med_life,Malaria transmission route established.
nobel_medicine,1903,Finsen,ARTIFACT,ARTIFACT,,,technological need,high,A,STEP,A1,b09_med_life,Light therapy for lupus vulgaris.
nobel_medicine,1904,Pavlov,RECORD,RECORD,,,observational opportunity,high,A,STEP,E1,b09_med_life,Physiology of digestion mapped experimentally.
nobel_medicine,1905,Koch,RECORD,RECORD,,,observational opportunity,high,A,STEP,E1,b09_med_life,Tuberculosis aetiology established.
nobel_medicine,1906,Golgi; Cajal,RECORD,RECORD,,,observational opportunity,high,A,STEP,E1,b09_med_life,Structure of the nervous system resolved.
nobel_medicine,1907,Laveran,RECORD,RECORD,,,observational opportunity,high,A,STEP,E0,b09_med_life,Protozoa shown to cause disease.
nobel_medicine,1908,Mechnikov; Ehrlich,RECORD,RECORD,,,observational opportunity,high,A,STEP,E1,b09_med_life,Cellular and humoral immunity described.
nobel_medicine,1909,Kocher,RECORD,RECORD,,,observational opportunity,high,A,STEP,E1,b09_med_life,"Thyroid physiology, pathology and surgery."
nobel_medicine,1910,Kossel,RECORD,RECORD,,,observational opportunity,high,A,STEP,E1,b09_med_life,Nuclein and cell chemistry characterised.
nobel_medicine,1911,Gullstrand,RECORD,RECORD,,,observational opportunity,high,A,STEP,E1,b09_med_life,Dioptrics of the eye worked out.
nobel_medicine,1912,Carrel,REACH,REACH,,,new capability,high,A,STEP,R3,b09_med_life,Vascular suture made organ transplantation technically possible.
nobel_medicine,1913,Richet,RECORD,RECORD,,,observational opportunity,high,A,STEP,E2,b09_med_life,Anaphylaxis discovered.
nobel_medicine,1914,Barany,RECORD,RECORD,,,observational opportunity,high,A,STEP,E1,b09_med_life,Vestibular apparatus physiology and pathology.
nobel_medicine,1919,Bordet,RECORD,RECORD,,,observational opportunity,high,A,STEP,E1,b09_med_life,Complement and immunity mechanisms.
nobel_medicine,1920,Krogh,RECORD,RECORD,,,observational opportunity,high,A,STEP,E2,b09_med_life,Capillary motor regulation discovered.
nobel_medicine,1922,Hill,RECORD,RECORD,,,observational opportunity,high,A,STEP,E1,b09_med_life,Heat production in muscle measured.
nobel_medicine,1922,Meyerhof,RECORD,RECORD,,,observational opportunity,high,A,STEP,E1,b09_med_life,Fixed relation between oxygen use and lactic acid metabolism.
nobel_medicine,1923,Banting; Macleod,RECORD,RECORD,,,observational opportunity,high,A,STEP,E2,b09_med_life,Insulin discovered.
nobel_medicine,1924,Einthoven,REACH,REACH,,,new capability,high,A,STEP,R2,b09_med_life,The electrocardiogram made cardiac electrical activity recordable.
nobel_medicine,1926,Fibiger,RECORD,RECORD,,,observational opportunity,high,A,STEP,E1,b09_med_life,Parasite-associated carcinoma reported (later disputed).
nobel_medicine,1927,Wagner-Jauregg,ARTIFACT,ARTIFACT,,,technological need,high,A,STEP,A1,b09_med_life,Malaria inoculation as therapy for general paresis.
nobel_medicine,1928,Nicolle,RECORD,RECORD,,TRACE|PERTURB,unexplained phenomenon,high,A,STEP,E2,b09_med_life,Route of typhus transmission unknown; the body louse identified as the vector after infection was seen to stop where patients were bathed and reclothed.
nobel_medicine,1929,Eijkman,RECORD,RECORD,,,observational opportunity,high,A,STEP,E2,b09_med_life,The antineuritic vitamin identified.
nobel_medicine,1929,Hopkins,RECORD,RECORD,,,observational opportunity,high,A,STEP,E2,b09_med_life,Growth-stimulating vitamins identified.
nobel_medicine,1930,Landsteiner,RECORD,RECORD,,,observational opportunity,high,A,STEP,E2,b09_med_life,Human blood groups discovered.
nobel_medicine,1931,Warburg,RECORD,RECORD,,,observational opportunity,high,A,STEP,E1,b09_med_life,Respiratory enzyme nature and action.
nobel_medicine,1932,Sherrington; Adrian,RECORD,RECORD,,,observational opportunity,high,A,STEP,E1,b09_med_life,Neuron function characterised.
nobel_medicine,1933,Morgan,REPRESENT,REPRESENT,L4|L2,ADD/REMOVE LATENT OBJECT,unexplained structure,high,A,STEP,,b09_med_life,Heredity localised to physical chromosomes — genes become material objects with addresses.
nobel_medicine,1934,Whipple; Minot; Murphy,RECORD,RECORD,,,observational opportunity,high,A,STEP,E1,b09_med_life,Liver therapy for anaemia.
nobel_medicine,1935,Spemann,REPRESENT,REPRESENT,L4,ADD/REMOVE LATENT OBJECT,unexplained phenomenon,high,A,STEP,,b09_med_life,"The ""organizer"": a localised inducing entity posited to explain embryonic patterning."
nobel_medicine,1936,Dale; Loewi,RECORD,RECORD,,,observational opportunity,high,A,STEP,E1,b09_med_life,Chemical transmission of nerve impulses.
nobel_medicine,1937,Szent-Gyorgyi,RECORD,RECORD,,,observational opportunity,high,A,STEP,E1,b09_med_life,Biological combustion and vitamin C.
nobel_medicine,1938,Heymans,RECORD,RECORD,,,observational opportunity,high,A,STEP,E1,b09_med_life,Sinus and aortic regulation of respiration.
nobel_medicine,1939,Domagk,ARTIFACT,ARTIFACT,,,technological need,high,A,STEP,A1,b09_med_life,Prontosil as an antibacterial drug.
nobel_medicine,1943,Dam,RECORD,RECORD,,,observational opportunity,high,A,STEP,E2,b09_med_life,Vitamin K discovered.
nobel_medicine,1943,Doisy,RECORD,RECORD,,,observational opportunity,high,A,STEP,E1,b09_med_life,Chemical nature of vitamin K.
nobel_medicine,1944,Erlanger; Gasser,RECORD,RECORD,,,observational opportunity,high,A,STEP,E1,b09_med_life,Differentiated function of single nerve fibres.
nobel_medicine,1945,Fleming; Chain; Florey,ARTIFACT,ARTIFACT,,,technological need,high,A,STEP,A1,b09_med_life,Penicillin discovered and made therapeutic.
nobel_medicine,1946,Muller,REACH,REACH,,,new capability,high,A,STEP,R2,b09_med_life,X-rays shown to induce mutations — mutation becomes an experimental tool.
nobel_medicine,1947,C. Cori; G. Cori,RECORD,RECORD,,,observational opportunity,high,A,STEP,E1,b09_med_life,Catalytic conversion of glycogen traced.
nobel_medicine,1947,Houssay,RECORD,RECORD,,,observational opportunity,high,A,STEP,E1,b09_med_life,Anterior pituitary hormone in sugar metabolism.
nobel_medicine,1948,Mueller,ARTIFACT,ARTIFACT,,,technological need,high,A,STEP,A1,b09_med_life,DDT as a contact insecticide.
nobel_medicine,1949,Hess,RECORD,RECORD,,,observational opportunity,high,A,STEP,E1,b09_med_life,Functional organisation of the interbrain.
nobel_medicine,1949,Moniz,ARTIFACT,ARTIFACT,,,technological need,high,A,STEP,A1,b09_med_life,Leucotomy as a psychiatric intervention.
nobel_medicine,1950,Kendall; Reichstein; Hench,RECORD,RECORD,,,observational opportunity,high,A,STEP,E1,b09_med_life,Adrenal cortex hormones and their effects.
nobel_medicine,1951,Theiler,RECORD,RECORD,,,observational opportunity,high,A,STEP,E1,b09_med_life,Yellow fever and its control.
nobel_medicine,1952,Waksman,ARTIFACT,ARTIFACT,,,technological need,high,A,STEP,A3,b09_med_life,"Streptomycin, the first anti-tuberculosis antibiotic."
nobel_medicine,1953,Krebs,RECORD,RECORD,,,observational opportunity,high,A,STEP,E1,b09_med_life,The citric acid cycle.
nobel_medicine,1953,Lipmann,RECORD,RECORD,,,observational opportunity,high,A,STEP,E1,b09_med_life,Coenzyme A and intermediary metabolism.
nobel_medicine,1954,Enders; Weller; Robbins,REACH,REACH,,,new capability,high,A,STEP,R2,b09_med_life,"Poliovirus grown in tissue culture, enabling vaccines."
nobel_medicine,1955,Theorell,RECORD,RECORD,,,observational opportunity,high,A,STEP,E1,b09_med_life,Oxidation enzymes characterised.
nobel_medicine,1956,Cournand; Forssmann; Richards,REACH,REACH,,,new capability,high,A,STEP,R2,b09_med_life,Heart catheterisation made the circulation directly measurable.
nobel_medicine,1957,Bovet,ARTIFACT,ARTIFACT,,,technological need,high,A,STEP,A1,b09_med_life,Synthetic antihistamines and curare-like agents.
nobel_medicine,1958,Beadle; Tatum,REPRESENT,REPRESENT,L2|L1,CHANGE EXPLANATORY LEVEL,unexplained structure,high,A,STEP,,b09_med_life,"One gene, one enzyme: heredity recast as control of specific chemical steps."
nobel_medicine,1958,Lederberg,RECORD,RECORD,,,observational opportunity,high,A,STEP,E1,b09_med_life,Genetic recombination in bacteria.
nobel_medicine,1959,Ochoa; Kornberg,RECORD,RECORD,,,observational opportunity,high,A,STEP,E1,b09_med_life,Enzymatic synthesis of RNA and DNA.
nobel_medicine,1960,Burnet; Medawar,RECORD,RECORD,,,observational opportunity,high,A,STEP,E1,b09_med_life,Acquired immunological tolerance.
nobel_medicine,1961,von Bekesy,RECORD,RECORD,,,observational opportunity,high,A,STEP,E1,b09_med_life,Cochlear stimulation mechanism.
nobel_medicine,1962,Crick; Watson; Wilkins,REPRESENT,REPRESENT,L3|L4,MAP/TRANSFER|ADD/REMOVE LATENT OBJECT,unexplained structure,high,A,STEP,,b09_med_life,Nucleic acid structure carries information — chemistry and heredity become one language.
nobel_medicine,1963,Eccles; Hodgkin; Huxley,RECORD,RECORD,,,observational opportunity,high,A,STEP,E1,b09_med_life,Ionic mechanisms of nerve excitation and inhibition.
nobel_medicine,1964,Bloch; Lynen,RECORD,RECORD,,,observational opportunity,high,A,STEP,E1,b09_med_life,Cholesterol and fatty acid metabolism regulation.
nobel_medicine,1965,Jacob; Lwoff; Monod,REPRESENT,REPRESENT,L4|L2,ADD/REMOVE LATENT OBJECT,unexplained phenomenon,high,A,STEP,,b09_med_life,Regulatory genes and operons: a new functional category of gene distinct from structural genes.
nobel_medicine,1966,Huggins,ARTIFACT,ARTIFACT,,,technological need,high,A,STEP,A1,b09_med_life,Hormonal treatment of prostatic cancer.
nobel_medicine,1966,Rous,RECORD,RECORD,,,observational opportunity,high,A,STEP,E2,b09_med_life,Tumour-inducing viruses discovered.
nobel_medicine,1967,Granit; Hartline; Wald,RECORD,RECORD,,,observational opportunity,high,A,STEP,E1,b09_med_life,Primary visual processes in the eye.
nobel_medicine,1968,Holley; Khorana; Nirenberg,REPRESENT,REPRESENT,L3,BUILD TRANSLATION MAP,surprising equivalence,high,A,STEP,,b09_med_life,The genetic code: an explicit dictionary between nucleotide triplets and amino acids.
nobel_medicine,1969,Delbruck; Hershey; Luria,RECORD,RECORD,,,observational opportunity,high,A,STEP,E1,b09_med_life,Viral replication and genetic structure.
nobel_medicine,1970,Katz; von Euler; Axelrod,RECORD,RECORD,,,observational opportunity,high,A,STEP,E1,b09_med_life,Humoral transmitters at nerve terminals.
nobel_medicine,1971,Sutherland,RECORD,RECORD,,,observational opportunity,high,A,STEP,E1,b09_med_life,Second messengers in hormone action.
nobel_medicine,1972,Edelman; Porter,RECORD,RECORD,,,observational opportunity,high,A,STEP,E1,b09_med_life,Chemical structure of antibodies.
nobel_medicine,1973,von Frisch; Lorenz; Tinbergen,REPRESENT,REPRESENT,L2,CHANGE EXPLANATORY LEVEL|ABSTRACT/IDEALIZE,unexplained phenomenon,high,A,STEP,,b09_med_life,"Behaviour treated as an evolved, structured trait analysable like anatomy."
nobel_medicine,1974,Claude; de Duve; Palade,RECORD,RECORD,,,observational opportunity,high,A,STEP,E1,b09_med_life,Structural and functional organisation of the cell.
nobel_medicine,1975,Baltimore; Dulbecco; Temin,RECORD,RECORD,,,observational opportunity,high,A,STEP,E1,b09_med_life,Tumour viruses and the genetic material; reverse transcription.
nobel_medicine,1976,Blumberg; Gajdusek,RECORD,RECORD,,,observational opportunity,high,A,STEP,E1,b09_med_life,New mechanisms of infectious disease origin and spread.
nobel_medicine,1977,Guillemin; Schally,RECORD,RECORD,,,observational opportunity,high,A,STEP,E1,b09_med_life,Peptide hormones produced by the brain.
nobel_medicine,1977,Yalow,REACH,REACH,,,new capability,high,A,STEP,R2,b09_med_life,Radioimmunoassay makes trace hormones measurable.
nobel_medicine,1978,Arber; Nathans; Smith,REACH,REACH,,,new capability,high,A,STEP,R3,b09_med_life,Restriction enzymes turn DNA into a manipulable substrate.
nobel_medicine,1979,Cormack; Hounsfield,REACH,REACH,,,new capability,high,A,STEP,R2,b09_med_life,Computed tomography reconstructs interior structure from projections.
nobel_medicine,1980,Benacerraf; Dausset; Snell,RECORD,RECORD,,,observational opportunity,high,A,STEP,E1,b09_med_life,Cell-surface structures governing immune reactions.
nobel_medicine,1981,Hubel; Wiesel,RECORD,RECORD,,,observational opportunity,high,A,STEP,E1,b09_med_life,Information processing in the visual system.
nobel_medicine,1981,Sperry,RECORD,RECORD,,,observational opportunity,high,A,STEP,E1,b09_med_life,Functional specialisation of the cerebral hemispheres.
nobel_medicine,1982,Bergstrom; Samuelsson; Vane,RECORD,RECORD,,,observational opportunity,high,A,STEP,E1,b09_med_life,Prostaglandins and related mediators.
nobel_medicine,1983,McClintock,RECORD,RECORD,,,empirical anomaly,high,A,STEP,E3,b09_med_life,"Mobile genetic elements found, against a static-genome assumption."
nobel_medicine,1984,Jerne; Kohler; Milstein,REPRESENT,REPRESENT,L2,ABSTRACT/IDEALIZE,unexplained phenomenon,high,A,STEP,,b09_med_life,Clonal selection as the organising theory of immune specificity; monoclonal antibodies follow.
nobel_medicine,1985,Brown; Goldstein,RECORD,RECORD,,,observational opportunity,high,A,STEP,E1,b09_med_life,Regulation of cholesterol metabolism.
nobel_medicine,1986,S. Cohen; Levi-Montalcini,RECORD,RECORD,,,observational opportunity,high,A,STEP,E2,b09_med_life,Growth factors discovered.
nobel_medicine,1987,Tonegawa,REPRESENT,REPRESENT,L2,CHANGE EXPLANATORY LEVEL,unexplained phenomenon,high,A,STEP,,b09_med_life,Antibody diversity generated by somatic rearrangement — the genome is edited during development.
nobel_medicine,1988,Black; Elion; Hitchings,ARTIFACT,ARTIFACT,,,technological need,high,A,STEP,A1,b09_med_life,Rational principles for drug design.
nobel_medicine,1989,Bishop; Varmus,RECORD,RECORD,,,observational opportunity,high,A,STEP,E0,b09_med_life,Retroviral oncogenes shown to have cellular origin.
nobel_medicine,1990,Murray; Thomas,REACH,REACH,,,new capability,high,A,STEP,R3,b09_med_life,Organ and cell transplantation made clinically possible.
nobel_medicine,1991,Neher; Sakmann,REACH,REACH,,,new capability,high,A,STEP,R1,b09_med_life,Patch clamp resolves single ion channel currents.
nobel_medicine,1992,E. Fischer; Krebs,RECORD,RECORD,,,observational opportunity,high,A,STEP,E1,b09_med_life,Reversible phosphorylation as a regulatory mechanism.
nobel_medicine,1993,Roberts; Sharp,RECORD,RECORD,,,empirical anomaly,high,A,STEP,E3,b09_med_life,Split genes discovered.
nobel_medicine,1994,Gilman; Rodbell,RECORD,RECORD,,,observational opportunity,high,A,STEP,E1,b09_med_life,G-proteins in signal transduction.
nobel_medicine,1995,Lewis; Nusslein-Volhard; Wieschaus,RECORD,RECORD,,,observational opportunity,high,A,STEP,E1,b09_med_life,Genetic control of early embryonic development.
nobel_medicine,1996,Doherty; Zinkernagel,RECORD,RECORD,,,observational opportunity,high,A,STEP,E1,b09_med_life,Specificity of cell-mediated immunity.
nobel_medicine,1997,Prusiner,REPRESENT,REPRESENT,L4,ADD/REMOVE LATENT OBJECT,empirical anomaly,high,A,STEP,,b09_med_life,"Prions: the citation itself calls it ""a new biological principle of infection"" — an agent with no nucleic acid."
nobel_medicine,1998,Furchgott; Ignarro; Murad,RECORD,RECORD,,,observational opportunity,high,A,STEP,E1,b09_med_life,Nitric oxide as a signalling molecule.
nobel_medicine,1999,Blobel,REPRESENT,REPRESENT,L2,ADD/REMOVE LATENT OBJECT,unexplained phenomenon,high,A,STEP,,b09_med_life,Proteins carry intrinsic address signals — localisation becomes an encoded property.
nobel_medicine,2000,Carlsson; Greengard; Kandel,RECORD,RECORD,,,observational opportunity,high,A,STEP,E1,b09_med_life,Signal transduction in the nervous system.
nobel_medicine,2001,Hartwell; Hunt; Nurse,RECORD,RECORD,,,observational opportunity,high,A,STEP,E1,b09_med_life,Key regulators of the cell cycle.
nobel_medicine,2002,Brenner; Horvitz; Sulston,RECORD,RECORD,,,observational opportunity,high,A,STEP,E1,b09_med_life,Genetic regulation of organ development and programmed cell death.
nobel_medicine,2003,Lauterbur; Mansfield,REACH,REACH,,,new capability,high,A,STEP,R2,b09_med_life,Magnetic resonance imaging.
nobel_medicine,2004,Axel; Buck,RECORD,RECORD,,,observational opportunity,high,A,STEP,E1,b09_med_life,Odorant receptors and olfactory organisation.
nobel_medicine,2005,Marshall; Warren,RECORD,RECORD,,,empirical anomaly,high,A,STEP,E3,b09_med_life,"H. pylori shown to cause ulcers, against a stress-and-acid consensus."
nobel_medicine,2006,Fire; Mello,RECORD,RECORD,,,observational opportunity,high,A,STEP,E2,b09_med_life,RNA interference discovered as a gene-silencing mechanism.
nobel_medicine,2007,Capecchi; Evans; Smithies,REACH,REACH,,,new capability,high,A,STEP,R2,b09_med_life,Gene targeting in mice via embryonic stem cells.
nobel_medicine,2008,Barre-Sinoussi; Montagnier,RECORD,RECORD,,,observational opportunity,high,A,STEP,E2,b09_med_life,HIV discovered.
nobel_medicine,2008,zur Hausen,RECORD,RECORD,,,observational opportunity,high,A,STEP,E0,b09_med_life,Human papilloma virus shown to cause cervical cancer.
nobel_medicine,2009,Blackburn; Greider; Szostak,RECORD,RECORD,,,observational opportunity,high,A,STEP,E1,b09_med_life,Telomeres and telomerase protect chromosome ends.
nobel_medicine,2010,Edwards,REACH,REACH,,,new capability,high,A,STEP,R3,b09_med_life,In vitro fertilisation developed.
nobel_medicine,2011,Beutler; Hoffmann,RECORD,RECORD,,,observational opportunity,high,A,STEP,E1,b09_med_life,Activation of innate immunity.
nobel_medicine,2011,Steinman,RECORD,RECORD,,,observational opportunity,high,A,STEP,E1,b09_med_life,The dendritic cell and its role in adaptive immunity.
nobel_medicine,2012,Gurdon; Yamanaka,RECORD,RECORD,,,foundational dispute,high,A,STEP,E1,b09_med_life,Mature cells shown reprogrammable to pluripotency.
nobel_medicine,2013,Rothman; Schekman; Sudhof,RECORD,RECORD,,,observational opportunity,high,A,STEP,E1,b09_med_life,Machinery regulating vesicle traffic.
nobel_medicine,2014,O Keefe; Moser; Moser,RECORD,RECORD,,,observational opportunity,high,A,STEP,E1,b09_med_life,Place and grid cells forming a positioning system.
nobel_medicine,2015,Campbell; Omura,ARTIFACT,ARTIFACT,,,technological need,high,A,STEP,A1,b09_med_life,Avermectin-based therapy for roundworm infections.
nobel_medicine,2015,Tu,ARTIFACT,ARTIFACT,,,technological need,high,A,STEP,A1,b09_med_life,Artemisinin as a malaria therapy.
nobel_medicine,2016,Ohsumi,RECORD,RECORD,,,observational opportunity,high,A,STEP,E1,b09_med_life,Mechanisms of autophagy.
nobel_medicine,2017,Hall; Rosbash; Young,RECORD,RECORD,,,observational opportunity,high,A,STEP,E1,b09_med_life,Molecular clock controlling circadian rhythm.
nobel_medicine,2018,Allison; Honjo,ARTIFACT,ARTIFACT,,,technological need,high,A,STEP,A2,b09_med_life,Checkpoint inhibition as cancer therapy.
nobel_medicine,2019,Kaelin; Ratcliffe; Semenza,RECORD,RECORD,,,observational opportunity,high,A,STEP,E1,b09_med_life,How cells sense and adapt to oxygen.
nobel_medicine,2020,Alter; Houghton; Rice,RECORD,RECORD,,,observational opportunity,high,A,STEP,E2,b09_med_life,Hepatitis C virus identified.
nobel_medicine,2021,Julius; Patapoutian,RECORD,RECORD,,,observational opportunity,high,A,STEP,E1,b09_med_life,Receptors for temperature and touch.
nobel_medicine,2022,Paabo,RECORD,RECORD,,,observational opportunity,high,A,STEP,E1,b09_med_life,Genomes of extinct hominins recovered and human evolution rewritten.
nobel_medicine,2023,Kariko; Weissman,REACH,REACH,,,new capability,high,A,STEP,R2,b09_med_life,Base modification made mRNA usable as a therapeutic platform.
nobel_medicine,2024,Ambros; Ruvkun,RECORD,RECORD,,,observational opportunity,high,A,STEP,E1,b09_med_life,MicroRNA and post-transcriptional regulation.
nobel_medicine,2025,Brunkow; Ramsdell; Sakaguchi,RECORD,RECORD,,,observational opportunity,high,A,STEP,E1,b09_med_life,Peripheral immune tolerance mechanisms.
nobel_physics,1901,Roentgen,RECORD,RECORD,,,observational opportunity,high,A,STEP,E2,b07_nobelphys_pre2000,X-rays discovered.
nobel_physics,1902,Lorentz; Zeeman,RECORD,RECORD,L2,FIND INVARIANT/SYMMETRY,unexplained phenomenon,high,A,STEP,E2,b07_nobelphys_pre2000,Magnetic splitting of spectral lines found and given an electron-theoretic account.
nobel_physics,1903,Becquerel,RECORD,RECORD,,,observational opportunity,high,A,STEP,E2,b07_nobelphys_pre2000,Spontaneous radioactivity discovered.
nobel_physics,1903,P. Curie; M. Curie,RECORD,RECORD,,,observational opportunity,high,A,STEP,E2,b07_nobelphys_pre2000,Radiation phenomena investigated and new elements isolated.
nobel_physics,1904,Rayleigh,RECORD,RECORD,,,empirical anomaly,high,A,STEP,E3,b07_nobelphys_pre2000,A density discrepancy in nitrogen led to argon.
nobel_physics,1905,Lenard,RECORD,RECORD,,,observational opportunity,high,A,STEP,E1,b07_nobelphys_pre2000,Cathode-ray properties established.
nobel_physics,1906,J.J. Thomson,REPRESENT,REPRESENT,L4,ADD/REMOVE LATENT OBJECT,unexplained phenomenon,high,A,STEP,,b07_nobelphys_pre2000,Conduction in gases resolved into a subatomic charged constituent — the electron.
nobel_physics,1907,Michelson,REACH,REACH,,,new capability,high,A,STEP,R0,b07_nobelphys_pre2000,Optical precision instruments and the measurements made with them.
nobel_physics,1908,Lippmann,ARTIFACT,ARTIFACT,,,technological need,high,A,STEP,A1,b07_nobelphys_pre2000,Interference-based colour photography.
nobel_physics,1909,Marconi; Braun,ARTIFACT,ARTIFACT,,,technological need,high,A,STEP,A1,b07_nobelphys_pre2000,Wireless telegraphy developed.
nobel_physics,1910,van der Waals,REPRESENT,REPRESENT,L2,ADD/REMOVE LATENT OBJECT|ABSTRACT/IDEALIZE,empirical anomaly,high,A,STEP,,b07_nobelphys_pre2000,Molecular volume and attraction added as variables so one equation covers gas and liquid.
nobel_physics,1911,Wien,REPRESENT,REPRESENT,L2,FIND INVARIANT/SYMMETRY,unexplained structure,high,A,STEP,,b07_nobelphys_pre2000,Displacement law: thermal radiation organised by a scaling relation.
nobel_physics,1912,Dalen,ARTIFACT,ARTIFACT,,,technological need,high,A,STEP,A1,b07_nobelphys_pre2000,Automatic regulators for lighthouse gas accumulators.
nobel_physics,1913,Kamerlingh Onnes,REACH,REACH,,,new capability,high,A,STEP,R1,b07_nobelphys_pre2000,Liquid helium opened the low-temperature regime.
nobel_physics,1914,von Laue,RECORD,RECORD,,,observational opportunity,high,A,STEP,E2,b07_nobelphys_pre2000,X-ray diffraction by crystals discovered.
nobel_physics,1915,W. Bragg; L. Bragg,REACH,REACH,,,new capability,high,A,STEP,R2,b07_nobelphys_pre2000,Crystal structure made determinable by X-ray analysis.
nobel_physics,1917,Barkla,RECORD,RECORD,,,observational opportunity,high,A,STEP,E2,b07_nobelphys_pre2000,Characteristic X-radiation of the elements found.
nobel_physics,1918,Planck,REPRESENT,REPRESENT,L4,ADD/REMOVE LATENT OBJECT,internal inconsistency,high,A,STEP,,b07_nobelphys_pre2000,Energy quanta introduced to escape the ultraviolet catastrophe — a new kind of discreteness.
nobel_physics,1919,Stark,RECORD,RECORD,,,observational opportunity,high,A,STEP,E1,b07_nobelphys_pre2000,Spectral line splitting in electric fields.
nobel_physics,1920,Guillaume,ARTIFACT,ARTIFACT,,,technological need,high,A,STEP,A1,b07_nobelphys_pre2000,Nickel-steel alloys enabling precision metrology.
nobel_physics,1921,Einstein,REPRESENT,REPRESENT,L4|L1,ADD/REMOVE LATENT OBJECT|REINTERPRET,empirical anomaly,high,A,STEP,,b07_nobelphys_pre2000,Light quantised as particles to explain the photoelectric law.
nobel_physics,1922,Bohr,REPRESENT,REPRESENT,L2|L4,ADD/REMOVE LATENT OBJECT,internal inconsistency,high,A,STEP,,b07_nobelphys_pre2000,Quantised orbits imposed on the atom to stop classical collapse.
nobel_physics,1923,Millikan,RECORD,RECORD,,,test an existing prediction,high,A,STEP,E0,b07_nobelphys_pre2000,Elementary charge measured; photoelectric law confirmed.
nobel_physics,1924,M. Siegbahn,REACH,REACH,,,new capability,high,A,STEP,R2,b07_nobelphys_pre2000,X-ray spectroscopy developed.
nobel_physics,1925,Franck; Hertz,RECORD,RECORD,,,test an existing prediction,high,A,STEP,E0,b07_nobelphys_pre2000,Quantised atomic energy levels demonstrated by electron impact.
nobel_physics,1926,Perrin,RECORD,RECORD,,,foundational dispute,high,A,STEP,E0,b07_nobelphys_pre2000,Sedimentation equilibrium settled the reality of atoms.
nobel_physics,1927,C.T.R. Wilson,REACH,REACH,,,new capability,high,A,STEP,R2,b07_nobelphys_pre2000,The cloud chamber made particle tracks visible.
nobel_physics,1927,Compton,RECORD,RECORD,,,unexplained phenomenon,high,A,STEP,E1,b07_nobelphys_pre2000,Photon-electron scattering shows light carries momentum.
nobel_physics,1928,Richardson,RECORD,RECORD,,,unexplained phenomenon,high,A,STEP,E1,b07_nobelphys_pre2000,Thermionic emission law established.
nobel_physics,1929,de Broglie,REPRESENT,REPRESENT,L1|L4,REINTERPRET|MAP/TRANSFER,surprising equivalence,high,A,STEP,,b07_nobelphys_pre2000,Wave behaviour attributed to matter — the wave/particle categories are transferred across.
nobel_physics,1930,Raman,RECORD,RECORD,,,unexplained phenomenon,high,A,STEP,E2,b07_nobelphys_pre2000,Inelastic light scattering discovered.
nobel_physics,1932,Heisenberg,REPRESENT,REPRESENT,L4|L2,ADD/REMOVE LATENT OBJECT|CHANGE WHAT IS MEASURED,failure of current variables,high,A,STEP,,b07_nobelphys_pre2000,Observables become non-commuting operators; unobservable orbits are discarded.
nobel_physics,1933,Schrodinger; Dirac,REPRESENT,REPRESENT,L2|L4,CHANGE ALGEBRA/GEOMETRY/DIMENSION|ADD/REMOVE LATENT OBJECT,failure of current variables,high,A,STEP,,b07_nobelphys_pre2000,"Wave mechanics, and a relativistic electron equation entailing antimatter."
nobel_physics,1935,Chadwick,RECORD,RECORD,L4,ADD/REMOVE LATENT OBJECT,empirical anomaly,high,A,STEP,E3,b07_nobelphys_pre2000,"The neutron found, resolving nuclear mass/charge bookkeeping."
nobel_physics,1936,Anderson,RECORD,RECORD,,,test an existing prediction,high,A,STEP,E0,b07_nobelphys_pre2000,"The positron observed, confirming Dirac."
nobel_physics,1936,Hess,RECORD,RECORD,,,empirical anomaly,high,A,STEP,E3,b07_nobelphys_pre2000,Ionisation increasing with altitude revealed cosmic radiation.
nobel_physics,1937,Davisson; G.P. Thomson,RECORD,RECORD,,,test an existing prediction,high,A,STEP,E0,b07_nobelphys_pre2000,Electron diffraction confirmed matter waves.
nobel_physics,1938,Fermi,RECORD,RECORD,,,new capability,high,A,STEP,E1,b07_nobelphys_pre2000,Neutron irradiation produced new radioactive elements.
nobel_physics,1939,Lawrence,REACH,REACH,,,new capability,high,A,STEP,R2,b07_nobelphys_pre2000,The cyclotron and the results obtained with it.
nobel_physics,1943,Stern,REACH,REACH,,,new capability,high,A,STEP,R2,b07_nobelphys_pre2000,Molecular ray method; the proton magnetic moment measured.
nobel_physics,1944,Rabi,REACH,REACH,,,new capability,high,A,STEP,R2,b07_nobelphys_pre2000,Magnetic resonance as a method for nuclear properties.
nobel_physics,1945,Pauli,REPRESENT,REPRESENT,L2,FIND INVARIANT/SYMMETRY,unexplained structure,high,A,STEP,,b07_nobelphys_pre2000,The exclusion principle: a structural constraint on state occupancy explains the periodic table.
nobel_physics,1946,Bridgman,REACH,REACH,,,new capability,high,A,STEP,R1,b07_nobelphys_pre2000,High-pressure apparatus and the physics it revealed.
nobel_physics,1947,Appleton,RECORD,RECORD,,,observational opportunity,high,A,STEP,E2,b07_nobelphys_pre2000,Ionospheric layers identified.
nobel_physics,1948,Blackett,REACH,REACH,,,new capability,high,A,STEP,R2,b07_nobelphys_pre2000,Cloud chamber method developed and applied to nuclear and cosmic-ray physics.
nobel_physics,1949,Yukawa,REPRESENT,REPRESENT,L4,ADD/REMOVE LATENT OBJECT,unexplained phenomenon,high,A,STEP,,b07_nobelphys_pre2000,A mediating meson posited to give the nuclear force its range.
nobel_physics,1950,Powell,REACH,REACH,,,new capability,high,A,STEP,R2,b07_nobelphys_pre2000,Photographic emulsion method for nuclear processes.
nobel_physics,1951,Cockcroft; Walton,REACH,REACH,,,new capability,high,A,STEP,R2,b07_nobelphys_pre2000,Artificially accelerated particles used to transmute nuclei.
nobel_physics,1952,Bloch; Purcell,REACH,REACH,,,new capability,high,A,STEP,R0,b07_nobelphys_pre2000,Nuclear magnetic resonance developed as a precision method.
nobel_physics,1953,Zernike,REACH,REACH,,,new capability,high,A,STEP,R2,b07_nobelphys_pre2000,Phase contrast microscopy makes transparent structure visible.
nobel_physics,1954,Born,REPRESENT,REPRESENT,L1,REINTERPRET|PROBABILIZE,internal inconsistency,high,A,STEP,,b07_nobelphys_pre2000,"The wavefunction reinterpreted as a probability amplitude — same mathematics, new meaning."
nobel_physics,1954,Bothe,REACH,REACH,,,new capability,high,A,STEP,R2,b07_nobelphys_pre2000,The coincidence method for correlated events.
nobel_physics,1955,Kusch,RECORD,RECORD,,,empirical anomaly,high,A,STEP,E3,b07_nobelphys_pre2000,The electron magnetic moment measured to anomalous precision.
nobel_physics,1955,Lamb,RECORD,RECORD,,,empirical anomaly,high,A,STEP,E3,b07_nobelphys_pre2000,The hydrogen fine-structure shift that forced renormalised QED.
nobel_physics,1956,Shockley; Bardeen; Brattain,ARTIFACT,ARTIFACT,,,technological need,high,A,STEP,A2,b07_nobelphys_pre2000,The transistor effect found and built into a device.
nobel_physics,1957,Yang; Lee,REPRESENT,REPRESENT,L2,FIND INVARIANT/SYMMETRY,unexplained structure,high,A,STEP,,b07_nobelphys_pre2000,Parity questioned as an assumed symmetry rather than a law.
nobel_physics,1958,Cherenkov; Frank; Tamm,RECORD,RECORD,L2,,unexplained phenomenon,high,A,STEP,E1,b07_nobelphys_pre2000,Cherenkov radiation observed and explained.
nobel_physics,1959,Segre; Chamberlain,RECORD,RECORD,,,test an existing prediction,high,A,STEP,E0,b07_nobelphys_pre2000,The antiproton found.
nobel_physics,1960,Glaser,REACH,REACH,,,new capability,high,A,STEP,R2,b07_nobelphys_pre2000,The bubble chamber.
nobel_physics,1961,Hofstadter,RECORD,RECORD,,,observational opportunity,high,A,STEP,E2,b07_nobelphys_pre2000,Electron scattering revealed nucleon structure.
nobel_physics,1961,Mossbauer,RECORD,RECORD,,,unexplained phenomenon,high,A,STEP,E2,b07_nobelphys_pre2000,"Recoilless gamma resonance discovered, enabling ultra-precise spectroscopy."
nobel_physics,1962,Landau,REPRESENT,REPRESENT,L2,CHANGE WHAT IS MEASURED|ABSTRACT/IDEALIZE,unexplained phenomenon,high,A,STEP,,b07_nobelphys_pre2000,Order parameters and quasiparticles as the working variables of condensed matter.
nobel_physics,1963,Goeppert Mayer; Jensen,REPRESENT,REPRESENT,L3,MAP/TRANSFER,cross-domain analogy,high,A,STEP,,b07_nobelphys_pre2000,"The atomic shell picture carried into the nucleus, explaining magic numbers."
nobel_physics,1963,Wigner,REPRESENT,REPRESENT,L2,FIND INVARIANT/SYMMETRY,unexplained structure,high,A,STEP,,b07_nobelphys_pre2000,Symmetry principles elevated to the organising tool for nuclear and particle states.
nobel_physics,1964,Townes; Basov; Prokhorov,ARTIFACT,ARTIFACT,,,technological need,high,A,STEP,A2,b07_nobelphys_pre2000,Maser and laser oscillators built from stimulated emission.
nobel_physics,1965,Tomonaga; Schwinger; Feynman,REPRESENT,REPRESENT,L2,QUOTIENT/REMOVE REDUNDANCY|CHANGE WHAT IS MEASURED,internal inconsistency,high,A,STEP,,b07_nobelphys_pre2000,Renormalised QED; diagrams become the representation in which the theory is computed.
nobel_physics,1966,Kastler,REACH,REACH,,,new capability,high,A,STEP,R2,b07_nobelphys_pre2000,Optical pumping for studying atomic resonances.
nobel_physics,1967,Bethe,REPRESENT,REPRESENT,L3,MAP/TRANSFER|CHANGE EXPLANATORY LEVEL,cross-domain analogy,high,A,STEP,,b07_nobelphys_pre2000,Stellar energy explained as nuclear reaction cycles.
nobel_physics,1968,Alvarez,RECORD,RECORD,,,new capability,high,A,STEP,E2,b07_nobelphys_pre2000,Many resonance states found via bubble chamber and analysis technique.
nobel_physics,1969,Gell-Mann,REPRESENT,REPRESENT,L2|L4,CLASSIFY/ENUMERATE|FIND INVARIANT/SYMMETRY,failure of classification,high,A,STEP,,b07_nobelphys_pre2000,Particles arranged by symmetry multiplets — a classification that implies constituents.
nobel_physics,1970,Alfven,REPRESENT,REPRESENT,L2|L3,MAP/TRANSFER,cross-domain analogy,high,A,STEP,,b07_nobelphys_pre2000,Fluid dynamics and electromagnetism merged into magnetohydrodynamics for plasmas.
nobel_physics,1970,Neel,REPRESENT,REPRESENT,L2,ADD/REMOVE LATENT OBJECT,unexplained phenomenon,high,A,STEP,,b07_nobelphys_pre2000,Antiferromagnetic and ferrimagnetic order as distinct magnetic arrangements.
nobel_physics,1971,Gabor,REACH,REACH,,,new capability,high,A,STEP,R2,b07_nobelphys_pre2000,Holography records phase as well as amplitude.
nobel_physics,1972,Bardeen; Cooper; Schrieffer,REPRESENT,REPRESENT,L4,ADD/REMOVE LATENT OBJECT,unexplained phenomenon,high,A,STEP,,b07_nobelphys_pre2000,Cooper pairs: a new bound object whose condensation is superconductivity.
nobel_physics,1973,Esaki; Giaever,RECORD,RECORD,,,test an existing prediction,high,A,STEP,E0,b07_nobelphys_pre2000,Tunnelling observed in semiconductors and superconductors.
nobel_physics,1973,Josephson,REPRESENT,REPRESENT,L0,,unsolved case,high,A,STEP,,b07_nobelphys_pre2000,Tunnelling supercurrent predicted within existing superconductivity theory.
nobel_physics,1974,Ryle; Hewish,REACH,REACH,,,new capability,high,A,STEP,R2,b07_nobelphys_pre2000,Aperture synthesis; pulsars found with it.
nobel_physics,1975,A. Bohr; Mottelson; Rainwater,REPRESENT,REPRESENT,L3,MERGE/SPLIT CONCEPTS,internal inconsistency,high,A,STEP,,b07_nobelphys_pre2000,Collective and single-particle nuclear models reconciled into one description.
nobel_physics,1976,Richter; Ting,RECORD,RECORD,,,observational opportunity,high,A,STEP,E0,b07_nobelphys_pre2000,"A heavy particle of a new kind found, confirming charm."
nobel_physics,1977,Anderson; Mott; Van Vleck,REPRESENT,REPRESENT,L2,CHANGE SCALE|PROBABILIZE,unexplained phenomenon,high,A,STEP,,b07_nobelphys_pre2000,Disorder-induced localisation as the right description of electrons in imperfect solids.
nobel_physics,1978,Kapitsa,REACH,REACH,,,new capability,high,A,STEP,R1,b07_nobelphys_pre2000,Low-temperature apparatus and the discoveries it enabled.
nobel_physics,1978,Penzias; R.W. Wilson,RECORD,RECORD,,,empirical anomaly,high,A,STEP,E3,b07_nobelphys_pre2000,Unexplained antenna noise turned out to be the cosmic microwave background.
nobel_physics,1979,Glashow; Salam; Weinberg,REPRESENT,REPRESENT,L3|L4,MERGE/SPLIT CONCEPTS|FIND INVARIANT/SYMMETRY,excessive complexity,high,A,STEP,,b07_nobelphys_pre2000,Weak and electromagnetic forces unified into one gauge structure.
nobel_physics,1980,Cronin; Fitch,RECORD,RECORD,,,empirical anomaly,high,A,STEP,E3,b07_nobelphys_pre2000,CP violation observed in neutral kaon decay.
nobel_physics,1981,Bloembergen; Schawlow,REACH,REACH,,,new capability,high,A,STEP,R2,b07_nobelphys_pre2000,Laser spectroscopy developed.
nobel_physics,1981,K. Siegbahn,REACH,REACH,,,new capability,high,A,STEP,R1,b07_nobelphys_pre2000,High-resolution electron spectroscopy.
nobel_physics,1982,K.G. Wilson,REPRESENT,REPRESENT,L2,CHANGE SCALE,unexplained structure,high,A,STEP,,b07_nobelphys_pre2000,"Renormalisation group applied to critical phenomena — the corpus's leading L5 candidate, cited only as a theory of the phenomena."
nobel_physics,1983,Chandrasekhar,REPRESENT,REPRESENT,L2,ABSTRACT/IDEALIZE,unsolved case,high,A,STEP,,b07_nobelphys_pre2000,"Stellar structure and evolution from physical first principles, including a mass limit."
nobel_physics,1983,Fowler,REPRESENT,REPRESENT,L3,MAP/TRANSFER,cross-domain analogy,high,A,STEP,,b07_nobelphys_pre2000,Nuclear reaction rates made the basis of element formation.
nobel_physics,1984,Rubbia; van der Meer,REACH,REACH,,,test an existing prediction,high,A,STEP,R3,b07_nobelphys_pre2000,Stochastic cooling and the collider programme that found W and Z.
nobel_physics,1985,von Klitzing,RECORD,RECORD,,,unexplained phenomenon,high,A,STEP,E1,b07_nobelphys_pre2000,"The quantised Hall effect observed, later demanding a topological account."
nobel_physics,1986,Binnig; Rohrer,REACH,REACH,,,new capability,high,A,STEP,R1,b07_nobelphys_pre2000,Scanning tunnelling microscopy resolves individual atoms.
nobel_physics,1986,Ruska,REACH,REACH,,,new capability,high,A,STEP,R2,b07_nobelphys_pre2000,Electron optics and the first electron microscope.
nobel_physics,1987,Bednorz; Mueller,RECORD,RECORD,,,unexplained phenomenon,high,A,STEP,E3,b07_nobelphys_pre2000,Superconductivity found in ceramics far above expected temperatures.
nobel_physics,1988,Lederman; Schwartz; Steinberger,REACH,REACH,,,new capability,high,A,STEP,R2,b07_nobelphys_pre2000,"The neutrino beam method, which revealed a second neutrino type."
nobel_physics,1989,Dehmelt; Paul,REACH,REACH,,,new capability,high,A,STEP,R3,b07_nobelphys_pre2000,Ion traps isolate single charged particles.
nobel_physics,1989,Ramsey,REACH,REACH,,,new capability,high,A,STEP,R0,b07_nobelphys_pre2000,Separated oscillatory fields underpin atomic clocks.
nobel_physics,1990,Friedman; Kendall; Taylor,RECORD,RECORD,,,observational opportunity,high,A,STEP,E2,b07_nobelphys_pre2000,Deep inelastic scattering revealed pointlike structure inside the proton.
nobel_physics,1991,de Gennes,REPRESENT,REPRESENT,L3,MAP/TRANSFER,cross-domain analogy,high,A,STEP,,b07_nobelphys_pre2000,The citation names the move: methods for order in simple systems generalised to complex matter.
nobel_physics,1992,Charpak,REACH,REACH,,,new capability,high,A,STEP,R2,b07_nobelphys_pre2000,The multiwire proportional chamber.
nobel_physics,1993,Hulse; Taylor,RECORD,RECORD,,,observational opportunity,high,A,STEP,E2,b07_nobelphys_pre2000,"A binary pulsar found, opening gravitational studies."
nobel_physics,1994,Brockhouse,REACH,REACH,,,new capability,high,A,STEP,R2,b07_nobelphys_pre2000,Neutron spectroscopy developed.
nobel_physics,1994,Shull,REACH,REACH,,,new capability,high,A,STEP,R2,b07_nobelphys_pre2000,Neutron diffraction developed.
nobel_physics,1995,Perl,RECORD,RECORD,,,observational opportunity,high,A,STEP,E2,b07_nobelphys_pre2000,The tau lepton discovered.
nobel_physics,1995,Reines,RECORD,RECORD,,,test an existing prediction,high,A,STEP,E0,b07_nobelphys_pre2000,The neutrino detected.
nobel_physics,1996,Lee; Osheroff; Richardson,RECORD,RECORD,,,unexplained phenomenon,high,A,STEP,E2,b07_nobelphys_pre2000,Superfluidity found in helium-3.
nobel_physics,1997,Chu; Cohen-Tannoudji; Phillips,REACH,REACH,,,new capability,high,A,STEP,R3,b07_nobelphys_pre2000,Laser cooling and trapping of atoms.
nobel_physics,1998,Laughlin; Stormer; Tsui,REPRESENT,REPRESENT,L4,ADD/REMOVE LATENT OBJECT,unexplained phenomenon,high,A,STEP,,b07_nobelphys_pre2000,A quantum fluid whose excitations carry fractional charge — a new object type.
nobel_physics,1999,t Hooft; Veltman,REPRESENT,REPRESENT,L2,QUOTIENT/REMOVE REDUNDANCY|MAKE-COMPUTABLE,internal inconsistency,high,A,STEP,,b07_nobelphys_pre2000,"Electroweak theory shown renormalisable, making it a usable quantum theory."
nobel_physics,2000,"Alferov, Kroemer",ARTIFACT,ARTIFACT,,,technological need,high,A,STEP,A2,phase1,semiconductor heterostructures
nobel_physics,2000,Kilby,ARTIFACT,ARTIFACT,,,technological need,high,A,STEP,A1,phase1,integrated circuit
nobel_physics,2001,"Cornell, Ketterle, Wieman",RECORD,RECORD|REACH,,,test an existing prediction,high,A,STEP,E0,phase1,Bose-Einstein condensation realised
nobel_physics,2002,"Davis, Koshiba",REACH,REACH|RECORD,,,new capability,high,A,STEP,R2,phase1,neutrino astronomy
nobel_physics,2002,Giacconi,REACH,REACH|RECORD,,,new capability,high,A,STEP,R2,phase1,X-ray astronomy
nobel_physics,2003,"Abrikosov, Ginzburg, Leggett",REPRESENT,REPRESENT,L2,CHANGE WHAT IS MEASURED|ABSTRACT/IDEALIZE,unexplained phenomenon,high,A,STEP,,phase1,order-parameter description of superconductivity/superfluidity
nobel_physics,2004,"Gross, Politzer, Wilczek",REPRESENT,REPRESENT,L2,CHANGE SCALE,unexplained empirical structure (scaling),high,A,STEP,,phase1,coupling constant -> scale-dependent; the framework's own RG exemplar
nobel_physics,2005,Glauber,REPRESENT,REPRESENT,L2,CHANGE WHAT IS MEASURED|PROBABILIZE,failure of current variables,high,A,STEP,,phase1,quantum theory of optical coherence
nobel_physics,2005,"Hall, Hänsch",REACH,REACH,,,new capability,high,A,STEP,R2,phase1,optical frequency comb
nobel_physics,2006,"Mather, Smoot",REACH,REACH|RECORD,,,observational opportunity,high,A,STEP,R2,phase1,COBE blackbody form and anisotropy
nobel_physics,2007,"Fert, Grünberg",RECORD,RECORD,,,new capability,high,A,STEP,E1,phase1,giant magnetoresistance
nobel_physics,2008,"Kobayashi, Maskawa",REPRESENT,REPRESENT,L4,ADD/REMOVE LATENT OBJECT,empirical anomaly (CP violation),high,A,STEP,,phase1,a third quark family predicted
nobel_physics,2008,Nambu,REPRESENT,REPRESENT,L2|L1,MAP/TRANSFER|REINTERPRET,cross-domain analogy,high,A,STEP,,phase1,spontaneous symmetry breaking carried from superconductivity into particle physics
nobel_physics,2009,"Boyle, Smith",ARTIFACT,ARTIFACT,,,technological need,high,A,STEP,A1,phase1,CCD sensor
nobel_physics,2009,Kao,ARTIFACT,ARTIFACT,,,technological need,high,A,STEP,A1,phase1,low-loss optical fibre
nobel_physics,2010,"Geim, Novoselov",RECORD,RECORD|REACH,,,new capability,high,A,STEP,E2,phase1,graphene isolated and characterised
nobel_physics,2011,"Perlmutter, Riess, Schmidt",RECORD,RECORD,,,empirical anomaly (unexpected),high,A,STEP,E2,phase1,accelerating expansion — surprised the discoverers
nobel_physics,2012,"Haroche, Wineland",REACH,REACH,,,new capability,high,A,STEP,R3,phase1,control of individual quantum systems
nobel_physics,2013,"Englert, Higgs",REPRESENT,REPRESENT,L2|L4,ADD/REMOVE LATENT OBJECT|FIND INVARIANT/SYMMETRY|MAP/TRANSFER,internal inconsistency (gauge boson mass),high,A,STEP,,phase1,spontaneous symmetry breaking imported from superconductivity
nobel_physics,2014,"Akasaki, Amano, Nakamura",ARTIFACT,ARTIFACT,,,technological need,high,A,STEP,A2,phase1,blue LED
nobel_physics,2015,"Kajita, McDonald",RECORD,RECORD,,,empirical anomaly (solar neutrino deficit),high,A,STEP,E1,phase1,neutrino oscillation; forced a Standard-Model amendment
nobel_physics,2016,"Haldane, Kosterlitz, Thouless",REPRESENT,REPRESENT,L2|L4,FIND INVARIANT/SYMMETRY|CHANGE ALGEBRA/GEOMETRY/DIMENSION,failure of classification,high,A,STEP,,phase1,topology as the organising concept for phases
nobel_physics,2017,"Barish, Thorne, Weiss",REACH,REACH|RECORD,,,test an existing prediction,high,A,STEP,R2,phase1,LIGO detector and first GW observation
nobel_physics,2018,Ashkin,REACH,REACH|ARTIFACT,,,new capability,high,A,STEP,R3,phase1,optical tweezers
nobel_physics,2018,"Mourou, Strickland",REACH,REACH|ARTIFACT,,,new capability,high,A,STEP,R3,phase1,chirped pulse amplification
nobel_physics,2019,"Mayor, Queloz",RECORD,RECORD|REACH,,,observational opportunity,high,A,STEP,E2,phase1,first exoplanet around a solar-type star
nobel_physics,2019,Peebles,REPRESENT,REPRESENT,L2,CHANGE SCALE|PROBABILIZE,unexplained structure,high,A,STEP,,phase1,theoretical framework for physical cosmology
nobel_physics,2020,"Genzel, Ghez",RECORD,RECORD|REACH,,,observational opportunity,high,A,STEP,E1,phase1,supermassive compact object detected
nobel_physics,2020,Penrose,REPRESENT,REPRESENT,L2,CHANGE ALGEBRA/GEOMETRY/DIMENSION|ABSTRACT/IDEALIZE,unsolved case,high,A,STEP,,phase1,global/topological methods introduced into general relativity
nobel_physics,2021,"Hasselmann, Manabe",TRACTABLE,TRACTABLE|REPRESENT,L2,ABSTRACT/IDEALIZE|CHANGE SCALE,intractable complexity,high,A,STEP,C0,phase1,
nobel_physics,2021,Parisi,REPRESENT,REPRESENT,L2|L4,CHANGE WHAT IS MEASURED|PROBABILIZE|FIND INVARIANT/SYMMETRY,failure of current variables,high,A,STEP,,phase1,replica symmetry breaking; the order parameter becomes a function
nobel_physics,2022,"Aspect, Clauser, Zeilinger",RECORD,RECORD|REACH,,,foundational dispute,high,A,STEP,E0,phase1,Bell inequality violation settled experimentally
nobel_physics,2023,"Agostini, Krausz, L’Huillier",REACH,REACH,,,inaccessible regime,high,A,STEP,R1,phase1,attosecond pulses — new temporal resolution
nobel_physics,2024,"Hopfield, Hinton",REPRESENT,REPRESENT,L3|L1,MAP/TRANSFER|REINTERPRET|CHANGE EXPLANATORY LEVEL,cross-domain analogy,high,A,STEP,,phase1,spin-glass physics -> associative memory; memory as an attractor phase
nobel_physics,2025,"Clarke, Devoret, Martinis",REACH,REACH|RECORD,,,test an existing prediction,high,A,STEP,R2,phase1,macroscopic quantum tunnelling demonstrated in a circuit
sakurai,1985,Maskawa; Kobayashi,REPRESENT,REPRESENT,L4,ADD/REMOVE LATENT OBJECT,empirical anomaly,high,A,STEP,,b02_kavli_sakurai,A general fermion mass matrix forces more than four flavours — new objects inferred to accommodate CP violation.
sakurai,1986,Gross; Politzer; Wilczek,REPRESENT,REPRESENT,L2,CHANGE SCALE,unexplained empirical structure,high,A,STEP,,b02_kavli_sakurai,Short-distance behaviour of nonabelian gauge theory: the coupling becomes scale-dependent.
sakurai,1987,Maiani; Iliopoulos,REPRESENT,REPRESENT,L4,ADD/REMOVE LATENT OBJECT,internal inconsistency,high,A,STEP,,b02_kavli_sakurai,Charm introduced so that unobserved flavour-changing neutral currents cancel.
sakurai,1988,Adler,REPRESENT,REPRESENT,L2,FIND INVARIANT/SYMMETRY,unexplained structure,high,A,STEP,,b02_kavli_sakurai,Chiral symmetry turned into sum rules and low-energy theorems — constraints replace dynamics.
sakurai,1989,Cabibbo,REPRESENT,REPRESENT,L2,FIND INVARIANT/SYMMETRY,unexplained structure,high,A,STEP,,b02_kavli_sakurai,Structure of the hadronic weak current; the mixing angle as a new kind of constant.
sakurai,1990,Kinoshita,TRACTABLE,TRACTABLE,,MAKE-COMPUTABLE,unsolved case,high,A,STEP,C0,b02_kavli_sakurai,"Precision QED: the contribution is carrying out computations nobody could complete, not changing L."
sakurai,1991,Gribov,REPRESENT,REPRESENT,L2,QUOTIENT/REMOVE REDUNDANCY,internal inconsistency,high,A,STEP,,b02_kavli_sakurai,Global structure of non-abelian gauge theory: gauge fixing is not unique (Gribov copies) — redundancy handled properly.
sakurai,1992,Wolfenstein,REPRESENT,REPRESENT,L2,ABSTRACT/IDEALIZE,unexplained structure,high,A,STEP,,b02_kavli_sakurai,A parameterisation of weak mixing that exposes the hierarchy among its entries.
sakurai,1993,Gaillard,REPRESENT,REPRESENT,L0|L2,CHANGE SCALE,unsolved case,high,A,STEP,,b02_kavli_sakurai,QCD applied to K-meson mixing and charmed bound states — existing theory pushed to new observables.
sakurai,1994,Nambu,REPRESENT,REPRESENT,L1|L3,REINTERPRET|MAP/TRANSFER,cross-domain analogy,high,A,STEP,,b02_kavli_sakurai,"The pion reinterpreted as the Goldstone signal of chiral symmetry breaking, an idea imported from superconductivity."
sakurai,1995,Georgi,REPRESENT,REPRESENT,L3|L4,MERGE/SPLIT CONCEPTS,excessive complexity,high,A,STEP,,b02_kavli_sakurai,Grand unification merges strong and electroweak into one gauge structure.
sakurai,1996,Bardeen,REPRESENT,REPRESENT,L1,REINTERPRET,internal inconsistency,high,A,STEP,,b02_kavli_sakurai,The axial anomaly given structural meaning rather than treated as a calculational nuisance.
sakurai,1997,Appelquist,REPRESENT,REPRESENT,L2,CHANGE SCALE|STRIP DETAILS,excessive complexity,high,A,STEP,,b02_kavli_sakurai,Decoupling of heavy particles licenses discarding high-mass degrees of freedom — the basis of effective theory.
sakurai,1998,Susskind,REPRESENT,REPRESENT,L2|L4,REIFY|CHANGE SCALE,unexplained structure,high,A,STEP,,b02_kavli_sakurai,"Hadronic strings, lattice gauge theory and dynamical symmetry breaking — several reformulations of QCD."
sakurai,1999,Shifman; Vainshtein; Zakharov,REPRESENT,REPRESENT,L0|L2,FIND INVARIANT/SYMMETRY,failure of current method,high,A,STEP,,b02_kavli_sakurai,Non-perturbative QCD via sum rules and analyticity where perturbation theory fails.
sakurai,2000,Callan,REPRESENT,REPRESENT,L2,CHANGE SCALE,unexplained structure,high,A,STEP,,b02_kavli_sakurai,"Classic formulation of the renormalization group; the nearest thing in the corpus to an L5 candidate, still cited as a formulation."
sakurai,2001,Isgur; Voloshin; Wise,REPRESENT,REPRESENT,L2,CHANGE SCALE|FIND INVARIANT/SYMMETRY,excessive complexity,high,A,STEP,,b02_kavli_sakurai,The heavy-quark expansion reveals a symmetry invisible in the full theory.
sakurai,2002,Sirlin; Marciano,TRACTABLE,TRACTABLE,,MAKE-COMPUTABLE,unsolved case,high,A,STEP,C0,b02_kavli_sakurai,Radiative corrections computed to the precision that makes electroweak tests possible.
sakurai,2003,Mueller; Sterman,REPRESENT,REPRESENT,L2,CHANGE SCALE|MAKE-COMPUTABLE,failure of current method,high,A,STEP,,b02_kavli_sakurai,Infrared safety and factorisation separate scales so that QCD predictions become computable.
sakurai,2004,Bigi; Sanda,REPRESENT,REPRESENT,L0,,unsolved case,high,A,STEP,,b02_kavli_sakurai,Theoretical groundwork pointing to CP violation in B decays.
sakurai,2005,Okubo,REPRESENT,REPRESENT,L2,FIND INVARIANT/SYMMETRY|CLASSIFY/ENUMERATE,unexplained structure,high,A,STEP,,b02_kavli_sakurai,"Hadron masses and decay rates organised by symmetry, giving clues to the quark model."
sakurai,2006,Dimopoulos,REPRESENT,REPRESENT,L4,ADD/REMOVE LATENT OBJECT|CHANGE ALGEBRA/GEOMETRY/DIMENSION,internal inconsistency,high,A,STEP,,b02_kavli_sakurai,Supersymmetry and extra spatial dimensions add new object and space types at the TeV scale.
sakurai,2007,Brodsky,REPRESENT,REPRESENT,L0|L2,,unsolved case,med,B,STEP,,b02_kavli_sakurai,Perturbative QFT applied to hard exclusive processes.
sakurai,2008,Smirnov; Mikheyev,REPRESENT,REPRESENT,L2,ENLARGE SYSTEM,empirical anomaly,high,A,STEP,,b02_kavli_sakurai,MSW: include the solar medium in the system and the neutrino deficit resolves.
sakurai,2009,Soper; Collins; Ellis,REPRESENT,REPRESENT,L2,MAKE-COMPUTABLE|CHANGE SCALE,failure of current method,high,A,STEP,,b02_kavli_sakurai,Perturbative QCD made usable for interpreting collider data.
sakurai,2010,Guralnik; Hagen; Kibble; et al,REPRESENT,REPRESENT,L2|L4,MAP/TRANSFER|ADD/REMOVE LATENT OBJECT,internal inconsistency,high,A,STEP,,b02_kavli_sakurai,Spontaneous symmetry breaking in gauge theory generates vector boson masses consistently.
sakurai,2011,Quigg; Eichten; Hinchliffe; Lane,REACH,REACH,,,new capability,high,A,STEP,R2,b02_kavli_sakurai,Charting how to explore TeV physics with colliders — the contribution is experimental strategy.
sakurai,2012,Altarelli; Sjostrand; Webber,TRACTABLE,TRACTABLE,,MAKE-COMPUTABLE,intractability,high,A,STEP,C3,b02_kavli_sakurai,Parton evolution and event generators turn theory into simulable predictions for experiments.
sakurai,2013,Quinn; Peccei,REPRESENT,REPRESENT,L4,ADD/REMOVE LATENT OBJECT|FIND INVARIANT/SYMMETRY,internal inconsistency,high,A,STEP,,b02_kavli_sakurai,"A new symmetry postulated to solve strong CP, entailing a new particle (the axion)."
sakurai,2014,Bern; Dixon; Kosower,REPRESENT,REPRESENT,L2,MAKE-COMPUTABLE|CHANGE WHAT IS MEASURED,failure of current method,high,A,STEP,,b02_kavli_sakurai,Amplitudes computed from unitarity rather than Feynman diagrams — a different representation of the same physics.
sakurai,2015,Zweig,REPRESENT,REPRESENT,L4,ADD/REMOVE LATENT OBJECT,unexplained structure,high,A,STEP,,b02_kavli_sakurai,Hadrons resolved into fractionally charged constituents — a new fundamental object type.
sakurai,2016,Lepage,REPRESENT,REPRESENT,L2,CHANGE SCALE|STRIP DETAILS,excessive complexity,high,A,STEP,,b02_kavli_sakurai,Nonrelativistic effective field theories keep only the degrees of freedom that matter at the relevant scale.
sakurai,2017,Kane; Haber; Gunion; Dawson,REPRESENT,REPRESENT,L0,,unsolved case,high,A,STEP,,b02_kavli_sakurai,"Properties, reactions and signatures of the Higgs worked out inside the existing model."
sakurai,2018,Nelson; Dine,REPRESENT,REPRESENT,L4,ADD/REMOVE LATENT OBJECT,internal inconsistency,high,A,STEP,,b02_kavli_sakurai,Dynamical supersymmetry breaking and other beyond-Standard-Model structures.
sakurai,2019,Randall; Sundrum,REPRESENT,REPRESENT,L4,CHANGE ALGEBRA/GEOMETRY/DIMENSION|ENLARGE SYSTEM,internal inconsistency,high,A,STEP,,b02_kavli_sakurai,"A warped extra dimension dissolves the hierarchy puzzle — change the space, not the fields."
sakurai,2020,Sikivie,REACH,REACH,,,new capability,high,A,STEP,R2,b02_kavli_sakurai,Devising methods to detect the axion: making an invisible posit observable.
sakurai,2021,Barger,REACH,REACH,,,new capability,high,A,STEP,R2,b02_kavli_sakurai,Strategies to test theoretical ideas at colliders.
sakurai,2022,Arkani-Hamed,REPRESENT,REPRESENT,L4|L2,ADD/REMOVE LATENT OBJECT|CHANGE ALGEBRA/GEOMETRY/DIMENSION,internal inconsistency,high,A,STEP,,b02_kavli_sakurai,"""Transformative new frameworks"" — large extra dimensions, little Higgs: new structures for the hierarchy problem."
sakurai,2023,Leutwyler,REPRESENT,REPRESENT,L2|L4,CHANGE SCALE,excessive complexity,high,A,STEP,,b02_kavli_sakurai,Chiral effective field theory for low-energy pions; the gluon assigned to the colour octet.
sakurai,2024,Buras,TRACTABLE,TRACTABLE,,MAKE-COMPUTABLE,unsolved case,high,A,STEP,C0,b02_kavli_sakurai,Higher-order QCD corrections to electroweak transitions — a computational contribution.
sakurai,2025,Jenkins; Manohar,REPRESENT,REPRESENT,L2,CHANGE SCALE|ABSTRACT/IDEALIZE,failure of current method,high,A,STEP,,b02_kavli_sakurai,Large-N expansion for baryons and renormalization-group equations for the effective theory.
sakurai,2026,Donoghue,REPRESENT,REPRESENT,L1|L2,REINTERPRET|CHANGE SCALE,internal inconsistency,high,A,STEP,,b02_kavli_sakurai,"Gravity reinterpreted as an effective quantum field theory — same equations, different status."
shaw,2004,Chern,REPRESENT,REPRESENT,L2|L4,GEOMETRIZE|FIND INVARIANT/SYMMETRY,unexplained structure,high,A,STEP,,b06_bfp_shaw,Global differential geometry initiated; characteristic classes as invariants.
shaw,2004,Cohen; Boyer,REACH,REACH,,,new capability,high,A,STEP,R3,b06_bfp_shaw,DNA cloning made genetic material manipulable.
shaw,2004,Doll,RECORD,RECORD,,,observational opportunity,high,A,STEP,E1,b06_bfp_shaw,Cancer epidemiology established causal links from population data.
shaw,2004,Kan,RECORD,RECORD,,,observational opportunity,high,A,STEP,E1,b06_bfp_shaw,DNA polymorphism and its consequences for human genetics.
shaw,2004,Peebles,REPRESENT,REPRESENT,L2,CHANGE SCALE|PROBABILIZE,unexplained structure,high,A,STEP,,b06_bfp_shaw,Foundations of physical cosmology as a quantitative statistical subject.
shaw,2005,Berridge,RECORD,RECORD,,,observational opportunity,high,A,STEP,E2,b06_bfp_shaw,Calcium signalling identified as a regulatory mechanism.
shaw,2005,Marcy; Mayor,RECORD,RECORD,,,observational opportunity,high,A,STEP,E2,b06_bfp_shaw,First planets around other stars found and characterised.
shaw,2005,Wiles,REPRESENT,REPRESENT,L3|L0,BUILD TRANSLATION MAP,unsolved case,high,A,STEP,,b06_bfp_shaw,Fermat proved through the modularity dictionary.
shaw,2006,Mumford; Wu,REPRESENT,REPRESENT,L3,MAP/TRANSFER|MAKE-COMPUTABLE,cross-domain analogy,high,A,STEP,,b06_bfp_shaw,Pattern theory brings mathematics to vision; Wu mechanises geometric theorem proving.
shaw,2006,Perlmutter; Riess; Schmidt,RECORD,RECORD,,,empirical anomaly,high,A,STEP,E3,b06_bfp_shaw,Accelerating cosmic expansion discovered.
shaw,2006,Xiaodong Wang,RECORD,RECORD,,,observational opportunity,high,A,STEP,E1,b06_bfp_shaw,Biochemical basis of programmed cell death.
shaw,2007,Goldreich,REPRESENT,REPRESENT,L2,,unexplained structure,med,B,CAREER,,b06_bfp_shaw,Lifetime achievements in theoretical astrophysics and planetary science.
shaw,2007,Langlands; Taylor,REPRESENT,REPRESENT,L3,BUILD TRANSLATION MAP,surprising equivalence,high,A,STEP,,b06_bfp_shaw,"A unifying vision ""connecting prime numbers with symmetry""."
shaw,2007,Lefkowitz,RECORD,RECORD,,,observational opportunity,high,A,STEP,E1,b06_bfp_shaw,The receptor system mediating cellular response to drugs and hormones.
shaw,2008,Arnold; Faddeev,REPRESENT,REPRESENT,L2,,unexplained structure,med,B,PROGRAMME,,b06_bfp_shaw,Wide contributions to mathematical physics.
shaw,2008,Campbell; Wilmut; Yamanaka,REACH,REACH,,,new capability,high,A,STEP,R3,b06_bfp_shaw,Cell differentiation reversed — a new experimental capability over cell state.
shaw,2008,Genzel,RECORD,RECORD,,,observational opportunity,high,A,STEP,E0,b06_bfp_shaw,A supermassive black hole demonstrated at the Galactic centre.
shaw,2009,Coleman; Friedman,RECORD,RECORD,,,observational opportunity,high,A,STEP,E2,b06_bfp_shaw,Leptin discovered as the hormone regulating food intake.
shaw,2009,Donaldson; Taubes,REPRESENT,REPRESENT,L3,MAP/TRANSFER,cross-domain analogy,high,A,STEP,,b06_bfp_shaw,Gauge-theoretic methods applied to three- and four-dimensional geometry.
shaw,2009,Shu,REPRESENT,REPRESENT,L2,,unexplained structure,med,B,STEP,,b06_bfp_shaw,Lifetime contributions to theoretical astronomy.
shaw,2010,Bennett; Page; Spergel,RECORD,RECORD,,,observational opportunity,high,A,STEP,E1,b06_bfp_shaw,WMAP fixed the cosmological parameters precisely.
shaw,2010,Bourgain,REPRESENT,REPRESENT,L0,,unsolved case,low,C,STEP,,b06_bfp_shaw,Analysis and its applications across several fields.
shaw,2010,Julius,RECORD,RECORD,,,observational opportunity,high,A,STEP,E1,b06_bfp_shaw,Molecular mechanisms of pain and temperature sensing.
shaw,2011,Christodoulou; Hamilton,REPRESENT,REPRESENT,L0|L2,,unsolved case,high,A,STEP,,b06_bfp_shaw,"Nonlinear PDE in Lorentzian and Riemannian geometry, applied to relativity."
shaw,2011,Costa; Fishman; Hurley,REACH,REACH,,,new capability,high,A,STEP,R2,b06_bfp_shaw,Space missions establishing the cosmological origin of gamma-ray bursts.
shaw,2011,Hoffmann; Medzhitov; Beutler,RECORD,RECORD,,,observational opportunity,high,A,STEP,E1,b06_bfp_shaw,Molecular mechanism of innate immunity.
shaw,2012,Hartl; Horwich,RECORD,RECORD,,,unexplained phenomenon,high,A,STEP,E3,b06_bfp_shaw,Chaperone-assisted protein folding established against the assumption of spontaneous folding.
shaw,2012,Jewitt; Luu,RECORD,RECORD,,,observational opportunity,high,A,STEP,E2,b06_bfp_shaw,Trans-Neptunian bodies discovered and characterised.
shaw,2012,Kontsevich,REPRESENT,REPRESENT,L3|L4,MAP/TRANSFER,cross-domain analogy,high,A,STEP,,b06_bfp_shaw,"Deformation quantization and motivic integration bridge algebra, geometry and physics."
shaw,2013,Balbus; Hawley,REPRESENT,REPRESENT,L1|L2,REINTERPRET,unexplained phenomenon,high,A,STEP,,b06_bfp_shaw,Accretion-disc turbulence explained by a magnetic instability rather than hydrodynamics.
shaw,2013,Donoho,REPRESENT,REPRESENT,L2,CHANGE WHAT IS MEASURED|MAKE-COMPUTABLE,failure of current variables,high,A,STEP,,b06_bfp_shaw,Sparsity as the right prior; estimation recast so that far fewer measurements suffice.
shaw,2013,Hall; Rosbash; Young,RECORD,RECORD,,,observational opportunity,high,A,STEP,E1,b06_bfp_shaw,Molecular mechanisms of circadian rhythms.
shaw,2014,Eisenstein; Cole; Peacock,RECORD,RECORD,,,observational opportunity,high,A,STEP,E1,b06_bfp_shaw,Large-scale structure features measured to constrain cosmology.
shaw,2014,Lusztig,REPRESENT,REPRESENT,L3,MAP/TRANSFER,cross-domain analogy,high,A,STEP,,b06_bfp_shaw,"Algebra, algebraic geometry and representation theory woven into one another."
shaw,2014,Mori; Walter,RECORD,RECORD,,,observational opportunity,high,A,STEP,E2,b06_bfp_shaw,The unfolded protein response discovered.
shaw,2015,Bassler; Greenberg,RECORD,RECORD,,,unexplained phenomenon,high,A,STEP,E0,b06_bfp_shaw,Quorum sensing: bacteria shown to communicate.
shaw,2015,Borucki,REACH,REACH,,,new capability,high,A,STEP,R2,b06_bfp_shaw,The Kepler mission conceived and led.
shaw,2015,Faltings; Iwaniec,REPRESENT,REPRESENT,L2|L0,,unsolved case,high,A,STEP,,b06_bfp_shaw,Fundamental tools in number theory introduced and applied.
shaw,2016,Bird; Zoghbi,RECORD,RECORD,,,observational opportunity,high,A,STEP,E2,b06_bfp_shaw,Proteins that read DNA methylation identified.
shaw,2016,Drever; Thorne; Weiss,REACH,REACH,,,new capability,high,A,STEP,R2,b06_bfp_shaw,LIGO conceived and designed.
shaw,2016,Hitchin,REPRESENT,REPRESENT,L4|L3,ADD/REMOVE LATENT OBJECT|MAP/TRANSFER,unexplained structure,high,A,STEP,,b06_bfp_shaw,"Higgs bundles and related objects link geometry, representation theory and physics."
shaw,2017,Gibbons; Vale,RECORD,RECORD,,,observational opportunity,high,A,STEP,E2,b06_bfp_shaw,Microtubule motor proteins discovered.
shaw,2017,Kollar; Voisin,REPRESENT,REPRESENT,L0|L2,,unsolved case,high,A,STEP,,b06_bfp_shaw,Central results across algebraic geometry.
shaw,2017,White,TRACTABLE,TRACTABLE,L2,MAKE-COMPUTABLE,intractability,high,A,STEP,C3,b06_bfp_shaw,Numerical simulation made structure formation a quantitative subject.
shaw,2018,Caffarelli,REPRESENT,REPRESENT,L0,RIGORIZE,unsolved case,high,A,STEP,,b06_bfp_shaw,Regularity theory for nonlinear equations including free boundaries.
shaw,2018,King,RECORD,RECORD,L2,MAKE-COMPUTABLE,unexplained phenomenon,high,A,STEP,E1,b06_bfp_shaw,"Mathematical modelling predicted a single-gene cause of breast cancer, then it was mapped."
shaw,2018,Puget,RECORD,RECORD,,,observational opportunity,high,A,STEP,E1,b06_bfp_shaw,Cosmic far-infrared background detected.
shaw,2019,Jasin,RECORD,RECORD,,,observational opportunity,high,A,STEP,E0,b06_bfp_shaw,Double-strand breaks shown to stimulate recombination — the basis of genome editing.
shaw,2019,Stone,REACH,REACH,,,new capability,high,A,STEP,R2,b06_bfp_shaw,Voyager leadership opened the outer solar system to measurement.
shaw,2019,Talagrand,REPRESENT,REPRESENT,L2,ABSTRACT/IDEALIZE|RIGORIZE,unexplained structure,high,A,STEP,,b06_bfp_shaw,Concentration inequalities as an organising principle; spin-glass results made rigorous.
shaw,2020,Beilinson; Kazhdan,REPRESENT,REPRESENT,L3|L2,MAP/TRANSFER,cross-domain analogy,high,A,STEP,,b06_bfp_shaw,Representation theory connected to geometry and arithmetic.
shaw,2020,Blandford,REPRESENT,REPRESENT,L2,CHANGE SCALE,unexplained phenomenon,high,A,STEP,,b06_bfp_shaw,Mechanisms powering active galactic nuclei and relativistic jets.
shaw,2020,Miesenboeck; Hegemann; Deisseroth,REACH,REACH,,,new capability,high,A,STEP,R3,b06_bfp_shaw,Optogenetics gives control of neural activity by light.
shaw,2021,Bismut; Cheeger,REPRESENT,REPRESENT,L2,FIND INVARIANT/SYMMETRY,unexplained structure,high,A,STEP,,b06_bfp_shaw,Index theory and geometric invariants transformed modern geometry.
shaw,2021,Emr,RECORD,RECORD,,,observational opportunity,high,A,STEP,E2,b06_bfp_shaw,The ESCRT pathway discovered.
shaw,2021,Kaspi; Kouveliotou,RECORD,RECORD,,,observational opportunity,high,A,STEP,E1,b06_bfp_shaw,Magnetars established as a class of neutron star.
shaw,2022,Alon; Hrushovski,REPRESENT,REPRESENT,L3,MAP/TRANSFER,cross-domain analogy,high,A,STEP,,b06_bfp_shaw,Model theory and discrete mathematics brought into contact with geometry and topology.
shaw,2022,Lindegren; Perryman,REACH,REACH,,,new capability,high,A,CAREER,R2,b06_bfp_shaw,"Space astrometry conceived and designed (Hipparcos, Gaia)."
shaw,2022,Negulescu; Welsh,RECORD,RECORD,,,observational opportunity,high,A,STEP,E2,b06_bfp_shaw,"Molecular defects underlying cystic fibrosis identified, enabling targeted therapy."
shaw,2023,Bailes; Lorimer; et al,RECORD,RECORD,,,observational opportunity,high,A,STEP,E2,b06_bfp_shaw,Fast radio bursts discovered.
shaw,2023,Cramer; Nogales,REACH,REACH,,,new capability,high,A,STEP,R2,b06_bfp_shaw,Structural biology visualising gene-expression machines atom by atom.
shaw,2023,Drinfeld; Yau,REPRESENT,REPRESENT,L4|L3,ADD/REMOVE LATENT OBJECT|MAP/TRANSFER,cross-domain analogy,high,A,STEP,,b06_bfp_shaw,Quantum groups and Calabi-Yau geometry linking mathematics and physics.
shaw,2024,Kulkarni,RECORD,RECORD,,,observational opportunity,high,A,STEP,E2,b06_bfp_shaw,"Millisecond pulsars, gamma-ray bursts and transients discovered."
shaw,2024,Orkin; Thein,RECORD,RECORD,,,observational opportunity,high,A,STEP,E2,b06_bfp_shaw,The fetal-to-adult haemoglobin switch mechanism identified.
shaw,2024,Sarnak,REPRESENT,REPRESENT,L3,MAP/TRANSFER,cross-domain analogy,high,A,STEP,,b06_bfp_shaw,"Thin groups and the affine sieve bring number theory, analysis and combinatorics together."
shaw,2025,Baumeister,REACH,REACH,,,new capability,high,A,STEP,R1,b06_bfp_shaw,Cryo-electron tomography developed for in-situ three-dimensional imaging.
shaw,2025,Bond; Efstathiou,REPRESENT,REPRESENT,L2,PROBABILIZE|CHANGE SCALE,unexplained structure,high,A,STEP,,b06_bfp_shaw,CMB fluctuations turned into predictive statistics of cosmological parameters.
shaw,2025,Fukaya,REPRESENT,REPRESENT,L4,ADD/REMOVE LATENT OBJECT,unexplained structure,high,A,STEP,,b06_bfp_shaw,The Fukaya category envisioned as the object organising symplectic geometry.
shaw,2026,Candes; De Lellis,REPRESENT,REPRESENT,L2|L3,RIGORIZE|MAP/TRANSFER,unsolved case,high,A,STEP,,b06_bfp_shaw,Deep analysis brought to bear rigorously on applied problems.
shaw,2026,Dejean; de The; et al,RECORD,RECORD,,,observational opportunity,high,A,STEP,E1,b06_bfp_shaw,Molecular basis of acute promyelocytic leukaemia and a synergistic targeted therapy.
shaw,2026,Nomoto; Woosley,REPRESENT,REPRESENT,L3,MAP/TRANSFER|CHANGE EXPLANATORY LEVEL,cross-domain analogy,high,A,STEP,,b06_bfp_shaw,Stellar explosions explained as the nucleosynthetic origin of the elements.
templeton,1973,Mother Teresa,OUT-OF-SCOPE,OUT-OF-SCOPE,,,not a discovery prize,high,A,STEP,,b12_templeton,Humanitarian work with the destitute; no research contribution cited.
templeton,1974,Brother Roger,OUT-OF-SCOPE,OUT-OF-SCOPE,,,not a discovery prize,high,A,STEP,,b12_templeton,Founding of the Taize community and orphan relief.
templeton,1975,Sarvepalli Radhakrishnan,OUT-OF-SCOPE,OUT-OF-SCOPE,,,not a discovery prize,high,A,STEP,,b12_templeton,Philosophy of religion and advocacy of non-aggression.
templeton,1976,Leo Joseph Suenens,OUT-OF-SCOPE,OUT-OF-SCOPE,,,not a discovery prize,high,A,STEP,,b12_templeton,Leadership of the Charismatic Renewal movement.
templeton,1977,Chiara Lubich,OUT-OF-SCOPE,OUT-OF-SCOPE,,,not a discovery prize,high,A,STEP,,b12_templeton,Founding of the Focolare movement.
templeton,1978,Thomas F. Torrance,OUT-OF-SCOPE,OUT-OF-SCOPE,,,not a discovery prize,high,A,STEP,,b12_templeton,Theology addressed to scientists; no research contribution cited.
templeton,1979,Nikkyō Niwano,OUT-OF-SCOPE,OUT-OF-SCOPE,,,not a discovery prize,high,A,STEP,,b12_templeton,Co-founding of a Buddhist lay movement.
templeton,1980,Ralph Wendell Burhoe,ORGANIZE,ORGANIZE,,FOUND|CONVENE,field or community does not exist yet,high,A,STEP,O2,b12_templeton,"Founded Zygon and, with it, the research field of science-and-religion: a journal and a community where neither existed."
templeton,1981,Cicely Saunders,ARTIFACT,ARTIFACT,,COMPOSE|STANDARDIZE,not a discovery prize,high,A,STEP,A3,b12_templeton,"The hospice and palliative-care movement is a new class of clinical practice, built and then propagated — an artefact in the practice sense, which v3 should have caught."
templeton,1982,Billy Graham,OUT-OF-SCOPE,OUT-OF-SCOPE,,,not a discovery prize,high,A,STEP,,b12_templeton,Evangelism via broadcast media.
templeton,1983,Aleksandr Solzhenitsyn,OUT-OF-SCOPE,OUT-OF-SCOPE,,,not a discovery prize,high,A,STEP,,b12_templeton,Literature and dissent under Soviet repression.
templeton,1984,Michael Bourdeaux,ORGANIZE,ORGANIZE,,FOUND|CURATE,field or community does not exist yet,high,A,STEP,O1,b12_templeton,Founded Keston College to document the suppression of religion in the Eastern bloc — a research institute and an archive built where there was no record.
templeton,1985,Sir Alister Hardy,RECORD,RECORD,,SURVEY,observational opportunity,med,B,CAREER,E2,b12_templeton,"Systematic empirical collection of first-hand accounts of religious experience -- a new body of record, gathered by survey, in a domain that had none."
templeton,1986,James I. McCord,ORGANIZE,ORGANIZE,,FOUND|CONVENE,field or community does not exist yet,med,B,STEP,O1,b12_templeton,Built and led the Center for Theological Inquiry as a standing venue for science-and-religion scholarship.
templeton,1987,Stanley Jaki,OUT-OF-SCOPE,OUT-OF-SCOPE,,,not a discovery prize,high,A,STEP,,b12_templeton,History and philosophy of science and theology.
templeton,1988,Inamullah Khan,OUT-OF-SCOPE,OUT-OF-SCOPE,,,not a discovery prize,high,A,STEP,,b12_templeton,Interfaith peace advocacy.
templeton,1989,Carl Friedrich Freiherr von Weizsäcker,OUT-OF-SCOPE,OUT-OF-SCOPE,,,not a discovery prize,high,A,STEP,,b12_templeton,"Cited for the reconciliation of religion and natural science; the nuclear-physics discoveries are given as background, not as the reason."
templeton,1989,George MacLeod,OUT-OF-SCOPE,OUT-OF-SCOPE,,,not a discovery prize,high,A,STEP,,b12_templeton,Founding of the Iona monastic community.
templeton,1990,Baba Amte,OUT-OF-SCOPE,OUT-OF-SCOPE,,,not a discovery prize,high,A,STEP,,b12_templeton,Communities for people with leprosy.
templeton,1990,Charles Birch,OUT-OF-SCOPE,OUT-OF-SCOPE,,,not a discovery prize,high,A,STEP,,b12_templeton,Reflection on science and faith; no specific research result cited.
templeton,1991,"Immanuel Jakobovits, Baron Jakobovits",OUT-OF-SCOPE,OUT-OF-SCOPE,,,not a discovery prize,high,A,STEP,,b12_templeton,Jewish medical ethics and religious leadership.
templeton,1992,Kyung-Chik Han,OUT-OF-SCOPE,OUT-OF-SCOPE,,,not a discovery prize,high,A,STEP,,b12_templeton,Church founding and refugee relief.
templeton,1993,Charles Colson,OUT-OF-SCOPE,OUT-OF-SCOPE,,,not a discovery prize,high,A,STEP,,b12_templeton,Prison ministry.
templeton,1994,Michael Novak,OUT-OF-SCOPE,OUT-OF-SCOPE,,,not a discovery prize,high,A,STEP,,b12_templeton,Political philosophy and theology of economics.
templeton,1995,Paul Davies,ORGANIZE,ORGANIZE,,TRANSLATE-OUT,field or community does not exist yet,med,B,STEP,O0,b12_templeton,Sustained transmission of cosmology and fundamental physics to a general readership.
templeton,1996,Bill Bright,OUT-OF-SCOPE,OUT-OF-SCOPE,,,not a discovery prize,high,A,STEP,,b12_templeton,Evangelism.
templeton,1997,Pandurang Shastri Athavale,OUT-OF-SCOPE,OUT-OF-SCOPE,,,not a discovery prize,high,A,STEP,,b12_templeton,Devotional village movement in India.
templeton,1998,Sir Sigmund Sternberg,OUT-OF-SCOPE,OUT-OF-SCOPE,,,not a discovery prize,high,A,CAREER,,b12_templeton,Interfaith diplomacy.
templeton,1999,Ian Barbour,ORGANIZE,ORGANIZE,,FOUND|LEGITIMATE,field or community does not exist yet,high,A,STEP,O2,b12_templeton,"Cited as a pioneer of the integration of science and religion whose work ""expanded the field"" — the field itself is the contribution."
templeton,2000,Freeman Dyson,REPRESENT,REPRESENT,L3,BUILD TRANSLATION MAP|DUALIZE,surprising equivalence,high,A,STEP,,b12_templeton,"The citation names the unification of the Feynman, Schwinger and Tomonaga formulations of QED -- showing three apparently different languages describe the same theory."
templeton,2001,Arthur Peacocke,RECORD,RECORD,,RESOLVE-STRUCTURE,new capability,low,C,STEP,E1,b12_templeton,"""Pioneering early research into the physical chemistry of DNA"" is named but not localised; the prize itself is for the priest-scientist vocation."
templeton,2002,John Polkinghorne,ORGANIZE,ORGANIZE,,LEGITIMATE,field or community does not exist yet,med,B,STEP,O2,b12_templeton,Treating theology as a natural science made a class of question askable inside a discipline that had excluded it.
templeton,2003,Holmes Rolston III,ORGANIZE,ORGANIZE,,FOUND|LEGITIMATE,field or community does not exist yet,high,A,STEP,O2,b12_templeton,"Cited as having ""helped to establish the field of environmental ethics""."
templeton,2004,George F. R. Ellis,REPRESENT,REPRESENT,L0|L2,,important unsolved case,low,C,PROGRAMME,,b12_templeton,"Whether the universe had a beginning, one universe or many, the growth of complexity -- named as topics investigated, with no single move localisable."
templeton,2005,Charles Hard Townes,ARTIFACT,ARTIFACT,,AMPLIFY|COMPOSE,new capability,high,A,STEP,A3,b12_templeton,The maser and the co-invention of the laser: a new class of device built from stimulated emission.
templeton,2006,John D. Barrow,ORGANIZE,ORGANIZE,,TRANSLATE-OUT,field or community does not exist yet,med,B,STEP,O0,b12_templeton,Writing that carried the limits of scientific inquiry to a wide audience and set questions for other disciplines.
templeton,2007,Charles Taylor,OUT-OF-SCOPE,OUT-OF-SCOPE,,,not a discovery prize,high,A,STEP,,b12_templeton,Philosophy of secularity.
templeton,2008,Michał Heller,REPRESENT,REPRESENT,L2|L4,CHANGE ALGEBRA/GEOMETRY/DIMENSION,foundational dispute,med,B,STEP,,b12_templeton,"""Strikingly original concepts on the origin and cause of the universe"" -- a noncommutative-geometry reformulation of the initial-singularity problem."
templeton,2009,Bernard d'Espagnat,REPRESENT,REPRESENT,L1,REINTERPRET,foundational dispute,med,B,STEP,,b12_templeton,"Reinterpretation of what quantum mechanics says exists (""veiled reality""), together with a role in developing the experiments testing Bell inequalities."
templeton,2010,Francisco J. Ayala,ORGANIZE,ORGANIZE,,LEGITIMATE,field or community does not exist yet,med,B,STEP,O3,b12_templeton,"Cited for policing the boundary of science against religious intrusion — a move on what the community counts as legitimate work, not on any theory."
templeton,2011,Martin Rees,REPRESENT,REPRESENT,L0|L2,,important unsolved case,low,C,PROGRAMME,,b12_templeton,"Decades of work on the big bang, black holes, the cosmic dark age and gamma-ray bursts -- a body of work, with no single move localisable."
templeton,2012,"14th Dalai Lama, Tenzin Gyatso",OUT-OF-SCOPE,OUT-OF-SCOPE,,,not a discovery prize,high,A,STEP,,b12_templeton,Religious leadership and dialogue with science.
templeton,2013,Desmond Tutu,OUT-OF-SCOPE,OUT-OF-SCOPE,,,not a discovery prize,high,A,STEP,,b12_templeton,Moral and religious leadership.
templeton,2014,Tomáš Halík,OUT-OF-SCOPE,OUT-OF-SCOPE,,,not a discovery prize,high,A,STEP,,b12_templeton,Advocacy of religious and cultural freedom.
templeton,2015,Jean Vanier,OUT-OF-SCOPE,OUT-OF-SCOPE,,,not a discovery prize,high,A,STEP,,b12_templeton,Founding of the L Arche communities.
templeton,2016,Jonathan Sacks,OUT-OF-SCOPE,OUT-OF-SCOPE,,,not a discovery prize,high,A,STEP,,b12_templeton,Religious thought in public life.
templeton,2017,Alvin Plantinga,OUT-OF-SCOPE,OUT-OF-SCOPE,,,not a discovery prize,high,A,STEP,,b12_templeton,Philosophy of religion.
templeton,2018,Abdullah II of Jordan,OUT-OF-SCOPE,OUT-OF-SCOPE,,,not a discovery prize,high,A,STEP,,b12_templeton,Interfaith and intra-Islamic diplomacy.
templeton,2019,Marcelo Gleiser,ORGANIZE,ORGANIZE,,TRANSLATE-OUT,field or community does not exist yet,med,B,STEP,O0,b12_templeton,"Sustained public argument that science, philosophy and spirituality are complementary — transmission, not discovery."
templeton,2020,Francis Collins,REACH,REACH,,SCAN/RASTER|ACCUMULATE,technological need,high,A,STEP,R2,b12_templeton,"Leadership of the Human Genome Project to completion: the reference sequence made the whole genome readable, which is a reach move, not a theory move."
templeton,2021,Jane Goodall,RECORD,RECORD,,TRACE|SURVEY,observational opportunity,high,A,STEP,E2,b12_templeton,Long-term field study of chimpanzee society; the cited discoveries changed what behaviours were known to be non-human.
templeton,2022,Frank Wilczek,REPRESENT,REPRESENT,L2|L4,CHANGE SCALE|ADD/REMOVE LATENT OBJECT,unexplained phenomenon,high,A,STEP,,b12_templeton,"The citation names the theory of one of the four forces (asymptotic freedom, a scale-dependent coupling) and a leading dark-matter candidate (the axion)."
templeton,2023,Edna Adan Ismail,ORGANIZE,ORGANIZE,,FOUND|LEGITIMATE,field or community does not exist yet,med,B,STEP,O3,b12_templeton,Founded a hospital and changed the medical and cultural norms governing women’s health care in the region.
templeton,2024,Pumla Gobodo-Madikizela,RECORD,RECORD,,TRACE|COMPARE-ACROSS,observational opportunity,med,B,STEP,E1,b12_templeton,"Empirical study of the mechanisms of trauma and forgiveness after apartheid, generalised into a model of social repair."
templeton,2025,Bartholomew I of Constantinople,OUT-OF-SCOPE,OUT-OF-SCOPE,,,not a discovery prize,high,A,STEP,,b12_templeton,Religious leadership on the environment.
templeton,2026,Simon Conway Morris,RECORD,RECORD,L2,RESOLVE-STRUCTURE|COMPARE-ACROSS,unexplained structure,high,A,STEP,E1,b12_templeton,"Burgess Shale fauna reanalysed, and evolutionary convergence articulated and evidenced as a general pattern -- a fact base plus an organising concept for it."
turing,1966,Perlis,ARTIFACT,ARTIFACT,,,technological need,high,A,STEP,A1,b05_turing_fields,Programming techniques and compiler construction — built systems.
turing,1967,Wilkes,ARTIFACT,ARTIFACT,,,technological need,high,A,STEP,A1,b05_turing_fields,EDSAC built; program libraries introduced.
turing,1968,Hamming,REPRESENT,REPRESENT,L2,CHANGE ALGEBRA/GEOMETRY/DIMENSION|FIND INVARIANT/SYMMETRY,internal inconsistency,high,A,STEP,,b05_turing_fields,Error-correcting codes recast messages as points in a metric space where distance carries reliability.
turing,1969,Minsky,REPRESENT,REPRESENT,L2,,cross-domain analogy,med,B,STEP,,b05_turing_fields,Creating and shaping AI as a field; no single move localisable.
turing,1970,Wilkinson,TRACTABLE,TRACTABLE,L1,MAKE-COMPUTABLE|REINTERPRET,intractability,high,A,STEP,C0,b05_turing_fields,Numerical analysis for real machines; backward error analysis reinterprets rounding as perturbed input.
turing,1971,McCarthy,REPRESENT,REPRESENT,L4,ADD/REMOVE LATENT OBJECT,cross-domain analogy,med,B,STEP,,b05_turing_fields,Symbolic expressions as first-class computational objects; formalising commonsense reasoning.
turing,1972,Dijkstra,REPRESENT,REPRESENT,L2,CHANGE EXPLANATORY LEVEL|ABSTRACT/IDEALIZE,excessive complexity,high,A,STEP,,b05_turing_fields,"Programs treated as mathematical objects to be reasoned about, not artefacts to be debugged."
turing,1973,Bachman,ARTIFACT,ARTIFACT,,,technological need,high,A,STEP,A1,b05_turing_fields,Database technology built.
turing,1974,Knuth,REPRESENT,REPRESENT,L2,ABSTRACT/IDEALIZE|CHANGE WHAT IS MEASURED,excessive complexity,high,A,STEP,,b05_turing_fields,Algorithms analysed by asymptotic resource cost — a machine-independent measure.
turing,1975,Newell; Simon,REPRESENT,REPRESENT,L3,MAP/TRANSFER|CHANGE EXPLANATORY LEVEL,cross-domain analogy,high,A,STEP,,b05_turing_fields,Human cognition and machine computation described in one symbol-processing language.
turing,1976,Rabin; Scott,REPRESENT,REPRESENT,L4,ADD/REMOVE LATENT OBJECT,excessive complexity,high,A,STEP,,b05_turing_fields,Nondeterministic machines introduced as a legitimate object of study.
turing,1977,Backus,ARTIFACT,ARTIFACT,L2,ABSTRACT/IDEALIZE,excessive complexity,high,A,STEP,A1,b05_turing_fields,"FORTRAN as artefact, plus the high-level language as a layer above the machine."
turing,1978,Floyd,REPRESENT,REPRESENT,L2,CHANGE EXPLANATORY LEVEL,internal inconsistency,high,A,STEP,,b05_turing_fields,Program meaning expressed through assertions and invariants rather than execution traces.
turing,1979,Iverson,REPRESENT,REPRESENT,L2,CHANGE WHAT IS MEASURED|ABSTRACT/IDEALIZE,excessive complexity,high,A,STEP,,b05_turing_fields,APL treats notation itself as the instrument of thought — an explicit change of representational language.
turing,1980,Hoare,REPRESENT,REPRESENT,L2,CHANGE EXPLANATORY LEVEL,internal inconsistency,high,A,STEP,,b05_turing_fields,Axiomatic semantics and communicating processes as languages for describing programs.
turing,1981,Codd,REPRESENT,REPRESENT,L4|L2,ADD/REMOVE LATENT OBJECT|QUOTIENT/REMOVE REDUNDANCY,excessive complexity,high,A,STEP,,b05_turing_fields,The relational model replaces navigational structures; normalisation removes redundancy by construction.
turing,1982,Cook,REPRESENT,REPRESENT,L2,CLASSIFY/ENUMERATE,failure of classification,high,A,STEP,,b05_turing_fields,NP-completeness partitions problems by intrinsic difficulty — a new classification of the space of problems.
turing,1983,Ritchie; Thompson,ARTIFACT,ARTIFACT,,,technological need,high,A,STEP,A1,b05_turing_fields,UNIX implemented.
turing,1984,Wirth,ARTIFACT,ARTIFACT,,,technological need,high,A,STEP,A1,b05_turing_fields,A sequence of programming languages built.
turing,1985,Karp,TRACTABLE,TRACTABLE,L2,MAKE-COMPUTABLE|CLASSIFY/ENUMERATE,intractability,high,A,STEP,C1,b05_turing_fields,"Efficient combinatorial algorithms, and reductions that map problems onto one another."
turing,1986,Hopcroft; Tarjan,TRACTABLE,TRACTABLE,,MAKE-COMPUTABLE,intractability,high,A,STEP,C1,b05_turing_fields,Algorithms and data structures that make previously costly computations feasible.
turing,1987,Cocke,ARTIFACT,ARTIFACT,,,technological need,high,A,STEP,A0,b05_turing_fields,Compiler design and RISC architecture.
turing,1988,Sutherland,ARTIFACT,ARTIFACT,,,new capability,high,A,STEP,A1,b05_turing_fields,Sketchpad and interactive computer graphics.
turing,1989,Kahan,REPRESENT,REPRESENT,L2,ABSTRACT/IDEALIZE,internal inconsistency,high,A,STEP,,b05_turing_fields,"Floating-point given a specified, reasoned-about representation of approximate numbers."
turing,1990,Corbato,ARTIFACT,ARTIFACT,,,technological need,high,A,STEP,A1,b05_turing_fields,Time-sharing and resource-sharing systems built.
turing,1991,Milner,REPRESENT,REPRESENT,L4|L2,ADD/REMOVE LATENT OBJECT,excessive complexity,high,A,STEP,,b05_turing_fields,Type inference and process calculi supply new formal object types for programs and concurrency.
turing,1992,Lampson,ARTIFACT,ARTIFACT,,,technological need,high,A,STEP,A1,b05_turing_fields,Distributed personal computing environments built.
turing,1993,Hartmanis; Stearns,REPRESENT,REPRESENT,L2,CLASSIFY/ENUMERATE|CHANGE WHAT IS MEASURED,failure of classification,high,A,STEP,,b05_turing_fields,"Computation measured by resource bounds, founding complexity classes."
turing,1994,Feigenbaum; Reddy,ARTIFACT,ARTIFACT,,,technological need,high,A,STEP,A1,b05_turing_fields,Large-scale AI systems designed and built.
turing,1995,Blum,REPRESENT,REPRESENT,L2,ABSTRACT/IDEALIZE,unexplained structure,high,A,STEP,,b05_turing_fields,Complexity foundations extended to cryptography and program checking.
turing,1996,Pnueli,REPRESENT,REPRESENT,L3,MAP/TRANSFER,cross-domain analogy,high,A,STEP,,b05_turing_fields,Temporal logic imported from philosophy into computing to express program correctness over time.
turing,1997,Engelbart,ARTIFACT,ARTIFACT,,,new capability,high,A,STEP,A1,b05_turing_fields,Interactive computing technologies invented.
turing,1998,Gray,REPRESENT,REPRESENT,L2,ABSTRACT/IDEALIZE,internal inconsistency,high,A,STEP,,b05_turing_fields,The transaction as an atomic abstraction that hides concurrency and failure.
turing,1999,Brooks,ARTIFACT,ARTIFACT,,,technological need,high,A,STEP,A1,b05_turing_fields,"Computer architecture, operating systems and software engineering practice."
turing,2000,Yao,REPRESENT,REPRESENT,L2,CHANGE WHAT IS MEASURED|PROBABILIZE,unexplained structure,high,A,STEP,,b05_turing_fields,Pseudorandomness and communication complexity as measurable computational resources.
turing,2001,Dahl; Nygaard,REPRESENT,REPRESENT,L4,ADD/REMOVE LATENT OBJECT,excessive complexity,high,A,STEP,,b05_turing_fields,Objects introduced as the unit of program structure — a new entity type in the language.
turing,2002,Adleman; Rivest; Shamir,ARTIFACT,ARTIFACT,L4,,technological need,high,A,STEP,A1,b05_turing_fields,RSA makes asymmetric keys a practical artefact.
turing,2003,Kay,REPRESENT,REPRESENT,L2,ABSTRACT/IDEALIZE,excessive complexity,high,A,STEP,,b05_turing_fields,Object-oriented ideas and Smalltalk as a uniform representational metaphor.
turing,2004,Cerf; Kahn,ARTIFACT,ARTIFACT,,,technological need,high,A,STEP,A1,b05_turing_fields,TCP/IP designed and implemented.
turing,2005,Naur,REPRESENT,REPRESENT,L2,ABSTRACT/IDEALIZE,excessive complexity,high,A,STEP,,b05_turing_fields,ALGOL 60 defined via BNF — grammar as the representation of a language.
turing,2006,Allen,TRACTABLE,TRACTABLE,,MAKE-COMPUTABLE,intractability,high,A,STEP,C1,b05_turing_fields,Optimising compiler techniques.
turing,2007,Clarke; Emerson; Sifakis,TRACTABLE,TRACTABLE,L2,MAKE-COMPUTABLE,intractability,high,A,STEP,C1,b05_turing_fields,Model checking turns verification from proof obligation into automatic search.
turing,2008,Liskov,REPRESENT,REPRESENT,L2,ABSTRACT/IDEALIZE,excessive complexity,high,A,STEP,,b05_turing_fields,Data abstraction and behavioural subtyping as language-level structure.
turing,2009,Thacker,ARTIFACT,ARTIFACT,,,technological need,high,A,STEP,A1,b05_turing_fields,The Alto and local area networking built.
turing,2010,Valiant,REPRESENT,REPRESENT,L4|L2,ADD/REMOVE LATENT OBJECT|PROBABILIZE,failure of current variables,high,A,STEP,,b05_turing_fields,PAC learning makes learnability itself a formal object with a complexity.
turing,2011,Pearl,REPRESENT,REPRESENT,L4|L2,ADD/REMOVE LATENT OBJECT|CHANGE EXPLANATORY LEVEL,failure of current variables,high,A,STEP,,b05_turing_fields,"Causal graphs and the do-operator give causation its own calculus, distinct from correlation."
turing,2012,Goldwasser; Micali,REPRESENT,REPRESENT,L4,ADD/REMOVE LATENT OBJECT|PROBABILIZE,unexplained structure,high,A,STEP,,b05_turing_fields,Zero-knowledge and interactive proofs redefine what a proof is.
turing,2013,Lamport,REPRESENT,REPRESENT,L2|L4,REINTERPRET|ADD/REMOVE LATENT OBJECT,failure of current variables,high,A,STEP,,b05_turing_fields,Logical clocks replace physical time with a causal ordering — a new representation of time.
turing,2014,Stonebraker,ARTIFACT,ARTIFACT,,,technological need,high,A,STEP,A1,b05_turing_fields,Modern database systems built.
turing,2015,Diffie; Hellman,REPRESENT,REPRESENT,L4,ADD/REMOVE LATENT OBJECT,internal inconsistency,high,A,STEP,,b05_turing_fields,Asymmetric keys dissolve the assumption that secrecy requires a shared secret.
turing,2016,Berners-Lee,ARTIFACT,ARTIFACT,,,technological need,high,A,STEP,A1,b05_turing_fields,"The Web, browser and protocols built."
turing,2017,Hennessy; Patterson,REPRESENT,REPRESENT,L2,CHANGE WHAT IS MEASURED,excessive complexity,high,A,STEP,,b05_turing_fields,Architecture judged by quantitative measurement rather than designer intuition.
turing,2018,Bengio; Hinton; LeCun,REPRESENT,REPRESENT,L2,CHANGE WHAT IS MEASURED|ABSTRACT/IDEALIZE,failure of current variables,high,A,STEP,,b05_turing_fields,Representations learned from data replace hand-designed features — L itself becomes learned.
turing,2019,Catmull; Hanrahan,ARTIFACT,ARTIFACT,,,technological need,high,A,STEP,A1,b05_turing_fields,3D graphics and CGI pipelines built.
turing,2020,Aho; Ullman,TRACTABLE,TRACTABLE,,MAKE-COMPUTABLE,intractability,high,A,STEP,C1,b05_turing_fields,"Algorithms and theory of language implementation, synthesised into usable form."
turing,2021,Dongarra,TRACTABLE,TRACTABLE,,MAKE-COMPUTABLE,intractability,high,A,CAREER,C0,b05_turing_fields,Numerical libraries that keep software abreast of hardware.
turing,2022,Metcalfe,ARTIFACT,ARTIFACT,,,technological need,high,A,STEP,A1,b05_turing_fields,Ethernet invented and standardised.
turing,2023,Wigderson,REPRESENT,REPRESENT,L2,PROBABILIZE|CHANGE WHAT IS MEASURED,unexplained structure,high,A,STEP,,b05_turing_fields,Randomness reconceived as a computational resource that can often be removed.
turing,2024,Barto; Sutton,REPRESENT,REPRESENT,L2|L4,ADD/REMOVE LATENT OBJECT|PROBABILIZE,failure of current variables,high,A,STEP,,b05_turing_fields,Value functions and temporal-difference error as the objects in which learning is expressed.
turing,2025,Bennett; Brassard,REPRESENT,REPRESENT,L3,MAP/TRANSFER|BUILD TRANSLATION MAP,cross-domain analogy,high,A,STEP,,b05_turing_fields,Quantum mechanics translated into a computational and communication language.
wolf_chemistry,1978,Djerassi,ARTIFACT,ARTIFACT,,,technological need,high,A,STEP,A1,b03_wolf,Bioorganic synthesis (the oral contraceptive) plus new spectroscopic technique.
wolf_chemistry,1979,Mark,REPRESENT,REPRESENT,L4,ADD/REMOVE LATENT OBJECT,unexplained structure,high,A,STEP,,b03_wolf,Polymers established as genuine macromolecules rather than colloidal aggregates.
wolf_chemistry,1980,Eyring,REPRESENT,REPRESENT,L2|L4,ADD/REMOVE LATENT OBJECT,unexplained structure,high,A,STEP,,b03_wolf,Absolute rate theory posits the transition state as a real intermediate object.
wolf_chemistry,1981,Chatt,ARTIFACT,ARTIFACT,,,technological need,high,A,STEP,A1,b03_wolf,Synthetic transition metal chemistry: hydrides and dinitrogen complexes made.
wolf_chemistry,1982,Pimentel,REACH,REACH,,,new capability,high,A,STEP,R2,b03_wolf,Matrix isolation spectroscopy and chemical lasers extend what can be observed.
wolf_chemistry,1982,Polanyi,REACH,REACH,,,new capability,high,A,STEP,R1,b03_wolf,"Infrared chemiluminescence lets reactions be watched ""in unprecedented detail""."
wolf_chemistry,1983,Gutowsky,REACH,REACH,,,new capability,high,A,STEP,R2,b03_wolf,NMR spectroscopy developed and applied to chemistry.
wolf_chemistry,1983,McConnell,REACH,REACH,,,new capability,high,A,STEP,R2,b03_wolf,Paramagnetic resonance and spin-label techniques as probes of structure.
wolf_chemistry,1983,Waugh,REACH,REACH,,,new capability,high,A,STEP,R1,b03_wolf,High-resolution NMR in solids.
wolf_chemistry,1984,Marcus,REPRESENT,REPRESENT,L2,CHANGE WHAT IS MEASURED|ABSTRACT/IDEALIZE,unexplained phenomenon,high,A,STEP,,b03_wolf,Electron transfer rates governed by a reorganisation coordinate — a new explanatory variable.
wolf_chemistry,1986,Corey,REPRESENT,REPRESENT,L2,CHANGE EXPLANATORY LEVEL,excessive complexity,high,A,STEP,,b03_wolf,"The citation names ""novel ways of thinking about such syntheses"" — retrosynthetic analysis reverses the representation of a synthesis."
wolf_chemistry,1986,Eschenmoser,ARTIFACT,ARTIFACT,,,unsolved case,high,A,STEP,A1,b03_wolf,Total synthesis of vitamin B12 and related stereochemical control.
wolf_chemistry,1987,Phillips; Blow,REACH,REACH,,,new capability,high,A,STEP,R2,b03_wolf,Protein X-ray crystallography made enzyme structure and mechanism visible.
wolf_chemistry,1988,Jortner; Levine,REPRESENT,REPRESENT,L2,CHANGE SCALE,unexplained phenomenon,high,A,STEP,,b03_wolf,Energy acquisition and disposal described through mode-selective dynamics.
wolf_chemistry,1989,Arigoni; Battersby,RECORD,RECORD,,,observational opportunity,high,A,STEP,E1,b03_wolf,Enzymic mechanisms and biosynthetic routes to natural pigments established.
wolf_chemistry,1991,Ernst,REACH,REACH,L2,CHANGE WHAT IS MEASURED,new capability,high,A,STEP,R2,b03_wolf,Fourier-transform and 2D NMR: a transform-domain representation that also multiplies sensitivity.
wolf_chemistry,1991,Pines,REACH,REACH,,,new capability,high,A,STEP,R2,b03_wolf,Multiple-quantum and high-spin NMR.
wolf_chemistry,1992,Pople,TRACTABLE,TRACTABLE,,MAKE-COMPUTABLE,intractability,high,A,STEP,C1,b03_wolf,Quantum chemistry turned into usable computational methods.
wolf_chemistry,1993,Zewail,REACH,REACH,,,inaccessible regime,high,A,STEP,R1,b03_wolf,"Femtochemistry lets reactions be probed ""as they actually happen in real time""."
wolf_chemistry,1994,Lerner; Schultz,ARTIFACT,ARTIFACT,,,technological need,high,A,STEP,A1,b03_wolf,Catalytic antibodies engineered to catalyse otherwise inaccessible reactions.
wolf_chemistry,1995,Stork; Danishefsky,ARTIFACT,ARTIFACT,,,unsolved case,high,A,STEP,A1,b03_wolf,New reactions opening synthetic routes to complex molecules.
wolf_chemistry,1998,Ertl; Somorjai,RECORD,RECORD,,,observational opportunity,high,A,STEP,E1,b03_wolf,Mechanisms of heterogeneous catalysis on single-crystal surfaces established.
wolf_chemistry,1999,Lemieux,ARTIFACT,ARTIFACT,,,unsolved case,high,A,STEP,A1,b03_wolf,Oligosaccharide synthesis and their role in molecular recognition.
wolf_chemistry,2000,Cotton,REPRESENT,REPRESENT,L4,ADD/REMOVE LATENT OBJECT,unexplained structure,high,A,STEP,,b03_wolf,"Metal-metal multiple bonds established as a real bonding type, opening a new phase of the field."
wolf_chemistry,2001,Kagan; Noyori; Sharpless,ARTIFACT,ARTIFACT,,,technological need,high,A,STEP,A1,b03_wolf,Asymmetric catalysis as a manufacturing capability for chiral molecules.
wolf_chemistry,2004,Gray,RECORD,RECORD,,,observational opportunity,high,A,STEP,E1,b03_wolf,Principles of structure and long-range electron transfer in proteins.
wolf_chemistry,2005,Zare,REACH,REACH,,,new capability,high,A,STEP,R2,b03_wolf,Laser techniques applied to mechanism identification and analysis.
wolf_chemistry,2006,Yonath; Feher,RECORD,RECORD,,,observational opportunity,high,A,STEP,E1,b03_wolf,Structures of the ribosomal machinery and of photosynthetic primary processes.
wolf_chemistry,2008,Moerner; Bard,REACH,REACH,,,new capability,high,A,STEP,R1,b03_wolf,Single-molecule spectroscopy and electrochemistry — a new observational regime.
wolf_chemistry,2011,Rice; Tang; Matyjaszewski,ARTIFACT,ARTIFACT,,,technological need,high,A,STEP,A1,b03_wolf,Synthesis and control of organic materials.
wolf_chemistry,2012,Alivisatos,ARTIFACT,ARTIFACT,,,technological need,high,A,STEP,A1,b03_wolf,Colloidal nanocrystals developed as controllable building blocks.
wolf_chemistry,2012,Lieber,ARTIFACT,ARTIFACT,,,technological need,high,A,STEP,A1,b03_wolf,Single-crystalline semiconductor nanowires synthesised and applied.
wolf_chemistry,2013,Langer,ARTIFACT,ARTIFACT,,,technological need,high,A,STEP,A1,b03_wolf,Polymer chemistry for controlled drug release and biomaterials.
wolf_chemistry,2014,Wong,ARTIFACT,ARTIFACT,,,unsolved case,high,A,STEP,A1,b03_wolf,Programmable synthesis of complex oligosaccharides and glycoproteins.
wolf_chemistry,2016,Nicolaou,ARTIFACT,ARTIFACT,,,unsolved case,high,A,STEP,A1,b03_wolf,Chemical synthesis pushed to the extremes of molecular complexity.
wolf_chemistry,2016,Schreiber,RECORD,RECORD,,,observational opportunity,high,A,STEP,E1,b03_wolf,"The chemical logic of signal transduction and gene regulation, via small-molecule probes."
wolf_chemistry,2017,Bergman,RECORD,RECORD,,,unexplained phenomenon,high,A,STEP,E2,b03_wolf,C-H activation by soluble organometallic complexes discovered.
wolf_chemistry,2018,Fujita,ARTIFACT,ARTIFACT,,,technological need,high,A,STEP,A1,b03_wolf,Metal-directed assembly principles yielding large porous complexes.
wolf_chemistry,2018,Yaghi,ARTIFACT,ARTIFACT,L2,CLASSIFY/ENUMERATE,technological need,high,A,STEP,A2,b03_wolf,"MOFs/COFs as materials, plus ""reticular chemistry"" as a design language for enumerating them."
wolf_chemistry,2019,Buchwald; Hartwig,ARTIFACT,ARTIFACT,,,technological need,high,A,STEP,A1,b03_wolf,Broadly applicable transition-metal-catalysed carbon-heteroatom coupling.
wolf_chemistry,2021,Leiserowitz; Lahav,RECORD,RECORD,,,unexplained structure,high,A,STEP,E1,b03_wolf,Reciprocal influence of molecular and crystal structure established.
wolf_chemistry,2022,Bassler; Bertozzi; Cravatt,RECORD,RECORD,,,observational opportunity,high,A,STEP,E1,b03_wolf,"Chemistry of cellular communication, together with the methods invented to study it."
wolf_chemistry,2023,He; Suga; Kelly,RECORD,RECORD,,,observational opportunity,high,A,STEP,E1,b03_wolf,"Functions and dysfunctions of RNA and proteins, plus strategies to harness them."
wolf_chemistry,2025,Schwarz,REACH,REACH,,,new capability,high,A,STEP,R2,b03_wolf,Gas-phase quantification of reactive species to settle catalysis questions.
wolf_physics,1978,Chien-Shiung Wu,RECORD,RECORD,,,test an existing prediction,high,A,STEP,E0,b03_wolf,"Parity non-conservation established experimentally; the theory existed, the fact did not."
wolf_physics,1979,Occhialini,RECORD,RECORD,,,observational opportunity,high,A,STEP,E2,b03_wolf,Electron pair production and the charged pion found.
wolf_physics,1979,Uhlenbeck,REPRESENT,REPRESENT,L4,ADD/REMOVE LATENT OBJECT,empirical anomaly,high,A,STEP,,b03_wolf,Electron spin adds an intrinsic degree of freedom that had no place in the prior description.
wolf_physics,1980,Wilson; Kadanoff; Fisher,REPRESENT,REPRESENT,L2,CHANGE SCALE|FIND INVARIANT/SYMMETRY,unexplained structure,high,A,STEP,,b03_wolf,"Critical behaviour organised by scale transformation; the strongest L5 candidate in the corpus, cited as a theory."
wolf_physics,1981,Dyson; t Hooft; Weisskopf,REPRESENT,REPRESENT,L2|L3,QUOTIENT/REMOVE REDUNDANCY|BUILD TRANSLATION MAP,internal inconsistency,high,A,STEP,,b03_wolf,Renormalisation of gauge theories and the equivalence of competing QED formulations.
wolf_physics,1982,Lederman; Perl,RECORD,RECORD,,,observational opportunity,high,A,STEP,E1,b03_wolf,Unexpected new particles establishing a third generation.
wolf_physics,1984,Hahn,REACH,REACH,L1,REINTERPRET,new capability,high,A,STEP,R3,b03_wolf,"Spin echoes: a technique, plus the insight that dephasing is reversible."
wolf_physics,1984,Hirsch,REACH,REACH,,,new capability,high,A,STEP,R2,b03_wolf,Transmission electron microscopy turned into a universal instrument for crystalline matter.
wolf_physics,1984,Maiman,ARTIFACT,ARTIFACT,,,technological need,high,A,STEP,A3,b03_wolf,First operating laser — a device.
wolf_physics,1985,Herring; Nozieres,REPRESENT,REPRESENT,L2,ABSTRACT/IDEALIZE,excessive complexity,high,A,STEP,,b03_wolf,Electrons in metals described by quasiparticle/Fermi-liquid variables rather than bare particles.
wolf_physics,1986,Feigenbaum,REPRESENT,REPRESENT,L2,FIND INVARIANT/SYMMETRY|CHANGE SCALE,unexplained structure,high,A,STEP,,b03_wolf,Universal constants make disparate nonlinear systems one class — invariants replace system detail.
wolf_physics,1986,Libchaber,RECORD,RECORD,,,test an existing prediction,high,A,STEP,E0,b03_wolf,Experimental demonstration of the route to turbulence and chaos.
wolf_physics,1987,Friedman,REACH,REACH,,,new capability,high,A,STEP,R2,b03_wolf,Pioneering solar X-ray observation.
wolf_physics,1987,Rossi; Giacconi,RECORD,RECORD,,,observational opportunity,high,A,STEP,E2,b03_wolf,Extra-solar X-ray sources discovered and their physics explained.
wolf_physics,1988,Penrose; Hawking,REPRESENT,REPRESENT,L2,CHANGE ALGEBRA/GEOMETRY/DIMENSION|ABSTRACT/IDEALIZE,unsolved case,high,A,STEP,,b03_wolf,Global/topological methods show singularities are generic rather than artefacts of symmetry.
wolf_physics,1990,Thouless; de Gennes,REPRESENT,REPRESENT,L2|L3,MAP/TRANSFER|FIND INVARIANT/SYMMETRY,cross-domain analogy,high,A,STEP,,b03_wolf,Polymer statistics mapped onto magnetic critical phenomena; topological ideas in disordered systems.
wolf_physics,1991,Goldhaber; Telegdi,RECORD,RECORD,,,test an existing prediction,high,A,STEP,E0,b03_wolf,Seminal measurements of weak interactions involving leptons.
wolf_physics,1992,Taylor,RECORD,RECORD,,,observational opportunity,high,A,STEP,E2,b03_wolf,Binary radio pulsar discovered and used as a precision GR test.
wolf_physics,1993,Mandelbrot,REPRESENT,REPRESENT,L4|L2,ADD/REMOVE LATENT OBJECT|CHANGE ALGEBRA/GEOMETRY/DIMENSION,unexplained structure,high,A,STEP,,b03_wolf,"Fractals give a new object type and a non-integer notion of dimension; the citation says he ""changed our view of nature""."
wolf_physics,1994,Ginzburg,REPRESENT,REPRESENT,L2,CHANGE WHAT IS MEASURED,unexplained phenomenon,high,A,STEP,,b03_wolf,Order-parameter description of superconductivity; high-energy astrophysical processes.
wolf_physics,1994,Nambu,REPRESENT,REPRESENT,L3|L1,MAP/TRANSFER|REINTERPRET,cross-domain analogy,high,A,STEP,,b03_wolf,"The citation states the move: symmetry breaking ""in analogy with superconductivity theory""."
wolf_physics,1996,Wheeler,REPRESENT,REPRESENT,L1|L2,REIFY|GEOMETRIZE,unexplained structure,high,A,STEP,,b03_wolf,Black holes reified as objects of study; geometrodynamic framing of gravity.
wolf_physics,1998,Berry; Aharonov,REPRESENT,REPRESENT,L1|L2,REINTERPRET|FIND INVARIANT/SYMMETRY,unexplained structure,high,A,STEP,,b03_wolf,The gauge potential acquires physical consequence; the geometric phase becomes a measurable invariant.
wolf_physics,1999,Shechtman,RECORD,RECORD,,,empirical anomaly,high,A,STEP,E3,b03_wolf,"Quasicrystals observed against theory; the citation notes they ""inspired a new fundamental state of matter""."
wolf_physics,2000,Koshiba; Davis,REACH,REACH,,,new capability,high,A,STEP,R2,b03_wolf,Neutrino astronomy created — a new observational channel.
wolf_physics,2002,Leggett; Halperin,REPRESENT,REPRESENT,L2,CHANGE WHAT IS MEASURED,unexplained phenomenon,high,A,STEP,,b03_wolf,"Superfluid He-3 order parameters, macroscopic quantum phenomena, two-dimensional melting."
wolf_physics,2004,Englert; Higgs; Brout,REPRESENT,REPRESENT,L2|L4,ADD/REMOVE LATENT OBJECT|FIND INVARIANT/SYMMETRY,internal inconsistency,high,A,STEP,,b03_wolf,Mass generated by asymmetric realisation of a local gauge symmetry.
wolf_physics,2005,Kleppner,REACH,REACH,,,new capability,high,A,STEP,R0,b03_wolf,Hydrogen maser and Rydberg-atom techniques extend precision atomic measurement.
wolf_physics,2006,Fert; Grunberg,RECORD,RECORD,,,new capability,high,A,STEP,E2,b03_wolf,"Giant magnetoresistance discovered, launching spintronics."
wolf_physics,2010,Aspect; Zeilinger; Clauser,RECORD,RECORD,,,foundational dispute,high,A,STEP,E2,b03_wolf,Increasingly sophisticated Bell tests settle a foundational question empirically.
wolf_physics,2011,Rose; Urban; Haider,REACH,REACH,,,new capability,high,A,STEP,R0,b03_wolf,Aberration-corrected electron microscopy: individual atoms at picometre precision.
wolf_physics,2012,Bekenstein,REPRESENT,REPRESENT,L1|L3,MAP/TRANSFER|REINTERPRET,surprising equivalence,high,A,STEP,,b03_wolf,Thermodynamic language carried onto black holes: a horizon area becomes an entropy.
wolf_physics,2013,Cirac; Zoller,REPRESENT,REPRESENT,L3,MAP/TRANSFER|BUILD TRANSLATION MAP,cross-domain analogy,high,A,STEP,,b03_wolf,Quantum optics recast as a computational substrate — trapped ions as qubits.
wolf_physics,2015,Bjorken,REPRESENT,REPRESENT,L2|L4,CHANGE SCALE|ADD/REMOVE LATENT OBJECT,unexplained empirical structure,high,A,STEP,,b03_wolf,Scaling in deep inelastic scattering implies pointlike constituents inside the nucleon.
wolf_physics,2015,Kirshner,RECORD,RECORD,,,observational opportunity,high,A,STEP,E1,b03_wolf,Observations and insights that opened supernova cosmology.
wolf_physics,2016,Imry,REPRESENT,REPRESENT,L2,CHANGE SCALE,failure of current variables,high,A,STEP,,b03_wolf,The mesoscopic regime identified as its own scale with its own variables.
wolf_physics,2017,Queloz; Mayor,RECORD,RECORD,,,observational opportunity,high,A,STEP,E2,b03_wolf,First exoplanet around a solar-type star.
wolf_physics,2018,Bennett; Brassard,REPRESENT,REPRESENT,L3,MAP/TRANSFER|BUILD TRANSLATION MAP,cross-domain analogy,high,A,STEP,,b03_wolf,Quantum mechanics translated into cryptographic and communication primitives.
wolf_physics,2020,Bistritzer; Jarillo-Herrero; MacDonald,RECORD,RECORD,L2,CHANGE WHAT IS MEASURED,new capability,high,A,STEP,E2,b03_wolf,Twist angle introduced as a tuning variable; magic-angle behaviour then found experimentally.
wolf_physics,2021,Parisi,REPRESENT,REPRESENT,L2|L4,CHANGE WHAT IS MEASURED|PROBABILIZE,failure of current variables,med,B,STEP,,b03_wolf,Disordered systems: replica structure and a function-valued order parameter.
wolf_physics,2022,L Huillier; Corkum; Krausz,REACH,REACH,,,inaccessible regime,high,A,STEP,R1,b03_wolf,Attosecond physics — a new temporal resolution.
wolf_physics,2024,Rees,REPRESENT,REPRESENT,L2,,unexplained structure,low,C,PROGRAMME,,b03_wolf,"""Fundamental contributions"" across high-energy astrophysics, structure formation and cosmology; no single move localisable."
wolf_physics,2025,Jain; Heiblum; Eisenstein,REPRESENT,REPRESENT,L4|L2,ADD/REMOVE LATENT OBJECT,unexplained phenomenon,high,A,STEP,,b03_wolf,"Composite fermions: electron plus attached flux treated as the real carrier, plus the experiments confirming it."
