doc_id,prize_key,year,doc_type,laureate,field,source_url,rel_path,chars
1,nobel_physics,1901,summary,,,https://www.nobelprize.org/prizes/physics/1901/summary/,nobel_physics/text/1901_summary.txt,405
2,nobel_physics,1902,summary,,,https://www.nobelprize.org/prizes/physics/1902/summary/,nobel_physics/text/1902_summary.txt,499
3,nobel_physics,1903,summary,,,https://www.nobelprize.org/prizes/physics/1903/summary/,nobel_physics/text/1903_summary.txt,795
4,nobel_physics,1904,summary,,,https://www.nobelprize.org/prizes/physics/1904/summary/,nobel_physics/text/1904_summary.txt,407
5,nobel_physics,1905,summary,,,https://www.nobelprize.org/prizes/physics/1905/summary/,nobel_physics/text/1905_summary.txt,288
6,nobel_physics,1906,summary,,,https://www.nobelprize.org/prizes/physics/1906/summary/,nobel_physics/text/1906_summary.txt,361
7,nobel_physics,1907,summary,,,https://www.nobelprize.org/prizes/physics/1907/summary/,nobel_physics/text/1907_summary.txt,379
8,nobel_physics,1908,summary,,,https://www.nobelprize.org/prizes/physics/1908/summary/,nobel_physics/text/1908_summary.txt,326
9,nobel_physics,1909,summary,,,https://www.nobelprize.org/prizes/physics/1909/summary/,nobel_physics/text/1909_summary.txt,460
10,nobel_physics,1910,summary,,,https://www.nobelprize.org/prizes/physics/1910/summary/,nobel_physics/text/1910_summary.txt,335
11,nobel_physics,1911,summary,,,https://www.nobelprize.org/prizes/physics/1911/summary/,nobel_physics/text/1911_summary.txt,290
12,nobel_physics,1912,summary,,,https://www.nobelprize.org/prizes/physics/1912/summary/,nobel_physics/text/1912_summary.txt,362
13,nobel_physics,1913,summary,,,https://www.nobelprize.org/prizes/physics/1913/summary/,nobel_physics/text/1913_summary.txt,378
14,nobel_physics,1914,press-release,,,https://www.nobelprize.org/prizes/physics/1914/press-release/,nobel_physics/text/1914_press-release.txt,9715
15,nobel_physics,1914,summary,,,https://www.nobelprize.org/prizes/physics/1914/summary/,nobel_physics/text/1914_summary.txt,304
16,nobel_physics,1915,summary,,,https://www.nobelprize.org/prizes/physics/1915/summary/,nobel_physics/text/1915_summary.txt,470
17,nobel_physics,1916,summary,,,https://www.nobelprize.org/prizes/physics/1916/summary/,nobel_physics/text/1916_summary.txt,169
18,nobel_physics,1917,press-release,,,https://www.nobelprize.org/prizes/physics/1917/press-release/,nobel_physics/text/1917_press-release.txt,7858
19,nobel_physics,1917,summary,,,https://www.nobelprize.org/prizes/physics/1917/summary/,nobel_physics/text/1917_summary.txt,803
20,nobel_physics,1918,summary,,,https://www.nobelprize.org/prizes/physics/1918/summary/,nobel_physics/text/1918_summary.txt,824
21,nobel_physics,1919,summary,,,https://www.nobelprize.org/prizes/physics/1919/summary/,nobel_physics/text/1919_summary.txt,334
22,nobel_physics,1920,summary,,,https://www.nobelprize.org/prizes/physics/1920/summary/,nobel_physics/text/1920_summary.txt,394
23,nobel_physics,1921,summary,,,https://www.nobelprize.org/prizes/physics/1921/summary/,nobel_physics/text/1921_summary.txt,819
24,nobel_physics,1922,summary,,,https://www.nobelprize.org/prizes/physics/1922/summary/,nobel_physics/text/1922_summary.txt,344
25,nobel_physics,1923,summary,,,https://www.nobelprize.org/prizes/physics/1923/summary/,nobel_physics/text/1923_summary.txt,332
26,nobel_physics,1924,summary,,,https://www.nobelprize.org/prizes/physics/1924/summary/,nobel_physics/text/1924_summary.txt,791
27,nobel_physics,1925,summary,,,https://www.nobelprize.org/prizes/physics/1925/summary/,nobel_physics/text/1925_summary.txt,938
28,nobel_physics,1926,summary,,,https://www.nobelprize.org/prizes/physics/1926/summary/,nobel_physics/text/1926_summary.txt,367
29,nobel_physics,1927,summary,,,https://www.nobelprize.org/prizes/physics/1927/summary/,nobel_physics/text/1927_summary.txt,551
30,nobel_physics,1928,summary,,,https://www.nobelprize.org/prizes/physics/1928/summary/,nobel_physics/text/1928_summary.txt,869
31,nobel_physics,1929,summary,,,https://www.nobelprize.org/prizes/physics/1929/summary/,nobel_physics/text/1929_summary.txt,360
32,nobel_physics,1930,summary,,,https://www.nobelprize.org/prizes/physics/1930/summary/,nobel_physics/text/1930_summary.txt,371
33,nobel_physics,1931,summary,,,https://www.nobelprize.org/prizes/physics/1931/summary/,nobel_physics/text/1931_summary.txt,169
34,nobel_physics,1932,summary,,,https://www.nobelprize.org/prizes/physics/1932/summary/,nobel_physics/text/1932_summary.txt,866
35,nobel_physics,1933,summary,,,https://www.nobelprize.org/prizes/physics/1933/summary/,nobel_physics/text/1933_summary.txt,436
36,nobel_physics,1934,summary,,,https://www.nobelprize.org/prizes/physics/1934/summary/,nobel_physics/text/1934_summary.txt,208
37,nobel_physics,1935,summary,,,https://www.nobelprize.org/prizes/physics/1935/summary/,nobel_physics/text/1935_summary.txt,270
38,nobel_physics,1936,summary,,,https://www.nobelprize.org/prizes/physics/1936/summary/,nobel_physics/text/1936_summary.txt,454
39,nobel_physics,1937,summary,,,https://www.nobelprize.org/prizes/physics/1937/summary/,nobel_physics/text/1937_summary.txt,465
40,nobel_physics,1938,summary,,,https://www.nobelprize.org/prizes/physics/1938/summary/,nobel_physics/text/1938_summary.txt,423
41,nobel_physics,1939,summary,,,https://www.nobelprize.org/prizes/physics/1939/summary/,nobel_physics/text/1939_summary.txt,389
42,nobel_physics,1940,summary,,,https://www.nobelprize.org/prizes/physics/1940/summary/,nobel_physics/text/1940_summary.txt,208
43,nobel_physics,1941,summary,,,https://www.nobelprize.org/prizes/physics/1941/summary/,nobel_physics/text/1941_summary.txt,208
44,nobel_physics,1942,summary,,,https://www.nobelprize.org/prizes/physics/1942/summary/,nobel_physics/text/1942_summary.txt,208
45,nobel_physics,1943,summary,,,https://www.nobelprize.org/prizes/physics/1943/summary/,nobel_physics/text/1943_summary.txt,804
46,nobel_physics,1944,summary,,,https://www.nobelprize.org/prizes/physics/1944/summary/,nobel_physics/text/1944_summary.txt,314
47,nobel_physics,1945,summary,,,https://www.nobelprize.org/prizes/physics/1945/summary/,nobel_physics/text/1945_summary.txt,303
48,nobel_physics,1946,summary,,,https://www.nobelprize.org/prizes/physics/1946/summary/,nobel_physics/text/1946_summary.txt,397
49,nobel_physics,1947,summary,,,https://www.nobelprize.org/prizes/physics/1947/summary/,nobel_physics/text/1947_summary.txt,382
50,nobel_physics,1948,summary,,,https://www.nobelprize.org/prizes/physics/1948/summary/,nobel_physics/text/1948_summary.txt,412
51,nobel_physics,1949,summary,,,https://www.nobelprize.org/prizes/physics/1949/summary/,nobel_physics/text/1949_summary.txt,319
52,nobel_physics,1950,summary,,,https://www.nobelprize.org/prizes/physics/1950/summary/,nobel_physics/text/1950_summary.txt,396
53,nobel_physics,1951,summary,,,https://www.nobelprize.org/prizes/physics/1951/summary/,nobel_physics/text/1951_summary.txt,505
54,nobel_physics,1952,summary,,,https://www.nobelprize.org/prizes/physics/1952/summary/,nobel_physics/text/1952_summary.txt,479
55,nobel_physics,1953,summary,,,https://www.nobelprize.org/prizes/physics/1953/summary/,nobel_physics/text/1953_summary.txt,357
56,nobel_physics,1954,summary,,,https://www.nobelprize.org/prizes/physics/1954/summary/,nobel_physics/text/1954_summary.txt,542
57,nobel_physics,1955,summary,,,https://www.nobelprize.org/prizes/physics/1955/summary/,nobel_physics/text/1955_summary.txt,527
58,nobel_physics,1956,summary,,,https://www.nobelprize.org/prizes/physics/1956/summary/,nobel_physics/text/1956_summary.txt,537
59,nobel_physics,1957,summary,,,https://www.nobelprize.org/prizes/physics/1957/summary/,nobel_physics/text/1957_summary.txt,557
60,nobel_physics,1958,summary,,,https://www.nobelprize.org/prizes/physics/1958/summary/,nobel_physics/text/1958_summary.txt,585
61,nobel_physics,1959,summary,,,https://www.nobelprize.org/prizes/physics/1959/summary/,nobel_physics/text/1959_summary.txt,414
62,nobel_physics,1960,summary,,,https://www.nobelprize.org/prizes/physics/1960/summary/,nobel_physics/text/1960_summary.txt,286
63,nobel_physics,1961,summary,,,https://www.nobelprize.org/prizes/physics/1961/summary/,nobel_physics/text/1961_summary.txt,697
64,nobel_physics,1962,summary,,,https://www.nobelprize.org/prizes/physics/1962/summary/,nobel_physics/text/1962_summary.txt,310
65,nobel_physics,1963,summary,,,https://www.nobelprize.org/prizes/physics/1963/summary/,nobel_physics/text/1963_summary.txt,763
66,nobel_physics,1964,summary,,,https://www.nobelprize.org/prizes/physics/1964/summary/,nobel_physics/text/1964_summary.txt,732
67,nobel_physics,1965,summary,,,https://www.nobelprize.org/prizes/physics/1965/summary/,nobel_physics/text/1965_summary.txt,612
68,nobel_physics,1966,summary,,,https://www.nobelprize.org/prizes/physics/1966/summary/,nobel_physics/text/1966_summary.txt,320
69,nobel_physics,1967,summary,,,https://www.nobelprize.org/prizes/physics/1967/summary/,nobel_physics/text/1967_summary.txt,369
70,nobel_physics,1968,summary,,,https://www.nobelprize.org/prizes/physics/1968/summary/,nobel_physics/text/1968_summary.txt,476
71,nobel_physics,1969,summary,,,https://www.nobelprize.org/prizes/physics/1969/summary/,nobel_physics/text/1969_summary.txt,346
72,nobel_physics,1970,summary,,,https://www.nobelprize.org/prizes/physics/1970/summary/,nobel_physics/text/1970_summary.txt,686
73,nobel_physics,1971,summary,,,https://www.nobelprize.org/prizes/physics/1971/summary/,nobel_physics/text/1971_summary.txt,279
74,nobel_physics,1972,press-release,,,https://www.nobelprize.org/prizes/physics/1972/press-release/,nobel_physics/text/1972_press-release.txt,3431
75,nobel_physics,1972,summary,,,https://www.nobelprize.org/prizes/physics/1972/summary/,nobel_physics/text/1972_summary.txt,574
76,nobel_physics,1973,press-release,,,https://www.nobelprize.org/prizes/physics/1973/press-release/,nobel_physics/text/1973_press-release.txt,5654
77,nobel_physics,1973,summary,,,https://www.nobelprize.org/prizes/physics/1973/summary/,nobel_physics/text/1973_summary.txt,792
78,nobel_physics,1974,press-release,,,https://www.nobelprize.org/prizes/physics/1974/press-release/,nobel_physics/text/1974_press-release.txt,4767
79,nobel_physics,1974,summary,,,https://www.nobelprize.org/prizes/physics/1974/summary/,nobel_physics/text/1974_summary.txt,575
80,nobel_physics,1975,press-release,,,https://www.nobelprize.org/prizes/physics/1975/press-release/,nobel_physics/text/1975_press-release.txt,4932
81,nobel_physics,1975,summary,,,https://www.nobelprize.org/prizes/physics/1975/summary/,nobel_physics/text/1975_summary.txt,686
82,nobel_physics,1976,press-release,,,https://www.nobelprize.org/prizes/physics/1976/press-release/,nobel_physics/text/1976_press-release.txt,5557
83,nobel_physics,1976,summary,,,https://www.nobelprize.org/prizes/physics/1976/summary/,nobel_physics/text/1976_summary.txt,467
84,nobel_physics,1977,press-release,,,https://www.nobelprize.org/prizes/physics/1977/press-release/,nobel_physics/text/1977_press-release.txt,6308
85,nobel_physics,1977,summary,,,https://www.nobelprize.org/prizes/physics/1977/summary/,nobel_physics/text/1977_summary.txt,647
86,nobel_physics,1978,press-release,,,https://www.nobelprize.org/prizes/physics/1978/press-release/,nobel_physics/text/1978_press-release.txt,10018
87,nobel_physics,1978,summary,,,https://www.nobelprize.org/prizes/physics/1978/summary/,nobel_physics/text/1978_summary.txt,726
88,nobel_physics,1979,press-release,,,https://www.nobelprize.org/prizes/physics/1979/press-release/,nobel_physics/text/1979_press-release.txt,6657
89,nobel_physics,1979,summary,,,https://www.nobelprize.org/prizes/physics/1979/summary/,nobel_physics/text/1979_summary.txt,684
90,nobel_physics,1980,press-release,,,https://www.nobelprize.org/prizes/physics/1980/press-release/,nobel_physics/text/1980_press-release.txt,5811
91,nobel_physics,1980,summary,,,https://www.nobelprize.org/prizes/physics/1980/summary/,nobel_physics/text/1980_summary.txt,470
92,nobel_physics,1981,press-release,,,https://www.nobelprize.org/prizes/physics/1981/press-release/,nobel_physics/text/1981_press-release.txt,10601
93,nobel_physics,1981,summary,,,https://www.nobelprize.org/prizes/physics/1981/summary/,nobel_physics/text/1981_summary.txt,691
94,nobel_physics,1982,press-release,,,https://www.nobelprize.org/prizes/physics/1982/press-release/,nobel_physics/text/1982_press-release.txt,7388
95,nobel_physics,1982,summary,,,https://www.nobelprize.org/prizes/physics/1982/summary/,nobel_physics/text/1982_summary.txt,325
96,nobel_physics,1983,press-release,,,https://www.nobelprize.org/prizes/physics/1983/press-release/,nobel_physics/text/1983_press-release.txt,4219
97,nobel_physics,1983,summary,,,https://www.nobelprize.org/prizes/physics/1983/summary/,nobel_physics/text/1983_summary.txt,686
98,nobel_physics,1984,press-release,,,https://www.nobelprize.org/prizes/physics/1984/press-release/,nobel_physics/text/1984_press-release.txt,7977
99,nobel_physics,1984,summary,,,https://www.nobelprize.org/prizes/physics/1984/summary/,nobel_physics/text/1984_summary.txt,514
100,nobel_physics,1985,press-release,,,https://www.nobelprize.org/prizes/physics/1985/press-release/,nobel_physics/text/1985_press-release.txt,8139
101,nobel_physics,1985,summary,,,https://www.nobelprize.org/prizes/physics/1985/summary/,nobel_physics/text/1985_summary.txt,300
102,nobel_physics,1986,press-release,,,https://www.nobelprize.org/prizes/physics/1986/press-release/,nobel_physics/text/1986_press-release.txt,12624
103,nobel_physics,1986,summary,,,https://www.nobelprize.org/prizes/physics/1986/summary/,nobel_physics/text/1986_summary.txt,728
104,nobel_physics,1987,press-release,,,https://www.nobelprize.org/prizes/physics/1987/press-release/,nobel_physics/text/1987_press-release.txt,9690
105,nobel_physics,1987,summary,,,https://www.nobelprize.org/prizes/physics/1987/summary/,nobel_physics/text/1987_summary.txt,470
106,nobel_physics,1988,press-release,,,https://www.nobelprize.org/prizes/physics/1988/press-release/,nobel_physics/text/1988_press-release.txt,9474
107,nobel_physics,1988,summary,,,https://www.nobelprize.org/prizes/physics/1988/summary/,nobel_physics/text/1988_summary.txt,653
108,nobel_physics,1989,press-release,,,https://www.nobelprize.org/prizes/physics/1989/press-release/,nobel_physics/text/1989_press-release.txt,9749
109,nobel_physics,1989,summary,,,https://www.nobelprize.org/prizes/physics/1989/summary/,nobel_physics/text/1989_summary.txt,679
110,nobel_physics,1990,press-release,,,https://www.nobelprize.org/prizes/physics/1990/press-release/,nobel_physics/text/1990_press-release.txt,11583
111,nobel_physics,1990,summary,,,https://www.nobelprize.org/prizes/physics/1990/summary/,nobel_physics/text/1990_summary.txt,738
112,nobel_physics,1991,press-release,,,https://www.nobelprize.org/prizes/physics/1991/press-release/,nobel_physics/text/1991_press-release.txt,9171
113,nobel_physics,1991,summary,,,https://www.nobelprize.org/prizes/physics/1991/summary/,nobel_physics/text/1991_summary.txt,460
114,nobel_physics,1992,press-release,,,https://www.nobelprize.org/prizes/physics/1992/press-release/,nobel_physics/text/1992_press-release.txt,8578
115,nobel_physics,1992,summary,,,https://www.nobelprize.org/prizes/physics/1992/summary/,nobel_physics/text/1992_summary.txt,350
116,nobel_physics,1993,press-release,,,https://www.nobelprize.org/prizes/physics/1993/press-release/,nobel_physics/text/1993_press-release.txt,10707
117,nobel_physics,1993,summary,,,https://www.nobelprize.org/prizes/physics/1993/summary/,nobel_physics/text/1993_summary.txt,517
118,nobel_physics,1994,press-release,,,https://www.nobelprize.org/prizes/physics/1994/press-release/,nobel_physics/text/1994_press-release.txt,13279
119,nobel_physics,1994,summary,,,https://www.nobelprize.org/prizes/physics/1994/summary/,nobel_physics/text/1994_summary.txt,640
120,nobel_physics,1995,advanced-information,,,https://www.nobelprize.org/prizes/physics/1995/advanced-information/,nobel_physics/text/1995_advanced-information.txt,15818
121,nobel_physics,1995,press-release,,,https://www.nobelprize.org/prizes/physics/1995/press-release/,nobel_physics/text/1995_press-release.txt,14435
122,nobel_physics,1995,summary,,,https://www.nobelprize.org/prizes/physics/1995/summary/,nobel_physics/text/1995_summary.txt,547
123,nobel_physics,1996,advanced-information,,,https://www.nobelprize.org/prizes/physics/1996/advanced-information/,nobel_physics/text/1996_advanced-information.txt,18356
124,nobel_physics,1996,press-release,,,https://www.nobelprize.org/prizes/physics/1996/press-release/,nobel_physics/text/1996_press-release.txt,12894
125,nobel_physics,1996,summary,,,https://www.nobelprize.org/prizes/physics/1996/summary/,nobel_physics/text/1996_summary.txt,567
126,nobel_physics,1997,advanced-information,,,https://www.nobelprize.org/prizes/physics/1997/advanced-information/,nobel_physics/text/1997_advanced-information.txt,16805
127,nobel_physics,1997,press-release,,,https://www.nobelprize.org/prizes/physics/1997/press-release/,nobel_physics/text/1997_press-release.txt,14844
128,nobel_physics,1997,summary,,,https://www.nobelprize.org/prizes/physics/1997/summary/,nobel_physics/text/1997_summary.txt,606
129,nobel_physics,1998,advanced-information,,,https://www.nobelprize.org/prizes/physics/1998/advanced-information/,nobel_physics/text/1998_advanced-information.txt,265
130,nobel_physics,1998,press-release,,,https://www.nobelprize.org/prizes/physics/1998/press-release/,nobel_physics/text/1998_press-release.txt,12033
131,nobel_physics,1998,scientific-background,,,https://www.nobelprize.org/uploads/2018/06/advanced-physicsprize1998.pdf,nobel_physics/text/1998_scientific-background.txt,26646
132,nobel_physics,1998,scientific-background,,,https://www.nobelprize.org/uploads/2018/06/advanced-physicsprize1998-1.pdf,nobel_physics/text/1998_scientific-background_2.txt,26646
133,nobel_physics,1998,summary,,,https://www.nobelprize.org/prizes/physics/1998/summary/,nobel_physics/text/1998_summary.txt,633
134,nobel_physics,1999,advanced-information,,,https://www.nobelprize.org/prizes/physics/1999/advanced-information/,nobel_physics/text/1999_advanced-information.txt,8523
135,nobel_physics,1999,press-release,,,https://www.nobelprize.org/prizes/physics/1999/press-release/,nobel_physics/text/1999_press-release.txt,14990
136,nobel_physics,1999,scientific-background,,,https://www.nobelprize.org/uploads/2018/06/advanced-physicsprize1999.pdf,nobel_physics/text/1999_scientific-background.txt,11126
137,nobel_physics,1999,summary,,,https://www.nobelprize.org/prizes/physics/1999/summary/,nobel_physics/text/1999_summary.txt,548
138,nobel_physics,2000,advanced-information,,,https://www.nobelprize.org/prizes/physics/2000/advanced-information/,nobel_physics/text/2000_advanced-information.txt,295
139,nobel_physics,2000,other-pdf,,,https://www.nobelprize.org/uploads/2018/06/phyry.pdf,nobel_physics/text/2000_other-pdf.txt,4836
140,nobel_physics,2000,popular-information,,,https://www.nobelprize.org/prizes/physics/2000/popular-information/,nobel_physics/text/2000_popular-information.txt,12644
141,nobel_physics,2000,press-release,,,https://www.nobelprize.org/prizes/physics/2000/press-release/,nobel_physics/text/2000_press-release.txt,4054
142,nobel_physics,2000,scientific-background,,,https://www.nobelprize.org/uploads/2018/06/advanced-physicsprize2000.pdf,nobel_physics/text/2000_scientific-background.txt,30574
143,nobel_physics,2000,scientific-background,,,https://www.nobelprize.org/uploads/2018/06/advanced-physicsprize2000-1.pdf,nobel_physics/text/2000_scientific-background_2.txt,30574
144,nobel_physics,2000,scientific-background,,,https://www.nobelprize.org/uploads/2018/06/advanced-physicsprize2000-2.pdf,nobel_physics/text/2000_scientific-background_3.txt,30574
145,nobel_physics,2000,summary,,,https://www.nobelprize.org/prizes/physics/2000/summary/,nobel_physics/text/2000_summary.txt,809
146,nobel_physics,2001,advanced-information,,,https://www.nobelprize.org/prizes/physics/2001/advanced-information/,nobel_physics/text/2001_advanced-information.txt,264
147,nobel_physics,2001,popular-information,,,https://www.nobelprize.org/prizes/physics/2001/popular-information/,nobel_physics/text/2001_popular-information.txt,17071
148,nobel_physics,2001,press-release,,,https://www.nobelprize.org/prizes/physics/2001/press-release/,nobel_physics/text/2001_press-release.txt,4011
149,nobel_physics,2001,scientific-background,,,https://www.nobelprize.org/uploads/2018/06/advanced-physicsprize2001.pdf,nobel_physics/text/2001_scientific-background.txt,37097
150,nobel_physics,2001,scientific-background,,,https://www.nobelprize.org/uploads/2018/06/advanced-physicsprize2001-1.pdf,nobel_physics/text/2001_scientific-background_2.txt,37097
151,nobel_physics,2001,summary,,,https://www.nobelprize.org/prizes/physics/2001/summary/,nobel_physics/text/2001_summary.txt,764
152,nobel_physics,2002,advanced-information,,,https://www.nobelprize.org/prizes/physics/2002/advanced-information/,nobel_physics/text/2002_advanced-information.txt,262
153,nobel_physics,2002,popular-information,,,https://www.nobelprize.org/prizes/physics/2002/popular-information/,nobel_physics/text/2002_popular-information.txt,16363
154,nobel_physics,2002,press-release-pdf,,,https://www.nobelprize.org/uploads/2018/06/press-ja.pdf,nobel_physics/text/2002_press-release-pdf.txt,1973
155,nobel_physics,2002,press-release,,,https://www.nobelprize.org/prizes/physics/2002/press-release/,nobel_physics/text/2002_press-release.txt,4482
156,nobel_physics,2002,scientific-background,,,https://www.nobelprize.org/uploads/2018/06/advanced-physicsprize2002.pdf,nobel_physics/text/2002_scientific-background.txt,39754
157,nobel_physics,2002,scientific-background,,,https://www.nobelprize.org/uploads/2018/06/advanced-physicsprize2002-1.pdf,nobel_physics/text/2002_scientific-background_2.txt,39754
158,nobel_physics,2002,summary,,,https://www.nobelprize.org/prizes/physics/2002/summary/,nobel_physics/text/2002_summary.txt,817
159,nobel_physics,2003,advanced-information,,,https://www.nobelprize.org/prizes/physics/2003/advanced-information/,nobel_physics/text/2003_advanced-information.txt,326
160,nobel_physics,2003,popular-information,,,https://www.nobelprize.org/prizes/physics/2003/popular-information/,nobel_physics/text/2003_popular-information.txt,14067
161,nobel_physics,2003,press-release-pdf,,,https://www.nobelprize.org/uploads/2018/06/press-ru.pdf,nobel_physics/text/2003_press-release-pdf.txt,4665
162,nobel_physics,2003,press-release,,,https://www.nobelprize.org/prizes/physics/2003/press-release/,nobel_physics/text/2003_press-release.txt,4078
163,nobel_physics,2003,scientific-background,,,https://www.nobelprize.org/uploads/2018/06/advanced-physicsprize2003-1.pdf,nobel_physics/text/2003_scientific-background.txt,37612
164,nobel_physics,2003,scientific-background,,,https://www.nobelprize.org/uploads/2013/06/advanced-physicsprize2003.pdf,nobel_physics/text/2003_scientific-background_2.txt,37614
165,nobel_physics,2003,summary,,,https://www.nobelprize.org/prizes/physics/2003/summary/,nobel_physics/text/2003_summary.txt,696
166,nobel_physics,2004,advanced-information,,,https://www.nobelprize.org/prizes/physics/2004/advanced-information/,nobel_physics/text/2004_advanced-information.txt,348
167,nobel_physics,2004,popular-information,,,https://www.nobelprize.org/prizes/physics/2004/popular-information/,nobel_physics/text/2004_popular-information.txt,18679
168,nobel_physics,2004,press-release,,,https://www.nobelprize.org/prizes/physics/2004/press-release/,nobel_physics/text/2004_press-release.txt,4071
169,nobel_physics,2004,scientific-background,,,https://www.nobelprize.org/uploads/2018/06/advanced-physicsprize2004.pdf,nobel_physics/text/2004_scientific-background.txt,37811
170,nobel_physics,2004,scientific-background,,,https://www.nobelprize.org/uploads/2018/06/advanced-physicsprize2004-1.pdf,nobel_physics/text/2004_scientific-background_2.txt,37811
171,nobel_physics,2004,summary,,,https://www.nobelprize.org/prizes/physics/2004/summary/,nobel_physics/text/2004_summary.txt,651
172,nobel_physics,2005,advanced-information,,,https://www.nobelprize.org/prizes/physics/2005/advanced-information/,nobel_physics/text/2005_advanced-information.txt,364
173,nobel_physics,2005,popular-information-pdf,,,https://www.nobelprize.org/uploads/2018/06/popular-physicsprize2005.pdf,nobel_physics/text/2005_popular-information-pdf.txt,23160
174,nobel_physics,2005,popular-information-pdf,,,https://www.nobelprize.org/uploads/2018/06/popular-physicsprize2005-1.pdf,nobel_physics/text/2005_popular-information-pdf_2.txt,23160
175,nobel_physics,2005,popular-information-pdf,,,https://www.nobelprize.org/uploads/2018/06/popular-physicsprize2005-sv.pdf,nobel_physics/text/2005_popular-information-pdf_3.txt,21506
176,nobel_physics,2005,popular-information,,,https://www.nobelprize.org/prizes/physics/2005/popular-information/,nobel_physics/text/2005_popular-information.txt,22511
177,nobel_physics,2005,press-release,,,https://www.nobelprize.org/prizes/physics/2005/press-release/,nobel_physics/text/2005_press-release.txt,4223
178,nobel_physics,2005,scientific-background,,,https://www.nobelprize.org/uploads/2018/06/advanced-physicsprize2005.pdf,nobel_physics/text/2005_scientific-background.txt,45313
179,nobel_physics,2005,scientific-background,,,https://www.nobelprize.org/uploads/2018/06/advanced-physicsprize2005-1.pdf,nobel_physics/text/2005_scientific-background_2.txt,45313
180,nobel_physics,2005,summary,,,https://www.nobelprize.org/prizes/physics/2005/summary/,nobel_physics/text/2005_summary.txt,732
181,nobel_physics,2006,advanced-information,,,https://www.nobelprize.org/prizes/physics/2006/advanced-information/,nobel_physics/text/2006_advanced-information.txt,282
182,nobel_physics,2006,popular-information-pdf,,,https://www.nobelprize.org/uploads/2018/06/popular-physicsprize2006.pdf,nobel_physics/text/2006_popular-information-pdf.txt,15870
183,nobel_physics,2006,popular-information-pdf,,,https://www.nobelprize.org/uploads/2018/06/popular-physicsprize2006-1.pdf,nobel_physics/text/2006_popular-information-pdf_2.txt,15870
184,nobel_physics,2006,popular-information-pdf,,,https://www.nobelprize.org/uploads/2018/06/popular-physicsprize2006-sv.pdf,nobel_physics/text/2006_popular-information-pdf_3.txt,15878
185,nobel_physics,2006,popular-information,,,https://www.nobelprize.org/prizes/physics/2006/popular-information/,nobel_physics/text/2006_popular-information.txt,15653
186,nobel_physics,2006,press-release,,,https://www.nobelprize.org/prizes/physics/2006/press-release/,nobel_physics/text/2006_press-release.txt,4505
187,nobel_physics,2006,scientific-background,,,https://www.nobelprize.org/uploads/2018/06/advanced-physicsprize2006.pdf,nobel_physics/text/2006_scientific-background.txt,19677
188,nobel_physics,2006,scientific-background,,,https://www.nobelprize.org/uploads/2018/06/advanced-physicsprize2006-1.pdf,nobel_physics/text/2006_scientific-background_2.txt,19677
189,nobel_physics,2006,summary,,,https://www.nobelprize.org/prizes/physics/2006/summary/,nobel_physics/text/2006_summary.txt,521
190,nobel_physics,2007,advanced-information,,,https://www.nobelprize.org/prizes/physics/2007/advanced-information/,nobel_physics/text/2007_advanced-information.txt,273
191,nobel_physics,2007,popular-information-pdf,,,https://www.nobelprize.org/uploads/2013/06/popular-physicsprize2007.pdf,nobel_physics/text/2007_popular-information-pdf.txt,18077
192,nobel_physics,2007,popular-information-pdf,,,https://www.nobelprize.org/uploads/2018/06/popular-physicsprize2007-sv.pdf,nobel_physics/text/2007_popular-information-pdf_2.txt,17313
193,nobel_physics,2007,popular-information-pdf,,,https://www.nobelprize.org/uploads/2018/06/popular-physicsprize2007-ty.pdf,nobel_physics/text/2007_popular-information-pdf_3.txt,20097
194,nobel_physics,2007,popular-information-pdf,,,https://www.nobelprize.org/uploads/2018/06/popular-physicsprize2007-fr.pdf,nobel_physics/text/2007_popular-information-pdf_4.txt,19258
195,nobel_physics,2007,popular-information,,,https://www.nobelprize.org/prizes/physics/2007/popular-information/,nobel_physics/text/2007_popular-information.txt,17928
196,nobel_physics,2007,press-release,,,https://www.nobelprize.org/prizes/physics/2007/press-release/,nobel_physics/text/2007_press-release.txt,4010
197,nobel_physics,2007,scientific-background,,,https://www.nobelprize.org/uploads/2018/06/advanced-physicsprize2007-1.pdf,nobel_physics/text/2007_scientific-background.txt,45066
198,nobel_physics,2007,scientific-background,,,https://www.nobelprize.org/uploads/2018/06/advanced-physicsprize2007.pdf,nobel_physics/text/2007_scientific-background_2.txt,45066
199,nobel_physics,2007,summary,,,https://www.nobelprize.org/prizes/physics/2007/summary/,nobel_physics/text/2007_summary.txt,503
200,nobel_physics,2008,advanced-information,,,https://www.nobelprize.org/prizes/physics/2008/advanced-information/,nobel_physics/text/2008_advanced-information.txt,299
201,nobel_physics,2008,popular-information-pdf,,,https://www.nobelprize.org/uploads/2018/06/popular-physicsprize2008.pdf,nobel_physics/text/2008_popular-information-pdf.txt,24591
202,nobel_physics,2008,popular-information-pdf,,,https://www.nobelprize.org/uploads/2018/06/popular-physicsprize2008-1.pdf,nobel_physics/text/2008_popular-information-pdf_2.txt,24591
203,nobel_physics,2008,popular-information-pdf,,,https://www.nobelprize.org/uploads/2018/06/popular-physicsprize2008-sv.pdf,nobel_physics/text/2008_popular-information-pdf_3.txt,22902
204,nobel_physics,2008,popular-information,,,https://www.nobelprize.org/prizes/physics/2008/popular-information/,nobel_physics/text/2008_popular-information.txt,23022
205,nobel_physics,2008,press-release,,,https://www.nobelprize.org/prizes/physics/2008/press-release/,nobel_physics/text/2008_press-release.txt,4790
206,nobel_physics,2008,scientific-background,,,https://www.nobelprize.org/uploads/2018/06/advanced-physicsprize2008.pdf,nobel_physics/text/2008_scientific-background.txt,56353
207,nobel_physics,2008,scientific-background,,,https://www.nobelprize.org/uploads/2018/06/advanced-physicsprize2008-1.pdf,nobel_physics/text/2008_scientific-background_2.txt,56353
208,nobel_physics,2008,summary,,,https://www.nobelprize.org/prizes/physics/2008/summary/,nobel_physics/text/2008_summary.txt,857
209,nobel_physics,2009,advanced-information,,,https://www.nobelprize.org/prizes/physics/2009/advanced-information/,nobel_physics/text/2009_advanced-information.txt,316
210,nobel_physics,2009,popular-information-pdf,,,https://www.nobelprize.org/uploads/2018/06/popular-physicsprize2009.pdf,nobel_physics/text/2009_popular-information-pdf.txt,24896
211,nobel_physics,2009,popular-information-pdf,,,https://www.nobelprize.org/uploads/2018/06/popular-physicsprize2009-1.pdf,nobel_physics/text/2009_popular-information-pdf_2.txt,24896
212,nobel_physics,2009,popular-information-pdf,,,https://www.nobelprize.org/uploads/2018/06/popular-physicsprize2009-sv.pdf,nobel_physics/text/2009_popular-information-pdf_3.txt,22627
213,nobel_physics,2009,popular-information,,,https://www.nobelprize.org/prizes/physics/2009/popular-information/,nobel_physics/text/2009_popular-information.txt,23308
214,nobel_physics,2009,press-release,,,https://www.nobelprize.org/prizes/physics/2009/press-release/,nobel_physics/text/2009_press-release.txt,5187
215,nobel_physics,2009,scientific-background,,,https://www.nobelprize.org/uploads/2018/06/advanced-physicsprize2009.pdf,nobel_physics/text/2009_scientific-background.txt,36782
216,nobel_physics,2009,scientific-background,,,https://www.nobelprize.org/uploads/2018/06/advanced-physicsprize2009-1.pdf,nobel_physics/text/2009_scientific-background_2.txt,36782
217,nobel_physics,2009,summary,,,https://www.nobelprize.org/prizes/physics/2009/summary/,nobel_physics/text/2009_summary.txt,827
218,nobel_physics,2010,advanced-information,,,https://www.nobelprize.org/prizes/physics/2010/advanced-information/,nobel_physics/text/2010_advanced-information.txt,268
219,nobel_physics,2010,popular-information-pdf,,,https://www.nobelprize.org/uploads/2018/06/popular-physicsprize2010.pdf,nobel_physics/text/2010_popular-information-pdf.txt,14965
220,nobel_physics,2010,popular-information-pdf,,,https://www.nobelprize.org/uploads/2018/06/popular-physicsprize2010-1.pdf,nobel_physics/text/2010_popular-information-pdf_2.txt,14965
221,nobel_physics,2010,popular-information-pdf,,,https://www.nobelprize.org/uploads/2018/06/popular-physicsprize2010-sv.pdf,nobel_physics/text/2010_popular-information-pdf_3.txt,13939
222,nobel_physics,2010,popular-information,,,https://www.nobelprize.org/prizes/physics/2010/popular-information/,nobel_physics/text/2010_popular-information.txt,14028
223,nobel_physics,2010,press-release-pdf,,,https://www.nobelprize.org/uploads/2018/06/press-9.pdf,nobel_physics/text/2010_press-release-pdf.txt,4573
224,nobel_physics,2010,press-release-pdf,,,https://www.nobelprize.org/uploads/2018/06/press_sv-9.pdf,nobel_physics/text/2010_press-release-pdf_2.txt,4293
225,nobel_physics,2010,press-release,,,https://www.nobelprize.org/prizes/physics/2010/press-release/,nobel_physics/text/2010_press-release.txt,4700
226,nobel_physics,2010,scientific-background,,,https://www.nobelprize.org/uploads/2018/06/advanced-physicsprize2010.pdf,nobel_physics/text/2010_scientific-background.txt,23624
227,nobel_physics,2010,scientific-background,,,https://www.nobelprize.org/uploads/2018/06/advanced-physicsprize2010-1.pdf,nobel_physics/text/2010_scientific-background_2.txt,23624
228,nobel_physics,2010,summary,,,https://www.nobelprize.org/prizes/physics/2010/summary/,nobel_physics/text/2010_summary.txt,576
229,nobel_physics,2011,advanced-information,,,https://www.nobelprize.org/prizes/physics/2011/advanced-information/,nobel_physics/text/2011_advanced-information.txt,267
230,nobel_physics,2011,popular-information-pdf,,,https://www.nobelprize.org/uploads/2019/05/popular-physicsprize2011.pdf,nobel_physics/text/2011_popular-information-pdf.txt,21120
231,nobel_physics,2011,popular-information-pdf,,,https://www.nobelprize.org/uploads/2019/05/popular-physicsprize2011-sv.pdf,nobel_physics/text/2011_popular-information-pdf_2.txt,20309
232,nobel_physics,2011,popular-information,,,https://www.nobelprize.org/prizes/physics/2011/popular-information/,nobel_physics/text/2011_popular-information.txt,20469
233,nobel_physics,2011,press-release-pdf,,,https://www.nobelprize.org/uploads/2018/06/press-14.pdf,nobel_physics/text/2011_press-release-pdf.txt,4897
234,nobel_physics,2011,press-release-pdf,,,https://www.nobelprize.org/uploads/2018/06/press_sv-14.pdf,nobel_physics/text/2011_press-release-pdf_2.txt,4760
235,nobel_physics,2011,press-release,,,https://www.nobelprize.org/prizes/physics/2011/press-release/,nobel_physics/text/2011_press-release.txt,5050
236,nobel_physics,2011,scientific-background,,,https://www.nobelprize.org/uploads/2018/06/advanced-physicsprize2011.pdf,nobel_physics/text/2011_scientific-background.txt,40879
237,nobel_physics,2011,scientific-background,,,https://www.nobelprize.org/uploads/2018/06/advanced-physicsprize2011-1.pdf,nobel_physics/text/2011_scientific-background_2.txt,40879
238,nobel_physics,2011,summary,,,https://www.nobelprize.org/prizes/physics/2011/summary/,nobel_physics/text/2011_summary.txt,714
239,nobel_physics,2012,advanced-information,,,https://www.nobelprize.org/prizes/physics/2012/advanced-information/,nobel_physics/text/2012_advanced-information.txt,303
240,nobel_physics,2012,popular-information-pdf,,,https://www.nobelprize.org/uploads/2018/06/popular-physicsprize2012.pdf,nobel_physics/text/2012_popular-information-pdf.txt,17610
241,nobel_physics,2012,popular-information-pdf,,,https://www.nobelprize.org/uploads/2018/06/popular-physicsprize2012-1.pdf,nobel_physics/text/2012_popular-information-pdf_2.txt,17610
242,nobel_physics,2012,popular-information-pdf,,,https://www.nobelprize.org/uploads/2018/06/popular-physicsprize2012-sv.pdf,nobel_physics/text/2012_popular-information-pdf_3.txt,16040
243,nobel_physics,2012,popular-information,,,https://www.nobelprize.org/prizes/physics/2012/popular-information/,nobel_physics/text/2012_popular-information.txt,16549
244,nobel_physics,2012,press-release-pdf,,,https://www.nobelprize.org/uploads/2018/06/press-18.pdf,nobel_physics/text/2012_press-release-pdf.txt,4251
245,nobel_physics,2012,press-release-pdf,,,https://www.nobelprize.org/uploads/2018/06/press_sv-17.pdf,nobel_physics/text/2012_press-release-pdf_2.txt,3936
246,nobel_physics,2012,press-release,,,https://www.nobelprize.org/prizes/physics/2012/press-release/,nobel_physics/text/2012_press-release.txt,4350
247,nobel_physics,2012,scientific-background,,,https://www.nobelprize.org/uploads/2018/06/advanced-physicsprize2012.pdf,nobel_physics/text/2012_scientific-background.txt,24764
248,nobel_physics,2012,scientific-background,,,https://www.nobelprize.org/uploads/2018/06/advanced-physicsprize2012_02.pdf,nobel_physics/text/2012_scientific-background_2.txt,24764
249,nobel_physics,2012,summary,,,https://www.nobelprize.org/prizes/physics/2012/summary/,nobel_physics/text/2012_summary.txt,572
250,nobel_physics,2013,advanced-information,,,https://www.nobelprize.org/prizes/physics/2013/advanced-information/,nobel_physics/text/2013_advanced-information.txt,309
251,nobel_physics,2013,popular-information-pdf,,,https://www.nobelprize.org/uploads/2018/06/popular-physicsprize2013.pdf,nobel_physics/text/2013_popular-information-pdf.txt,18676
252,nobel_physics,2013,popular-information-pdf,,,https://www.nobelprize.org/uploads/2018/06/popular-physicsprize2013-1.pdf,nobel_physics/text/2013_popular-information-pdf_2.txt,18676
253,nobel_physics,2013,popular-information-pdf,,,https://www.nobelprize.org/uploads/2018/06/popular-physicsprize2013-sv.pdf,nobel_physics/text/2013_popular-information-pdf_3.txt,17896
254,nobel_physics,2013,popular-information,,,https://www.nobelprize.org/prizes/physics/2013/popular-information/,nobel_physics/text/2013_popular-information.txt,18143
255,nobel_physics,2013,press-release-pdf,,,https://www.nobelprize.org/uploads/2018/06/press-21.pdf,nobel_physics/text/2013_press-release-pdf.txt,4182
256,nobel_physics,2013,press-release-pdf,,,https://www.nobelprize.org/uploads/2018/06/press_sv-20.pdf,nobel_physics/text/2013_press-release-pdf_2.txt,3977
257,nobel_physics,2013,press-release,,,https://www.nobelprize.org/prizes/physics/2013/press-release/,nobel_physics/text/2013_press-release.txt,4303
258,nobel_physics,2013,scientific-background,,,https://www.nobelprize.org/uploads/2018/06/advanced-physicsprize2013.pdf,nobel_physics/text/2013_scientific-background.txt,70225
259,nobel_physics,2013,scientific-background,,,https://www.nobelprize.org/uploads/2018/06/advanced-physicsprize2013-1.pdf,nobel_physics/text/2013_scientific-background_2.txt,70225
260,nobel_physics,2013,summary,,,https://www.nobelprize.org/prizes/physics/2013/summary/,nobel_physics/text/2013_summary.txt,735
261,nobel_physics,2014,advanced-information,,,https://www.nobelprize.org/prizes/physics/2014/advanced-information/,nobel_physics/text/2014_advanced-information.txt,341
262,nobel_physics,2014,popular-information-pdf,,,https://www.nobelprize.org/uploads/2018/06/popular-physicsprize2014.pdf,nobel_physics/text/2014_popular-information-pdf.txt,14055
263,nobel_physics,2014,popular-information-pdf,,,https://www.nobelprize.org/uploads/2018/06/popular-physicsprize2014-1.pdf,nobel_physics/text/2014_popular-information-pdf_2.txt,14055
264,nobel_physics,2014,popular-information-pdf,,,https://www.nobelprize.org/uploads/2018/06/popular-physicsprize2014_sv.pdf,nobel_physics/text/2014_popular-information-pdf_3.txt,13108
265,nobel_physics,2014,popular-information,,,https://www.nobelprize.org/prizes/physics/2014/popular-information/,nobel_physics/text/2014_popular-information.txt,12584
266,nobel_physics,2014,press-release-pdf,,,https://www.nobelprize.org/uploads/2018/06/press-25.pdf,nobel_physics/text/2014_press-release-pdf.txt,4449
267,nobel_physics,2014,press-release-pdf,,,https://www.nobelprize.org/uploads/2018/06/press_sv-24.pdf,nobel_physics/text/2014_press-release-pdf_2.txt,4195
268,nobel_physics,2014,press-release,,,https://www.nobelprize.org/prizes/physics/2014/press-release/,nobel_physics/text/2014_press-release.txt,4663
269,nobel_physics,2014,scientific-background,,,https://www.nobelprize.org/uploads/2018/06/advanced-physicsprize2014.pdf,nobel_physics/text/2014_scientific-background.txt,21087
270,nobel_physics,2014,scientific-background,,,https://www.nobelprize.org/uploads/2018/06/advanced-physicsprize2014-1.pdf,nobel_physics/text/2014_scientific-background_2.txt,21087
271,nobel_physics,2014,summary,,,https://www.nobelprize.org/prizes/physics/2014/summary/,nobel_physics/text/2014_summary.txt,669
272,nobel_physics,2015,advanced-information,,,https://www.nobelprize.org/prizes/physics/2015/advanced-information/,nobel_physics/text/2015_advanced-information.txt,260
273,nobel_physics,2015,popular-information-pdf,,,https://www.nobelprize.org/uploads/2018/06/popular-physicsprize2015.pdf,nobel_physics/text/2015_popular-information-pdf.txt,18249
274,nobel_physics,2015,popular-information-pdf,,,https://www.nobelprize.org/uploads/2018/06/popular-physicsprize2015-1.pdf,nobel_physics/text/2015_popular-information-pdf_2.txt,18249
275,nobel_physics,2015,popular-information-pdf,,,https://www.nobelprize.org/uploads/2018/06/popular-physicsprize2015-sv.pdf,nobel_physics/text/2015_popular-information-pdf_3.txt,17024
276,nobel_physics,2015,popular-information,,,https://www.nobelprize.org/prizes/physics/2015/popular-information/,nobel_physics/text/2015_popular-information.txt,17076
277,nobel_physics,2015,press-release-pdf,,,https://www.nobelprize.org/uploads/2018/06/press-30.pdf,nobel_physics/text/2015_press-release-pdf.txt,4608
278,nobel_physics,2015,press-release-pdf,,,https://www.nobelprize.org/uploads/2018/06/press_sv-28.pdf,nobel_physics/text/2015_press-release-pdf_2.txt,4237
279,nobel_physics,2015,press-release,,,https://www.nobelprize.org/prizes/physics/2015/press-release/,nobel_physics/text/2015_press-release.txt,4869
280,nobel_physics,2015,scientific-background,,,https://www.nobelprize.org/uploads/2017/09/advanced-physicsprize2015.pdf,nobel_physics/text/2015_scientific-background.txt,49066
281,nobel_physics,2015,summary,,,https://www.nobelprize.org/prizes/physics/2015/summary/,nobel_physics/text/2015_summary.txt,537
282,nobel_physics,2016,advanced-information,,,https://www.nobelprize.org/prizes/physics/2016/advanced-information/,nobel_physics/text/2016_advanced-information.txt,329
283,nobel_physics,2016,popular-information-pdf,,,https://www.nobelprize.org/uploads/2018/06/popular-physicsprize2016.pdf,nobel_physics/text/2016_popular-information-pdf.txt,15569
284,nobel_physics,2016,popular-information-pdf,,,https://www.nobelprize.org/uploads/2018/06/popular-physicsprize2016-1.pdf,nobel_physics/text/2016_popular-information-pdf_2.txt,15569
285,nobel_physics,2016,popular-information-pdf,,,https://www.nobelprize.org/uploads/2018/06/popular-physicsprize2016-sv.pdf,nobel_physics/text/2016_popular-information-pdf_3.txt,15075
286,nobel_physics,2016,popular-information,,,https://www.nobelprize.org/prizes/physics/2016/popular-information/,nobel_physics/text/2016_popular-information.txt,14982
287,nobel_physics,2016,press-release-pdf,,,https://www.nobelprize.org/uploads/2018/06/press-35.pdf,nobel_physics/text/2016_press-release-pdf.txt,4201
288,nobel_physics,2016,press-release-pdf,,,https://www.nobelprize.org/uploads/2018/06/press-sv-4.pdf,nobel_physics/text/2016_press-release-pdf_2.txt,4213
289,nobel_physics,2016,press-release,,,https://www.nobelprize.org/prizes/physics/2016/press-release/,nobel_physics/text/2016_press-release.txt,4604
290,nobel_physics,2016,scientific-background,,,https://www.nobelprize.org/uploads/2018/06/advanced-physicsprize2016.pdf,nobel_physics/text/2016_scientific-background.txt,54733
291,nobel_physics,2016,scientific-background,,,https://www.nobelprize.org/uploads/2018/06/advanced-physicsprize2016-1.pdf,nobel_physics/text/2016_scientific-background_2.txt,54733
292,nobel_physics,2016,summary,,,https://www.nobelprize.org/prizes/physics/2016/summary/,nobel_physics/text/2016_summary.txt,724
293,nobel_physics,2017,advanced-information,,,https://www.nobelprize.org/prizes/physics/2017/advanced-information/,nobel_physics/text/2017_advanced-information.txt,361
294,nobel_physics,2017,popular-information-pdf,,,https://www.nobelprize.org/uploads/2018/06/popular-physicsprize2017-1.pdf,nobel_physics/text/2017_popular-information-pdf.txt,22933
295,nobel_physics,2017,popular-information-pdf,,,https://www.nobelprize.org/uploads/2018/06/popular-physicsprize2017.pdf,nobel_physics/text/2017_popular-information-pdf_2.txt,22933
296,nobel_physics,2017,popular-information-pdf,,,https://www.nobelprize.org/uploads/2018/06/popular-physicsprize2017-sv.pdf,nobel_physics/text/2017_popular-information-pdf_3.txt,22826
297,nobel_physics,2017,popular-information,,,https://www.nobelprize.org/prizes/physics/2017/popular-information/,nobel_physics/text/2017_popular-information.txt,20682
298,nobel_physics,2017,press-release-pdf,,,https://www.nobelprize.org/uploads/2018/06/press-40.pdf,nobel_physics/text/2017_press-release-pdf.txt,4678
299,nobel_physics,2017,press-release-pdf,,,https://www.nobelprize.org/uploads/2018/06/press-sv-8.pdf,nobel_physics/text/2017_press-release-pdf_2.txt,4495
300,nobel_physics,2017,press-release,,,https://www.nobelprize.org/prizes/physics/2017/press-release/,nobel_physics/text/2017_press-release.txt,5077
301,nobel_physics,2017,scientific-background,,,https://www.nobelprize.org/uploads/2018/06/advanced-physicsprize2017.pdf,nobel_physics/text/2017_scientific-background.txt,54764
302,nobel_physics,2017,scientific-background,,,https://www.nobelprize.org/uploads/2018/06/advanced-physicsprize2017-1.pdf,nobel_physics/text/2017_scientific-background_2.txt,54764
303,nobel_physics,2017,summary,,,https://www.nobelprize.org/prizes/physics/2017/summary/,nobel_physics/text/2017_summary.txt,964
304,nobel_physics,2018,advanced-information,,,https://www.nobelprize.org/prizes/physics/2018/advanced-information/,nobel_physics/text/2018_advanced-information.txt,294
305,nobel_physics,2018,popular-information-pdf,,,https://www.nobelprize.org/uploads/2018/10/popular-physicsprize2018-sv.pdf,nobel_physics/text/2018_popular-information-pdf.txt,18295
306,nobel_physics,2018,popular-information-pdf,,,https://www.nobelprize.org/uploads/2018/10/popular-physicsprize2018.pdf,nobel_physics/text/2018_popular-information-pdf_2.txt,19301
307,nobel_physics,2018,popular-information,,,https://www.nobelprize.org/prizes/physics/2018/popular-information/,nobel_physics/text/2018_popular-information.txt,16507
308,nobel_physics,2018,press-release-pdf,,,https://www.nobelprize.org/uploads/2018/10/press-physics2018.pdf,nobel_physics/text/2018_press-release-pdf.txt,4186
309,nobel_physics,2018,press-release-pdf,,,https://www.nobelprize.org/uploads/2018/10/press-physics2018-sv.pdf,nobel_physics/text/2018_press-release-pdf_2.txt,4003
310,nobel_physics,2018,press-release,,,https://www.nobelprize.org/prizes/physics/2018/press-release/,nobel_physics/text/2018_press-release.txt,4823
311,nobel_physics,2018,scientific-background,,,https://www.nobelprize.org/uploads/2018/10/advanced-physicsprize2018.pdf,nobel_physics/text/2018_scientific-background.txt,41727
312,nobel_physics,2018,summary,,,https://www.nobelprize.org/prizes/physics/2018/summary/,nobel_physics/text/2018_summary.txt,1176
313,nobel_physics,2019,advanced-information,,,https://www.nobelprize.org/prizes/physics/2019/advanced-information/,nobel_physics/text/2019_advanced-information.txt,307
314,nobel_physics,2019,popular-information-pdf,,,https://www.nobelprize.org/uploads/2019/10/popular-physicsprize2019-2.pdf,nobel_physics/text/2019_popular-information-pdf.txt,24386
315,nobel_physics,2019,popular-information,,,https://www.nobelprize.org/prizes/physics/2019/popular-information/,nobel_physics/text/2019_popular-information.txt,21065
316,nobel_physics,2019,press-release-pdf,,,https://www.nobelprize.org/uploads/2019/10/press-physics2019.pdf,nobel_physics/text/2019_press-release-pdf.txt,4903
317,nobel_physics,2019,press-release,,,https://www.nobelprize.org/prizes/physics/2019/press-release/,nobel_physics/text/2019_press-release.txt,5509
318,nobel_physics,2019,scientific-background,,,https://www.nobelprize.org/uploads/2019/10/advanced-physicsprize2019-3.pdf,nobel_physics/text/2019_scientific-background.txt,63191
319,nobel_physics,2019,summary,,,https://www.nobelprize.org/prizes/physics/2019/summary/,nobel_physics/text/2019_summary.txt,1062
320,nobel_physics,2020,advanced-information,,,https://www.nobelprize.org/prizes/physics/2020/advanced-information/,nobel_physics/text/2020_advanced-information.txt,340
321,nobel_physics,2020,popular-information-pdf,,,https://www.nobelprize.org/uploads/2020/10/popular-physicsprize2020-1.pdf,nobel_physics/text/2020_popular-information-pdf.txt,21195
322,nobel_physics,2020,popular-information,,,https://www.nobelprize.org/prizes/physics/2020/popular-information/,nobel_physics/text/2020_popular-information.txt,18760
323,nobel_physics,2020,press-release-pdf,,,https://www.nobelprize.org/uploads/2020/10/press-physicsprize2020.pdf,nobel_physics/text/2020_press-release-pdf.txt,4888
324,nobel_physics,2020,press-release,,,https://www.nobelprize.org/prizes/physics/2020/press-release/,nobel_physics/text/2020_press-release.txt,5489
325,nobel_physics,2020,scientific-background,,,https://www.nobelprize.org/uploads/2020/10/advanced-physicsprize2020.pdf,nobel_physics/text/2020_scientific-background.txt,51651
326,nobel_physics,2020,summary,,,https://www.nobelprize.org/prizes/physics/2020/summary/,nobel_physics/text/2020_summary.txt,1084
327,nobel_physics,2021,advanced-information,,,https://www.nobelprize.org/prizes/physics/2021/advanced-information/,nobel_physics/text/2021_advanced-information.txt,331
328,nobel_physics,2021,other-pdf,,,https://www.nobelprize.org/uploads/2021/10/sciback_fy_en_21.pdf,nobel_physics/text/2021_other-pdf.txt,85851
329,nobel_physics,2021,popular-information-pdf,,,https://www.nobelprize.org/uploads/2021/10/popular-physicsprize2021-2.pdf,nobel_physics/text/2021_popular-information-pdf.txt,27063
330,nobel_physics,2021,popular-information,,,https://www.nobelprize.org/prizes/physics/2021/popular-information/,nobel_physics/text/2021_popular-information.txt,23341
331,nobel_physics,2021,press-release-pdf,,,https://www.nobelprize.org/uploads/2021/10/press-physicsprize2021.pdf,nobel_physics/text/2021_press-release-pdf.txt,4591
332,nobel_physics,2021,press-release,,,https://www.nobelprize.org/prizes/physics/2021/press-release/,nobel_physics/text/2021_press-release.txt,5291
333,nobel_physics,2021,summary,,,https://www.nobelprize.org/prizes/physics/2021/summary/,nobel_physics/text/2021_summary.txt,919
334,nobel_physics,2022,advanced-information,,,https://www.nobelprize.org/prizes/physics/2022/advanced-information/,nobel_physics/text/2022_advanced-information.txt,375
335,nobel_physics,2022,popular-information-pdf,,,https://www.nobelprize.org/uploads/2022/10/popular-physicsprize2022-3.pdf,nobel_physics/text/2022_popular-information-pdf.txt,17781
336,nobel_physics,2022,popular-information,,,https://www.nobelprize.org/prizes/physics/2022/popular-information/,nobel_physics/text/2022_popular-information.txt,17119
337,nobel_physics,2022,press-release-pdf,,,https://www.nobelprize.org/uploads/2022/10/press-physicsprize2022-2.pdf,nobel_physics/text/2022_press-release-pdf.txt,4630
338,nobel_physics,2022,press-release,,,https://www.nobelprize.org/prizes/physics/2022/press-release/,nobel_physics/text/2022_press-release.txt,5364
339,nobel_physics,2022,scientific-background,,,https://www.nobelprize.org/uploads/2026/05/advanced-physicsprize-2022-5.pdf,nobel_physics/text/2022_scientific-background.txt,48071
340,nobel_physics,2022,summary,,,https://www.nobelprize.org/prizes/physics/2022/summary/,nobel_physics/text/2022_summary.txt,688
341,nobel_physics,2023,advanced-information,,,https://www.nobelprize.org/prizes/physics/2023/advanced-information/,nobel_physics/text/2023_advanced-information.txt,359
342,nobel_physics,2023,popular-information-pdf,,,https://www.nobelprize.org/uploads/2023/11/popular-physicsprize2023-1.pdf,nobel_physics/text/2023_popular-information-pdf.txt,13473
343,nobel_physics,2023,popular-information,,,https://www.nobelprize.org/prizes/physics/2023/popular-information/,nobel_physics/text/2023_popular-information.txt,11772
344,nobel_physics,2023,press-release-pdf,,,https://www.nobelprize.org/uploads/2023/11/press-physicsprize2023-1.pdf,nobel_physics/text/2023_press-release-pdf.txt,4488
345,nobel_physics,2023,press-release,,,https://www.nobelprize.org/prizes/physics/2023/press-release/,nobel_physics/text/2023_press-release.txt,5221
346,nobel_physics,2023,scientific-background,,,https://www.nobelprize.org/uploads/2023/10/advanced-physicsprize2023-2.pdf,nobel_physics/text/2023_scientific-background.txt,27884
347,nobel_physics,2023,summary,,,https://www.nobelprize.org/prizes/physics/2023/summary/,nobel_physics/text/2023_summary.txt,669
348,nobel_physics,2024,advanced-information,,,https://www.nobelprize.org/prizes/physics/2024/advanced-information/,nobel_physics/text/2024_advanced-information.txt,396
349,nobel_physics,2024,popular-information-pdf,,,https://www.nobelprize.org/uploads/2024/11/popular-physicsprize2024-3.pdf,nobel_physics/text/2024_popular-information-pdf.txt,19517
350,nobel_physics,2024,popular-information,,,https://www.nobelprize.org/prizes/physics/2024/popular-information/,nobel_physics/text/2024_popular-information.txt,17501
351,nobel_physics,2024,press-release-pdf,,,https://www.nobelprize.org/uploads/2024/11/press-physicsprize2024-2.pdf,nobel_physics/text/2024_press-release-pdf.txt,4373
352,nobel_physics,2024,press-release,,,https://www.nobelprize.org/prizes/physics/2024/press-release/,nobel_physics/text/2024_press-release.txt,5038
353,nobel_physics,2024,scientific-background,,,https://www.nobelprize.org/uploads/2024/11/advanced-physicsprize2024-3.pdf,nobel_physics/text/2024_scientific-background.txt,24299
354,nobel_physics,2024,summary,,,https://www.nobelprize.org/prizes/physics/2024/summary/,nobel_physics/text/2024_summary.txt,564
355,nobel_physics,2025,advanced-information,,,https://www.nobelprize.org/prizes/physics/2025/advanced-information/,nobel_physics/text/2025_advanced-information.txt,312
356,nobel_physics,2025,popular-information-pdf,,,https://www.nobelprize.org/uploads/2025/12/popular-physicsprize2025-4.pdf,nobel_physics/text/2025_popular-information-pdf.txt,16608
357,nobel_physics,2025,popular-information,,,https://www.nobelprize.org/prizes/physics/2025/popular-information/,nobel_physics/text/2025_popular-information.txt,16774
358,nobel_physics,2025,press-release-pdf,,,https://www.nobelprize.org/uploads/2025/12/press-physicsprize2025-3.pdf,nobel_physics/text/2025_press-release-pdf.txt,4725
359,nobel_physics,2025,press-release,,,https://www.nobelprize.org/prizes/physics/2025/press-release/,nobel_physics/text/2025_press-release.txt,5293
360,nobel_physics,2025,scientific-background,,,https://www.nobelprize.org/uploads/2025/10/advanced-physicsprize2025.pdf,nobel_physics/text/2025_scientific-background.txt,24713
361,nobel_physics,2025,summary,,,https://www.nobelprize.org/prizes/physics/2025/summary/,nobel_physics/text/2025_summary.txt,687
362,nobel_physics,1901,biographical,Wilhelm Conrad Röntgen,,https://www.nobelprize.org/prizes/physics/1901/rontgen/biographical/,nobel_physics/text_laureate/1901_rontgen_biographical.txt,7356
363,nobel_physics,1901,facts,Wilhelm Conrad Röntgen,,https://www.nobelprize.org/prizes/physics/1901/rontgen/facts/,nobel_physics/text_laureate/1901_rontgen_facts.txt,1754
364,nobel_physics,1901,lecture,Wilhelm Conrad Röntgen,,https://www.nobelprize.org/prizes/physics/1901/rontgen/lecture/,nobel_physics/text_laureate/1901_rontgen_lecture.txt,260
365,nobel_physics,1902,biographical,Hendrik A. Lorentz,,https://www.nobelprize.org/prizes/physics/1902/lorentz/biographical/,nobel_physics/text_laureate/1902_lorentz_biographical.txt,6651
366,nobel_physics,1902,facts,Hendrik A. Lorentz,,https://www.nobelprize.org/prizes/physics/1902/lorentz/facts/,nobel_physics/text_laureate/1902_lorentz_facts.txt,1642
367,nobel_physics,1902,lecture,Hendrik A. Lorentz,,https://www.nobelprize.org/prizes/physics/1902/lorentz/lecture/,nobel_physics/text_laureate/1902_lorentz_lecture.txt,42719
368,nobel_physics,1902,biographical,Pieter Zeeman,,https://www.nobelprize.org/prizes/physics/1902/zeeman/biographical/,nobel_physics/text_laureate/1902_zeeman_biographical.txt,10096
369,nobel_physics,1902,facts,Pieter Zeeman,,https://www.nobelprize.org/prizes/physics/1902/zeeman/facts/,nobel_physics/text_laureate/1902_zeeman_facts.txt,1722
370,nobel_physics,1902,lecture,Pieter Zeeman,,https://www.nobelprize.org/prizes/physics/1902/zeeman/lecture/,nobel_physics/text_laureate/1902_zeeman_lecture.txt,21100
371,nobel_physics,1903,biographical,Henri Becquerel,,https://www.nobelprize.org/prizes/physics/1903/becquerel/biographical/,nobel_physics/text_laureate/1903_becquerel_biographical.txt,3618
372,nobel_physics,1903,facts,Henri Becquerel,,https://www.nobelprize.org/prizes/physics/1903/becquerel/facts/,nobel_physics/text_laureate/1903_becquerel_facts.txt,987
373,nobel_physics,1903,lecture,Henri Becquerel,,https://www.nobelprize.org/prizes/physics/1903/becquerel/lecture/,nobel_physics/text_laureate/1903_becquerel_lecture.txt,338
374,nobel_physics,1903,lecture-pdf,Henri Becquerel,,https://www.nobelprize.org/uploads/2018/06/becquerel-lecture.pdf,nobel_physics/text_laureate/1903_becquerel_lecture_pdf0.txt,49674
375,nobel_physics,1903,biographical,Marie Curie,,https://www.nobelprize.org/prizes/physics/1903/marie-curie/biographical/,nobel_physics/text_laureate/1903_marie-curie_biographical.txt,4285
376,nobel_physics,1903,facts,Marie Curie,,https://www.nobelprize.org/prizes/physics/1903/marie-curie/facts/,nobel_physics/text_laureate/1903_marie-curie_facts.txt,1821
377,nobel_physics,1903,lecture,Marie Curie,,https://www.nobelprize.org/prizes/physics/1903/marie-curie/lecture/,nobel_physics/text_laureate/1903_marie-curie_lecture.txt,330
378,nobel_physics,1903,biographical,Pierre Curie,,https://www.nobelprize.org/prizes/physics/1903/pierre-curie/biographical/,nobel_physics/text_laureate/1903_pierre-curie_biographical.txt,3383
379,nobel_physics,1903,facts,Pierre Curie,,https://www.nobelprize.org/prizes/physics/1903/pierre-curie/facts/,nobel_physics/text_laureate/1903_pierre-curie_facts.txt,1178
380,nobel_physics,1903,lecture,Pierre Curie,,https://www.nobelprize.org/prizes/physics/1903/pierre-curie/lecture/,nobel_physics/text_laureate/1903_pierre-curie_lecture.txt,349
381,nobel_physics,1903,lecture-pdf,Pierre Curie,,https://www.nobelprize.org/uploads/2018/06/pierre-curie-lecture.pdf,nobel_physics/text_laureate/1903_pierre-curie_lecture_pdf0.txt,14769
382,nobel_physics,1904,biographical,Lord Rayleigh,,https://www.nobelprize.org/prizes/physics/1904/strutt/biographical/,nobel_physics/text_laureate/1904_strutt_biographical.txt,5290
383,nobel_physics,1904,facts,Lord Rayleigh,,https://www.nobelprize.org/prizes/physics/1904/strutt/facts/,nobel_physics/text_laureate/1904_strutt_facts.txt,1183
384,nobel_physics,1904,lecture,Lord Rayleigh,,https://www.nobelprize.org/prizes/physics/1904/strutt/lecture/,nobel_physics/text_laureate/1904_strutt_lecture.txt,305
385,nobel_physics,1904,lecture-pdf,Lord Rayleigh,,https://www.nobelprize.org/uploads/2018/06/strutt-lecture.pdf,nobel_physics/text_laureate/1904_strutt_lecture_pdf0.txt,16501
386,nobel_physics,1905,biographical,Philipp Lenard,,https://www.nobelprize.org/prizes/physics/1905/lenard/biographical/,nobel_physics/text_laureate/1905_lenard_biographical.txt,8543
387,nobel_physics,1905,facts,Philipp Lenard,,https://www.nobelprize.org/prizes/physics/1905/lenard/facts/,nobel_physics/text_laureate/1905_lenard_facts.txt,957
388,nobel_physics,1905,lecture,Philipp Lenard,,https://www.nobelprize.org/prizes/physics/1905/lenard/lecture/,nobel_physics/text_laureate/1905_lenard_lecture.txt,258
389,nobel_physics,1905,lecture-pdf,Philipp Lenard,,https://www.nobelprize.org/uploads/2017/07/lenard-lecture2.pdf,nobel_physics/text_laureate/1905_lenard_lecture_pdf0.txt,75786
390,nobel_physics,1906,biographical,J.J. Thomson,,https://www.nobelprize.org/prizes/physics/1906/thomson/biographical/,nobel_physics/text_laureate/1906_thomson_biographical.txt,4233
391,nobel_physics,1906,facts,J.J. Thomson,,https://www.nobelprize.org/prizes/physics/1906/thomson/facts/,nobel_physics/text_laureate/1906_thomson_facts.txt,1129
392,nobel_physics,1906,lecture,J.J. Thomson,,https://www.nobelprize.org/prizes/physics/1906/thomson/lecture/,nobel_physics/text_laureate/1906_thomson_lecture.txt,313
393,nobel_physics,1906,lecture-pdf,J.J. Thomson,,https://www.nobelprize.org/uploads/2018/06/thomson-lecture.pdf,nobel_physics/text_laureate/1906_thomson_lecture_pdf0.txt,21193
394,nobel_physics,1907,biographical,Albert A. Michelson,,https://www.nobelprize.org/prizes/physics/1907/michelson/biographical/,nobel_physics/text_laureate/1907_michelson_biographical.txt,4515
395,nobel_physics,1907,facts,Albert A. Michelson,,https://www.nobelprize.org/prizes/physics/1907/michelson/facts/,nobel_physics/text_laureate/1907_michelson_facts.txt,1219
396,nobel_physics,1907,lecture,Albert A. Michelson,,https://www.nobelprize.org/prizes/physics/1907/michelson/lecture/,nobel_physics/text_laureate/1907_michelson_lecture.txt,315
397,nobel_physics,1907,lecture-pdf,Albert A. Michelson,,https://www.nobelprize.org/uploads/2018/06/michelson-lecture.pdf,nobel_physics/text_laureate/1907_michelson_lecture_pdf0.txt,23112
398,nobel_physics,1908,biographical,Gabriel Lippmann,,https://www.nobelprize.org/prizes/physics/1908/lippmann/biographical/,nobel_physics/text_laureate/1908_lippmann_biographical.txt,3810
399,nobel_physics,1908,facts,Gabriel Lippmann,,https://www.nobelprize.org/prizes/physics/1908/lippmann/facts/,nobel_physics/text_laureate/1908_lippmann_facts.txt,1100
400,nobel_physics,1908,lecture,Gabriel Lippmann,,https://www.nobelprize.org/prizes/physics/1908/lippmann/lecture/,nobel_physics/text_laureate/1908_lippmann_lecture.txt,5816
401,nobel_physics,1909,biographical,Ferdinand Braun,,https://www.nobelprize.org/prizes/physics/1909/braun/biographical/,nobel_physics/text_laureate/1909_braun_biographical.txt,3095
402,nobel_physics,1909,facts,Ferdinand Braun,,https://www.nobelprize.org/prizes/physics/1909/braun/facts/,nobel_physics/text_laureate/1909_braun_facts.txt,1620
403,nobel_physics,1909,lecture,Ferdinand Braun,,https://www.nobelprize.org/prizes/physics/1909/braun/lecture/,nobel_physics/text_laureate/1909_braun_lecture.txt,334
404,nobel_physics,1909,lecture-pdf,Ferdinand Braun,,https://www.nobelprize.org/uploads/2018/06/braun-lecture.pdf,nobel_physics/text_laureate/1909_braun_lecture_pdf0.txt,35106
405,nobel_physics,1909,biographical,Guglielmo Marconi,,https://www.nobelprize.org/prizes/physics/1909/marconi/biographical/,nobel_physics/text_laureate/1909_marconi_biographical.txt,6097
406,nobel_physics,1909,facts,Guglielmo Marconi,,https://www.nobelprize.org/prizes/physics/1909/marconi/facts/,nobel_physics/text_laureate/1909_marconi_facts.txt,1112
407,nobel_physics,1909,lecture,Guglielmo Marconi,,https://www.nobelprize.org/prizes/physics/1909/marconi/lecture/,nobel_physics/text_laureate/1909_marconi_lecture.txt,354
408,nobel_physics,1909,lecture-pdf,Guglielmo Marconi,,https://www.nobelprize.org/uploads/2018/06/marconi-lecture.pdf,nobel_physics/text_laureate/1909_marconi_lecture_pdf0.txt,42567
409,nobel_physics,1910,biographical,Johannes Diderik van der Waals,,https://www.nobelprize.org/prizes/physics/1910/waals/biographical/,nobel_physics/text_laureate/1910_waals_biographical.txt,7593
410,nobel_physics,1910,facts,Johannes Diderik van der Waals,,https://www.nobelprize.org/prizes/physics/1910/waals/facts/,nobel_physics/text_laureate/1910_waals_facts.txt,1733
411,nobel_physics,1910,lecture,Johannes Diderik van der Waals,,https://www.nobelprize.org/prizes/physics/1910/waals/lecture/,nobel_physics/text_laureate/1910_waals_lecture.txt,329
412,nobel_physics,1910,lecture-pdf,Johannes Diderik van der Waals,,https://www.nobelprize.org/uploads/2018/06/waals-lecture.pdf,nobel_physics/text_laureate/1910_waals_lecture_pdf0.txt,27704
413,nobel_physics,1911,biographical,Wilhelm Wien,,https://www.nobelprize.org/prizes/physics/1911/wien/biographical/,nobel_physics/text_laureate/1911_wien_biographical.txt,6450
414,nobel_physics,1911,facts,Wilhelm Wien,,https://www.nobelprize.org/prizes/physics/1911/wien/facts/,nobel_physics/text_laureate/1911_wien_facts.txt,1709
415,nobel_physics,1911,lecture,Wilhelm Wien,,https://www.nobelprize.org/prizes/physics/1911/wien/lecture/,nobel_physics/text_laureate/1911_wien_lecture.txt,31895
416,nobel_physics,1912,biographical,Gustaf Dalén,,https://www.nobelprize.org/prizes/physics/1912/dalen/biographical/,nobel_physics/text_laureate/1912_dalen_biographical.txt,4248
417,nobel_physics,1912,facts,Gustaf Dalén,,https://www.nobelprize.org/prizes/physics/1912/dalen/facts/,nobel_physics/text_laureate/1912_dalen_facts.txt,1624
418,nobel_physics,1912,lecture,Gustaf Dalén,,https://www.nobelprize.org/prizes/physics/1912/dalen/lecture/,nobel_physics/text_laureate/1912_dalen_lecture.txt,244
419,nobel_physics,1913,biographical,Heike Kamerlingh Onnes,,https://www.nobelprize.org/prizes/physics/1913/onnes/biographical/,nobel_physics/text_laureate/1913_onnes_biographical.txt,7269
420,nobel_physics,1913,facts,Heike Kamerlingh Onnes,,https://www.nobelprize.org/prizes/physics/1913/onnes/facts/,nobel_physics/text_laureate/1913_onnes_facts.txt,1752
421,nobel_physics,1913,lecture,Heike Kamerlingh Onnes,,https://www.nobelprize.org/prizes/physics/1913/onnes/lecture/,nobel_physics/text_laureate/1913_onnes_lecture.txt,446
422,nobel_physics,1913,lecture-pdf,Heike Kamerlingh Onnes,,https://www.nobelprize.org/uploads/2018/06/onnes-lecture.pdf,nobel_physics/text_laureate/1913_onnes_lecture_pdf0.txt,43331
423,nobel_physics,1914,biographical,Max von Laue,,https://www.nobelprize.org/prizes/physics/1914/laue/biographical/,nobel_physics/text_laureate/1914_laue_biographical.txt,10426
424,nobel_physics,1914,facts,Max von Laue,,https://www.nobelprize.org/prizes/physics/1914/laue/facts/,nobel_physics/text_laureate/1914_laue_facts.txt,1607
425,nobel_physics,1914,lecture,Max von Laue,,https://www.nobelprize.org/prizes/physics/1914/laue/lecture/,nobel_physics/text_laureate/1914_laue_lecture.txt,311
426,nobel_physics,1914,lecture-pdf,Max von Laue,,https://www.nobelprize.org/uploads/2018/06/laue-lecture.pdf,nobel_physics/text_laureate/1914_laue_lecture_pdf0.txt,22991
427,nobel_physics,1915,biographical,William Bragg,,https://www.nobelprize.org/prizes/physics/1915/wh-bragg/biographical/,nobel_physics/text_laureate/1915_wh-bragg_biographical.txt,3385
428,nobel_physics,1915,facts,William Bragg,,https://www.nobelprize.org/prizes/physics/1915/wh-bragg/facts/,nobel_physics/text_laureate/1915_wh-bragg_facts.txt,1622
429,nobel_physics,1915,lecture,William Bragg,,https://www.nobelprize.org/prizes/physics/1915/wh-bragg/lecture/,nobel_physics/text_laureate/1915_wh-bragg_lecture.txt,215
430,nobel_physics,1915,biographical,Lawrence Bragg,,https://www.nobelprize.org/prizes/physics/1915/wl-bragg/biographical/,nobel_physics/text_laureate/1915_wl-bragg_biographical.txt,4213
431,nobel_physics,1915,facts,Lawrence Bragg,,https://www.nobelprize.org/prizes/physics/1915/wl-bragg/facts/,nobel_physics/text_laureate/1915_wl-bragg_facts.txt,1666
432,nobel_physics,1915,lecture,Lawrence Bragg,,https://www.nobelprize.org/prizes/physics/1915/wl-bragg/lecture/,nobel_physics/text_laureate/1915_wl-bragg_lecture.txt,307
433,nobel_physics,1915,lecture-pdf,Lawrence Bragg,,https://www.nobelprize.org/uploads/2018/06/wl-bragg-lecture.pdf,nobel_physics/text_laureate/1915_wl-bragg_lecture_pdf0.txt,27948
434,nobel_physics,1917,biographical,Charles Glover Barkla,,https://www.nobelprize.org/prizes/physics/1917/barkla/biographical/,nobel_physics/text_laureate/1917_barkla_biographical.txt,3560
435,nobel_physics,1917,facts,Charles Glover Barkla,,https://www.nobelprize.org/prizes/physics/1917/barkla/facts/,nobel_physics/text_laureate/1917_barkla_facts.txt,1635
436,nobel_physics,1917,lecture,Charles Glover Barkla,,https://www.nobelprize.org/prizes/physics/1917/barkla/lecture/,nobel_physics/text_laureate/1917_barkla_lecture.txt,317
437,nobel_physics,1917,lecture-pdf,Charles Glover Barkla,,https://www.nobelprize.org/uploads/2018/06/barkla-lecture.pdf,nobel_physics/text_laureate/1917_barkla_lecture_pdf0.txt,20074
438,nobel_physics,1918,biographical,Max Planck,,https://www.nobelprize.org/prizes/physics/1918/planck/biographical/,nobel_physics/text_laureate/1918_planck_biographical.txt,4549
439,nobel_physics,1918,facts,Max Planck,,https://www.nobelprize.org/prizes/physics/1918/planck/facts/,nobel_physics/text_laureate/1918_planck_facts.txt,1736
440,nobel_physics,1918,lecture,Max Planck,,https://www.nobelprize.org/prizes/physics/1918/planck/lecture/,nobel_physics/text_laureate/1918_planck_lecture.txt,31928
441,nobel_physics,1919,biographical,Johannes Stark,,https://www.nobelprize.org/prizes/physics/1919/stark/biographical/,nobel_physics/text_laureate/1919_stark_biographical.txt,3428
442,nobel_physics,1919,facts,Johannes Stark,,https://www.nobelprize.org/prizes/physics/1919/stark/facts/,nobel_physics/text_laureate/1919_stark_facts.txt,1718
443,nobel_physics,1919,lecture,Johannes Stark,,https://www.nobelprize.org/prizes/physics/1919/stark/lecture/,nobel_physics/text_laureate/1919_stark_lecture.txt,24018
444,nobel_physics,1920,biographical,Charles Edouard Guillaume,,https://www.nobelprize.org/prizes/physics/1920/guillaume/biographical/,nobel_physics/text_laureate/1920_guillaume_biographical.txt,3945
445,nobel_physics,1920,facts,Charles Edouard Guillaume,,https://www.nobelprize.org/prizes/physics/1920/guillaume/facts/,nobel_physics/text_laureate/1920_guillaume_facts.txt,1252
446,nobel_physics,1920,lecture,Charles Edouard Guillaume,,https://www.nobelprize.org/prizes/physics/1920/guillaume/lecture/,nobel_physics/text_laureate/1920_guillaume_lecture.txt,283
447,nobel_physics,1920,lecture-pdf,Charles Edouard Guillaume,,https://www.nobelprize.org/uploads/2018/06/guillaume-lecture.pdf,nobel_physics/text_laureate/1920_guillaume_lecture_pdf0.txt,66681
448,nobel_physics,1921,biographical,Albert Einstein,,https://www.nobelprize.org/prizes/physics/1921/einstein/biographical/,nobel_physics/text_laureate/1921_einstein_biographical.txt,5435
449,nobel_physics,1921,facts,Albert Einstein,,https://www.nobelprize.org/prizes/physics/1921/einstein/facts/,nobel_physics/text_laureate/1921_einstein_facts.txt,1871
450,nobel_physics,1921,lecture,Albert Einstein,,https://www.nobelprize.org/prizes/physics/1921/einstein/lecture/,nobel_physics/text_laureate/1921_einstein_lecture.txt,475
451,nobel_physics,1921,lecture-pdf,Albert Einstein,,https://www.nobelprize.org/uploads/2018/06/einstein-lecture.pdf,nobel_physics/text_laureate/1921_einstein_lecture_pdf0.txt,23079
452,nobel_physics,1921,lecture-pdf,Albert Einstein,,https://www.nobelprize.org/uploads/2018/06/einstein-lecture_ge.pdf,nobel_physics/text_laureate/1921_einstein_lecture_pdf1.txt,24501
453,nobel_physics,1922,biographical,Niels Bohr,,https://www.nobelprize.org/prizes/physics/1922/bohr/biographical/,nobel_physics/text_laureate/1922_bohr_biographical.txt,8250
454,nobel_physics,1922,facts,Niels Bohr,,https://www.nobelprize.org/prizes/physics/1922/bohr/facts/,nobel_physics/text_laureate/1922_bohr_facts.txt,1671
455,nobel_physics,1922,lecture,Niels Bohr,,https://www.nobelprize.org/prizes/physics/1922/bohr/lecture/,nobel_physics/text_laureate/1922_bohr_lecture.txt,295
456,nobel_physics,1922,lecture-pdf,Niels Bohr,,https://www.nobelprize.org/uploads/2018/06/bohr-lecture.pdf,nobel_physics/text_laureate/1922_bohr_lecture_pdf0.txt,82312
457,nobel_physics,1923,biographical,Robert A. Millikan,,https://www.nobelprize.org/prizes/physics/1923/millikan/biographical/,nobel_physics/text_laureate/1923_millikan_biographical.txt,6037
458,nobel_physics,1923,facts,Robert A. Millikan,,https://www.nobelprize.org/prizes/physics/1923/millikan/facts/,nobel_physics/text_laureate/1923_millikan_facts.txt,1620
459,nobel_physics,1923,lecture,Robert A. Millikan,,https://www.nobelprize.org/prizes/physics/1923/millikan/lecture/,nobel_physics/text_laureate/1923_millikan_lecture.txt,347
460,nobel_physics,1923,lecture-pdf,Robert A. Millikan,,https://www.nobelprize.org/uploads/2018/06/millikan-lecture.pdf,nobel_physics/text_laureate/1923_millikan_lecture_pdf0.txt,27347
461,nobel_physics,1924,biographical,Manne Siegbahn,,https://www.nobelprize.org/prizes/physics/1924/siegbahn/biographical/,nobel_physics/text_laureate/1924_siegbahn_biographical.txt,6120
462,nobel_physics,1924,facts,Manne Siegbahn,,https://www.nobelprize.org/prizes/physics/1924/siegbahn/facts/,nobel_physics/text_laureate/1924_siegbahn_facts.txt,1588
463,nobel_physics,1924,lecture,Manne Siegbahn,,https://www.nobelprize.org/prizes/physics/1924/siegbahn/lecture/,nobel_physics/text_laureate/1924_siegbahn_lecture.txt,302
464,nobel_physics,1924,lecture-pdf,Manne Siegbahn,,https://www.nobelprize.org/uploads/2018/06/siegbahn-lecture.pdf,nobel_physics/text_laureate/1924_siegbahn_lecture_pdf0.txt,16616
465,nobel_physics,1925,biographical,James Franck,,https://www.nobelprize.org/prizes/physics/1925/franck/biographical/,nobel_physics/text_laureate/1925_franck_biographical.txt,6356
466,nobel_physics,1925,facts,James Franck,,https://www.nobelprize.org/prizes/physics/1925/franck/facts/,nobel_physics/text_laureate/1925_franck_facts.txt,1212
467,nobel_physics,1925,lecture,James Franck,,https://www.nobelprize.org/prizes/physics/1925/franck/lecture/,nobel_physics/text_laureate/1925_franck_lecture.txt,348
468,nobel_physics,1925,lecture-pdf,James Franck,,https://www.nobelprize.org/uploads/2018/06/franck-lecture.pdf,nobel_physics/text_laureate/1925_franck_lecture_pdf0.txt,22571
469,nobel_physics,1925,biographical,Gustav Hertz,,https://www.nobelprize.org/prizes/physics/1925/hertz/biographical/,nobel_physics/text_laureate/1925_hertz_biographical.txt,3761
470,nobel_physics,1925,facts,Gustav Hertz,,https://www.nobelprize.org/prizes/physics/1925/hertz/facts/,nobel_physics/text_laureate/1925_hertz_facts.txt,1172
471,nobel_physics,1925,lecture,Gustav Hertz,,https://www.nobelprize.org/prizes/physics/1925/hertz/lecture/,nobel_physics/text_laureate/1925_hertz_lecture.txt,299
472,nobel_physics,1925,lecture-pdf,Gustav Hertz,,https://www.nobelprize.org/uploads/2018/06/hertz-lecture.pdf,nobel_physics/text_laureate/1925_hertz_lecture_pdf0.txt,32722
473,nobel_physics,1926,biographical,Jean Baptiste Perrin,,https://www.nobelprize.org/prizes/physics/1926/perrin/biographical/,nobel_physics/text_laureate/1926_perrin_biographical.txt,4449
474,nobel_physics,1926,facts,Jean Baptiste Perrin,,https://www.nobelprize.org/prizes/physics/1926/perrin/facts/,nobel_physics/text_laureate/1926_perrin_facts.txt,1147
475,nobel_physics,1926,lecture,Jean Baptiste Perrin,,https://www.nobelprize.org/prizes/physics/1926/perrin/lecture/,nobel_physics/text_laureate/1926_perrin_lecture.txt,68947
476,nobel_physics,1927,biographical,Arthur H. Compton,,https://www.nobelprize.org/prizes/physics/1927/compton/biographical/,nobel_physics/text_laureate/1927_compton_biographical.txt,6449
477,nobel_physics,1927,facts,Arthur H. Compton,,https://www.nobelprize.org/prizes/physics/1927/compton/facts/,nobel_physics/text_laureate/1927_compton_facts.txt,1106
478,nobel_physics,1927,lecture,Arthur H. Compton,,https://www.nobelprize.org/prizes/physics/1927/compton/lecture/,nobel_physics/text_laureate/1927_compton_lecture.txt,314
479,nobel_physics,1927,lecture-pdf,Arthur H. Compton,,https://www.nobelprize.org/uploads/2018/06/compton-lecture.pdf,nobel_physics/text_laureate/1927_compton_lecture_pdf0.txt,31480
480,nobel_physics,1927,biographical,C.T.R. Wilson,,https://www.nobelprize.org/prizes/physics/1927/wilson/biographical/,nobel_physics/text_laureate/1927_wilson_biographical.txt,7168
481,nobel_physics,1927,facts,C.T.R. Wilson,,https://www.nobelprize.org/prizes/physics/1927/wilson/facts/,nobel_physics/text_laureate/1927_wilson_facts.txt,1686
482,nobel_physics,1927,lecture,C.T.R. Wilson,,https://www.nobelprize.org/prizes/physics/1927/wilson/lecture/,nobel_physics/text_laureate/1927_wilson_lecture.txt,350
483,nobel_physics,1927,lecture-pdf,C.T.R. Wilson,,https://www.nobelprize.org/uploads/2018/06/wilson-lecture.pdf,nobel_physics/text_laureate/1927_wilson_lecture_pdf0.txt,41266
484,nobel_physics,1928,biographical,Owen Willans Richardson,,https://www.nobelprize.org/prizes/physics/1928/richardson/biographical/,nobel_physics/text_laureate/1928_richardson_biographical.txt,3352
485,nobel_physics,1928,facts,Owen Willans Richardson,,https://www.nobelprize.org/prizes/physics/1928/richardson/facts/,nobel_physics/text_laureate/1928_richardson_facts.txt,1258
486,nobel_physics,1928,lecture,Owen Willans Richardson,,https://www.nobelprize.org/prizes/physics/1928/richardson/lecture/,nobel_physics/text_laureate/1928_richardson_lecture.txt,322
487,nobel_physics,1928,lecture-pdf,Owen Willans Richardson,,https://www.nobelprize.org/uploads/2018/06/richardson-lecture.pdf,nobel_physics/text_laureate/1928_richardson_lecture_pdf0.txt,32483
488,nobel_physics,1929,biographical,Louis de Broglie,,https://www.nobelprize.org/prizes/physics/1929/broglie/biographical/,nobel_physics/text_laureate/1929_broglie_biographical.txt,6497
489,nobel_physics,1929,facts,Louis de Broglie,,https://www.nobelprize.org/prizes/physics/1929/broglie/facts/,nobel_physics/text_laureate/1929_broglie_facts.txt,1167
490,nobel_physics,1929,lecture,Louis de Broglie,,https://www.nobelprize.org/prizes/physics/1929/broglie/lecture/,nobel_physics/text_laureate/1929_broglie_lecture.txt,322
491,nobel_physics,1929,lecture-pdf,Louis de Broglie,,https://www.nobelprize.org/uploads/2016/04/broglie-lecture.pdf,nobel_physics/text_laureate/1929_broglie_lecture_pdf0.txt,26658
492,nobel_physics,1930,biographical,Sir Chandrasekhara Venkata Raman,,https://www.nobelprize.org/prizes/physics/1930/raman/biographical/,nobel_physics/text_laureate/1930_raman_biographical.txt,3935
493,nobel_physics,1930,facts,Sir Chandrasekhara Venkata Raman,,https://www.nobelprize.org/prizes/physics/1930/raman/facts/,nobel_physics/text_laureate/1930_raman_facts.txt,1112
494,nobel_physics,1930,lecture,Sir Chandrasekhara Venkata Raman,,https://www.nobelprize.org/prizes/physics/1930/raman/lecture/,nobel_physics/text_laureate/1930_raman_lecture.txt,265
495,nobel_physics,1930,lecture-pdf,Sir Chandrasekhara Venkata Raman,,https://www.nobelprize.org/uploads/2018/06/raman-lecture.pdf,nobel_physics/text_laureate/1930_raman_lecture_pdf0.txt,20870
496,nobel_physics,1932,biographical,Werner Heisenberg,,https://www.nobelprize.org/prizes/physics/1932/heisenberg/biographical/,nobel_physics/text_laureate/1932_heisenberg_biographical.txt,6073
497,nobel_physics,1932,facts,Werner Heisenberg,,https://www.nobelprize.org/prizes/physics/1932/heisenberg/facts/,nobel_physics/text_laureate/1932_heisenberg_facts.txt,1251
498,nobel_physics,1932,lecture,Werner Heisenberg,,https://www.nobelprize.org/prizes/physics/1932/heisenberg/lecture/,nobel_physics/text_laureate/1932_heisenberg_lecture.txt,289
499,nobel_physics,1932,lecture-pdf,Werner Heisenberg,,https://www.nobelprize.org/uploads/2018/06/heisenberg-lecture.pdf,nobel_physics/text_laureate/1932_heisenberg_lecture_pdf0.txt,30494
500,nobel_physics,1933,biographical,Paul A.M. Dirac,,https://www.nobelprize.org/prizes/physics/1933/dirac/biographical/,nobel_physics/text_laureate/1933_dirac_biographical.txt,3136
501,nobel_physics,1933,facts,Paul A.M. Dirac,,https://www.nobelprize.org/prizes/physics/1933/dirac/facts/,nobel_physics/text_laureate/1933_dirac_facts.txt,1091
502,nobel_physics,1933,lecture,Paul A.M. Dirac,,https://www.nobelprize.org/prizes/physics/1933/dirac/lecture/,nobel_physics/text_laureate/1933_dirac_lecture.txt,322
503,nobel_physics,1933,lecture-pdf,Paul A.M. Dirac,,https://www.nobelprize.org/uploads/2018/06/dirac-lecture.pdf,nobel_physics/text_laureate/1933_dirac_lecture_pdf0.txt,12774
504,nobel_physics,1933,biographical,Erwin Schrödinger,,https://www.nobelprize.org/prizes/physics/1933/schrodinger/biographical/,nobel_physics/text_laureate/1933_schrodinger_biographical.txt,5188
505,nobel_physics,1933,facts,Erwin Schrödinger,,https://www.nobelprize.org/prizes/physics/1933/schrodinger/facts/,nobel_physics/text_laureate/1933_schrodinger_facts.txt,1625
506,nobel_physics,1933,lecture,Erwin Schrödinger,,https://www.nobelprize.org/prizes/physics/1933/schrodinger/lecture/,nobel_physics/text_laureate/1933_schrodinger_lecture.txt,343
507,nobel_physics,1933,lecture-pdf,Erwin Schrödinger,,https://www.nobelprize.org/uploads/2017/07/schrodinger-lecture.pdf,nobel_physics/text_laureate/1933_schrodinger_lecture_pdf0.txt,26567
508,nobel_physics,1935,biographical,James Chadwick,,https://www.nobelprize.org/prizes/physics/1935/chadwick/biographical/,nobel_physics/text_laureate/1935_chadwick_biographical.txt,4575
509,nobel_physics,1935,facts,James Chadwick,,https://www.nobelprize.org/prizes/physics/1935/chadwick/facts/,nobel_physics/text_laureate/1935_chadwick_facts.txt,993
510,nobel_physics,1935,lecture,James Chadwick,,https://www.nobelprize.org/prizes/physics/1935/chadwick/lecture/,nobel_physics/text_laureate/1935_chadwick_lecture.txt,247
511,nobel_physics,1935,lecture-pdf,James Chadwick,,https://www.nobelprize.org/uploads/2018/06/chadwick-lecture.pdf,nobel_physics/text_laureate/1935_chadwick_lecture_pdf0.txt,20709
512,nobel_physics,1936,biographical,Carl D. Anderson,,https://www.nobelprize.org/prizes/physics/1936/anderson/biographical/,nobel_physics/text_laureate/1936_anderson_biographical.txt,2466
513,nobel_physics,1936,facts,Carl D. Anderson,,https://www.nobelprize.org/prizes/physics/1936/anderson/facts/,nobel_physics/text_laureate/1936_anderson_facts.txt,1043
514,nobel_physics,1936,lecture,Carl D. Anderson,,https://www.nobelprize.org/prizes/physics/1936/anderson/lecture/,nobel_physics/text_laureate/1936_anderson_lecture.txt,329
515,nobel_physics,1936,lecture-pdf,Carl D. Anderson,,https://www.nobelprize.org/uploads/2018/06/anderson-lecture.pdf,nobel_physics/text_laureate/1936_anderson_lecture_pdf0.txt,18280
516,nobel_physics,1936,biographical,Victor F. Hess,,https://www.nobelprize.org/prizes/physics/1936/hess/biographical/,nobel_physics/text_laureate/1936_hess_biographical.txt,3482
517,nobel_physics,1936,facts,Victor F. Hess,,https://www.nobelprize.org/prizes/physics/1936/hess/facts/,nobel_physics/text_laureate/1936_hess_facts.txt,1012
518,nobel_physics,1936,lecture,Victor F. Hess,,https://www.nobelprize.org/prizes/physics/1936/hess/lecture/,nobel_physics/text_laureate/1936_hess_lecture.txt,6364
519,nobel_physics,1937,biographical,Clinton Davisson,,https://www.nobelprize.org/prizes/physics/1937/davisson/biographical/,nobel_physics/text_laureate/1937_davisson_biographical.txt,4502
520,nobel_physics,1937,facts,Clinton Davisson,,https://www.nobelprize.org/prizes/physics/1937/davisson/facts/,nobel_physics/text_laureate/1937_davisson_facts.txt,1105
521,nobel_physics,1937,lecture,Clinton Davisson,,https://www.nobelprize.org/prizes/physics/1937/davisson/lecture/,nobel_physics/text_laureate/1937_davisson_lecture.txt,272
522,nobel_physics,1937,lecture-pdf,Clinton Davisson,,https://www.nobelprize.org/uploads/2018/06/davisson-lecture.pdf,nobel_physics/text_laureate/1937_davisson_lecture_pdf0.txt,15657
523,nobel_physics,1937,biographical,George Paget Thomson,,https://www.nobelprize.org/prizes/physics/1937/thomson/biographical/,nobel_physics/text_laureate/1937_thomson_biographical.txt,4873
524,nobel_physics,1937,facts,George Paget Thomson,,https://www.nobelprize.org/prizes/physics/1937/thomson/facts/,nobel_physics/text_laureate/1937_thomson_facts.txt,1083
525,nobel_physics,1937,lecture,George Paget Thomson,,https://www.nobelprize.org/prizes/physics/1937/thomson/lecture/,nobel_physics/text_laureate/1937_thomson_lecture.txt,17758
526,nobel_physics,1938,biographical,Enrico Fermi,,https://www.nobelprize.org/prizes/physics/1938/fermi/biographical/,nobel_physics/text_laureate/1938_fermi_biographical.txt,6962
527,nobel_physics,1938,facts,Enrico Fermi,,https://www.nobelprize.org/prizes/physics/1938/fermi/facts/,nobel_physics/text_laureate/1938_fermi_facts.txt,1114
528,nobel_physics,1938,lecture,Enrico Fermi,,https://www.nobelprize.org/prizes/physics/1938/fermi/lecture/,nobel_physics/text_laureate/1938_fermi_lecture.txt,360
529,nobel_physics,1938,lecture-pdf,Enrico Fermi,,https://www.nobelprize.org/uploads/2018/06/fermi-lecture.pdf,nobel_physics/text_laureate/1938_fermi_lecture_pdf0.txt,19630
530,nobel_physics,1939,biographical,Ernest Lawrence,,https://www.nobelprize.org/prizes/physics/1939/lawrence/biographical/,nobel_physics/text_laureate/1939_lawrence_biographical.txt,4183
531,nobel_physics,1939,facts,Ernest Lawrence,,https://www.nobelprize.org/prizes/physics/1939/lawrence/facts/,nobel_physics/text_laureate/1939_lawrence_facts.txt,1193
532,nobel_physics,1939,lecture,Ernest Lawrence,,https://www.nobelprize.org/prizes/physics/1939/lawrence/lecture/,nobel_physics/text_laureate/1939_lawrence_lecture.txt,287
533,nobel_physics,1939,lecture-pdf,Ernest Lawrence,,https://www.nobelprize.org/uploads/2018/06/lawrence-lecture.pdf,nobel_physics/text_laureate/1939_lawrence_lecture_pdf0.txt,16123
534,nobel_physics,1943,biographical,Otto Stern,,https://www.nobelprize.org/prizes/physics/1943/stern/biographical/,nobel_physics/text_laureate/1943_stern_biographical.txt,2724
535,nobel_physics,1943,facts,Otto Stern,,https://www.nobelprize.org/prizes/physics/1943/stern/facts/,nobel_physics/text_laureate/1943_stern_facts.txt,1154
536,nobel_physics,1943,lecture,Otto Stern,,https://www.nobelprize.org/prizes/physics/1943/stern/lecture/,nobel_physics/text_laureate/1943_stern_lecture.txt,228
537,nobel_physics,1943,lecture-pdf,Otto Stern,,https://www.nobelprize.org/uploads/2018/06/stern-lecture.pdf,nobel_physics/text_laureate/1943_stern_lecture_pdf0.txt,18715
538,nobel_physics,1944,biographical,Isidor Isaac Rabi,,https://www.nobelprize.org/prizes/physics/1944/rabi/biographical/,nobel_physics/text_laureate/1944_rabi_biographical.txt,3884
539,nobel_physics,1944,facts,Isidor Isaac Rabi,,https://www.nobelprize.org/prizes/physics/1944/rabi/facts/,nobel_physics/text_laureate/1944_rabi_facts.txt,1564
540,nobel_physics,1944,lecture,Isidor Isaac Rabi,,https://www.nobelprize.org/prizes/physics/1944/rabi/lecture/,nobel_physics/text_laureate/1944_rabi_lecture.txt,216
541,nobel_physics,1945,biographical,Wolfgang Pauli,,https://www.nobelprize.org/prizes/physics/1945/pauli/biographical/,nobel_physics/text_laureate/1945_pauli_biographical.txt,3066
542,nobel_physics,1945,facts,Wolfgang Pauli,,https://www.nobelprize.org/prizes/physics/1945/pauli/facts/,nobel_physics/text_laureate/1945_pauli_facts.txt,1079
543,nobel_physics,1945,lecture,Wolfgang Pauli,,https://www.nobelprize.org/prizes/physics/1945/pauli/lecture/,nobel_physics/text_laureate/1945_pauli_lecture.txt,277
544,nobel_physics,1945,lecture-pdf,Wolfgang Pauli,,https://www.nobelprize.org/uploads/2018/06/pauli-lecture.pdf,nobel_physics/text_laureate/1945_pauli_lecture_pdf0.txt,46455
545,nobel_physics,1946,biographical,Percy W. Bridgman,,https://www.nobelprize.org/prizes/physics/1946/bridgman/biographical/,nobel_physics/text_laureate/1946_bridgman_biographical.txt,3422
546,nobel_physics,1946,facts,Percy W. Bridgman,,https://www.nobelprize.org/prizes/physics/1946/bridgman/facts/,nobel_physics/text_laureate/1946_bridgman_facts.txt,1174
547,nobel_physics,1946,lecture,Percy W. Bridgman,,https://www.nobelprize.org/prizes/physics/1946/bridgman/lecture/,nobel_physics/text_laureate/1946_bridgman_lecture.txt,307
548,nobel_physics,1946,lecture-pdf,Percy W. Bridgman,,https://www.nobelprize.org/uploads/2018/06/bridgman-lecture.pdf,nobel_physics/text_laureate/1946_bridgman_lecture_pdf0.txt,34270
549,nobel_physics,1947,biographical,Edward V. Appleton,,https://www.nobelprize.org/prizes/physics/1947/appleton/biographical/,nobel_physics/text_laureate/1947_appleton_biographical.txt,6676
550,nobel_physics,1947,facts,Edward V. Appleton,,https://www.nobelprize.org/prizes/physics/1947/appleton/facts/,nobel_physics/text_laureate/1947_appleton_facts.txt,1323
551,nobel_physics,1947,lecture,Edward V. Appleton,,https://www.nobelprize.org/prizes/physics/1947/appleton/lecture/,nobel_physics/text_laureate/1947_appleton_lecture.txt,252
552,nobel_physics,1947,lecture-pdf,Edward V. Appleton,,https://www.nobelprize.org/uploads/2017/01/appleton-lecture-new.pdf,nobel_physics/text_laureate/1947_appleton_lecture_pdf0.txt,15126
553,nobel_physics,1948,biographical,Patrick M.S. Blackett,,https://www.nobelprize.org/prizes/physics/1948/blackett/biographical/,nobel_physics/text_laureate/1948_blackett_biographical.txt,7181
554,nobel_physics,1948,facts,Patrick M.S. Blackett,,https://www.nobelprize.org/prizes/physics/1948/blackett/facts/,nobel_physics/text_laureate/1948_blackett_facts.txt,1260
555,nobel_physics,1948,lecture,Patrick M.S. Blackett,,https://www.nobelprize.org/prizes/physics/1948/blackett/lecture/,nobel_physics/text_laureate/1948_blackett_lecture.txt,283
556,nobel_physics,1948,lecture-pdf,Patrick M.S. Blackett,,https://www.nobelprize.org/uploads/2018/06/blackett-lecture.pdf,nobel_physics/text_laureate/1948_blackett_lecture_pdf0.txt,37641
557,nobel_physics,1949,biographical,Hideki Yukawa,,https://www.nobelprize.org/prizes/physics/1949/yukawa/biographical/,nobel_physics/text_laureate/1949_yukawa_biographical.txt,3373
558,nobel_physics,1949,facts,Hideki Yukawa,,https://www.nobelprize.org/prizes/physics/1949/yukawa/facts/,nobel_physics/text_laureate/1949_yukawa_facts.txt,1015
559,nobel_physics,1949,lecture,Hideki Yukawa,,https://www.nobelprize.org/prizes/physics/1949/yukawa/lecture/,nobel_physics/text_laureate/1949_yukawa_lecture.txt,267
560,nobel_physics,1949,lecture-pdf,Hideki Yukawa,,https://www.nobelprize.org/uploads/2018/06/yukawa-lecture.pdf,nobel_physics/text_laureate/1949_yukawa_lecture_pdf0.txt,15317
561,nobel_physics,1950,biographical,Cecil Powell,,https://www.nobelprize.org/prizes/physics/1950/powell/biographical/,nobel_physics/text_laureate/1950_powell_biographical.txt,4559
562,nobel_physics,1950,facts,Cecil Powell,,https://www.nobelprize.org/prizes/physics/1950/powell/facts/,nobel_physics/text_laureate/1950_powell_facts.txt,1163
563,nobel_physics,1950,lecture,Cecil Powell,,https://www.nobelprize.org/prizes/physics/1950/powell/lecture/,nobel_physics/text_laureate/1950_powell_lecture.txt,297
564,nobel_physics,1950,lecture-pdf,Cecil Powell,,https://www.nobelprize.org/uploads/2018/06/powell-lecture.pdf,nobel_physics/text_laureate/1950_powell_lecture_pdf0.txt,17202
565,nobel_physics,1951,biographical,John Cockcroft,,https://www.nobelprize.org/prizes/physics/1951/cockcroft/biographical/,nobel_physics/text_laureate/1951_cockcroft_biographical.txt,3227
566,nobel_physics,1951,facts,John Cockcroft,,https://www.nobelprize.org/prizes/physics/1951/cockcroft/facts/,nobel_physics/text_laureate/1951_cockcroft_facts.txt,1703
567,nobel_physics,1951,lecture,John Cockcroft,,https://www.nobelprize.org/prizes/physics/1951/cockcroft/lecture/,nobel_physics/text_laureate/1951_cockcroft_lecture.txt,312
568,nobel_physics,1951,lecture-pdf,John Cockcroft,,https://www.nobelprize.org/uploads/2018/06/cockcroft-lecture.pdf,nobel_physics/text_laureate/1951_cockcroft_lecture_pdf0.txt,16209
569,nobel_physics,1951,biographical,Ernest T.S. Walton,,https://www.nobelprize.org/prizes/physics/1951/walton/biographical/,nobel_physics/text_laureate/1951_walton_biographical.txt,3505
570,nobel_physics,1951,facts,Ernest T.S. Walton,,https://www.nobelprize.org/prizes/physics/1951/walton/facts/,nobel_physics/text_laureate/1951_walton_facts.txt,1624
571,nobel_physics,1951,lecture,Ernest T.S. Walton,,https://www.nobelprize.org/prizes/physics/1951/walton/lecture/,nobel_physics/text_laureate/1951_walton_lecture.txt,298
572,nobel_physics,1951,lecture-pdf,Ernest T.S. Walton,,https://www.nobelprize.org/uploads/2018/06/walton-lecture.pdf,nobel_physics/text_laureate/1951_walton_lecture_pdf0.txt,17134
573,nobel_physics,1952,biographical,Felix Bloch,,https://www.nobelprize.org/prizes/physics/1952/bloch/biographical/,nobel_physics/text_laureate/1952_bloch_biographical.txt,5216
574,nobel_physics,1952,facts,Felix Bloch,,https://www.nobelprize.org/prizes/physics/1952/bloch/facts/,nobel_physics/text_laureate/1952_bloch_facts.txt,1666
575,nobel_physics,1952,lecture,Felix Bloch,,https://www.nobelprize.org/prizes/physics/1952/bloch/lecture/,nobel_physics/text_laureate/1952_bloch_lecture.txt,299
576,nobel_physics,1952,lecture-pdf,Felix Bloch,,https://www.nobelprize.org/uploads/2018/06/bloch-lecture-1.pdf,nobel_physics/text_laureate/1952_bloch_lecture_pdf0.txt,30724
577,nobel_physics,1952,biographical,E. M. Purcell,,https://www.nobelprize.org/prizes/physics/1952/purcell/biographical/,nobel_physics/text_laureate/1952_purcell_biographical.txt,2971
578,nobel_physics,1952,facts,E. M. Purcell,,https://www.nobelprize.org/prizes/physics/1952/purcell/facts/,nobel_physics/text_laureate/1952_purcell_facts.txt,1610
579,nobel_physics,1952,lecture,E. M. Purcell,,https://www.nobelprize.org/prizes/physics/1952/purcell/lecture/,nobel_physics/text_laureate/1952_purcell_lecture.txt,292
580,nobel_physics,1952,lecture-pdf,E. M. Purcell,,https://www.nobelprize.org/uploads/2018/06/purcell-lecture.pdf,nobel_physics/text_laureate/1952_purcell_lecture_pdf0.txt,25092
581,nobel_physics,1953,biographical,Frits Zernike,,https://www.nobelprize.org/prizes/physics/1953/zernike/biographical/,nobel_physics/text_laureate/1953_zernike_biographical.txt,5656
582,nobel_physics,1953,facts,Frits Zernike,,https://www.nobelprize.org/prizes/physics/1953/zernike/facts/,nobel_physics/text_laureate/1953_zernike_facts.txt,1236
583,nobel_physics,1953,lecture,Frits Zernike,,https://www.nobelprize.org/prizes/physics/1953/zernike/lecture/,nobel_physics/text_laureate/1953_zernike_lecture.txt,284
584,nobel_physics,1953,lecture-pdf,Frits Zernike,,https://www.nobelprize.org/uploads/2018/06/zernike-lecture.pdf,nobel_physics/text_laureate/1953_zernike_lecture_pdf0.txt,20407
585,nobel_physics,1954,biographical,Max Born,,https://www.nobelprize.org/prizes/physics/1954/born/biographical/,nobel_physics/text_laureate/1954_born_biographical.txt,5676
586,nobel_physics,1954,facts,Max Born,,https://www.nobelprize.org/prizes/physics/1954/born/facts/,nobel_physics/text_laureate/1954_born_facts.txt,1844
587,nobel_physics,1954,lecture,Max Born,,https://www.nobelprize.org/prizes/physics/1954/born/lecture/,nobel_physics/text_laureate/1954_born_lecture.txt,344
588,nobel_physics,1954,lecture-pdf,Max Born,,https://www.nobelprize.org/uploads/2018/06/born-lecture.pdf,nobel_physics/text_laureate/1954_born_lecture_pdf0.txt,31230
589,nobel_physics,1954,biographical,Walther Bothe,,https://www.nobelprize.org/prizes/physics/1954/bothe/biographical/,nobel_physics/text_laureate/1954_bothe_biographical.txt,6836
590,nobel_physics,1954,facts,Walther Bothe,,https://www.nobelprize.org/prizes/physics/1954/bothe/facts/,nobel_physics/text_laureate/1954_bothe_facts.txt,1149
591,nobel_physics,1954,lecture,Walther Bothe,,https://www.nobelprize.org/prizes/physics/1954/bothe/lecture/,nobel_physics/text_laureate/1954_bothe_lecture.txt,14351
592,nobel_physics,1955,biographical,Polykarp Kusch,,https://www.nobelprize.org/prizes/physics/1955/kusch/biographical/,nobel_physics/text_laureate/1955_kusch_biographical.txt,3519
593,nobel_physics,1955,facts,Polykarp Kusch,,https://www.nobelprize.org/prizes/physics/1955/kusch/facts/,nobel_physics/text_laureate/1955_kusch_facts.txt,1169
594,nobel_physics,1955,lecture,Polykarp Kusch,,https://www.nobelprize.org/prizes/physics/1955/kusch/lecture/,nobel_physics/text_laureate/1955_kusch_lecture.txt,309
595,nobel_physics,1955,lecture-pdf,Polykarp Kusch,,https://www.nobelprize.org/uploads/2018/06/kusch-lecture.pdf,nobel_physics/text_laureate/1955_kusch_lecture_pdf0.txt,31210
596,nobel_physics,1955,biographical,Willis E. Lamb,,https://www.nobelprize.org/prizes/physics/1955/lamb/biographical/,nobel_physics/text_laureate/1955_lamb_biographical.txt,2814
597,nobel_physics,1955,facts,Willis E. Lamb,,https://www.nobelprize.org/prizes/physics/1955/lamb/facts/,nobel_physics/text_laureate/1955_lamb_facts.txt,1198
598,nobel_physics,1955,lecture,Willis E. Lamb,,https://www.nobelprize.org/prizes/physics/1955/lamb/lecture/,nobel_physics/text_laureate/1955_lamb_lecture.txt,328
599,nobel_physics,1955,lecture-pdf,Willis E. Lamb,,https://www.nobelprize.org/uploads/2018/06/lamb-lecture.pdf,nobel_physics/text_laureate/1955_lamb_lecture_pdf0.txt,17752
600,nobel_physics,1956,biographical,John Bardeen,,https://www.nobelprize.org/prizes/physics/1956/bardeen/biographical/,nobel_physics/text_laureate/1956_bardeen_biographical.txt,4829
601,nobel_physics,1956,facts,John Bardeen,,https://www.nobelprize.org/prizes/physics/1956/bardeen/facts/,nobel_physics/text_laureate/1956_bardeen_facts.txt,1151
602,nobel_physics,1956,lecture,John Bardeen,,https://www.nobelprize.org/prizes/physics/1956/bardeen/lecture/,nobel_physics/text_laureate/1956_bardeen_lecture.txt,373
603,nobel_physics,1956,lecture-pdf,John Bardeen,,https://www.nobelprize.org/uploads/2018/06/bardeen-lecture.pdf,nobel_physics/text_laureate/1956_bardeen_lecture_pdf0.txt,47444
604,nobel_physics,1956,biographical,Walter H. Brattain,,https://www.nobelprize.org/prizes/physics/1956/brattain/biographical/,nobel_physics/text_laureate/1956_brattain_biographical.txt,2932
605,nobel_physics,1956,facts,Walter H. Brattain,,https://www.nobelprize.org/prizes/physics/1956/brattain/facts/,nobel_physics/text_laureate/1956_brattain_facts.txt,1134
606,nobel_physics,1956,lecture,Walter H. Brattain,,https://www.nobelprize.org/prizes/physics/1956/brattain/lecture/,nobel_physics/text_laureate/1956_brattain_lecture.txt,310
607,nobel_physics,1956,lecture-pdf,Walter H. Brattain,,https://www.nobelprize.org/uploads/2018/06/brattain-lecture.pdf,nobel_physics/text_laureate/1956_brattain_lecture_pdf0.txt,18530
608,nobel_physics,1956,biographical,William B. Shockley,,https://www.nobelprize.org/prizes/physics/1956/shockley/biographical/,nobel_physics/text_laureate/1956_shockley_biographical.txt,4149
609,nobel_physics,1956,facts,William B. Shockley,,https://www.nobelprize.org/prizes/physics/1956/shockley/facts/,nobel_physics/text_laureate/1956_shockley_facts.txt,1194
610,nobel_physics,1956,lecture,William B. Shockley,,https://www.nobelprize.org/prizes/physics/1956/shockley/lecture/,nobel_physics/text_laureate/1956_shockley_lecture.txt,331
611,nobel_physics,1956,lecture-pdf,William B. Shockley,,https://www.nobelprize.org/uploads/2018/06/shockley-lecture.pdf,nobel_physics/text_laureate/1956_shockley_lecture_pdf0.txt,63657
612,nobel_physics,1957,biographical,Tsung-Dao Lee,,https://www.nobelprize.org/prizes/physics/1957/lee/biographical/,nobel_physics/text_laureate/1957_lee_biographical.txt,3569
613,nobel_physics,1957,facts,Tsung-Dao Lee,,https://www.nobelprize.org/prizes/physics/1957/lee/facts/,nobel_physics/text_laureate/1957_lee_facts.txt,1261
614,nobel_physics,1957,lecture,Tsung-Dao Lee,,https://www.nobelprize.org/prizes/physics/1957/lee/lecture/,nobel_physics/text_laureate/1957_lee_lecture.txt,332
615,nobel_physics,1957,lecture-pdf,Tsung-Dao Lee,,https://www.nobelprize.org/uploads/2018/06/lee-lecture.pdf,nobel_physics/text_laureate/1957_lee_lecture_pdf0.txt,21208
616,nobel_physics,1957,biographical,Chen Ning Yang,,https://www.nobelprize.org/prizes/physics/1957/yang/biographical/,nobel_physics/text_laureate/1957_yang_biographical.txt,3070
617,nobel_physics,1957,facts,Chen Ning Yang,,https://www.nobelprize.org/prizes/physics/1957/yang/facts/,nobel_physics/text_laureate/1957_yang_facts.txt,1251
618,nobel_physics,1957,lecture,Chen Ning Yang,,https://www.nobelprize.org/prizes/physics/1957/yang/lecture/,nobel_physics/text_laureate/1957_yang_lecture.txt,335
619,nobel_physics,1957,lecture-pdf,Chen Ning Yang,,https://www.nobelprize.org/uploads/2018/06/yang-lecture.pdf,nobel_physics/text_laureate/1957_yang_lecture_pdf0.txt,26005
620,nobel_physics,1958,biographical,Pavel A. Cherenkov,,https://www.nobelprize.org/prizes/physics/1958/cerenkov/biographical/,nobel_physics/text_laureate/1958_cerenkov_biographical.txt,2166
621,nobel_physics,1958,facts,Pavel A. Cherenkov,,https://www.nobelprize.org/prizes/physics/1958/cerenkov/facts/,nobel_physics/text_laureate/1958_cerenkov_facts.txt,1174
622,nobel_physics,1958,lecture,Pavel A. Cherenkov,,https://www.nobelprize.org/prizes/physics/1958/cerenkov/lecture/,nobel_physics/text_laureate/1958_cerenkov_lecture.txt,405
623,nobel_physics,1958,lecture-pdf,Pavel A. Cherenkov,,https://www.nobelprize.org/uploads/2018/06/cerenkov-lecture.pdf,nobel_physics/text_laureate/1958_cerenkov_lecture_pdf0.txt,42475
624,nobel_physics,1958,biographical,Il´ja M. Frank,,https://www.nobelprize.org/prizes/physics/1958/frank/biographical/,nobel_physics/text_laureate/1958_frank_biographical.txt,2195
625,nobel_physics,1958,facts,Il´ja M. Frank,,https://www.nobelprize.org/prizes/physics/1958/frank/facts/,nobel_physics/text_laureate/1958_frank_facts.txt,1243
626,nobel_physics,1958,lecture,Il´ja M. Frank,,https://www.nobelprize.org/prizes/physics/1958/frank/lecture/,nobel_physics/text_laureate/1958_frank_lecture.txt,304
627,nobel_physics,1958,lecture-pdf,Il´ja M. Frank,,https://www.nobelprize.org/uploads/2018/06/frank-lecture.pdf,nobel_physics/text_laureate/1958_frank_lecture_pdf0.txt,83366
628,nobel_physics,1958,biographical,Igor Y. Tamm,,https://www.nobelprize.org/prizes/physics/1958/tamm/biographical/,nobel_physics/text_laureate/1958_tamm_biographical.txt,2712
629,nobel_physics,1958,facts,Igor Y. Tamm,,https://www.nobelprize.org/prizes/physics/1958/tamm/facts/,nobel_physics/text_laureate/1958_tamm_facts.txt,1239
630,nobel_physics,1958,lecture,Igor Y. Tamm,,https://www.nobelprize.org/prizes/physics/1958/tamm/lecture/,nobel_physics/text_laureate/1958_tamm_lecture.txt,405
631,nobel_physics,1958,lecture-pdf,Igor Y. Tamm,,https://www.nobelprize.org/uploads/2018/06/tamm-lecture.pdf,nobel_physics/text_laureate/1958_tamm_lecture_pdf0.txt,40290
632,nobel_physics,1959,biographical,Owen Chamberlain,,https://www.nobelprize.org/prizes/physics/1959/chamberlain/biographical/,nobel_physics/text_laureate/1959_chamberlain_biographical.txt,3939
633,nobel_physics,1959,facts,Owen Chamberlain,,https://www.nobelprize.org/prizes/physics/1959/chamberlain/facts/,nobel_physics/text_laureate/1959_chamberlain_facts.txt,1144
634,nobel_physics,1959,lecture,Owen Chamberlain,,https://www.nobelprize.org/prizes/physics/1959/chamberlain/lecture/,nobel_physics/text_laureate/1959_chamberlain_lecture.txt,316
635,nobel_physics,1959,lecture-pdf,Owen Chamberlain,,https://www.nobelprize.org/uploads/2018/06/chamberlain-lecture.pdf,nobel_physics/text_laureate/1959_chamberlain_lecture_pdf0.txt,27416
636,nobel_physics,1959,biographical,Emilio Segrè,,https://www.nobelprize.org/prizes/physics/1959/segre/biographical/,nobel_physics/text_laureate/1959_segre_biographical.txt,4118
637,nobel_physics,1959,facts,Emilio Segrè,,https://www.nobelprize.org/prizes/physics/1959/segre/facts/,nobel_physics/text_laureate/1959_segre_facts.txt,1141
638,nobel_physics,1959,lecture,Emilio Segrè,,https://www.nobelprize.org/prizes/physics/1959/segre/lecture/,nobel_physics/text_laureate/1959_segre_lecture.txt,322
639,nobel_physics,1959,lecture-pdf,Emilio Segrè,,https://www.nobelprize.org/uploads/2018/06/segre-lecture.pdf,nobel_physics/text_laureate/1959_segre_lecture_pdf0.txt,23495
640,nobel_physics,1960,biographical,Donald A. Glaser,,https://www.nobelprize.org/prizes/physics/1960/glaser/biographical/,nobel_physics/text_laureate/1960_glaser_biographical.txt,7160
641,nobel_physics,1960,facts,Donald A. Glaser,,https://www.nobelprize.org/prizes/physics/1960/glaser/facts/,nobel_physics/text_laureate/1960_glaser_facts.txt,1738
642,nobel_physics,1960,lecture,Donald A. Glaser,,https://www.nobelprize.org/prizes/physics/1960/glaser/lecture/,nobel_physics/text_laureate/1960_glaser_lecture.txt,314
643,nobel_physics,1960,lecture-pdf,Donald A. Glaser,,https://www.nobelprize.org/uploads/2017/05/glaser-lecture.pdf,nobel_physics/text_laureate/1960_glaser_lecture_pdf0.txt,28850
644,nobel_physics,1961,biographical,Robert Hofstadter,,https://www.nobelprize.org/prizes/physics/1961/hofstadter/biographical/,nobel_physics/text_laureate/1961_hofstadter_biographical.txt,4331
645,nobel_physics,1961,facts,Robert Hofstadter,,https://www.nobelprize.org/prizes/physics/1961/hofstadter/facts/,nobel_physics/text_laureate/1961_hofstadter_facts.txt,1174
646,nobel_physics,1961,lecture,Robert Hofstadter,,https://www.nobelprize.org/prizes/physics/1961/hofstadter/lecture/,nobel_physics/text_laureate/1961_hofstadter_lecture.txt,369
647,nobel_physics,1961,lecture-pdf,Robert Hofstadter,,https://www.nobelprize.org/uploads/2018/06/hofstadter-lecture.pdf,nobel_physics/text_laureate/1961_hofstadter_lecture_pdf0.txt,52342
648,nobel_physics,1961,biographical,Rudolf Mössbauer,,https://www.nobelprize.org/prizes/physics/1961/mossbauer/biographical/,nobel_physics/text_laureate/1961_mossbauer_biographical.txt,5360
649,nobel_physics,1961,facts,Rudolf Mössbauer,,https://www.nobelprize.org/prizes/physics/1961/mossbauer/facts/,nobel_physics/text_laureate/1961_mossbauer_facts.txt,1302
650,nobel_physics,1961,lecture,Rudolf Mössbauer,,https://www.nobelprize.org/prizes/physics/1961/mossbauer/lecture/,nobel_physics/text_laureate/1961_mossbauer_lecture.txt,350
651,nobel_physics,1961,lecture-pdf,Rudolf Mössbauer,,https://www.nobelprize.org/uploads/2018/06/mossbauer-lecture.pdf,nobel_physics/text_laureate/1961_mossbauer_lecture_pdf0.txt,54089
652,nobel_physics,1962,biographical,Lev Landau,,https://www.nobelprize.org/prizes/physics/1962/landau/biographical/,nobel_physics/text_laureate/1962_landau_biographical.txt,2797
653,nobel_physics,1962,facts,Lev Landau,,https://www.nobelprize.org/prizes/physics/1962/landau/facts/,nobel_physics/text_laureate/1962_landau_facts.txt,1149
654,nobel_physics,1962,lecture,Lev Landau,,https://www.nobelprize.org/prizes/physics/1962/landau/lecture/,nobel_physics/text_laureate/1962_landau_lecture.txt,219
655,nobel_physics,1963,biographical,J. Hans D. Jensen,,https://www.nobelprize.org/prizes/physics/1963/jensen/biographical/,nobel_physics/text_laureate/1963_jensen_biographical.txt,2019
656,nobel_physics,1963,facts,J. Hans D. Jensen,,https://www.nobelprize.org/prizes/physics/1963/jensen/facts/,nobel_physics/text_laureate/1963_jensen_facts.txt,1156
657,nobel_physics,1963,lecture,J. Hans D. Jensen,,https://www.nobelprize.org/prizes/physics/1963/jensen/lecture/,nobel_physics/text_laureate/1963_jensen_lecture.txt,317
658,nobel_physics,1963,lecture-pdf,J. Hans D. Jensen,,https://www.nobelprize.org/uploads/2018/06/jensen-lecture.pdf,nobel_physics/text_laureate/1963_jensen_lecture_pdf0.txt,28036
659,nobel_physics,1963,biographical,Maria Goeppert Mayer,,https://www.nobelprize.org/prizes/physics/1963/mayer/biographical/,nobel_physics/text_laureate/1963_mayer_biographical.txt,4856
660,nobel_physics,1963,facts,Maria Goeppert Mayer,,https://www.nobelprize.org/prizes/physics/1963/mayer/facts/,nobel_physics/text_laureate/1963_mayer_facts.txt,1793
661,nobel_physics,1963,lecture,Maria Goeppert Mayer,,https://www.nobelprize.org/prizes/physics/1963/mayer/lecture/,nobel_physics/text_laureate/1963_mayer_lecture.txt,310
662,nobel_physics,1963,lecture-pdf,Maria Goeppert Mayer,,https://www.nobelprize.org/uploads/2018/06/mayer-lecture.pdf,nobel_physics/text_laureate/1963_mayer_lecture_pdf0.txt,47627
663,nobel_physics,1963,biographical,Eugene Wigner,,https://www.nobelprize.org/prizes/physics/1963/wigner/biographical/,nobel_physics/text_laureate/1963_wigner_biographical.txt,3240
664,nobel_physics,1963,facts,Eugene Wigner,,https://www.nobelprize.org/prizes/physics/1963/wigner/facts/,nobel_physics/text_laureate/1963_wigner_facts.txt,1315
665,nobel_physics,1963,lecture,Eugene Wigner,,https://www.nobelprize.org/prizes/physics/1963/wigner/lecture/,nobel_physics/text_laureate/1963_wigner_lecture.txt,352
666,nobel_physics,1963,lecture-pdf,Eugene Wigner,,https://www.nobelprize.org/uploads/2018/06/wigner-lecture.pdf,nobel_physics/text_laureate/1963_wigner_lecture_pdf0.txt,42372
667,nobel_physics,1964,biographical,Nicolay G. Basov,,https://www.nobelprize.org/prizes/physics/1964/basov/biographical/,nobel_physics/text_laureate/1964_basov_biographical.txt,9396
668,nobel_physics,1964,facts,Nicolay G. Basov,,https://www.nobelprize.org/prizes/physics/1964/basov/facts/,nobel_physics/text_laureate/1964_basov_facts.txt,1315
669,nobel_physics,1964,lecture,Nicolay G. Basov,,https://www.nobelprize.org/prizes/physics/1964/basov/lecture/,nobel_physics/text_laureate/1964_basov_lecture.txt,325
670,nobel_physics,1964,lecture-pdf,Nicolay G. Basov,,https://www.nobelprize.org/uploads/2018/06/basov-lecture.pdf,nobel_physics/text_laureate/1964_basov_lecture_pdf0.txt,35384
671,nobel_physics,1964,biographical,Aleksandr M. Prokhorov,,https://www.nobelprize.org/prizes/physics/1964/prokhorov/biographical/,nobel_physics/text_laureate/1964_prokhorov_biographical.txt,5442
672,nobel_physics,1964,facts,Aleksandr M. Prokhorov,,https://www.nobelprize.org/prizes/physics/1964/prokhorov/facts/,nobel_physics/text_laureate/1964_prokhorov_facts.txt,1291
673,nobel_physics,1964,lecture,Aleksandr M. Prokhorov,,https://www.nobelprize.org/prizes/physics/1964/prokhorov/lecture/,nobel_physics/text_laureate/1964_prokhorov_lecture.txt,300
674,nobel_physics,1964,lecture-pdf,Aleksandr M. Prokhorov,,https://www.nobelprize.org/uploads/2018/06/prokhorov-lecture.pdf,nobel_physics/text_laureate/1964_prokhorov_lecture_pdf0.txt,17169
675,nobel_physics,1964,biographical,Charles H. Townes,,https://www.nobelprize.org/prizes/physics/1964/townes/biographical/,nobel_physics/text_laureate/1964_townes_biographical.txt,6219
676,nobel_physics,1964,facts,Charles H. Townes,,https://www.nobelprize.org/prizes/physics/1964/townes/facts/,nobel_physics/text_laureate/1964_townes_facts.txt,1340
677,nobel_physics,1964,lecture,Charles H. Townes,,https://www.nobelprize.org/prizes/physics/1964/townes/lecture/,nobel_physics/text_laureate/1964_townes_lecture.txt,389
678,nobel_physics,1964,lecture-pdf,Charles H. Townes,,https://www.nobelprize.org/uploads/2018/06/townes-lecture.pdf,nobel_physics/text_laureate/1964_townes_lecture_pdf0.txt,92058
679,nobel_physics,1965,biographical,Richard P. Feynman,,https://www.nobelprize.org/prizes/physics/1965/feynman/biographical/,nobel_physics/text_laureate/1965_feynman_biographical.txt,1646
680,nobel_physics,1965,facts,Richard P. Feynman,,https://www.nobelprize.org/prizes/physics/1965/feynman/facts/,nobel_physics/text_laureate/1965_feynman_facts.txt,1174
681,nobel_physics,1965,lecture,Richard P. Feynman,,https://www.nobelprize.org/prizes/physics/1965/feynman/lecture/,nobel_physics/text_laureate/1965_feynman_lecture.txt,64673
682,nobel_physics,1965,biographical,Julian Schwinger,,https://www.nobelprize.org/prizes/physics/1965/schwinger/biographical/,nobel_physics/text_laureate/1965_schwinger_biographical.txt,4448
683,nobel_physics,1965,facts,Julian Schwinger,,https://www.nobelprize.org/prizes/physics/1965/schwinger/facts/,nobel_physics/text_laureate/1965_schwinger_facts.txt,1097
684,nobel_physics,1965,lecture,Julian Schwinger,,https://www.nobelprize.org/prizes/physics/1965/schwinger/lecture/,nobel_physics/text_laureate/1965_schwinger_lecture.txt,313
685,nobel_physics,1965,lecture-pdf,Julian Schwinger,,https://www.nobelprize.org/uploads/2018/06/schwinger-lecture.pdf,nobel_physics/text_laureate/1965_schwinger_lecture_pdf0.txt,44945
686,nobel_physics,1965,biographical,Sin-Itiro Tomonaga,,https://www.nobelprize.org/prizes/physics/1965/tomonaga/biographical/,nobel_physics/text_laureate/1965_tomonaga_biographical.txt,5499
687,nobel_physics,1965,facts,Sin-Itiro Tomonaga,,https://www.nobelprize.org/prizes/physics/1965/tomonaga/facts/,nobel_physics/text_laureate/1965_tomonaga_facts.txt,1197
688,nobel_physics,1965,lecture,Sin-Itiro Tomonaga,,https://www.nobelprize.org/prizes/physics/1965/tomonaga/lecture/,nobel_physics/text_laureate/1965_tomonaga_lecture.txt,29700
689,nobel_physics,1966,biographical,Alfred Kastler,,https://www.nobelprize.org/prizes/physics/1966/kastler/biographical/,nobel_physics/text_laureate/1966_kastler_biographical.txt,6373
690,nobel_physics,1966,facts,Alfred Kastler,,https://www.nobelprize.org/prizes/physics/1966/kastler/facts/,nobel_physics/text_laureate/1966_kastler_facts.txt,1135
691,nobel_physics,1966,lecture,Alfred Kastler,,https://www.nobelprize.org/prizes/physics/1966/kastler/lecture/,nobel_physics/text_laureate/1966_kastler_lecture.txt,304
692,nobel_physics,1966,lecture-pdf,Alfred Kastler,,https://www.nobelprize.org/uploads/2018/06/kastler-lecture.pdf,nobel_physics/text_laureate/1966_kastler_lecture_pdf0.txt,47165
693,nobel_physics,1967,biographical,Hans Bethe,,https://www.nobelprize.org/prizes/physics/1967/bethe/biographical/,nobel_physics/text_laureate/1967_bethe_biographical.txt,5015
694,nobel_physics,1967,facts,Hans Bethe,,https://www.nobelprize.org/prizes/physics/1967/bethe/facts/,nobel_physics/text_laureate/1967_bethe_facts.txt,1638
695,nobel_physics,1967,lecture,Hans Bethe,,https://www.nobelprize.org/prizes/physics/1967/bethe/lecture/,nobel_physics/text_laureate/1967_bethe_lecture.txt,292
696,nobel_physics,1967,lecture-pdf,Hans Bethe,,https://www.nobelprize.org/uploads/2018/06/bethe-lecture.pdf,nobel_physics/text_laureate/1967_bethe_lecture_pdf0.txt,49252
697,nobel_physics,1968,biographical,Luis Alvarez,,https://www.nobelprize.org/prizes/physics/1968/alvarez/biographical/,nobel_physics/text_laureate/1968_alvarez_biographical.txt,4768
698,nobel_physics,1968,facts,Luis Alvarez,,https://www.nobelprize.org/prizes/physics/1968/alvarez/facts/,nobel_physics/text_laureate/1968_alvarez_facts.txt,1269
699,nobel_physics,1968,lecture,Luis Alvarez,,https://www.nobelprize.org/prizes/physics/1968/alvarez/lecture/,nobel_physics/text_laureate/1968_alvarez_lecture.txt,278
700,nobel_physics,1968,lecture-pdf,Luis Alvarez,,https://www.nobelprize.org/uploads/2018/06/alvarez-lecture.pdf,nobel_physics/text_laureate/1968_alvarez_lecture_pdf0.txt,140429
701,nobel_physics,1969,biographical,Murray Gell-Mann,,https://www.nobelprize.org/prizes/physics/1969/gell-mann/biographical/,nobel_physics/text_laureate/1969_gell-mann_biographical.txt,4930
702,nobel_physics,1969,facts,Murray Gell-Mann,,https://www.nobelprize.org/prizes/physics/1969/gell-mann/facts/,nobel_physics/text_laureate/1969_gell-mann_facts.txt,1087
703,nobel_physics,1969,lecture,Murray Gell-Mann,,https://www.nobelprize.org/prizes/physics/1969/gell-mann/lecture/,nobel_physics/text_laureate/1969_gell-mann_lecture.txt,375
704,nobel_physics,1970,biographical,Hannes Alfvén,,https://www.nobelprize.org/prizes/physics/1970/alfven/biographical/,nobel_physics/text_laureate/1970_alfven_biographical.txt,1557
705,nobel_physics,1970,facts,Hannes Alfvén,,https://www.nobelprize.org/prizes/physics/1970/alfven/facts/,nobel_physics/text_laureate/1970_alfven_facts.txt,1187
706,nobel_physics,1970,lecture,Hannes Alfvén,,https://www.nobelprize.org/prizes/physics/1970/alfven/lecture/,nobel_physics/text_laureate/1970_alfven_lecture.txt,315
707,nobel_physics,1970,lecture-pdf,Hannes Alfvén,,https://www.nobelprize.org/uploads/2018/06/alfven-lecture.pdf,nobel_physics/text_laureate/1970_alfven_lecture_pdf0.txt,25201
708,nobel_physics,1970,biographical,Louis Néel,,https://www.nobelprize.org/prizes/physics/1970/neel/biographical/,nobel_physics/text_laureate/1970_neel_biographical.txt,4491
709,nobel_physics,1970,facts,Louis Néel,,https://www.nobelprize.org/prizes/physics/1970/neel/facts/,nobel_physics/text_laureate/1970_neel_facts.txt,1205
710,nobel_physics,1970,lecture,Louis Néel,,https://www.nobelprize.org/prizes/physics/1970/neel/lecture/,nobel_physics/text_laureate/1970_neel_lecture.txt,275
711,nobel_physics,1970,lecture-pdf,Louis Néel,,https://www.nobelprize.org/uploads/2018/06/neel-lecture.pdf,nobel_physics/text_laureate/1970_neel_lecture_pdf0.txt,15162
712,nobel_physics,1971,biographical,Dennis Gabor,,https://www.nobelprize.org/prizes/physics/1971/gabor/biographical/,nobel_physics/text_laureate/1971_gabor_biographical.txt,7358
713,nobel_physics,1971,facts,Dennis Gabor,,https://www.nobelprize.org/prizes/physics/1971/gabor/facts/,nobel_physics/text_laureate/1971_gabor_facts.txt,1065
714,nobel_physics,1971,lecture,Dennis Gabor,,https://www.nobelprize.org/prizes/physics/1971/gabor/lecture/,nobel_physics/text_laureate/1971_gabor_lecture.txt,241
715,nobel_physics,1971,lecture-pdf,Dennis Gabor,,https://www.nobelprize.org/uploads/2018/06/gabor-lecture.pdf,nobel_physics/text_laureate/1971_gabor_lecture_pdf0.txt,51778
716,nobel_physics,1971,lecture-pdf,Dennis Gabor,,https://www.nobelprize.org/uploads/2018/06/gabor-lecture-1.pdf,nobel_physics/text_laureate/1971_gabor_lecture_pdf1.txt,51778
717,nobel_physics,1972,biographical,Leon N. Cooper,,https://www.nobelprize.org/prizes/physics/1972/cooper/biographical/,nobel_physics/text_laureate/1972_cooper_biographical.txt,3428
718,nobel_physics,1972,facts,Leon N. Cooper,,https://www.nobelprize.org/prizes/physics/1972/cooper/facts/,nobel_physics/text_laureate/1972_cooper_facts.txt,1190
719,nobel_physics,1972,lecture,Leon N. Cooper,,https://www.nobelprize.org/prizes/physics/1972/cooper/lecture/,nobel_physics/text_laureate/1972_cooper_lecture.txt,379
720,nobel_physics,1972,lecture-pdf,Leon N. Cooper,,https://www.nobelprize.org/uploads/2018/06/cooper-lecture.pdf,nobel_physics/text_laureate/1972_cooper_lecture_pdf0.txt,41542
721,nobel_physics,1972,biographical,Robert Schrieffer,,https://www.nobelprize.org/prizes/physics/1972/schrieffer/biographical/,nobel_physics/text_laureate/1972_schrieffer_biographical.txt,3811
722,nobel_physics,1972,facts,Robert Schrieffer,,https://www.nobelprize.org/prizes/physics/1972/schrieffer/facts/,nobel_physics/text_laureate/1972_schrieffer_facts.txt,1183
723,nobel_physics,1972,lecture,Robert Schrieffer,,https://www.nobelprize.org/prizes/physics/1972/schrieffer/lecture/,nobel_physics/text_laureate/1972_schrieffer_lecture.txt,347
724,nobel_physics,1972,lecture-pdf,Robert Schrieffer,,https://www.nobelprize.org/uploads/2018/06/schrieffer-lecture.pdf,nobel_physics/text_laureate/1972_schrieffer_lecture_pdf0.txt,28187
725,nobel_physics,1973,biographical,Leo Esaki,,https://www.nobelprize.org/prizes/physics/1973/esaki/biographical/,nobel_physics/text_laureate/1973_esaki_biographical.txt,2934
726,nobel_physics,1973,facts,Leo Esaki,,https://www.nobelprize.org/prizes/physics/1973/esaki/facts/,nobel_physics/text_laureate/1973_esaki_facts.txt,1173
727,nobel_physics,1973,lecture,Leo Esaki,,https://www.nobelprize.org/prizes/physics/1973/esaki/lecture/,nobel_physics/text_laureate/1973_esaki_lecture.txt,316
728,nobel_physics,1973,lecture-pdf,Leo Esaki,,https://www.nobelprize.org/uploads/2018/06/esaki-lecture.pdf,nobel_physics/text_laureate/1973_esaki_lecture_pdf0.txt,31655
729,nobel_physics,1973,biographical,Ivar Giaever,,https://www.nobelprize.org/prizes/physics/1973/giaever/biographical/,nobel_physics/text_laureate/1973_giaever_biographical.txt,3527
730,nobel_physics,1973,facts,Ivar Giaever,,https://www.nobelprize.org/prizes/physics/1973/giaever/facts/,nobel_physics/text_laureate/1973_giaever_facts.txt,1200
731,nobel_physics,1973,lecture,Ivar Giaever,,https://www.nobelprize.org/prizes/physics/1973/giaever/lecture/,nobel_physics/text_laureate/1973_giaever_lecture.txt,324
732,nobel_physics,1973,lecture-pdf,Ivar Giaever,,https://www.nobelprize.org/uploads/2018/06/giaever-lecture.pdf,nobel_physics/text_laureate/1973_giaever_lecture_pdf0.txt,41321
733,nobel_physics,1973,biographical,Brian D. Josephson,,https://www.nobelprize.org/prizes/physics/1973/josephson/biographical/,nobel_physics/text_laureate/1973_josephson_biographical.txt,2031
734,nobel_physics,1973,facts,Brian D. Josephson,,https://www.nobelprize.org/prizes/physics/1973/josephson/facts/,nobel_physics/text_laureate/1973_josephson_facts.txt,1233
735,nobel_physics,1973,lecture,Brian D. Josephson,,https://www.nobelprize.org/prizes/physics/1973/josephson/lecture/,nobel_physics/text_laureate/1973_josephson_lecture.txt,302
736,nobel_physics,1973,lecture-pdf,Brian D. Josephson,,https://www.nobelprize.org/uploads/2018/06/josephson-lecture_new.pdf,nobel_physics/text_laureate/1973_josephson_lecture_pdf0.txt,18888
737,nobel_physics,1974,biographical,Antony Hewish,,https://www.nobelprize.org/prizes/physics/1974/hewish/biographical/,nobel_physics/text_laureate/1974_hewish_biographical.txt,6631
738,nobel_physics,1974,facts,Antony Hewish,,https://www.nobelprize.org/prizes/physics/1974/hewish/facts/,nobel_physics/text_laureate/1974_hewish_facts.txt,1200
739,nobel_physics,1974,lecture,Antony Hewish,,https://www.nobelprize.org/prizes/physics/1974/hewish/lecture/,nobel_physics/text_laureate/1974_hewish_lecture.txt,324
740,nobel_physics,1974,lecture-pdf,Antony Hewish,,https://www.nobelprize.org/uploads/2018/06/hewish-lecture.pdf,nobel_physics/text_laureate/1974_hewish_lecture_pdf0.txt,22277
741,nobel_physics,1974,biographical,Martin Ryle,,https://www.nobelprize.org/prizes/physics/1974/ryle/biographical/,nobel_physics/text_laureate/1974_ryle_biographical.txt,3385
742,nobel_physics,1974,facts,Martin Ryle,,https://www.nobelprize.org/prizes/physics/1974/ryle/facts/,nobel_physics/text_laureate/1974_ryle_facts.txt,1225
743,nobel_physics,1974,lecture,Martin Ryle,,https://www.nobelprize.org/prizes/physics/1974/ryle/lecture/,nobel_physics/text_laureate/1974_ryle_lecture.txt,286
744,nobel_physics,1974,lecture-pdf,Martin Ryle,,https://www.nobelprize.org/uploads/2018/06/ryle-lecture.pdf,nobel_physics/text_laureate/1974_ryle_lecture_pdf0.txt,35886
745,nobel_physics,1975,biographical,Aage N. Bohr,,https://www.nobelprize.org/prizes/physics/1975/bohr/biographical/,nobel_physics/text_laureate/1975_bohr_biographical.txt,5921
746,nobel_physics,1975,facts,Aage N. Bohr,,https://www.nobelprize.org/prizes/physics/1975/bohr/facts/,nobel_physics/text_laureate/1975_bohr_facts.txt,1271
747,nobel_physics,1975,lecture,Aage N. Bohr,,https://www.nobelprize.org/prizes/physics/1975/bohr/lecture/,nobel_physics/text_laureate/1975_bohr_lecture.txt,299
748,nobel_physics,1975,lecture-pdf,Aage N. Bohr,,https://www.nobelprize.org/uploads/2018/06/bohr-lecture-1.pdf,nobel_physics/text_laureate/1975_bohr_lecture_pdf0.txt,71993
749,nobel_physics,1975,biographical,Ben R. Mottelson,,https://www.nobelprize.org/prizes/physics/1975/mottelson/biographical/,nobel_physics/text_laureate/1975_mottelson_biographical.txt,3017
750,nobel_physics,1975,facts,Ben R. Mottelson,,https://www.nobelprize.org/prizes/physics/1975/mottelson/facts/,nobel_physics/text_laureate/1975_mottelson_facts.txt,1247
751,nobel_physics,1975,lecture,Ben R. Mottelson,,https://www.nobelprize.org/prizes/physics/1975/mottelson/lecture/,nobel_physics/text_laureate/1975_mottelson_lecture.txt,332
752,nobel_physics,1975,lecture-pdf,Ben R. Mottelson,,https://www.nobelprize.org/uploads/2018/06/mottelson-lecture.pdf,nobel_physics/text_laureate/1975_mottelson_lecture_pdf0.txt,65932
753,nobel_physics,1975,biographical,James Rainwater,,https://www.nobelprize.org/prizes/physics/1975/rainwater/biographical/,nobel_physics/text_laureate/1975_rainwater_biographical.txt,4664
754,nobel_physics,1975,facts,James Rainwater,,https://www.nobelprize.org/prizes/physics/1975/rainwater/facts/,nobel_physics/text_laureate/1975_rainwater_facts.txt,1243
755,nobel_physics,1975,lecture,James Rainwater,,https://www.nobelprize.org/prizes/physics/1975/rainwater/lecture/,nobel_physics/text_laureate/1975_rainwater_lecture.txt,303
756,nobel_physics,1975,lecture-pdf,James Rainwater,,https://www.nobelprize.org/uploads/2018/06/rainwater-lecture.pdf,nobel_physics/text_laureate/1975_rainwater_lecture_pdf0.txt,26278
757,nobel_physics,1976,biographical,Burton Richter,,https://www.nobelprize.org/prizes/physics/1976/richter/biographical/,nobel_physics/text_laureate/1976_richter_biographical.txt,13820
758,nobel_physics,1976,facts,Burton Richter,,https://www.nobelprize.org/prizes/physics/1976/richter/facts/,nobel_physics/text_laureate/1976_richter_facts.txt,947
759,nobel_physics,1976,lecture,Burton Richter,,https://www.nobelprize.org/prizes/physics/1976/richter/lecture/,nobel_physics/text_laureate/1976_richter_lecture.txt,326
760,nobel_physics,1976,lecture-pdf,Burton Richter,,https://www.nobelprize.org/uploads/2018/06/richter-lecture.pdf,nobel_physics/text_laureate/1976_richter_lecture_pdf0.txt,58486
761,nobel_physics,1976,biographical,Samuel C.C. Ting,,https://www.nobelprize.org/prizes/physics/1976/ting/biographical/,nobel_physics/text_laureate/1976_ting_biographical.txt,6693
762,nobel_physics,1976,facts,Samuel C.C. Ting,,https://www.nobelprize.org/prizes/physics/1976/ting/facts/,nobel_physics/text_laureate/1976_ting_facts.txt,932
763,nobel_physics,1976,lecture,Samuel C.C. Ting,,https://www.nobelprize.org/prizes/physics/1976/ting/lecture/,nobel_physics/text_laureate/1976_ting_lecture.txt,330
764,nobel_physics,1976,lecture-pdf,Samuel C.C. Ting,,https://www.nobelprize.org/uploads/2018/06/ting-lecture.pdf,nobel_physics/text_laureate/1976_ting_lecture_pdf0.txt,55175
765,nobel_physics,1977,biographical,Philip W. Anderson,,https://www.nobelprize.org/prizes/physics/1977/anderson/biographical/,nobel_physics/text_laureate/1977_anderson_biographical.txt,14629
766,nobel_physics,1977,facts,Philip W. Anderson,,https://www.nobelprize.org/prizes/physics/1977/anderson/facts/,nobel_physics/text_laureate/1977_anderson_facts.txt,1229
767,nobel_physics,1977,lecture,Philip W. Anderson,,https://www.nobelprize.org/prizes/physics/1977/anderson/lecture/,nobel_physics/text_laureate/1977_anderson_lecture.txt,350
768,nobel_physics,1977,lecture-pdf,Philip W. Anderson,,https://www.nobelprize.org/uploads/2018/06/anderson-lecture-1.pdf,nobel_physics/text_laureate/1977_anderson_lecture_pdf0.txt,37943
769,nobel_physics,1977,biographical,Sir Nevill F. Mott,,https://www.nobelprize.org/prizes/physics/1977/mott/biographical/,nobel_physics/text_laureate/1977_mott_biographical.txt,3343
770,nobel_physics,1977,facts,Sir Nevill F. Mott,,https://www.nobelprize.org/prizes/physics/1977/mott/facts/,nobel_physics/text_laureate/1977_mott_facts.txt,1215
771,nobel_physics,1977,lecture,Sir Nevill F. Mott,,https://www.nobelprize.org/prizes/physics/1977/mott/lecture/,nobel_physics/text_laureate/1977_mott_lecture.txt,294
772,nobel_physics,1977,lecture-pdf,Sir Nevill F. Mott,,https://www.nobelprize.org/uploads/2018/06/mott-lecture.pdf,nobel_physics/text_laureate/1977_mott_lecture_pdf0.txt,23639
773,nobel_physics,1977,biographical,John H. Van Vleck,,https://www.nobelprize.org/prizes/physics/1977/vleck/biographical/,nobel_physics/text_laureate/1977_vleck_biographical.txt,5120
774,nobel_physics,1977,facts,John H. Van Vleck,,https://www.nobelprize.org/prizes/physics/1977/vleck/facts/,nobel_physics/text_laureate/1977_vleck_facts.txt,1210
775,nobel_physics,1977,lecture,John H. Van Vleck,,https://www.nobelprize.org/prizes/physics/1977/vleck/lecture/,nobel_physics/text_laureate/1977_vleck_lecture.txt,349
776,nobel_physics,1977,lecture-pdf,John H. Van Vleck,,https://www.nobelprize.org/uploads/2018/06/vleck-lecture.pdf,nobel_physics/text_laureate/1977_vleck_lecture_pdf0.txt,45536
777,nobel_physics,1978,biographical,Pyotr Kapitsa,,https://www.nobelprize.org/prizes/physics/1978/kapitsa/biographical/,nobel_physics/text_laureate/1978_kapitsa_biographical.txt,7248
778,nobel_physics,1978,facts,Pyotr Kapitsa,,https://www.nobelprize.org/prizes/physics/1978/kapitsa/facts/,nobel_physics/text_laureate/1978_kapitsa_facts.txt,1145
779,nobel_physics,1978,lecture,Pyotr Kapitsa,,https://www.nobelprize.org/prizes/physics/1978/kapitsa/lecture/,nobel_physics/text_laureate/1978_kapitsa_lecture.txt,317
780,nobel_physics,1978,lecture-pdf,Pyotr Kapitsa,,https://www.nobelprize.org/uploads/2018/06/kapitsa-lecture.pdf,nobel_physics/text_laureate/1978_kapitsa_lecture_pdf0.txt,34881
781,nobel_physics,1978,biographical,Arno Penzias,,https://www.nobelprize.org/prizes/physics/1978/penzias/biographical/,nobel_physics/text_laureate/1978_penzias_biographical.txt,18320
782,nobel_physics,1978,facts,Arno Penzias,,https://www.nobelprize.org/prizes/physics/1978/penzias/facts/,nobel_physics/text_laureate/1978_penzias_facts.txt,1191
783,nobel_physics,1978,lecture,Arno Penzias,,https://www.nobelprize.org/prizes/physics/1978/penzias/lecture/,nobel_physics/text_laureate/1978_penzias_lecture.txt,361
784,nobel_physics,1978,lecture-pdf,Arno Penzias,,https://www.nobelprize.org/uploads/2018/06/penzias-lecture.pdf,nobel_physics/text_laureate/1978_penzias_lecture_pdf0.txt,39662
785,nobel_physics,1978,biographical,Robert Woodrow Wilson,,https://www.nobelprize.org/prizes/physics/1978/wilson/biographical/,nobel_physics/text_laureate/1978_wilson_biographical.txt,10192
786,nobel_physics,1978,facts,Robert Woodrow Wilson,,https://www.nobelprize.org/prizes/physics/1978/wilson/facts/,nobel_physics/text_laureate/1978_wilson_facts.txt,1110
787,nobel_physics,1978,lecture,Robert Woodrow Wilson,,https://www.nobelprize.org/prizes/physics/1978/wilson/lecture/,nobel_physics/text_laureate/1978_wilson_lecture.txt,333
788,nobel_physics,1978,lecture-pdf,Robert Woodrow Wilson,,https://www.nobelprize.org/uploads/2018/06/wilson-lecture-1.pdf,nobel_physics/text_laureate/1978_wilson_lecture_pdf0.txt,46502
789,nobel_physics,1979,biographical,Sheldon Glashow,,https://www.nobelprize.org/prizes/physics/1979/glashow/biographical/,nobel_physics/text_laureate/1979_glashow_biographical.txt,7158
790,nobel_physics,1979,facts,Sheldon Glashow,,https://www.nobelprize.org/prizes/physics/1979/glashow/facts/,nobel_physics/text_laureate/1979_glashow_facts.txt,1197
791,nobel_physics,1979,lecture,Sheldon Glashow,,https://www.nobelprize.org/prizes/physics/1979/glashow/lecture/,nobel_physics/text_laureate/1979_glashow_lecture.txt,316
792,nobel_physics,1979,lecture-pdf,Sheldon Glashow,,https://www.nobelprize.org/uploads/2018/06/glashow-lecture.pdf,nobel_physics/text_laureate/1979_glashow_lecture_pdf0.txt,29677
793,nobel_physics,1979,biographical,Abdus Salam,,https://www.nobelprize.org/prizes/physics/1979/salam/biographical/,nobel_physics/text_laureate/1979_salam_biographical.txt,5290
794,nobel_physics,1979,facts,Abdus Salam,,https://www.nobelprize.org/prizes/physics/1979/salam/facts/,nobel_physics/text_laureate/1979_salam_facts.txt,1343
795,nobel_physics,1979,lecture,Abdus Salam,,https://www.nobelprize.org/prizes/physics/1979/salam/lecture/,nobel_physics/text_laureate/1979_salam_lecture.txt,351
796,nobel_physics,1979,lecture-pdf,Abdus Salam,,https://www.nobelprize.org/uploads/2018/06/salam-lecture.pdf,nobel_physics/text_laureate/1979_salam_lecture_pdf0.txt,79748
797,nobel_physics,1979,lecture-pdf,Abdus Salam,,https://www.nobelprize.org/uploads/2018/06/salam-lecture-1.pdf,nobel_physics/text_laureate/1979_salam_lecture_pdf1.txt,79748
798,nobel_physics,1979,biographical,Steven Weinberg,,https://www.nobelprize.org/prizes/physics/1979/weinberg/biographical/,nobel_physics/text_laureate/1979_weinberg_biographical.txt,4905
799,nobel_physics,1979,facts,Steven Weinberg,,https://www.nobelprize.org/prizes/physics/1979/weinberg/facts/,nobel_physics/text_laureate/1979_weinberg_facts.txt,1243
800,nobel_physics,1979,lecture,Steven Weinberg,,https://www.nobelprize.org/prizes/physics/1979/weinberg/lecture/,nobel_physics/text_laureate/1979_weinberg_lecture.txt,366
801,nobel_physics,1979,lecture-pdf,Steven Weinberg,,https://www.nobelprize.org/uploads/2018/06/weinberg-lecture.pdf,nobel_physics/text_laureate/1979_weinberg_lecture_pdf0.txt,56485
802,nobel_physics,1980,biographical,James Cronin,,https://www.nobelprize.org/prizes/physics/1980/cronin/biographical/,nobel_physics/text_laureate/1980_cronin_biographical.txt,6429
803,nobel_physics,1980,facts,James Cronin,,https://www.nobelprize.org/prizes/physics/1980/cronin/facts/,nobel_physics/text_laureate/1980_cronin_facts.txt,1173
804,nobel_physics,1980,lecture,James Cronin,,https://www.nobelprize.org/prizes/physics/1980/cronin/lecture/,nobel_physics/text_laureate/1980_cronin_lecture.txt,311
805,nobel_physics,1980,lecture-pdf,James Cronin,,https://www.nobelprize.org/uploads/2018/06/cronin-lecture.pdf,nobel_physics/text_laureate/1980_cronin_lecture_pdf0.txt,39738
806,nobel_physics,1980,biographical,Val Fitch,,https://www.nobelprize.org/prizes/physics/1980/fitch/biographical/,nobel_physics/text_laureate/1980_fitch_biographical.txt,8125
807,nobel_physics,1980,facts,Val Fitch,,https://www.nobelprize.org/prizes/physics/1980/fitch/facts/,nobel_physics/text_laureate/1980_fitch_facts.txt,1192
808,nobel_physics,1980,lecture,Val Fitch,,https://www.nobelprize.org/prizes/physics/1980/fitch/lecture/,nobel_physics/text_laureate/1980_fitch_lecture.txt,337
809,nobel_physics,1980,lecture-pdf,Val Fitch,,https://www.nobelprize.org/uploads/2018/06/fitch-lecture.pdf,nobel_physics/text_laureate/1980_fitch_lecture_pdf0.txt,24432
810,nobel_physics,1981,biographical,Nicolaas Bloembergen,,https://www.nobelprize.org/prizes/physics/1981/bloembergen/biographical/,nobel_physics/text_laureate/1981_bloembergen_biographical.txt,13398
811,nobel_physics,1981,facts,Nicolaas Bloembergen,,https://www.nobelprize.org/prizes/physics/1981/bloembergen/facts/,nobel_physics/text_laureate/1981_bloembergen_facts.txt,1197
812,nobel_physics,1981,lecture,Nicolaas Bloembergen,,https://www.nobelprize.org/prizes/physics/1981/bloembergen/lecture/,nobel_physics/text_laureate/1981_bloembergen_lecture.txt,340
813,nobel_physics,1981,lecture-pdf,Nicolaas Bloembergen,,https://www.nobelprize.org/uploads/2018/06/bloembergen-lecture.pdf,nobel_physics/text_laureate/1981_bloembergen_lecture_pdf0.txt,69213
814,nobel_physics,1981,biographical,Arthur L. Schawlow,,https://www.nobelprize.org/prizes/physics/1981/schawlow/biographical/,nobel_physics/text_laureate/1981_schawlow_biographical.txt,7486
815,nobel_physics,1981,facts,Arthur L. Schawlow,,https://www.nobelprize.org/prizes/physics/1981/schawlow/facts/,nobel_physics/text_laureate/1981_schawlow_facts.txt,1097
816,nobel_physics,1981,lecture,Arthur L. Schawlow,,https://www.nobelprize.org/prizes/physics/1981/schawlow/lecture/,nobel_physics/text_laureate/1981_schawlow_lecture.txt,288
817,nobel_physics,1981,lecture-pdf,Arthur L. Schawlow,,https://www.nobelprize.org/uploads/2018/06/schawlow-lecture.pdf,nobel_physics/text_laureate/1981_schawlow_lecture_pdf0.txt,41255
818,nobel_physics,1981,biographical,Kai M. Siegbahn,,https://www.nobelprize.org/prizes/physics/1981/siegbahn/biographical/,nobel_physics/text_laureate/1981_siegbahn_biographical.txt,3493
819,nobel_physics,1981,facts,Kai M. Siegbahn,,https://www.nobelprize.org/prizes/physics/1981/siegbahn/facts/,nobel_physics/text_laureate/1981_siegbahn_facts.txt,1048
820,nobel_physics,1981,lecture,Kai M. Siegbahn,,https://www.nobelprize.org/prizes/physics/1981/siegbahn/lecture/,nobel_physics/text_laureate/1981_siegbahn_lecture.txt,325
821,nobel_physics,1981,lecture-pdf,Kai M. Siegbahn,,https://www.nobelprize.org/uploads/2018/06/siegbahn-lecture-1.pdf,nobel_physics/text_laureate/1981_siegbahn_lecture_pdf0.txt,66683
822,nobel_physics,1982,biographical,Kenneth G. Wilson,,https://www.nobelprize.org/prizes/physics/1982/wilson/biographical/,nobel_physics/text_laureate/1982_wilson_biographical.txt,7261
823,nobel_physics,1982,facts,Kenneth G. Wilson,,https://www.nobelprize.org/prizes/physics/1982/wilson/facts/,nobel_physics/text_laureate/1982_wilson_facts.txt,1055
824,nobel_physics,1982,lecture,Kenneth G. Wilson,,https://www.nobelprize.org/prizes/physics/1982/wilson/lecture/,nobel_physics/text_laureate/1982_wilson_lecture.txt,287
825,nobel_physics,1982,lecture-pdf,Kenneth G. Wilson,,https://www.nobelprize.org/uploads/2018/06/wilson-lecture-2.pdf,nobel_physics/text_laureate/1982_wilson_lecture_pdf0.txt,96254
826,nobel_physics,1983,biographical,Subrahmanyan Chandrasekhar,,https://www.nobelprize.org/prizes/physics/1983/chandrasekhar/biographical/,nobel_physics/text_laureate/1983_chandrasekhar_biographical.txt,7409
827,nobel_physics,1983,facts,Subrahmanyan Chandrasekhar,,https://www.nobelprize.org/prizes/physics/1983/chandrasekhar/facts/,nobel_physics/text_laureate/1983_chandrasekhar_facts.txt,1211
828,nobel_physics,1983,lecture,Subrahmanyan Chandrasekhar,,https://www.nobelprize.org/prizes/physics/1983/chandrasekhar/lecture/,nobel_physics/text_laureate/1983_chandrasekhar_lecture.txt,353
829,nobel_physics,1983,lecture-pdf,Subrahmanyan Chandrasekhar,,https://www.nobelprize.org/uploads/2018/06/chandrasekhar-lecture.pdf,nobel_physics/text_laureate/1983_chandrasekhar_lecture_pdf0.txt,45670
830,nobel_physics,1983,biographical,William A. Fowler,,https://www.nobelprize.org/prizes/physics/1983/fowler/biographical/,nobel_physics/text_laureate/1983_fowler_biographical.txt,15495
831,nobel_physics,1983,facts,William A. Fowler,,https://www.nobelprize.org/prizes/physics/1983/fowler/facts/,nobel_physics/text_laureate/1983_fowler_facts.txt,1258
832,nobel_physics,1983,lecture,William A. Fowler,,https://www.nobelprize.org/prizes/physics/1983/fowler/lecture/,nobel_physics/text_laureate/1983_fowler_lecture.txt,409
833,nobel_physics,1983,lecture-pdf,William A. Fowler,,https://www.nobelprize.org/uploads/2018/06/fowler-lecture.pdf,nobel_physics/text_laureate/1983_fowler_lecture_pdf0.txt,202010
834,nobel_physics,1984,biographical,Simon van der Meer,,https://www.nobelprize.org/prizes/physics/1984/meer/biographical/,nobel_physics/text_laureate/1984_meer_biographical.txt,6195
835,nobel_physics,1984,facts,Simon van der Meer,,https://www.nobelprize.org/prizes/physics/1984/meer/facts/,nobel_physics/text_laureate/1984_meer_facts.txt,1695
836,nobel_physics,1984,lecture,Simon van der Meer,,https://www.nobelprize.org/prizes/physics/1984/meer/lecture/,nobel_physics/text_laureate/1984_meer_lecture.txt,306
837,nobel_physics,1984,lecture-pdf,Simon van der Meer,,https://www.nobelprize.org/uploads/2018/06/meer-lecture.pdf,nobel_physics/text_laureate/1984_meer_lecture_pdf0.txt,34303
838,nobel_physics,1984,biographical,Carlo Rubbia,,https://www.nobelprize.org/prizes/physics/1984/rubbia/biographical/,nobel_physics/text_laureate/1984_rubbia_biographical.txt,8105
839,nobel_physics,1984,facts,Carlo Rubbia,,https://www.nobelprize.org/prizes/physics/1984/rubbia/facts/,nobel_physics/text_laureate/1984_rubbia_facts.txt,1643
840,nobel_physics,1984,lecture,Carlo Rubbia,,https://www.nobelprize.org/prizes/physics/1984/rubbia/lecture/,nobel_physics/text_laureate/1984_rubbia_lecture.txt,346
841,nobel_physics,1984,lecture-pdf,Carlo Rubbia,,https://www.nobelprize.org/uploads/2018/06/rubbia-lecture.pdf,nobel_physics/text_laureate/1984_rubbia_lecture_pdf0.txt,87986
842,nobel_physics,1985,biographical,Klaus von Klitzing,,https://www.nobelprize.org/prizes/physics/1985/klitzing/biographical/,nobel_physics/text_laureate/1985_klitzing_biographical.txt,1279
843,nobel_physics,1985,facts,Klaus von Klitzing,,https://www.nobelprize.org/prizes/physics/1985/klitzing/facts/,nobel_physics/text_laureate/1985_klitzing_facts.txt,1135
844,nobel_physics,1985,lecture,Klaus von Klitzing,,https://www.nobelprize.org/prizes/physics/1985/klitzing/lecture/,nobel_physics/text_laureate/1985_klitzing_lecture.txt,276
845,nobel_physics,1985,lecture-pdf,Klaus von Klitzing,,https://www.nobelprize.org/uploads/2018/06/klitzing-lecture.pdf,nobel_physics/text_laureate/1985_klitzing_lecture_pdf0.txt,58999
846,nobel_physics,1986,biographical,Gerd Binnig,,https://www.nobelprize.org/prizes/physics/1986/binnig/biographical/,nobel_physics/text_laureate/1986_binnig_biographical.txt,4713
847,nobel_physics,1986,facts,Gerd Binnig,,https://www.nobelprize.org/prizes/physics/1986/binnig/facts/,nobel_physics/text_laureate/1986_binnig_facts.txt,1189
848,nobel_physics,1986,lecture,Gerd Binnig,,https://www.nobelprize.org/prizes/physics/1986/binnig/lecture/,nobel_physics/text_laureate/1986_binnig_lecture.txt,333
849,nobel_physics,1986,lecture-pdf,Gerd Binnig,,https://www.nobelprize.org/uploads/2018/06/binnig-lecture.pdf,nobel_physics/text_laureate/1986_binnig_lecture_pdf0.txt,49267
850,nobel_physics,1986,biographical,Heinrich Rohrer,,https://www.nobelprize.org/prizes/physics/1986/rohrer/biographical/,nobel_physics/text_laureate/1986_rohrer_biographical.txt,4585
851,nobel_physics,1986,facts,Heinrich Rohrer,,https://www.nobelprize.org/prizes/physics/1986/rohrer/facts/,nobel_physics/text_laureate/1986_rohrer_facts.txt,1229
852,nobel_physics,1986,lecture,Heinrich Rohrer,,https://www.nobelprize.org/prizes/physics/1986/rohrer/lecture/,nobel_physics/text_laureate/1986_rohrer_lecture.txt,359
853,nobel_physics,1986,lecture-pdf,Heinrich Rohrer,,https://www.nobelprize.org/uploads/2018/06/rohrer-lecture.pdf,nobel_physics/text_laureate/1986_rohrer_lecture_pdf0.txt,49267
854,nobel_physics,1986,biographical,Ernst Ruska,,https://www.nobelprize.org/prizes/physics/1986/ruska/biographical/,nobel_physics/text_laureate/1986_ruska_biographical.txt,5669
855,nobel_physics,1986,facts,Ernst Ruska,,https://www.nobelprize.org/prizes/physics/1986/ruska/facts/,nobel_physics/text_laureate/1986_ruska_facts.txt,1248
856,nobel_physics,1986,lecture,Ernst Ruska,,https://www.nobelprize.org/prizes/physics/1986/ruska/lecture/,nobel_physics/text_laureate/1986_ruska_lecture.txt,364
857,nobel_physics,1986,lecture-pdf,Ernst Ruska,,https://www.nobelprize.org/uploads/2018/06/ruska-lecture.pdf,nobel_physics/text_laureate/1986_ruska_lecture_pdf0.txt,42415
858,nobel_physics,1987,biographical,J. Georg Bednorz,,https://www.nobelprize.org/prizes/physics/1987/bednorz/biographical/,nobel_physics/text_laureate/1987_bednorz_biographical.txt,5192
859,nobel_physics,1987,facts,J. Georg Bednorz,,https://www.nobelprize.org/prizes/physics/1987/bednorz/facts/,nobel_physics/text_laureate/1987_bednorz_facts.txt,1092
860,nobel_physics,1987,lecture,J. Georg Bednorz,,https://www.nobelprize.org/prizes/physics/1987/bednorz/lecture/,nobel_physics/text_laureate/1987_bednorz_lecture.txt,308
861,nobel_physics,1987,lecture-pdf,J. Georg Bednorz,,https://www.nobelprize.org/uploads/2018/06/bednorz-muller-lecture.pdf,nobel_physics/text_laureate/1987_bednorz_lecture_pdf0.txt,60261
862,nobel_physics,1987,biographical,K. Alex Müller,,https://www.nobelprize.org/prizes/physics/1987/muller/biographical/,nobel_physics/text_laureate/1987_muller_biographical.txt,7632
863,nobel_physics,1987,facts,K. Alex Müller,,https://www.nobelprize.org/prizes/physics/1987/muller/facts/,nobel_physics/text_laureate/1987_muller_facts.txt,1138
864,nobel_physics,1987,lecture,K. Alex Müller,,https://www.nobelprize.org/prizes/physics/1987/muller/lecture/,nobel_physics/text_laureate/1987_muller_lecture.txt,328
865,nobel_physics,1987,lecture-pdf,K. Alex Müller,,https://www.nobelprize.org/uploads/2018/06/bednorz-muller-lecture-1.pdf,nobel_physics/text_laureate/1987_muller_lecture_pdf0.txt,60261
866,nobel_physics,1988,biographical,Leon M. Lederman,,https://www.nobelprize.org/prizes/physics/1988/lederman/biographical/,nobel_physics/text_laureate/1988_lederman_biographical.txt,5577
867,nobel_physics,1988,facts,Leon M. Lederman,,https://www.nobelprize.org/prizes/physics/1988/lederman/facts/,nobel_physics/text_laureate/1988_lederman_facts.txt,1281
868,nobel_physics,1988,lecture,Leon M. Lederman,,https://www.nobelprize.org/prizes/physics/1988/lederman/lecture/,nobel_physics/text_laureate/1988_lederman_lecture.txt,402
869,nobel_physics,1988,lecture-pdf,Leon M. Lederman,,https://www.nobelprize.org/uploads/2018/06/lederman-lecture.pdf,nobel_physics/text_laureate/1988_lederman_lecture_pdf0.txt,55450
870,nobel_physics,1988,biographical,Melvin Schwartz,,https://www.nobelprize.org/prizes/physics/1988/schwartz/biographical/,nobel_physics/text_laureate/1988_schwartz_biographical.txt,4478
871,nobel_physics,1988,facts,Melvin Schwartz,,https://www.nobelprize.org/prizes/physics/1988/schwartz/facts/,nobel_physics/text_laureate/1988_schwartz_facts.txt,1237
872,nobel_physics,1988,lecture,Melvin Schwartz,,https://www.nobelprize.org/prizes/physics/1988/schwartz/lecture/,nobel_physics/text_laureate/1988_schwartz_lecture.txt,340
873,nobel_physics,1988,lecture-pdf,Melvin Schwartz,,https://www.nobelprize.org/uploads/2018/06/schwartz-lecture.pdf,nobel_physics/text_laureate/1988_schwartz_lecture_pdf0.txt,19886
874,nobel_physics,1988,biographical,Jack Steinberger,,https://www.nobelprize.org/prizes/physics/1988/steinberger/biographical/,nobel_physics/text_laureate/1988_steinberger_biographical.txt,18451
875,nobel_physics,1988,facts,Jack Steinberger,,https://www.nobelprize.org/prizes/physics/1988/steinberger/facts/,nobel_physics/text_laureate/1988_steinberger_facts.txt,1232
876,nobel_physics,1988,lecture,Jack Steinberger,,https://www.nobelprize.org/prizes/physics/1988/steinberger/lecture/,nobel_physics/text_laureate/1988_steinberger_lecture.txt,354
877,nobel_physics,1988,lecture-pdf,Jack Steinberger,,https://www.nobelprize.org/uploads/2018/06/steinberger-lecture.pdf,nobel_physics/text_laureate/1988_steinberger_lecture_pdf0.txt,46274
878,nobel_physics,1989,biographical,Hans G. Dehmelt,,https://www.nobelprize.org/prizes/physics/1989/dehmelt/biographical/,nobel_physics/text_laureate/1989_dehmelt_biographical.txt,27025
879,nobel_physics,1989,facts,Hans G. Dehmelt,,https://www.nobelprize.org/prizes/physics/1989/dehmelt/facts/,nobel_physics/text_laureate/1989_dehmelt_facts.txt,1103
880,nobel_physics,1989,lecture,Hans G. Dehmelt,,https://www.nobelprize.org/prizes/physics/1989/dehmelt/lecture/,nobel_physics/text_laureate/1989_dehmelt_lecture.txt,347
881,nobel_physics,1989,lecture-pdf,Hans G. Dehmelt,,https://www.nobelprize.org/uploads/2018/06/dehmelt-lecture.pdf,nobel_physics/text_laureate/1989_dehmelt_lecture_pdf0.txt,20309
882,nobel_physics,1989,biographical,Wolfgang Paul,,https://www.nobelprize.org/prizes/physics/1989/paul/biographical/,nobel_physics/text_laureate/1989_paul_biographical.txt,9063
883,nobel_physics,1989,facts,Wolfgang Paul,,https://www.nobelprize.org/prizes/physics/1989/paul/facts/,nobel_physics/text_laureate/1989_paul_facts.txt,1095
884,nobel_physics,1989,lecture,Wolfgang Paul,,https://www.nobelprize.org/prizes/physics/1989/paul/lecture/,nobel_physics/text_laureate/1989_paul_lecture.txt,330
885,nobel_physics,1989,lecture-pdf,Wolfgang Paul,,https://www.nobelprize.org/uploads/2018/06/paul-lecture.pdf,nobel_physics/text_laureate/1989_paul_lecture_pdf0.txt,34384
886,nobel_physics,1989,biographical,Norman F. Ramsey,,https://www.nobelprize.org/prizes/physics/1989/ramsey/biographical/,nobel_physics/text_laureate/1989_ramsey_biographical.txt,16735
887,nobel_physics,1989,facts,Norman F. Ramsey,,https://www.nobelprize.org/prizes/physics/1989/ramsey/facts/,nobel_physics/text_laureate/1989_ramsey_facts.txt,1199
888,nobel_physics,1989,lecture,Norman F. Ramsey,,https://www.nobelprize.org/prizes/physics/1989/ramsey/lecture/,nobel_physics/text_laureate/1989_ramsey_lecture.txt,387
889,nobel_physics,1989,lecture-pdf,Norman F. Ramsey,,https://www.nobelprize.org/uploads/2018/06/ramsey-lecture.pdf,nobel_physics/text_laureate/1989_ramsey_lecture_pdf0.txt,70361
890,nobel_physics,1990,biographical,Jerome I. Friedman,,https://www.nobelprize.org/prizes/physics/1990/friedman/biographical/,nobel_physics/text_laureate/1990_friedman_biographical.txt,11287
891,nobel_physics,1990,facts,Jerome I. Friedman,,https://www.nobelprize.org/prizes/physics/1990/friedman/facts/,nobel_physics/text_laureate/1990_friedman_facts.txt,1242
892,nobel_physics,1990,lecture,Jerome I. Friedman,,https://www.nobelprize.org/prizes/physics/1990/friedman/lecture/,nobel_physics/text_laureate/1990_friedman_lecture.txt,359
893,nobel_physics,1990,lecture-pdf,Jerome I. Friedman,,https://www.nobelprize.org/uploads/2018/06/friedman-lecture.pdf,nobel_physics/text_laureate/1990_friedman_lecture_pdf0.txt,62432
894,nobel_physics,1990,biographical,Henry W. Kendall,,https://www.nobelprize.org/prizes/physics/1990/kendall/biographical/,nobel_physics/text_laureate/1990_kendall_biographical.txt,9460
895,nobel_physics,1990,facts,Henry W. Kendall,,https://www.nobelprize.org/prizes/physics/1990/kendall/facts/,nobel_physics/text_laureate/1990_kendall_facts.txt,1304
896,nobel_physics,1990,lecture,Henry W. Kendall,,https://www.nobelprize.org/prizes/physics/1990/kendall/lecture/,nobel_physics/text_laureate/1990_kendall_lecture.txt,385
897,nobel_physics,1990,lecture-pdf,Henry W. Kendall,,https://www.nobelprize.org/uploads/2018/06/kendall-lecture-1.pdf,nobel_physics/text_laureate/1990_kendall_lecture_pdf0.txt,56527
898,nobel_physics,1990,biographical,Richard E. Taylor,,https://www.nobelprize.org/prizes/physics/1990/taylor/biographical/,nobel_physics/text_laureate/1990_taylor_biographical.txt,8378
899,nobel_physics,1990,facts,Richard E. Taylor,,https://www.nobelprize.org/prizes/physics/1990/taylor/facts/,nobel_physics/text_laureate/1990_taylor_facts.txt,1274
900,nobel_physics,1990,lecture,Richard E. Taylor,,https://www.nobelprize.org/prizes/physics/1990/taylor/lecture/,nobel_physics/text_laureate/1990_taylor_lecture.txt,375
901,nobel_physics,1990,lecture-pdf,Richard E. Taylor,,https://www.nobelprize.org/uploads/2018/06/taylor-lecture.pdf,nobel_physics/text_laureate/1990_taylor_lecture_pdf0.txt,62880
902,nobel_physics,1991,biographical,Pierre-Gilles de Gennes,,https://www.nobelprize.org/prizes/physics/1991/gennes/biographical/,nobel_physics/text_laureate/1991_gennes_biographical.txt,3053
903,nobel_physics,1991,facts,Pierre-Gilles de Gennes,,https://www.nobelprize.org/prizes/physics/1991/gennes/facts/,nobel_physics/text_laureate/1991_gennes_facts.txt,1207
904,nobel_physics,1991,lecture,Pierre-Gilles de Gennes,,https://www.nobelprize.org/prizes/physics/1991/gennes/lecture/,nobel_physics/text_laureate/1991_gennes_lecture.txt,266
905,nobel_physics,1991,lecture-pdf,Pierre-Gilles de Gennes,,https://www.nobelprize.org/uploads/2018/06/gennes-lecture.pdf,nobel_physics/text_laureate/1991_gennes_lecture_pdf0.txt,18131
906,nobel_physics,1992,biographical,Georges Charpak,,https://www.nobelprize.org/prizes/physics/1992/charpak/biographical/,nobel_physics/text_laureate/1992_charpak_biographical.txt,1736
907,nobel_physics,1992,facts,Georges Charpak,,https://www.nobelprize.org/prizes/physics/1992/charpak/facts/,nobel_physics/text_laureate/1992_charpak_facts.txt,1232
908,nobel_physics,1992,lecture,Georges Charpak,,https://www.nobelprize.org/prizes/physics/1992/charpak/lecture/,nobel_physics/text_laureate/1992_charpak_lecture.txt,341
909,nobel_physics,1992,lecture-pdf,Georges Charpak,,https://www.nobelprize.org/uploads/2018/06/charpak-lecture.pdf,nobel_physics/text_laureate/1992_charpak_lecture_pdf0.txt,38342
910,nobel_physics,1993,biographical,Russell A. Hulse,,https://www.nobelprize.org/prizes/physics/1993/hulse/biographical/,nobel_physics/text_laureate/1993_hulse_biographical.txt,13382
911,nobel_physics,1993,facts,Russell A. Hulse,,https://www.nobelprize.org/prizes/physics/1993/hulse/facts/,nobel_physics/text_laureate/1993_hulse_facts.txt,1139
912,nobel_physics,1993,lecture,Russell A. Hulse,,https://www.nobelprize.org/prizes/physics/1993/hulse/lecture/,nobel_physics/text_laureate/1993_hulse_lecture.txt,306
913,nobel_physics,1993,lecture-pdf,Russell A. Hulse,,https://www.nobelprize.org/uploads/2018/06/hulse-lecture.pdf,nobel_physics/text_laureate/1993_hulse_lecture_pdf0.txt,51702
914,nobel_physics,1993,biographical,Joseph H. Taylor Jr.,,https://www.nobelprize.org/prizes/physics/1993/taylor/biographical/,nobel_physics/text_laureate/1993_taylor_biographical.txt,5898
915,nobel_physics,1993,facts,Joseph H. Taylor Jr.,,https://www.nobelprize.org/prizes/physics/1993/taylor/facts/,nobel_physics/text_laureate/1993_taylor_facts.txt,1158
916,nobel_physics,1993,lecture,Joseph H. Taylor Jr.,,https://www.nobelprize.org/prizes/physics/1993/taylor/lecture/,nobel_physics/text_laureate/1993_taylor_lecture.txt,324
917,nobel_physics,1993,lecture-pdf,Joseph H. Taylor Jr.,,https://www.nobelprize.org/uploads/2018/06/taylor-lecture-1.pdf,nobel_physics/text_laureate/1993_taylor_lecture_pdf0.txt,33845
918,nobel_physics,1994,biographical,Bertram N. Brockhouse,,https://www.nobelprize.org/prizes/physics/1994/brockhouse/biographical/,nobel_physics/text_laureate/1994_brockhouse_biographical.txt,23329
919,nobel_physics,1994,facts,Bertram N. Brockhouse,,https://www.nobelprize.org/prizes/physics/1994/brockhouse/facts/,nobel_physics/text_laureate/1994_brockhouse_facts.txt,1114
920,nobel_physics,1994,lecture,Bertram N. Brockhouse,,https://www.nobelprize.org/prizes/physics/1994/brockhouse/lecture/,nobel_physics/text_laureate/1994_brockhouse_lecture.txt,344
921,nobel_physics,1994,lecture-pdf,Bertram N. Brockhouse,,https://www.nobelprize.org/uploads/2018/06/brockhouse-lecture.pdf,nobel_physics/text_laureate/1994_brockhouse_lecture_pdf0.txt,70340
922,nobel_physics,1994,biographical,Clifford G. Shull,,https://www.nobelprize.org/prizes/physics/1994/shull/biographical/,nobel_physics/text_laureate/1994_shull_biographical.txt,11557
923,nobel_physics,1994,facts,Clifford G. Shull,,https://www.nobelprize.org/prizes/physics/1994/shull/facts/,nobel_physics/text_laureate/1994_shull_facts.txt,1115
924,nobel_physics,1994,lecture,Clifford G. Shull,,https://www.nobelprize.org/prizes/physics/1994/shull/lecture/,nobel_physics/text_laureate/1994_shull_lecture.txt,318
925,nobel_physics,1994,lecture-pdf,Clifford G. Shull,,https://www.nobelprize.org/uploads/2018/06/shull-lecture.pdf,nobel_physics/text_laureate/1994_shull_lecture_pdf0.txt,15167
926,nobel_physics,1995,biographical,Martin L. Perl,,https://www.nobelprize.org/prizes/physics/1995/perl/biographical/,nobel_physics/text_laureate/1995_perl_biographical.txt,19874
927,nobel_physics,1995,facts,Martin L. Perl,,https://www.nobelprize.org/prizes/physics/1995/perl/facts/,nobel_physics/text_laureate/1995_perl_facts.txt,1726
928,nobel_physics,1995,lecture,Martin L. Perl,,https://www.nobelprize.org/prizes/physics/1995/perl/lecture/,nobel_physics/text_laureate/1995_perl_lecture.txt,354
929,nobel_physics,1995,lecture-pdf,Martin L. Perl,,https://www.nobelprize.org/uploads/2018/06/perl-lecture.pdf,nobel_physics/text_laureate/1995_perl_lecture_pdf0.txt,53355
930,nobel_physics,1995,biographical,Frederick Reines,,https://www.nobelprize.org/prizes/physics/1995/reines/biographical/,nobel_physics/text_laureate/1995_reines_biographical.txt,12559
931,nobel_physics,1995,facts,Frederick Reines,,https://www.nobelprize.org/prizes/physics/1995/reines/facts/,nobel_physics/text_laureate/1995_reines_facts.txt,990
932,nobel_physics,1995,lecture,Frederick Reines,,https://www.nobelprize.org/prizes/physics/1995/reines/lecture/,nobel_physics/text_laureate/1995_reines_lecture.txt,317
933,nobel_physics,1995,lecture-pdf,Frederick Reines,,https://www.nobelprize.org/uploads/2018/06/reines-lecture.pdf,nobel_physics/text_laureate/1995_reines_lecture_pdf0.txt,46123
934,nobel_physics,1996,biographical,David M. Lee,,https://www.nobelprize.org/prizes/physics/1996/lee/biographical/,nobel_physics/text_laureate/1996_lee_biographical.txt,11895
935,nobel_physics,1996,facts,David M. Lee,,https://www.nobelprize.org/prizes/physics/1996/lee/facts/,nobel_physics/text_laureate/1996_lee_facts.txt,1122
936,nobel_physics,1996,lecture,David M. Lee,,https://www.nobelprize.org/prizes/physics/1996/lee/lecture/,nobel_physics/text_laureate/1996_lee_lecture.txt,379
937,nobel_physics,1996,biographical,Douglas D. Osheroff,,https://www.nobelprize.org/prizes/physics/1996/osheroff/biographical/,nobel_physics/text_laureate/1996_osheroff_biographical.txt,15258
938,nobel_physics,1996,facts,Douglas D. Osheroff,,https://www.nobelprize.org/prizes/physics/1996/osheroff/facts/,nobel_physics/text_laureate/1996_osheroff_facts.txt,1619
939,nobel_physics,1996,lecture,Douglas D. Osheroff,,https://www.nobelprize.org/prizes/physics/1996/osheroff/lecture/,nobel_physics/text_laureate/1996_osheroff_lecture.txt,361
940,nobel_physics,1996,biographical,Robert C. Richardson,,https://www.nobelprize.org/prizes/physics/1996/richardson/biographical/,nobel_physics/text_laureate/1996_richardson_biographical.txt,17236
941,nobel_physics,1996,facts,Robert C. Richardson,,https://www.nobelprize.org/prizes/physics/1996/richardson/facts/,nobel_physics/text_laureate/1996_richardson_facts.txt,1146
942,nobel_physics,1996,lecture,Robert C. Richardson,,https://www.nobelprize.org/prizes/physics/1996/richardson/lecture/,nobel_physics/text_laureate/1996_richardson_lecture.txt,331
943,nobel_physics,1997,biographical,Steven Chu,,https://www.nobelprize.org/prizes/physics/1997/chu/biographical/,nobel_physics/text_laureate/1997_chu_biographical.txt,24696
944,nobel_physics,1997,facts,Steven Chu,,https://www.nobelprize.org/prizes/physics/1997/chu/facts/,nobel_physics/text_laureate/1997_chu_facts.txt,1856
945,nobel_physics,1997,lecture,Steven Chu,,https://www.nobelprize.org/prizes/physics/1997/chu/lecture/,nobel_physics/text_laureate/1997_chu_lecture.txt,415
946,nobel_physics,1997,biographical,Claude Cohen-Tannoudji,,https://www.nobelprize.org/prizes/physics/1997/cohen-tannoudji/biographical/,nobel_physics/text_laureate/1997_cohen-tannoudji_biographical.txt,16331
947,nobel_physics,1997,facts,Claude Cohen-Tannoudji,,https://www.nobelprize.org/prizes/physics/1997/cohen-tannoudji/facts/,nobel_physics/text_laureate/1997_cohen-tannoudji_facts.txt,1270
948,nobel_physics,1997,lecture,Claude Cohen-Tannoudji,,https://www.nobelprize.org/prizes/physics/1997/cohen-tannoudji/lecture/,nobel_physics/text_laureate/1997_cohen-tannoudji_lecture.txt,397
949,nobel_physics,1997,biographical,William D. Phillips,,https://www.nobelprize.org/prizes/physics/1997/phillips/biographical/,nobel_physics/text_laureate/1997_phillips_biographical.txt,17166
950,nobel_physics,1997,facts,William D. Phillips,,https://www.nobelprize.org/prizes/physics/1997/phillips/facts/,nobel_physics/text_laureate/1997_phillips_facts.txt,1228
951,nobel_physics,1997,lecture,William D. Phillips,,https://www.nobelprize.org/prizes/physics/1997/phillips/lecture/,nobel_physics/text_laureate/1997_phillips_lecture.txt,394
952,nobel_physics,1998,biographical,Robert B. Laughlin,,https://www.nobelprize.org/prizes/physics/1998/laughlin/biographical/,nobel_physics/text_laureate/1998_laughlin_biographical.txt,60847
953,nobel_physics,1998,facts,Robert B. Laughlin,,https://www.nobelprize.org/prizes/physics/1998/laughlin/facts/,nobel_physics/text_laureate/1998_laughlin_facts.txt,1257
954,nobel_physics,1998,lecture,Robert B. Laughlin,,https://www.nobelprize.org/prizes/physics/1998/laughlin/lecture/,nobel_physics/text_laureate/1998_laughlin_lecture.txt,423
955,nobel_physics,1998,biographical,Horst L. Störmer,,https://www.nobelprize.org/prizes/physics/1998/stormer/biographical/,nobel_physics/text_laureate/1998_stormer_biographical.txt,19182
956,nobel_physics,1998,facts,Horst L. Störmer,,https://www.nobelprize.org/prizes/physics/1998/stormer/facts/,nobel_physics/text_laureate/1998_stormer_facts.txt,1273
957,nobel_physics,1998,lecture,Horst L. Störmer,,https://www.nobelprize.org/prizes/physics/1998/stormer/lecture/,nobel_physics/text_laureate/1998_stormer_lecture.txt,405
958,nobel_physics,1998,biographical,Daniel C. Tsui,,https://www.nobelprize.org/prizes/physics/1998/tsui/biographical/,nobel_physics/text_laureate/1998_tsui_biographical.txt,6916
959,nobel_physics,1998,facts,Daniel C. Tsui,,https://www.nobelprize.org/prizes/physics/1998/tsui/facts/,nobel_physics/text_laureate/1998_tsui_facts.txt,1242
960,nobel_physics,1998,lecture,Daniel C. Tsui,,https://www.nobelprize.org/prizes/physics/1998/tsui/lecture/,nobel_physics/text_laureate/1998_tsui_lecture.txt,468
961,nobel_physics,1999,biographical,Gerardus 't Hooft,,https://www.nobelprize.org/prizes/physics/1999/thooft/biographical/,nobel_physics/text_laureate/1999_thooft_biographical.txt,39944
962,nobel_physics,1999,facts,Gerardus 't Hooft,,https://www.nobelprize.org/prizes/physics/1999/thooft/facts/,nobel_physics/text_laureate/1999_thooft_facts.txt,1177
963,nobel_physics,1999,lecture,Gerardus 't Hooft,,https://www.nobelprize.org/prizes/physics/1999/thooft/lecture/,nobel_physics/text_laureate/1999_thooft_lecture.txt,1075
964,nobel_physics,1999,biographical,Martinus J.G. Veltman,,https://www.nobelprize.org/prizes/physics/1999/veltman/biographical/,nobel_physics/text_laureate/1999_veltman_biographical.txt,25291
965,nobel_physics,1999,facts,Martinus J.G. Veltman,,https://www.nobelprize.org/prizes/physics/1999/veltman/facts/,nobel_physics/text_laureate/1999_veltman_facts.txt,1160
966,nobel_physics,1999,lecture,Martinus J.G. Veltman,,https://www.nobelprize.org/prizes/physics/1999/veltman/lecture/,nobel_physics/text_laureate/1999_veltman_lecture.txt,1048
967,nobel_physics,2000,biographical,Zhores Alferov,,https://www.nobelprize.org/prizes/physics/2000/alferov/biographical/,nobel_physics/text_laureate/2000_alferov_biographical.txt,24807
968,nobel_physics,2000,facts,Zhores Alferov,,https://www.nobelprize.org/prizes/physics/2000/alferov/facts/,nobel_physics/text_laureate/2000_alferov_facts.txt,1293
969,nobel_physics,2000,lecture,Zhores Alferov,,https://www.nobelprize.org/prizes/physics/2000/alferov/lecture/,nobel_physics/text_laureate/2000_alferov_lecture.txt,1389
970,nobel_physics,2000,biographical,Jack Kilby,,https://www.nobelprize.org/prizes/physics/2000/kilby/biographical/,nobel_physics/text_laureate/2000_kilby_biographical.txt,6651
971,nobel_physics,2000,facts,Jack Kilby,,https://www.nobelprize.org/prizes/physics/2000/kilby/facts/,nobel_physics/text_laureate/2000_kilby_facts.txt,1192
972,nobel_physics,2000,lecture,Jack Kilby,,https://www.nobelprize.org/prizes/physics/2000/kilby/lecture/,nobel_physics/text_laureate/2000_kilby_lecture.txt,2274
973,nobel_physics,2000,biographical,Herbert Kroemer,,https://www.nobelprize.org/prizes/physics/2000/kroemer/biographical/,nobel_physics/text_laureate/2000_kroemer_biographical.txt,19003
974,nobel_physics,2000,facts,Herbert Kroemer,,https://www.nobelprize.org/prizes/physics/2000/kroemer/facts/,nobel_physics/text_laureate/2000_kroemer_facts.txt,1246
975,nobel_physics,2000,lecture,Herbert Kroemer,,https://www.nobelprize.org/prizes/physics/2000/kroemer/lecture/,nobel_physics/text_laureate/2000_kroemer_lecture.txt,1381
976,nobel_physics,2001,biographical,Eric Cornell,,https://www.nobelprize.org/prizes/physics/2001/cornell/biographical/,nobel_physics/text_laureate/2001_cornell_biographical.txt,27003
977,nobel_physics,2001,facts,Eric Cornell,,https://www.nobelprize.org/prizes/physics/2001/cornell/facts/,nobel_physics/text_laureate/2001_cornell_facts.txt,1359
978,nobel_physics,2001,lecture,Eric Cornell,,https://www.nobelprize.org/prizes/physics/2001/cornell/lecture/,nobel_physics/text_laureate/2001_cornell_lecture.txt,1464
979,nobel_physics,2001,lecture-pdf,Eric Cornell,,https://www.nobelprize.org/uploads/2018/06/cornellwieman-lecture.pdf,nobel_physics/text_laureate/2001_cornell_lecture_pdf0.txt,126576
980,nobel_physics,2001,biographical,Wolfgang Ketterle,,https://www.nobelprize.org/prizes/physics/2001/ketterle/biographical/,nobel_physics/text_laureate/2001_ketterle_biographical.txt,15501
981,nobel_physics,2001,facts,Wolfgang Ketterle,,https://www.nobelprize.org/prizes/physics/2001/ketterle/facts/,nobel_physics/text_laureate/2001_ketterle_facts.txt,1377
982,nobel_physics,2001,lecture,Wolfgang Ketterle,,https://www.nobelprize.org/prizes/physics/2001/ketterle/lecture/,nobel_physics/text_laureate/2001_ketterle_lecture.txt,1565
983,nobel_physics,2001,lecture-pdf,Wolfgang Ketterle,,https://www.nobelprize.org/uploads/2018/06/ketterle-lecture.pdf,nobel_physics/text_laureate/2001_ketterle_lecture_pdf0.txt,130941
984,nobel_physics,2001,biographical,Carl Wieman,,https://www.nobelprize.org/prizes/physics/2001/wieman/biographical/,nobel_physics/text_laureate/2001_wieman_biographical.txt,24313
985,nobel_physics,2001,facts,Carl Wieman,,https://www.nobelprize.org/prizes/physics/2001/wieman/facts/,nobel_physics/text_laureate/2001_wieman_facts.txt,1374
986,nobel_physics,2001,lecture,Carl Wieman,,https://www.nobelprize.org/prizes/physics/2001/wieman/lecture/,nobel_physics/text_laureate/2001_wieman_lecture.txt,1519
987,nobel_physics,2001,lecture-pdf,Carl Wieman,,https://www.nobelprize.org/uploads/2018/06/cornellwieman-lecture-1.pdf,nobel_physics/text_laureate/2001_wieman_lecture_pdf0.txt,126576
988,nobel_physics,2002,biographical,Raymond Davis Jr.,,https://www.nobelprize.org/prizes/physics/2002/davis/biographical/,nobel_physics/text_laureate/2002_davis_biographical.txt,12684
989,nobel_physics,2002,facts,Raymond Davis Jr.,,https://www.nobelprize.org/prizes/physics/2002/davis/facts/,nobel_physics/text_laureate/2002_davis_facts.txt,1291
990,nobel_physics,2002,lecture,Raymond Davis Jr.,,https://www.nobelprize.org/prizes/physics/2002/davis/lecture/,nobel_physics/text_laureate/2002_davis_lecture.txt,1848
991,nobel_physics,2002,lecture-pdf,Raymond Davis Jr.,,https://www.nobelprize.org/uploads/2018/06/davis-lecture.pdf,nobel_physics/text_laureate/2002_davis_lecture_pdf0.txt,40120
992,nobel_physics,2002,biographical,Riccardo Giacconi,,https://www.nobelprize.org/prizes/physics/2002/giacconi/biographical/,nobel_physics/text_laureate/2002_giacconi_biographical.txt,17349
993,nobel_physics,2002,facts,Riccardo Giacconi,,https://www.nobelprize.org/prizes/physics/2002/giacconi/facts/,nobel_physics/text_laureate/2002_giacconi_facts.txt,1321
994,nobel_physics,2002,lecture,Riccardo Giacconi,,https://www.nobelprize.org/prizes/physics/2002/giacconi/lecture/,nobel_physics/text_laureate/2002_giacconi_lecture.txt,1550
995,nobel_physics,2002,lecture-pdf,Riccardo Giacconi,,https://www.nobelprize.org/uploads/2018/06/giacconi-lecture.pdf,nobel_physics/text_laureate/2002_giacconi_lecture_pdf0.txt,34985
996,nobel_physics,2002,biographical,Masatoshi Koshiba,,https://www.nobelprize.org/prizes/physics/2002/koshiba/biographical/,nobel_physics/text_laureate/2002_koshiba_biographical.txt,4680
997,nobel_physics,2002,facts,Masatoshi Koshiba,,https://www.nobelprize.org/prizes/physics/2002/koshiba/facts/,nobel_physics/text_laureate/2002_koshiba_facts.txt,1698
998,nobel_physics,2002,lecture,Masatoshi Koshiba,,https://www.nobelprize.org/prizes/physics/2002/koshiba/lecture/,nobel_physics/text_laureate/2002_koshiba_lecture.txt,1561
999,nobel_physics,2002,lecture-pdf,Masatoshi Koshiba,,https://www.nobelprize.org/uploads/2018/06/koshiba-lecture.pdf,nobel_physics/text_laureate/2002_koshiba_lecture_pdf0.txt,20976
1000,nobel_physics,2003,biographical,Alexei Abrikosov,,https://www.nobelprize.org/prizes/physics/2003/abrikosov/biographical/,nobel_physics/text_laureate/2003_abrikosov_biographical.txt,11192
1001,nobel_physics,2003,facts,Alexei Abrikosov,,https://www.nobelprize.org/prizes/physics/2003/abrikosov/facts/,nobel_physics/text_laureate/2003_abrikosov_facts.txt,1386
1002,nobel_physics,2003,lecture,Alexei Abrikosov,,https://www.nobelprize.org/prizes/physics/2003/abrikosov/lecture/,nobel_physics/text_laureate/2003_abrikosov_lecture.txt,1295
1003,nobel_physics,2003,lecture-pdf,Alexei Abrikosov,,https://www.nobelprize.org/uploads/2018/06/abrikosov-lecture.pdf,nobel_physics/text_laureate/2003_abrikosov_lecture_pdf0.txt,19676
1004,nobel_physics,2003,biographical,Vitaly L. Ginzburg,,https://www.nobelprize.org/prizes/physics/2003/ginzburg/biographical/,nobel_physics/text_laureate/2003_ginzburg_biographical.txt,80989
1005,nobel_physics,2003,facts,Vitaly L. Ginzburg,,https://www.nobelprize.org/prizes/physics/2003/ginzburg/facts/,nobel_physics/text_laureate/2003_ginzburg_facts.txt,1362
1006,nobel_physics,2003,lecture,Vitaly L. Ginzburg,,https://www.nobelprize.org/prizes/physics/2003/ginzburg/lecture/,nobel_physics/text_laureate/2003_ginzburg_lecture.txt,1502
1007,nobel_physics,2003,lecture-pdf,Vitaly L. Ginzburg,,https://www.nobelprize.org/uploads/2018/06/ginzburg-lecture.pdf,nobel_physics/text_laureate/2003_ginzburg_lecture_pdf0.txt,81009
1008,nobel_physics,2003,biographical,Anthony J. Leggett,,https://www.nobelprize.org/prizes/physics/2003/leggett/biographical/,nobel_physics/text_laureate/2003_leggett_biographical.txt,43364
1009,nobel_physics,2003,facts,Anthony J. Leggett,,https://www.nobelprize.org/prizes/physics/2003/leggett/facts/,nobel_physics/text_laureate/2003_leggett_facts.txt,1344
1010,nobel_physics,2003,lecture,Anthony J. Leggett,,https://www.nobelprize.org/prizes/physics/2003/leggett/lecture/,nobel_physics/text_laureate/2003_leggett_lecture.txt,1412
1011,nobel_physics,2003,lecture-pdf,Anthony J. Leggett,,https://www.nobelprize.org/uploads/2018/06/leggett-lecture.pdf,nobel_physics/text_laureate/2003_leggett_lecture_pdf0.txt,71787
1012,nobel_physics,2004,biographical,David J. Gross,,https://www.nobelprize.org/prizes/physics/2004/gross/biographical/,nobel_physics/text_laureate/2004_gross_biographical.txt,11279
1013,nobel_physics,2004,facts,David J. Gross,,https://www.nobelprize.org/prizes/physics/2004/gross/facts/,nobel_physics/text_laureate/2004_gross_facts.txt,1321
1014,nobel_physics,2004,lecture,David J. Gross,,https://www.nobelprize.org/prizes/physics/2004/gross/lecture/,nobel_physics/text_laureate/2004_gross_lecture.txt,2065
1015,nobel_physics,2004,lecture-pdf,David J. Gross,,https://www.nobelprize.org/uploads/2018/06/gross-slides.pdf,nobel_physics/text_laureate/2004_gross_lecture_pdf0.txt,6321
1016,nobel_physics,2004,lecture-pdf,David J. Gross,,https://www.nobelprize.org/uploads/2024/10/gross-lecture-1.pdf,nobel_physics/text_laureate/2004_gross_lecture_pdf1.txt,77564
1017,nobel_physics,2004,biographical,H. David Politzer,,https://www.nobelprize.org/prizes/physics/2004/politzer/biographical/,nobel_physics/text_laureate/2004_politzer_biographical.txt,420
1018,nobel_physics,2004,facts,H. David Politzer,,https://www.nobelprize.org/prizes/physics/2004/politzer/facts/,nobel_physics/text_laureate/2004_politzer_facts.txt,1243
1019,nobel_physics,2004,lecture,H. David Politzer,,https://www.nobelprize.org/prizes/physics/2004/politzer/lecture/,nobel_physics/text_laureate/2004_politzer_lecture.txt,531
1020,nobel_physics,2004,lecture-pdf,H. David Politzer,,https://www.nobelprize.org/uploads/2018/06/politzer-lecture.pdf,nobel_physics/text_laureate/2004_politzer_lecture_pdf0.txt,36166
1021,nobel_physics,2004,biographical,Frank Wilczek,,https://www.nobelprize.org/prizes/physics/2004/wilczek/biographical/,nobel_physics/text_laureate/2004_wilczek_biographical.txt,6601
1022,nobel_physics,2004,facts,Frank Wilczek,,https://www.nobelprize.org/prizes/physics/2004/wilczek/facts/,nobel_physics/text_laureate/2004_wilczek_facts.txt,1279
1023,nobel_physics,2004,lecture,Frank Wilczek,,https://www.nobelprize.org/prizes/physics/2004/wilczek/lecture/,nobel_physics/text_laureate/2004_wilczek_lecture.txt,1555
1024,nobel_physics,2004,lecture-pdf,Frank Wilczek,,https://www.nobelprize.org/uploads/2018/06/wilczek-slides.pdf,nobel_physics/text_laureate/2004_wilczek_lecture_pdf0.txt,2378
1025,nobel_physics,2004,lecture-pdf,Frank Wilczek,,https://www.nobelprize.org/uploads/2018/06/wilczek-lecture.pdf,nobel_physics/text_laureate/2004_wilczek_lecture_pdf1.txt,66967
1026,nobel_physics,2005,biographical,Roy J. Glauber,,https://www.nobelprize.org/prizes/physics/2005/glauber/biographical/,nobel_physics/text_laureate/2005_glauber_biographical.txt,53048
1027,nobel_physics,2005,facts,Roy J. Glauber,,https://www.nobelprize.org/prizes/physics/2005/glauber/facts/,nobel_physics/text_laureate/2005_glauber_facts.txt,1245
1028,nobel_physics,2005,lecture,Roy J. Glauber,,https://www.nobelprize.org/prizes/physics/2005/glauber/lecture/,nobel_physics/text_laureate/2005_glauber_lecture.txt,1407
1029,nobel_physics,2005,lecture-pdf,Roy J. Glauber,,https://www.nobelprize.org/uploads/2018/06/glauber-slides.pdf,nobel_physics/text_laureate/2005_glauber_lecture_pdf0.txt,6844
1030,nobel_physics,2005,lecture-pdf,Roy J. Glauber,,https://www.nobelprize.org/uploads/2018/06/glauber-lecture.pdf,nobel_physics/text_laureate/2005_glauber_lecture_pdf1.txt,61119
1031,nobel_physics,2005,biographical,John L. Hall,,https://www.nobelprize.org/prizes/physics/2005/hall/biographical/,nobel_physics/text_laureate/2005_hall_biographical.txt,5294
1032,nobel_physics,2005,facts,John L. Hall,,https://www.nobelprize.org/prizes/physics/2005/hall/facts/,nobel_physics/text_laureate/2005_hall_facts.txt,1366
1033,nobel_physics,2005,lecture,John L. Hall,,https://www.nobelprize.org/prizes/physics/2005/hall/lecture/,nobel_physics/text_laureate/2005_hall_lecture.txt,1271
1034,nobel_physics,2005,lecture-pdf,John L. Hall,,https://www.nobelprize.org/uploads/2018/06/hall-slides.pdf,nobel_physics/text_laureate/2005_hall_lecture_pdf0.txt,16683
1035,nobel_physics,2005,lecture-pdf,John L. Hall,,https://www.nobelprize.org/uploads/2018/06/hall-lecture.pdf,nobel_physics/text_laureate/2005_hall_lecture_pdf1.txt,97900
1036,nobel_physics,2005,biographical,Theodor W. Hänsch,,https://www.nobelprize.org/prizes/physics/2005/hansch/biographical/,nobel_physics/text_laureate/2005_hansch_biographical.txt,33019
1037,nobel_physics,2005,facts,Theodor W. Hänsch,,https://www.nobelprize.org/prizes/physics/2005/hansch/facts/,nobel_physics/text_laureate/2005_hansch_facts.txt,1371
1038,nobel_physics,2005,lecture,Theodor W. Hänsch,,https://www.nobelprize.org/prizes/physics/2005/hansch/lecture/,nobel_physics/text_laureate/2005_hansch_lecture.txt,1379
1039,nobel_physics,2005,lecture-pdf,Theodor W. Hänsch,,https://www.nobelprize.org/uploads/2018/06/hansch-slides.pdf,nobel_physics/text_laureate/2005_hansch_lecture_pdf0.txt,10102
1040,nobel_physics,2005,lecture-pdf,Theodor W. Hänsch,,https://www.nobelprize.org/uploads/2018/06/hansch-lecture.pdf,nobel_physics/text_laureate/2005_hansch_lecture_pdf1.txt,74691
1041,nobel_physics,2006,biographical,John C. Mather,,https://www.nobelprize.org/prizes/physics/2006/mather/biographical/,nobel_physics/text_laureate/2006_mather_biographical.txt,33969
1042,nobel_physics,2006,facts,John C. Mather,,https://www.nobelprize.org/prizes/physics/2006/mather/facts/,nobel_physics/text_laureate/2006_mather_facts.txt,1254
1043,nobel_physics,2006,lecture,John C. Mather,,https://www.nobelprize.org/prizes/physics/2006/mather/lecture/,nobel_physics/text_laureate/2006_mather_lecture.txt,1331
1044,nobel_physics,2006,lecture-pdf,John C. Mather,,https://www.nobelprize.org/uploads/2018/06/mather-slides.pdf,nobel_physics/text_laureate/2006_mather_lecture_pdf0.txt,15616
1045,nobel_physics,2006,lecture-pdf,John C. Mather,,https://www.nobelprize.org/uploads/2018/06/mather_lecture.pdf,nobel_physics/text_laureate/2006_mather_lecture_pdf1.txt,92079
1046,nobel_physics,2006,biographical,George F. Smoot,,https://www.nobelprize.org/prizes/physics/2006/smoot/biographical/,nobel_physics/text_laureate/2006_smoot_biographical.txt,37304
1047,nobel_physics,2006,facts,George F. Smoot,,https://www.nobelprize.org/prizes/physics/2006/smoot/facts/,nobel_physics/text_laureate/2006_smoot_facts.txt,1854
1048,nobel_physics,2006,lecture,George F. Smoot,,https://www.nobelprize.org/prizes/physics/2006/smoot/lecture/,nobel_physics/text_laureate/2006_smoot_lecture.txt,1406
1049,nobel_physics,2006,lecture-pdf,George F. Smoot,,https://www.nobelprize.org/uploads/2018/06/smoot_lecture.pdf,nobel_physics/text_laureate/2006_smoot_lecture_pdf0.txt,140641
1050,nobel_physics,2007,biographical,Albert Fert,,https://www.nobelprize.org/prizes/physics/2007/fert/biographical/,nobel_physics/text_laureate/2007_fert_biographical.txt,19080
1051,nobel_physics,2007,facts,Albert Fert,,https://www.nobelprize.org/prizes/physics/2007/fert/facts/,nobel_physics/text_laureate/2007_fert_facts.txt,1229
1052,nobel_physics,2007,lecture,Albert Fert,,https://www.nobelprize.org/prizes/physics/2007/fert/lecture/,nobel_physics/text_laureate/2007_fert_lecture.txt,1311
1053,nobel_physics,2007,lecture-pdf,Albert Fert,,https://www.nobelprize.org/uploads/2018/06/fert-slides.pdf,nobel_physics/text_laureate/2007_fert_lecture_pdf0.txt,18087
1054,nobel_physics,2007,lecture-pdf,Albert Fert,,https://www.nobelprize.org/uploads/2017/07/fert_lecture-1.pdf,nobel_physics/text_laureate/2007_fert_lecture_pdf1.txt,53345
1055,nobel_physics,2007,biographical,Peter Grünberg,,https://www.nobelprize.org/prizes/physics/2007/grunberg/biographical/,nobel_physics/text_laureate/2007_grunberg_biographical.txt,21870
1056,nobel_physics,2007,facts,Peter Grünberg,,https://www.nobelprize.org/prizes/physics/2007/grunberg/facts/,nobel_physics/text_laureate/2007_grunberg_facts.txt,1224
1057,nobel_physics,2007,lecture,Peter Grünberg,,https://www.nobelprize.org/prizes/physics/2007/grunberg/lecture/,nobel_physics/text_laureate/2007_grunberg_lecture.txt,1350
1058,nobel_physics,2007,lecture-pdf,Peter Grünberg,,https://www.nobelprize.org/uploads/2018/06/grunberg-slides.pdf,nobel_physics/text_laureate/2007_grunberg_lecture_pdf0.txt,6986
1059,nobel_physics,2007,lecture-pdf,Peter Grünberg,,https://www.nobelprize.org/uploads/2018/06/grunberg_lecture.pdf,nobel_physics/text_laureate/2007_grunberg_lecture_pdf1.txt,36384
1060,nobel_physics,2008,biographical,Makoto Kobayashi,,https://www.nobelprize.org/prizes/physics/2008/kobayashi/biographical/,nobel_physics/text_laureate/2008_kobayashi_biographical.txt,9048
1061,nobel_physics,2008,facts,Makoto Kobayashi,,https://www.nobelprize.org/prizes/physics/2008/kobayashi/facts/,nobel_physics/text_laureate/2008_kobayashi_facts.txt,1325
1062,nobel_physics,2008,lecture,Makoto Kobayashi,,https://www.nobelprize.org/prizes/physics/2008/kobayashi/lecture/,nobel_physics/text_laureate/2008_kobayashi_lecture.txt,998
1063,nobel_physics,2008,lecture-pdf,Makoto Kobayashi,,https://www.nobelprize.org/uploads/2018/06/kobayashi-slides.pdf,nobel_physics/text_laureate/2008_kobayashi_lecture_pdf0.txt,5019
1064,nobel_physics,2008,lecture-pdf,Makoto Kobayashi,,https://www.nobelprize.org/uploads/2018/06/kobayashi_lecture.pdf,nobel_physics/text_laureate/2008_kobayashi_lecture_pdf1.txt,26959
1065,nobel_physics,2008,biographical,Toshihide Maskawa,,https://www.nobelprize.org/prizes/physics/2008/maskawa/biographical/,nobel_physics/text_laureate/2008_maskawa_biographical.txt,18045
1066,nobel_physics,2008,facts,Toshihide Maskawa,,https://www.nobelprize.org/prizes/physics/2008/maskawa/facts/,nobel_physics/text_laureate/2008_maskawa_facts.txt,1853
1067,nobel_physics,2008,lecture,Toshihide Maskawa,,https://www.nobelprize.org/prizes/physics/2008/maskawa/lecture/,nobel_physics/text_laureate/2008_maskawa_lecture.txt,1031
1068,nobel_physics,2008,lecture-pdf,Toshihide Maskawa,,https://www.nobelprize.org/uploads/2018/06/maskawa_lecture.pdf,nobel_physics/text_laureate/2008_maskawa_lecture_pdf0.txt,19970
1069,nobel_physics,2008,biographical,Yoichiro Nambu,,https://www.nobelprize.org/prizes/physics/2008/nambu/biographical/,nobel_physics/text_laureate/2008_nambu_biographical.txt,4072
1070,nobel_physics,2008,facts,Yoichiro Nambu,,https://www.nobelprize.org/prizes/physics/2008/nambu/facts/,nobel_physics/text_laureate/2008_nambu_facts.txt,1238
1071,nobel_physics,2008,lecture,Yoichiro Nambu,,https://www.nobelprize.org/prizes/physics/2008/nambu/lecture/,nobel_physics/text_laureate/2008_nambu_lecture.txt,1145
1072,nobel_physics,2008,lecture-pdf,Yoichiro Nambu,,https://www.nobelprize.org/uploads/2018/06/nambu-slides.pdf,nobel_physics/text_laureate/2008_nambu_lecture_pdf0.txt,10649
1073,nobel_physics,2008,lecture-pdf,Yoichiro Nambu,,https://www.nobelprize.org/uploads/2018/06/nambu_lecture.pdf,nobel_physics/text_laureate/2008_nambu_lecture_pdf1.txt,16514
1074,nobel_physics,2009,biographical,Willard S. Boyle,,https://www.nobelprize.org/prizes/physics/2009/boyle/biographical/,nobel_physics/text_laureate/2009_boyle_biographical.txt,4766
1075,nobel_physics,2009,facts,Willard S. Boyle,,https://www.nobelprize.org/prizes/physics/2009/boyle/facts/,nobel_physics/text_laureate/2009_boyle_facts.txt,1347
1076,nobel_physics,2009,lecture,Willard S. Boyle,,https://www.nobelprize.org/prizes/physics/2009/boyle/lecture/,nobel_physics/text_laureate/2009_boyle_lecture.txt,954
1077,nobel_physics,2009,lecture-pdf,Willard S. Boyle,,https://www.nobelprize.org/uploads/2018/06/boyle_lecture.pdf,nobel_physics/text_laureate/2009_boyle_lecture_pdf0.txt,7466
1078,nobel_physics,2009,biographical,Charles K. Kao,,https://www.nobelprize.org/prizes/physics/2009/kao/biographical/,nobel_physics/text_laureate/2009_kao_biographical.txt,29367
1079,nobel_physics,2009,facts,Charles K. Kao,,https://www.nobelprize.org/prizes/physics/2009/kao/facts/,nobel_physics/text_laureate/2009_kao_facts.txt,1386
1080,nobel_physics,2009,lecture,Charles K. Kao,,https://www.nobelprize.org/prizes/physics/2009/kao/lecture/,nobel_physics/text_laureate/2009_kao_lecture.txt,1080
1081,nobel_physics,2009,lecture-pdf,Charles K. Kao,,https://www.nobelprize.org/uploads/2018/06/kao-lecture-slides.pdf,nobel_physics/text_laureate/2009_kao_lecture_pdf0.txt,9952
1082,nobel_physics,2009,lecture-pdf,Charles K. Kao,,https://www.nobelprize.org/uploads/2018/06/kao_lecture.pdf,nobel_physics/text_laureate/2009_kao_lecture_pdf1.txt,24325
1083,nobel_physics,2009,biographical,George E. Smith,,https://www.nobelprize.org/prizes/physics/2009/smith/biographical/,nobel_physics/text_laureate/2009_smith_biographical.txt,6848
1084,nobel_physics,2009,facts,George E. Smith,,https://www.nobelprize.org/prizes/physics/2009/smith/facts/,nobel_physics/text_laureate/2009_smith_facts.txt,1374
1085,nobel_physics,2009,lecture,George E. Smith,,https://www.nobelprize.org/prizes/physics/2009/smith/lecture/,nobel_physics/text_laureate/2009_smith_lecture.txt,1006
1086,nobel_physics,2009,lecture-pdf,George E. Smith,,https://www.nobelprize.org/uploads/2018/06/smith_lecture.pdf,nobel_physics/text_laureate/2009_smith_lecture_pdf1.txt,11789
1087,nobel_physics,2010,biographical,Andre Geim,,https://www.nobelprize.org/prizes/physics/2010/geim/biographical/,nobel_physics/text_laureate/2010_geim_biographical.txt,38662
1088,nobel_physics,2010,facts,Andre Geim,,https://www.nobelprize.org/prizes/physics/2010/geim/facts/,nobel_physics/text_laureate/2010_geim_facts.txt,1865
1089,nobel_physics,2010,lecture,Andre Geim,,https://www.nobelprize.org/prizes/physics/2010/geim/lecture/,nobel_physics/text_laureate/2010_geim_lecture.txt,966
1090,nobel_physics,2010,lecture-pdf,Andre Geim,,https://www.nobelprize.org/uploads/2018/06/geim-lecture-slides.pdf,nobel_physics/text_laureate/2010_geim_lecture_pdf0.txt,9149
1091,nobel_physics,2010,lecture-pdf,Andre Geim,,https://www.nobelprize.org/uploads/2018/06/geim_lecture.pdf,nobel_physics/text_laureate/2010_geim_lecture_pdf1.txt,75622
1092,nobel_physics,2010,biographical,Konstantin Novoselov,,https://www.nobelprize.org/prizes/physics/2010/novoselov/biographical/,nobel_physics/text_laureate/2010_novoselov_biographical.txt,19332
1093,nobel_physics,2010,facts,Konstantin Novoselov,,https://www.nobelprize.org/prizes/physics/2010/novoselov/facts/,nobel_physics/text_laureate/2010_novoselov_facts.txt,1535
1094,nobel_physics,2010,lecture,Konstantin Novoselov,,https://www.nobelprize.org/prizes/physics/2010/novoselov/lecture/,nobel_physics/text_laureate/2010_novoselov_lecture.txt,971
1095,nobel_physics,2010,lecture-pdf,Konstantin Novoselov,,https://www.nobelprize.org/uploads/2018/06/novoselov-lecture-slides.pdf,nobel_physics/text_laureate/2010_novoselov_lecture_pdf0.txt,7746
1096,nobel_physics,2010,lecture-pdf,Konstantin Novoselov,,https://www.nobelprize.org/uploads/2018/06/novoselov_lecture.pdf,nobel_physics/text_laureate/2010_novoselov_lecture_pdf1.txt,63594
1097,nobel_physics,2011,biographical,Saul Perlmutter,,https://www.nobelprize.org/prizes/physics/2011/perlmutter/biographical/,nobel_physics/text_laureate/2011_perlmutter_biographical.txt,14664
1098,nobel_physics,2011,facts,Saul Perlmutter,,https://www.nobelprize.org/prizes/physics/2011/perlmutter/facts/,nobel_physics/text_laureate/2011_perlmutter_facts.txt,2205
1099,nobel_physics,2011,lecture,Saul Perlmutter,,https://www.nobelprize.org/prizes/physics/2011/perlmutter/lecture/,nobel_physics/text_laureate/2011_perlmutter_lecture.txt,997
1100,nobel_physics,2011,lecture-pdf,Saul Perlmutter,,https://www.nobelprize.org/uploads/2018/06/perlmutter-lecture_slides.pdf,nobel_physics/text_laureate/2011_perlmutter_lecture_pdf0.txt,10805
1101,nobel_physics,2011,lecture-pdf,Saul Perlmutter,,https://www.nobelprize.org/uploads/2018/06/perlmutter-lecture.pdf,nobel_physics/text_laureate/2011_perlmutter_lecture_pdf1.txt,57788
1102,nobel_physics,2011,biographical,Adam G. Riess,,https://www.nobelprize.org/prizes/physics/2011/riess/biographical/,nobel_physics/text_laureate/2011_riess_biographical.txt,399
1103,nobel_physics,2011,facts,Adam G. Riess,,https://www.nobelprize.org/prizes/physics/2011/riess/facts/,nobel_physics/text_laureate/2011_riess_facts.txt,1987
1104,nobel_physics,2011,lecture,Adam G. Riess,,https://www.nobelprize.org/prizes/physics/2011/riess/lecture/,nobel_physics/text_laureate/2011_riess_lecture.txt,944
1105,nobel_physics,2011,lecture-pdf,Adam G. Riess,,https://www.nobelprize.org/uploads/2018/06/riess_lecture.pdf,nobel_physics/text_laureate/2011_riess_lecture_pdf0.txt,53153
1106,nobel_physics,2011,lecture-pdf,Adam G. Riess,,https://www.nobelprize.org/uploads/2018/06/riess-lecture_slides.pdf,nobel_physics/text_laureate/2011_riess_lecture_pdf1.txt,11145
1107,nobel_physics,2011,biographical,Brian P. Schmidt,,https://www.nobelprize.org/prizes/physics/2011/schmidt/biographical/,nobel_physics/text_laureate/2011_schmidt_biographical.txt,399
1108,nobel_physics,2011,facts,Brian P. Schmidt,,https://www.nobelprize.org/prizes/physics/2011/schmidt/facts/,nobel_physics/text_laureate/2011_schmidt_facts.txt,1870
1109,nobel_physics,2011,lecture,Brian P. Schmidt,,https://www.nobelprize.org/prizes/physics/2011/schmidt/lecture/,nobel_physics/text_laureate/2011_schmidt_lecture.txt,958
1110,nobel_physics,2011,lecture-pdf,Brian P. Schmidt,,https://www.nobelprize.org/uploads/2018/06/schmidt_lecture.pdf,nobel_physics/text_laureate/2011_schmidt_lecture_pdf0.txt,69071
1111,nobel_physics,2011,lecture-pdf,Brian P. Schmidt,,https://www.nobelprize.org/uploads/2018/06/schmidt-lecture_slides.pdf,nobel_physics/text_laureate/2011_schmidt_lecture_pdf1.txt,6057
1112,nobel_physics,2012,biographical,Serge Haroche,,https://www.nobelprize.org/prizes/physics/2012/haroche/biographical/,nobel_physics/text_laureate/2012_haroche_biographical.txt,43545
1113,nobel_physics,2012,facts,Serge Haroche,,https://www.nobelprize.org/prizes/physics/2012/haroche/facts/,nobel_physics/text_laureate/2012_haroche_facts.txt,1844
1114,nobel_physics,2012,lecture,Serge Haroche,,https://www.nobelprize.org/prizes/physics/2012/haroche/lecture/,nobel_physics/text_laureate/2012_haroche_lecture.txt,1059
1115,nobel_physics,2012,lecture-pdf,Serge Haroche,,https://www.nobelprize.org/uploads/2018/06/haroche-lecture_slides.pdf,nobel_physics/text_laureate/2012_haroche_lecture_pdf0.txt,7679
1116,nobel_physics,2012,lecture-pdf,Serge Haroche,,https://www.nobelprize.org/uploads/2018/06/haroche-lecture.pdf,nobel_physics/text_laureate/2012_haroche_lecture_pdf1.txt,105141
1117,nobel_physics,2012,biographical,David J. Wineland,,https://www.nobelprize.org/prizes/physics/2012/wineland/biographical/,nobel_physics/text_laureate/2012_wineland_biographical.txt,15143
1118,nobel_physics,2012,facts,David J. Wineland,,https://www.nobelprize.org/prizes/physics/2012/wineland/facts/,nobel_physics/text_laureate/2012_wineland_facts.txt,1857
1119,nobel_physics,2012,lecture,David J. Wineland,,https://www.nobelprize.org/prizes/physics/2012/wineland/lecture/,nobel_physics/text_laureate/2012_wineland_lecture.txt,1009
1120,nobel_physics,2012,lecture-pdf,David J. Wineland,,https://www.nobelprize.org/uploads/2018/06/wineland-lecture_slides.pdf,nobel_physics/text_laureate/2012_wineland_lecture_pdf0.txt,8547
1121,nobel_physics,2012,lecture-pdf,David J. Wineland,,https://www.nobelprize.org/uploads/2018/06/wineland-lecture.pdf,nobel_physics/text_laureate/2012_wineland_lecture_pdf1.txt,74255
1122,nobel_physics,2013,biographical,François Englert,,https://www.nobelprize.org/prizes/physics/2013/englert/biographical/,nobel_physics/text_laureate/2013_englert_biographical.txt,8806
1123,nobel_physics,2013,facts,François Englert,,https://www.nobelprize.org/prizes/physics/2013/englert/facts/,nobel_physics/text_laureate/2013_englert_facts.txt,2030
1124,nobel_physics,2013,lecture,François Englert,,https://www.nobelprize.org/prizes/physics/2013/englert/lecture/,nobel_physics/text_laureate/2013_englert_lecture.txt,1076
1125,nobel_physics,2013,lecture-pdf,François Englert,,https://www.nobelprize.org/uploads/2018/06/englert-lecture-slides.pdf,nobel_physics/text_laureate/2013_englert_lecture_pdf0.txt,4161
1126,nobel_physics,2013,lecture-pdf,François Englert,,https://www.nobelprize.org/uploads/2018/06/englert-lecture.pdf,nobel_physics/text_laureate/2013_englert_lecture_pdf1.txt,37057
1127,nobel_physics,2013,biographical,Peter Higgs,,https://www.nobelprize.org/prizes/physics/2013/higgs/biographical/,nobel_physics/text_laureate/2013_higgs_biographical.txt,11601
1128,nobel_physics,2013,facts,Peter Higgs,,https://www.nobelprize.org/prizes/physics/2013/higgs/facts/,nobel_physics/text_laureate/2013_higgs_facts.txt,2037
1129,nobel_physics,2013,lecture,Peter Higgs,,https://www.nobelprize.org/prizes/physics/2013/higgs/lecture/,nobel_physics/text_laureate/2013_higgs_lecture.txt,882
1130,nobel_physics,2013,lecture-pdf,Peter Higgs,,https://www.nobelprize.org/uploads/2018/06/higgs-lecture.pdf,nobel_physics/text_laureate/2013_higgs_lecture_pdf0.txt,10584
1131,nobel_physics,2014,biographical,Isamu Akasaki,,https://www.nobelprize.org/prizes/physics/2014/akasaki/biographical/,nobel_physics/text_laureate/2014_akasaki_biographical.txt,5240
1132,nobel_physics,2014,facts,Isamu Akasaki,,https://www.nobelprize.org/prizes/physics/2014/akasaki/facts/,nobel_physics/text_laureate/2014_akasaki_facts.txt,1747
1133,nobel_physics,2014,lecture,Isamu Akasaki,,https://www.nobelprize.org/prizes/physics/2014/akasaki/lecture/,nobel_physics/text_laureate/2014_akasaki_lecture.txt,979
1134,nobel_physics,2014,lecture-pdf,Isamu Akasaki,,https://www.nobelprize.org/uploads/2018/06/akasaki-lecture-slides.pdf,nobel_physics/text_laureate/2014_akasaki_lecture_pdf0.txt,10796
1135,nobel_physics,2014,lecture-pdf,Isamu Akasaki,,https://www.nobelprize.org/uploads/2018/06/akasaki-lecture.pdf,nobel_physics/text_laureate/2014_akasaki_lecture_pdf1.txt,57655
1136,nobel_physics,2014,biographical,Hiroshi Amano,,https://www.nobelprize.org/prizes/physics/2014/amano/biographical/,nobel_physics/text_laureate/2014_amano_biographical.txt,9223
1137,nobel_physics,2014,facts,Hiroshi Amano,,https://www.nobelprize.org/prizes/physics/2014/amano/facts/,nobel_physics/text_laureate/2014_amano_facts.txt,1472
1138,nobel_physics,2014,lecture,Hiroshi Amano,,https://www.nobelprize.org/prizes/physics/2014/amano/lecture/,nobel_physics/text_laureate/2014_amano_lecture.txt,1207
1139,nobel_physics,2014,lecture-pdf,Hiroshi Amano,,https://www.nobelprize.org/uploads/2018/06/amano-lecture-slides.pdf,nobel_physics/text_laureate/2014_amano_lecture_pdf0.txt,7616
1140,nobel_physics,2014,lecture-pdf,Hiroshi Amano,,https://www.nobelprize.org/uploads/2018/06/amano-lecture.pdf,nobel_physics/text_laureate/2014_amano_lecture_pdf1.txt,24692
1141,nobel_physics,2014,biographical,Shuji Nakamura,,https://www.nobelprize.org/prizes/physics/2014/nakamura/biographical/,nobel_physics/text_laureate/2014_nakamura_biographical.txt,31861
1142,nobel_physics,2014,facts,Shuji Nakamura,,https://www.nobelprize.org/prizes/physics/2014/nakamura/facts/,nobel_physics/text_laureate/2014_nakamura_facts.txt,1668
1143,nobel_physics,2014,lecture,Shuji Nakamura,,https://www.nobelprize.org/prizes/physics/2014/nakamura/lecture/,nobel_physics/text_laureate/2014_nakamura_lecture.txt,1087
1144,nobel_physics,2014,lecture-pdf,Shuji Nakamura,,https://www.nobelprize.org/uploads/2018/06/nakamura-lecture-slides.pdf,nobel_physics/text_laureate/2014_nakamura_lecture_pdf0.txt,11419
1145,nobel_physics,2014,lecture-pdf,Shuji Nakamura,,https://www.nobelprize.org/uploads/2018/06/nakamura-lecture.pdf,nobel_physics/text_laureate/2014_nakamura_lecture_pdf1.txt,52940
1146,nobel_physics,2015,biographical,Takaaki Kajita,,https://www.nobelprize.org/prizes/physics/2015/kajita/biographical/,nobel_physics/text_laureate/2015_kajita_biographical.txt,6973
1147,nobel_physics,2015,facts,Takaaki Kajita,,https://www.nobelprize.org/prizes/physics/2015/kajita/facts/,nobel_physics/text_laureate/2015_kajita_facts.txt,1677
1148,nobel_physics,2015,lecture,Takaaki Kajita,,https://www.nobelprize.org/prizes/physics/2015/kajita/lecture/,nobel_physics/text_laureate/2015_kajita_lecture.txt,743
1149,nobel_physics,2015,lecture-pdf,Takaaki Kajita,,https://www.nobelprize.org/uploads/2018/06/kajita-lecture-slides.pdf,nobel_physics/text_laureate/2015_kajita_lecture_pdf0.txt,11404
1150,nobel_physics,2015,lecture-pdf,Takaaki Kajita,,https://www.nobelprize.org/uploads/2018/06/kajita-lecture.pdf,nobel_physics/text_laureate/2015_kajita_lecture_pdf1.txt,35069
1151,nobel_physics,2015,biographical,Arthur B. McDonald,,https://www.nobelprize.org/prizes/physics/2015/mcdonald/biographical/,nobel_physics/text_laureate/2015_mcdonald_biographical.txt,22425
1152,nobel_physics,2015,facts,Arthur B. McDonald,,https://www.nobelprize.org/prizes/physics/2015/mcdonald/facts/,nobel_physics/text_laureate/2015_mcdonald_facts.txt,1708
1153,nobel_physics,2015,lecture,Arthur B. McDonald,,https://www.nobelprize.org/prizes/physics/2015/mcdonald/lecture/,nobel_physics/text_laureate/2015_mcdonald_lecture.txt,836
1154,nobel_physics,2015,lecture-pdf,Arthur B. McDonald,,https://www.nobelprize.org/uploads/2018/06/mcdonald-lecture-slides.pdf,nobel_physics/text_laureate/2015_mcdonald_lecture_pdf0.txt,14594
1155,nobel_physics,2015,lecture-pdf,Arthur B. McDonald,,https://www.nobelprize.org/uploads/2018/06/mcdonald-lecture.pdf,nobel_physics/text_laureate/2015_mcdonald_lecture_pdf1.txt,38985
1156,nobel_physics,2016,biographical,F. Duncan M. Haldane,,https://www.nobelprize.org/prizes/physics/2016/haldane/biographical/,nobel_physics/text_laureate/2016_haldane_biographical.txt,48173
1157,nobel_physics,2016,facts,F. Duncan M. Haldane,,https://www.nobelprize.org/prizes/physics/2016/haldane/facts/,nobel_physics/text_laureate/2016_haldane_facts.txt,1773
1158,nobel_physics,2016,lecture,F. Duncan M. Haldane,,https://www.nobelprize.org/prizes/physics/2016/haldane/lecture/,nobel_physics/text_laureate/2016_haldane_lecture.txt,1026
1159,nobel_physics,2016,lecture-pdf,F. Duncan M. Haldane,,https://www.nobelprize.org/uploads/2018/06/haldane-lecture-slides.pdf,nobel_physics/text_laureate/2016_haldane_lecture_pdf0.txt,20651
1160,nobel_physics,2016,lecture-pdf,F. Duncan M. Haldane,,https://www.nobelprize.org/uploads/2018/06/haldane-lecture.pdf,nobel_physics/text_laureate/2016_haldane_lecture_pdf1.txt,57424
1161,nobel_physics,2016,biographical,J. Michael Kosterlitz,,https://www.nobelprize.org/prizes/physics/2016/kosterlitz/biographical/,nobel_physics/text_laureate/2016_kosterlitz_biographical.txt,31075
1162,nobel_physics,2016,facts,J. Michael Kosterlitz,,https://www.nobelprize.org/prizes/physics/2016/kosterlitz/facts/,nobel_physics/text_laureate/2016_kosterlitz_facts.txt,1670
1163,nobel_physics,2016,lecture,J. Michael Kosterlitz,,https://www.nobelprize.org/prizes/physics/2016/kosterlitz/lecture/,nobel_physics/text_laureate/2016_kosterlitz_lecture.txt,1041
1164,nobel_physics,2016,lecture-pdf,J. Michael Kosterlitz,,https://www.nobelprize.org/uploads/2018/06/kosterlitz-lecture-slides.pdf,nobel_physics/text_laureate/2016_kosterlitz_lecture_pdf0.txt,3757
1165,nobel_physics,2016,lecture-pdf,J. Michael Kosterlitz,,https://www.nobelprize.org/uploads/2018/06/kosterlitz-lecture.pdf,nobel_physics/text_laureate/2016_kosterlitz_lecture_pdf1.txt,30385
1166,nobel_physics,2016,biographical,David J. Thouless,,https://www.nobelprize.org/prizes/physics/2016/thouless/biographical/,nobel_physics/text_laureate/2016_thouless_biographical.txt,37286
1167,nobel_physics,2016,facts,David J. Thouless,,https://www.nobelprize.org/prizes/physics/2016/thouless/facts/,nobel_physics/text_laureate/2016_thouless_facts.txt,1752
1168,nobel_physics,2016,lecture,David J. Thouless,,https://www.nobelprize.org/prizes/physics/2016/thouless/lecture/,nobel_physics/text_laureate/2016_thouless_lecture.txt,382
1169,nobel_physics,2017,biographical,Barry C. Barish,,https://www.nobelprize.org/prizes/physics/2017/barish/biographical/,nobel_physics/text_laureate/2017_barish_biographical.txt,32560
1170,nobel_physics,2017,facts,Barry C. Barish,,https://www.nobelprize.org/prizes/physics/2017/barish/facts/,nobel_physics/text_laureate/2017_barish_facts.txt,1625
1171,nobel_physics,2017,lecture,Barry C. Barish,,https://www.nobelprize.org/prizes/physics/2017/barish/lecture/,nobel_physics/text_laureate/2017_barish_lecture.txt,596
1172,nobel_physics,2017,lecture-pdf,Barry C. Barish,,https://www.nobelprize.org/uploads/2017/12/barish-lecture.pdf,nobel_physics/text_laureate/2017_barish_lecture_pdf0.txt,60131
1173,nobel_physics,2017,biographical,Kip S. Thorne,,https://www.nobelprize.org/prizes/physics/2017/thorne/biographical/,nobel_physics/text_laureate/2017_thorne_biographical.txt,36637
1174,nobel_physics,2017,facts,Kip S. Thorne,,https://www.nobelprize.org/prizes/physics/2017/thorne/facts/,nobel_physics/text_laureate/2017_thorne_facts.txt,1832
1175,nobel_physics,2017,lecture,Kip S. Thorne,,https://www.nobelprize.org/prizes/physics/2017/thorne/lecture/,nobel_physics/text_laureate/2017_thorne_lecture.txt,607
1176,nobel_physics,2017,lecture-pdf,Kip S. Thorne,,https://www.nobelprize.org/uploads/2017/12/thorne-lecture.pdf,nobel_physics/text_laureate/2017_thorne_lecture_pdf0.txt,80108
1177,nobel_physics,2017,biographical,Rainer Weiss,,https://www.nobelprize.org/prizes/physics/2017/weiss/biographical/,nobel_physics/text_laureate/2017_weiss_biographical.txt,31899
1178,nobel_physics,2017,facts,Rainer Weiss,,https://www.nobelprize.org/prizes/physics/2017/weiss/facts/,nobel_physics/text_laureate/2017_weiss_facts.txt,1849
1179,nobel_physics,2017,lecture,Rainer Weiss,,https://www.nobelprize.org/prizes/physics/2017/weiss/lecture/,nobel_physics/text_laureate/2017_weiss_lecture.txt,613
1180,nobel_physics,2017,lecture-pdf,Rainer Weiss,,https://www.nobelprize.org/uploads/2017/12/weiss-lecture.pdf,nobel_physics/text_laureate/2017_weiss_lecture_pdf0.txt,54058
1181,nobel_physics,2018,biographical,Arthur Ashkin,,https://www.nobelprize.org/prizes/physics/2018/ashkin/biographical/,nobel_physics/text_laureate/2018_ashkin_biographical.txt,10634
1182,nobel_physics,2018,facts,Arthur Ashkin,,https://www.nobelprize.org/prizes/physics/2018/ashkin/facts/,nobel_physics/text_laureate/2018_ashkin_facts.txt,1578
1183,nobel_physics,2018,lecture,Arthur Ashkin,,https://www.nobelprize.org/prizes/physics/2018/ashkin/lecture/,nobel_physics/text_laureate/2018_ashkin_lecture.txt,979
1184,nobel_physics,2018,lecture-pdf,Arthur Ashkin,,https://www.nobelprize.org/uploads/2018/10/ashkin-lecture.pdf,nobel_physics/text_laureate/2018_ashkin_lecture_pdf0.txt,25640
1185,nobel_physics,2018,biographical,Gérard Mourou,,https://www.nobelprize.org/prizes/physics/2018/mourou/biographical/,nobel_physics/text_laureate/2018_mourou_biographical.txt,40942
1186,nobel_physics,2018,facts,Gérard Mourou,,https://www.nobelprize.org/prizes/physics/2018/mourou/facts/,nobel_physics/text_laureate/2018_mourou_facts.txt,1684
1187,nobel_physics,2018,lecture,Gérard Mourou,,https://www.nobelprize.org/prizes/physics/2018/mourou/lecture/,nobel_physics/text_laureate/2018_mourou_lecture.txt,631
1188,nobel_physics,2018,lecture-pdf,Gérard Mourou,,https://www.nobelprize.org/uploads/2018/10/mourou-lecture.pdf,nobel_physics/text_laureate/2018_mourou_lecture_pdf0.txt,102117
1189,nobel_physics,2018,biographical,Donna Strickland,,https://www.nobelprize.org/prizes/physics/2018/strickland/biographical/,nobel_physics/text_laureate/2018_strickland_biographical.txt,26368
1190,nobel_physics,2018,facts,Donna Strickland,,https://www.nobelprize.org/prizes/physics/2018/strickland/facts/,nobel_physics/text_laureate/2018_strickland_facts.txt,1649
1191,nobel_physics,2018,lecture,Donna Strickland,,https://www.nobelprize.org/prizes/physics/2018/strickland/lecture/,nobel_physics/text_laureate/2018_strickland_lecture.txt,781
1192,nobel_physics,2018,lecture-pdf,Donna Strickland,,https://www.nobelprize.org/uploads/2025/03/strickland-lecture-slides.pdf,nobel_physics/text_laureate/2018_strickland_lecture_pdf0.txt,2632
1193,nobel_physics,2018,lecture-pdf,Donna Strickland,,https://www.nobelprize.org/uploads/2018/10/strickland-lecture.pdf,nobel_physics/text_laureate/2018_strickland_lecture_pdf1.txt,42908
1194,nobel_physics,2019,biographical,Michel Mayor,,https://www.nobelprize.org/prizes/physics/2019/mayor/biographical/,nobel_physics/text_laureate/2019_mayor_biographical.txt,10247
1195,nobel_physics,2019,facts,Michel Mayor,,https://www.nobelprize.org/prizes/physics/2019/mayor/facts/,nobel_physics/text_laureate/2019_mayor_facts.txt,1598
1196,nobel_physics,2019,lecture,Michel Mayor,,https://www.nobelprize.org/prizes/physics/2019/mayor/lecture/,nobel_physics/text_laureate/2019_mayor_lecture.txt,693
1197,nobel_physics,2019,lecture-pdf,Michel Mayor,,https://www.nobelprize.org/uploads/2019/10/mayor-lecture.pdf,nobel_physics/text_laureate/2019_mayor_lecture_pdf0.txt,41094
1198,nobel_physics,2019,biographical,James Peebles,,https://www.nobelprize.org/prizes/physics/2019/peebles/biographical/,nobel_physics/text_laureate/2019_peebles_biographical.txt,15759
1199,nobel_physics,2019,facts,James Peebles,,https://www.nobelprize.org/prizes/physics/2019/peebles/facts/,nobel_physics/text_laureate/2019_peebles_facts.txt,1643
1200,nobel_physics,2019,lecture,James Peebles,,https://www.nobelprize.org/prizes/physics/2019/peebles/lecture/,nobel_physics/text_laureate/2019_peebles_lecture.txt,647
1201,nobel_physics,2019,lecture-pdf,James Peebles,,https://www.nobelprize.org/uploads/2024/02/peebles-lecture-2.pdf,nobel_physics/text_laureate/2019_peebles_lecture_pdf0.txt,41021
1202,nobel_physics,2019,biographical,Didier Queloz,,https://www.nobelprize.org/prizes/physics/2019/queloz/biographical/,nobel_physics/text_laureate/2019_queloz_biographical.txt,18094
1203,nobel_physics,2019,facts,Didier Queloz,,https://www.nobelprize.org/prizes/physics/2019/queloz/facts/,nobel_physics/text_laureate/2019_queloz_facts.txt,1633
1204,nobel_physics,2019,lecture,Didier Queloz,,https://www.nobelprize.org/prizes/physics/2019/queloz/lecture/,nobel_physics/text_laureate/2019_queloz_lecture.txt,655
1205,nobel_physics,2019,lecture-pdf,Didier Queloz,,https://www.nobelprize.org/uploads/2019/10/queloz-lecture.pdf,nobel_physics/text_laureate/2019_queloz_lecture_pdf0.txt,42908
1206,nobel_physics,2020,biographical,Reinhard Genzel,,https://www.nobelprize.org/prizes/physics/2020/genzel/biographical/,nobel_physics/text_laureate/2020_genzel_biographical.txt,18843
1207,nobel_physics,2020,facts,Reinhard Genzel,,https://www.nobelprize.org/prizes/physics/2020/genzel/facts/,nobel_physics/text_laureate/2020_genzel_facts.txt,1323
1208,nobel_physics,2020,lecture,Reinhard Genzel,,https://www.nobelprize.org/prizes/physics/2020/genzel/lecture/,nobel_physics/text_laureate/2020_genzel_lecture.txt,528
1209,nobel_physics,2020,lecture-pdf,Reinhard Genzel,,https://www.nobelprize.org/uploads/2024/03/genzel-lecture.pdf,nobel_physics/text_laureate/2020_genzel_lecture_pdf0.txt,51475
1210,nobel_physics,2020,facts,Andrea Ghez,,https://www.nobelprize.org/prizes/physics/2020/ghez/facts/,nobel_physics/text_laureate/2020_ghez_facts.txt,1231
1211,nobel_physics,2020,lecture,Andrea Ghez,,https://www.nobelprize.org/prizes/physics/2020/ghez/lecture/,nobel_physics/text_laureate/2020_ghez_lecture.txt,511
1212,nobel_physics,2020,biographical,Roger Penrose,,https://www.nobelprize.org/prizes/physics/2020/penrose/biographical/,nobel_physics/text_laureate/2020_penrose_biographical.txt,37059
1213,nobel_physics,2020,facts,Roger Penrose,,https://www.nobelprize.org/prizes/physics/2020/penrose/facts/,nobel_physics/text_laureate/2020_penrose_facts.txt,1228
1214,nobel_physics,2020,lecture,Roger Penrose,,https://www.nobelprize.org/prizes/physics/2020/penrose/lecture/,nobel_physics/text_laureate/2020_penrose_lecture.txt,571
1215,nobel_physics,2020,lecture-pdf,Roger Penrose,,https://www.nobelprize.org/uploads/2024/02/penrose-lecture.pdf,nobel_physics/text_laureate/2020_penrose_lecture_pdf0.txt,72334
1216,nobel_physics,2021,facts,Klaus Hasselmann,,https://www.nobelprize.org/prizes/physics/2021/hasselmann/facts/,nobel_physics/text_laureate/2021_hasselmann_facts.txt,1305
1217,nobel_physics,2021,lecture,Klaus Hasselmann,,https://www.nobelprize.org/prizes/physics/2021/hasselmann/lecture/,nobel_physics/text_laureate/2021_hasselmann_lecture.txt,490
1218,nobel_physics,2021,biographical,Syukuro Manabe,,https://www.nobelprize.org/prizes/physics/2021/manabe/biographical/,nobel_physics/text_laureate/2021_manabe_biographical.txt,11418
1219,nobel_physics,2021,facts,Syukuro Manabe,,https://www.nobelprize.org/prizes/physics/2021/manabe/facts/,nobel_physics/text_laureate/2021_manabe_facts.txt,1282
1220,nobel_physics,2021,lecture,Syukuro Manabe,,https://www.nobelprize.org/prizes/physics/2021/manabe/lecture/,nobel_physics/text_laureate/2021_manabe_lecture.txt,605
1221,nobel_physics,2021,lecture-pdf,Syukuro Manabe,,https://www.nobelprize.org/uploads/2021/11/manabe-lecture.pdf,nobel_physics/text_laureate/2021_manabe_lecture_pdf0.txt,15702
1222,nobel_physics,2021,facts,Giorgio Parisi,,https://www.nobelprize.org/prizes/physics/2021/parisi/facts/,nobel_physics/text_laureate/2021_parisi_facts.txt,1203
1223,nobel_physics,2021,lecture,Giorgio Parisi,,https://www.nobelprize.org/prizes/physics/2021/parisi/lecture/,nobel_physics/text_laureate/2021_parisi_lecture.txt,483
1224,nobel_physics,2022,biographical,Alain Aspect,,https://www.nobelprize.org/prizes/physics/2022/aspect/biographical/,nobel_physics/text_laureate/2022_aspect_biographical.txt,404
1225,nobel_physics,2022,facts,Alain Aspect,,https://www.nobelprize.org/prizes/physics/2022/aspect/facts/,nobel_physics/text_laureate/2022_aspect_facts.txt,1361
1226,nobel_physics,2022,lecture,Alain Aspect,,https://www.nobelprize.org/prizes/physics/2022/aspect/lecture/,nobel_physics/text_laureate/2022_aspect_lecture.txt,637
1227,nobel_physics,2022,biographical,John Clauser,,https://www.nobelprize.org/prizes/physics/2022/clauser/biographical/,nobel_physics/text_laureate/2022_clauser_biographical.txt,375
1228,nobel_physics,2022,facts,John Clauser,,https://www.nobelprize.org/prizes/physics/2022/clauser/facts/,nobel_physics/text_laureate/2022_clauser_facts.txt,1266
1229,nobel_physics,2022,lecture,John Clauser,,https://www.nobelprize.org/prizes/physics/2022/clauser/lecture/,nobel_physics/text_laureate/2022_clauser_lecture.txt,592
1230,nobel_physics,2022,biographical,Anton Zeilinger,,https://www.nobelprize.org/prizes/physics/2022/zeilinger/biographical/,nobel_physics/text_laureate/2022_zeilinger_biographical.txt,386
1231,nobel_physics,2022,facts,Anton Zeilinger,,https://www.nobelprize.org/prizes/physics/2022/zeilinger/facts/,nobel_physics/text_laureate/2022_zeilinger_facts.txt,1381
1232,nobel_physics,2022,lecture,Anton Zeilinger,,https://www.nobelprize.org/prizes/physics/2022/zeilinger/lecture/,nobel_physics/text_laureate/2022_zeilinger_lecture.txt,577
1233,nobel_physics,2023,biographical,Pierre Agostini,,https://www.nobelprize.org/prizes/physics/2023/agostini/biographical/,nobel_physics/text_laureate/2023_agostini_biographical.txt,18642
1234,nobel_physics,2023,facts,Pierre Agostini,,https://www.nobelprize.org/prizes/physics/2023/agostini/facts/,nobel_physics/text_laureate/2023_agostini_facts.txt,1307
1235,nobel_physics,2023,lecture,Pierre Agostini,,https://www.nobelprize.org/prizes/physics/2023/agostini/lecture/,nobel_physics/text_laureate/2023_agostini_lecture.txt,583
1236,nobel_physics,2023,biographical,Ferenc Krausz,,https://www.nobelprize.org/prizes/physics/2023/krausz/biographical/,nobel_physics/text_laureate/2023_krausz_biographical.txt,17176
1237,nobel_physics,2023,facts,Ferenc Krausz,,https://www.nobelprize.org/prizes/physics/2023/krausz/facts/,nobel_physics/text_laureate/2023_krausz_facts.txt,1541
1238,nobel_physics,2023,lecture,Ferenc Krausz,,https://www.nobelprize.org/prizes/physics/2023/krausz/lecture/,nobel_physics/text_laureate/2023_krausz_lecture.txt,591
1239,nobel_physics,2023,biographical,Anne L’Huillier,,https://www.nobelprize.org/prizes/physics/2023/lhuillier/biographical/,nobel_physics/text_laureate/2023_lhuillier_biographical.txt,20363
1240,nobel_physics,2023,facts,Anne L’Huillier,,https://www.nobelprize.org/prizes/physics/2023/lhuillier/facts/,nobel_physics/text_laureate/2023_lhuillier_facts.txt,1294
1241,nobel_physics,2023,lecture,Anne L’Huillier,,https://www.nobelprize.org/prizes/physics/2023/lhuillier/lecture/,nobel_physics/text_laureate/2023_lhuillier_lecture.txt,615
1242,nobel_physics,2024,facts,Geoffrey Hinton,,https://www.nobelprize.org/prizes/physics/2024/hinton/facts/,nobel_physics/text_laureate/2024_hinton_facts.txt,1240
1243,nobel_physics,2024,lecture,Geoffrey Hinton,,https://www.nobelprize.org/prizes/physics/2024/hinton/lecture/,nobel_physics/text_laureate/2024_hinton_lecture.txt,573
1244,nobel_physics,2024,lecture-pdf,Geoffrey Hinton,,https://www.nobelprize.org/uploads/2024/12/hinton-lecture-1.pdf,nobel_physics/text_laureate/2024_hinton_lecture_pdf0.txt,12935
1245,nobel_physics,2024,facts,John J. Hopfield,,https://www.nobelprize.org/prizes/physics/2024/hopfield/facts/,nobel_physics/text_laureate/2024_hopfield_facts.txt,1228
1246,nobel_physics,2024,lecture,John J. Hopfield,,https://www.nobelprize.org/prizes/physics/2024/hopfield/lecture/,nobel_physics/text_laureate/2024_hopfield_lecture.txt,563
1247,nobel_physics,2024,lecture-pdf,John J. Hopfield,,https://www.nobelprize.org/uploads/2025/01/hopfield-lecture.pdf,nobel_physics/text_laureate/2024_hopfield_lecture_pdf0.txt,1317
1248,nobel_physics,2025,facts,John Clarke,,https://www.nobelprize.org/prizes/physics/2025/clarke/facts/,nobel_physics/text_laureate/2025_clarke_facts.txt,1235
1249,nobel_physics,2025,lecture,John Clarke,,https://www.nobelprize.org/prizes/physics/2025/clarke/lecture/,nobel_physics/text_laureate/2025_clarke_lecture.txt,583
1250,nobel_physics,2025,lecture-pdf,John Clarke,,https://www.nobelprize.org/uploads/2025/12/lecture-clarke.pdf,nobel_physics/text_laureate/2025_clarke_lecture_pdf0.txt,12613
1251,nobel_physics,2025,facts,Michel H. Devoret,,https://www.nobelprize.org/prizes/physics/2025/devoret/facts/,nobel_physics/text_laureate/2025_devoret_facts.txt,1326
1252,nobel_physics,2025,lecture,Michel H. Devoret,,https://www.nobelprize.org/prizes/physics/2025/devoret/lecture/,nobel_physics/text_laureate/2025_devoret_lecture.txt,590
1253,nobel_physics,2025,facts,John M. Martinis,,https://www.nobelprize.org/prizes/physics/2025/martinis/facts/,nobel_physics/text_laureate/2025_martinis_facts.txt,1242
1254,nobel_physics,2025,lecture,John M. Martinis,,https://www.nobelprize.org/prizes/physics/2025/martinis/lecture/,nobel_physics/text_laureate/2025_martinis_lecture.txt,574
1255,nobel_physics,2025,lecture-pdf,John M. Martinis,,https://www.nobelprize.org/uploads/2025/12/lecture-martinis.pdf,nobel_physics/text_laureate/2025_martinis_lecture_pdf0.txt,2635
1256,nobel_chemistry,1901,summary,,,https://www.nobelprize.org/prizes/chemistry/1901/summary/,nobel_chemistry/text/1901_summary.txt,410
1257,nobel_chemistry,1902,summary,,,https://www.nobelprize.org/prizes/chemistry/1902/summary/,nobel_chemistry/text/1902_summary.txt,353
1258,nobel_chemistry,1903,summary,,,https://www.nobelprize.org/prizes/chemistry/1903/summary/,nobel_chemistry/text/1903_summary.txt,383
1259,nobel_chemistry,1904,summary,,,https://www.nobelprize.org/prizes/chemistry/1904/summary/,nobel_chemistry/text/1904_summary.txt,392
1260,nobel_chemistry,1905,summary,,,https://www.nobelprize.org/prizes/chemistry/1905/summary/,nobel_chemistry/text/1905_summary.txt,453
1261,nobel_chemistry,1906,summary,,,https://www.nobelprize.org/prizes/chemistry/1906/summary/,nobel_chemistry/text/1906_summary.txt,430
1262,nobel_chemistry,1907,summary,,,https://www.nobelprize.org/prizes/chemistry/1907/summary/,nobel_chemistry/text/1907_summary.txt,302
1263,nobel_chemistry,1908,summary,,,https://www.nobelprize.org/prizes/chemistry/1908/summary/,nobel_chemistry/text/1908_summary.txt,344
1264,nobel_chemistry,1909,summary,,,https://www.nobelprize.org/prizes/chemistry/1909/summary/,nobel_chemistry/text/1909_summary.txt,381
1265,nobel_chemistry,1910,summary,,,https://www.nobelprize.org/prizes/chemistry/1910/summary/,nobel_chemistry/text/1910_summary.txt,371
1266,nobel_chemistry,1911,summary,,,https://www.nobelprize.org/prizes/chemistry/1911/summary/,nobel_chemistry/text/1911_summary.txt,463
1267,nobel_chemistry,1912,summary,,,https://www.nobelprize.org/prizes/chemistry/1912/summary/,nobel_chemistry/text/1912_summary.txt,676
1268,nobel_chemistry,1913,summary,,,https://www.nobelprize.org/prizes/chemistry/1913/summary/,nobel_chemistry/text/1913_summary.txt,418
1269,nobel_chemistry,1914,press-release,,,https://www.nobelprize.org/prizes/chemistry/1914/press-release/,nobel_chemistry/text/1914_press-release.txt,12704
1270,nobel_chemistry,1914,summary,,,https://www.nobelprize.org/prizes/chemistry/1914/summary/,nobel_chemistry/text/1914_summary.txt,844
1271,nobel_chemistry,1915,press-release,,,https://www.nobelprize.org/prizes/chemistry/1915/press-release/,nobel_chemistry/text/1915_press-release.txt,9930
1272,nobel_chemistry,1915,summary,,,https://www.nobelprize.org/prizes/chemistry/1915/summary/,nobel_chemistry/text/1915_summary.txt,325
1273,nobel_chemistry,1916,summary,,,https://www.nobelprize.org/prizes/chemistry/1916/summary/,nobel_chemistry/text/1916_summary.txt,169
1274,nobel_chemistry,1917,summary,,,https://www.nobelprize.org/prizes/chemistry/1917/summary/,nobel_chemistry/text/1917_summary.txt,169
1275,nobel_chemistry,1918,summary,,,https://www.nobelprize.org/prizes/chemistry/1918/summary/,nobel_chemistry/text/1918_summary.txt,737
1276,nobel_chemistry,1919,summary,,,https://www.nobelprize.org/prizes/chemistry/1919/summary/,nobel_chemistry/text/1919_summary.txt,169
1277,nobel_chemistry,1920,summary,,,https://www.nobelprize.org/prizes/chemistry/1920/summary/,nobel_chemistry/text/1920_summary.txt,767
1278,nobel_chemistry,1921,summary,,,https://www.nobelprize.org/prizes/chemistry/1921/summary/,nobel_chemistry/text/1921_summary.txt,865
1279,nobel_chemistry,1922,summary,,,https://www.nobelprize.org/prizes/chemistry/1922/summary/,nobel_chemistry/text/1922_summary.txt,416
1280,nobel_chemistry,1923,summary,,,https://www.nobelprize.org/prizes/chemistry/1923/summary/,nobel_chemistry/text/1923_summary.txt,290
1281,nobel_chemistry,1924,summary,,,https://www.nobelprize.org/prizes/chemistry/1924/summary/,nobel_chemistry/text/1924_summary.txt,169
1282,nobel_chemistry,1925,summary,,,https://www.nobelprize.org/prizes/chemistry/1925/summary/,nobel_chemistry/text/1925_summary.txt,905
1283,nobel_chemistry,1926,summary,,,https://www.nobelprize.org/prizes/chemistry/1926/summary/,nobel_chemistry/text/1926_summary.txt,274
1284,nobel_chemistry,1927,summary,,,https://www.nobelprize.org/prizes/chemistry/1927/summary/,nobel_chemistry/text/1927_summary.txt,809
1285,nobel_chemistry,1928,summary,,,https://www.nobelprize.org/prizes/chemistry/1928/summary/,nobel_chemistry/text/1928_summary.txt,386
1286,nobel_chemistry,1929,summary,,,https://www.nobelprize.org/prizes/chemistry/1929/summary/,nobel_chemistry/text/1929_summary.txt,504
1287,nobel_chemistry,1930,summary,,,https://www.nobelprize.org/prizes/chemistry/1930/summary/,nobel_chemistry/text/1930_summary.txt,342
1288,nobel_chemistry,1931,summary,,,https://www.nobelprize.org/prizes/chemistry/1931/summary/,nobel_chemistry/text/1931_summary.txt,449
1289,nobel_chemistry,1932,summary,,,https://www.nobelprize.org/prizes/chemistry/1932/summary/,nobel_chemistry/text/1932_summary.txt,290
1290,nobel_chemistry,1933,summary,,,https://www.nobelprize.org/prizes/chemistry/1933/summary/,nobel_chemistry/text/1933_summary.txt,208
1291,nobel_chemistry,1934,summary,,,https://www.nobelprize.org/prizes/chemistry/1934/summary/,nobel_chemistry/text/1934_summary.txt,294
1292,nobel_chemistry,1935,summary,,,https://www.nobelprize.org/prizes/chemistry/1935/summary/,nobel_chemistry/text/1935_summary.txt,429
1293,nobel_chemistry,1936,summary,,,https://www.nobelprize.org/prizes/chemistry/1936/summary/,nobel_chemistry/text/1936_summary.txt,437
1294,nobel_chemistry,1937,summary,,,https://www.nobelprize.org/prizes/chemistry/1937/summary/,nobel_chemistry/text/1937_summary.txt,512
1295,nobel_chemistry,1938,summary,,,https://www.nobelprize.org/prizes/chemistry/1938/summary/,nobel_chemistry/text/1938_summary.txt,920
1296,nobel_chemistry,1939,summary,,,https://www.nobelprize.org/prizes/chemistry/1939/summary/,nobel_chemistry/text/1939_summary.txt,492
1297,nobel_chemistry,1940,summary,,,https://www.nobelprize.org/prizes/chemistry/1940/summary/,nobel_chemistry/text/1940_summary.txt,208
1298,nobel_chemistry,1941,summary,,,https://www.nobelprize.org/prizes/chemistry/1941/summary/,nobel_chemistry/text/1941_summary.txt,208
1299,nobel_chemistry,1942,summary,,,https://www.nobelprize.org/prizes/chemistry/1942/summary/,nobel_chemistry/text/1942_summary.txt,208
1300,nobel_chemistry,1943,summary,,,https://www.nobelprize.org/prizes/chemistry/1943/summary/,nobel_chemistry/text/1943_summary.txt,797
1301,nobel_chemistry,1944,summary,,,https://www.nobelprize.org/prizes/chemistry/1944/summary/,nobel_chemistry/text/1944_summary.txt,731
1302,nobel_chemistry,1945,summary,,,https://www.nobelprize.org/prizes/chemistry/1945/summary/,nobel_chemistry/text/1945_summary.txt,366
1303,nobel_chemistry,1946,summary,,,https://www.nobelprize.org/prizes/chemistry/1946/summary/,nobel_chemistry/text/1946_summary.txt,680
1304,nobel_chemistry,1947,summary,,,https://www.nobelprize.org/prizes/chemistry/1947/summary/,nobel_chemistry/text/1947_summary.txt,345
1305,nobel_chemistry,1948,summary,,,https://www.nobelprize.org/prizes/chemistry/1948/summary/,nobel_chemistry/text/1948_summary.txt,398
1306,nobel_chemistry,1949,summary,,,https://www.nobelprize.org/prizes/chemistry/1949/summary/,nobel_chemistry/text/1949_summary.txt,394
1307,nobel_chemistry,1950,summary,,,https://www.nobelprize.org/prizes/chemistry/1950/summary/,nobel_chemistry/text/1950_summary.txt,440
1308,nobel_chemistry,1951,summary,,,https://www.nobelprize.org/prizes/chemistry/1951/summary/,nobel_chemistry/text/1951_summary.txt,454
1309,nobel_chemistry,1952,summary,,,https://www.nobelprize.org/prizes/chemistry/1952/summary/,nobel_chemistry/text/1952_summary.txt,477
1310,nobel_chemistry,1953,summary,,,https://www.nobelprize.org/prizes/chemistry/1953/summary/,nobel_chemistry/text/1953_summary.txt,332
1311,nobel_chemistry,1954,summary,,,https://www.nobelprize.org/prizes/chemistry/1954/summary/,nobel_chemistry/text/1954_summary.txt,345
1312,nobel_chemistry,1955,summary,,,https://www.nobelprize.org/prizes/chemistry/1955/summary/,nobel_chemistry/text/1955_summary.txt,382
1313,nobel_chemistry,1956,summary,,,https://www.nobelprize.org/prizes/chemistry/1956/summary/,nobel_chemistry/text/1956_summary.txt,471
1314,nobel_chemistry,1957,summary,,,https://www.nobelprize.org/prizes/chemistry/1957/summary/,nobel_chemistry/text/1957_summary.txt,296
1315,nobel_chemistry,1958,summary,,,https://www.nobelprize.org/prizes/chemistry/1958/summary/,nobel_chemistry/text/1958_summary.txt,261
1316,nobel_chemistry,1959,summary,,,https://www.nobelprize.org/prizes/chemistry/1959/summary/,nobel_chemistry/text/1959_summary.txt,335
1317,nobel_chemistry,1960,summary,,,https://www.nobelprize.org/prizes/chemistry/1960/summary/,nobel_chemistry/text/1960_summary.txt,360
1318,nobel_chemistry,1961,summary,,,https://www.nobelprize.org/prizes/chemistry/1961/summary/,nobel_chemistry/text/1961_summary.txt,312
1319,nobel_chemistry,1962,summary,,,https://www.nobelprize.org/prizes/chemistry/1962/summary/,nobel_chemistry/text/1962_summary.txt,473
1320,nobel_chemistry,1963,summary,,,https://www.nobelprize.org/prizes/chemistry/1963/summary/,nobel_chemistry/text/1963_summary.txt,430
1321,nobel_chemistry,1964,summary,,,https://www.nobelprize.org/prizes/chemistry/1964/summary/,nobel_chemistry/text/1964_summary.txt,378
1322,nobel_chemistry,1965,summary,,,https://www.nobelprize.org/prizes/chemistry/1965/summary/,nobel_chemistry/text/1965_summary.txt,338
1323,nobel_chemistry,1966,summary,,,https://www.nobelprize.org/prizes/chemistry/1966/summary/,nobel_chemistry/text/1966_summary.txt,371
1324,nobel_chemistry,1967,summary,,,https://www.nobelprize.org/prizes/chemistry/1967/summary/,nobel_chemistry/text/1967_summary.txt,668
1325,nobel_chemistry,1968,summary,,,https://www.nobelprize.org/prizes/chemistry/1968/summary/,nobel_chemistry/text/1968_summary.txt,356
1326,nobel_chemistry,1969,summary,,,https://www.nobelprize.org/prizes/chemistry/1969/summary/,nobel_chemistry/text/1969_summary.txt,463
1327,nobel_chemistry,1970,summary,,,https://www.nobelprize.org/prizes/chemistry/1970/summary/,nobel_chemistry/text/1970_summary.txt,315
1328,nobel_chemistry,1971,summary,,,https://www.nobelprize.org/prizes/chemistry/1971/summary/,nobel_chemistry/text/1971_summary.txt,350
1329,nobel_chemistry,1972,press-release,,,https://www.nobelprize.org/prizes/chemistry/1972/press-release/,nobel_chemistry/text/1972_press-release.txt,4992
1330,nobel_chemistry,1972,summary,,,https://www.nobelprize.org/prizes/chemistry/1972/summary/,nobel_chemistry/text/1972_summary.txt,851
1331,nobel_chemistry,1973,press-release,,,https://www.nobelprize.org/prizes/chemistry/1973/press-release/,nobel_chemistry/text/1973_press-release.txt,5824
1332,nobel_chemistry,1973,summary,,,https://www.nobelprize.org/prizes/chemistry/1973/summary/,nobel_chemistry/text/1973_summary.txt,508
1333,nobel_chemistry,1974,press-release,,,https://www.nobelprize.org/prizes/chemistry/1974/press-release/,nobel_chemistry/text/1974_press-release.txt,5353
1334,nobel_chemistry,1974,summary,,,https://www.nobelprize.org/prizes/chemistry/1974/summary/,nobel_chemistry/text/1974_summary.txt,357
1335,nobel_chemistry,1975,press-release,,,https://www.nobelprize.org/prizes/chemistry/1975/press-release/,nobel_chemistry/text/1975_press-release.txt,3773
1336,nobel_chemistry,1975,summary,,,https://www.nobelprize.org/prizes/chemistry/1975/summary/,nobel_chemistry/text/1975_summary.txt,541
1337,nobel_chemistry,1976,press-release,,,https://www.nobelprize.org/prizes/chemistry/1976/press-release/,nobel_chemistry/text/1976_press-release.txt,2905
1338,nobel_chemistry,1976,summary,,,https://www.nobelprize.org/prizes/chemistry/1976/summary/,nobel_chemistry/text/1976_summary.txt,341
1339,nobel_chemistry,1977,press-release,,,https://www.nobelprize.org/prizes/chemistry/1977/press-release/,nobel_chemistry/text/1977_press-release.txt,4688
1340,nobel_chemistry,1977,summary,,,https://www.nobelprize.org/prizes/chemistry/1977/summary/,nobel_chemistry/text/1977_summary.txt,361
1341,nobel_chemistry,1978,press-release,,,https://www.nobelprize.org/prizes/chemistry/1978/press-release/,nobel_chemistry/text/1978_press-release.txt,5912
1342,nobel_chemistry,1978,summary,,,https://www.nobelprize.org/prizes/chemistry/1978/summary/,nobel_chemistry/text/1978_summary.txt,372
1343,nobel_chemistry,1979,press-release,,,https://www.nobelprize.org/prizes/chemistry/1979/press-release/,nobel_chemistry/text/1979_press-release.txt,4219
1344,nobel_chemistry,1979,summary,,,https://www.nobelprize.org/prizes/chemistry/1979/summary/,nobel_chemistry/text/1979_summary.txt,523
1345,nobel_chemistry,1980,press-release,,,https://www.nobelprize.org/prizes/chemistry/1980/press-release/,nobel_chemistry/text/1980_press-release.txt,5142
1346,nobel_chemistry,1980,summary,,,https://www.nobelprize.org/prizes/chemistry/1980/summary/,nobel_chemistry/text/1980_summary.txt,720
1347,nobel_chemistry,1981,press-release,,,https://www.nobelprize.org/prizes/chemistry/1981/press-release/,nobel_chemistry/text/1981_press-release.txt,4615
1348,nobel_chemistry,1981,summary,,,https://www.nobelprize.org/prizes/chemistry/1981/summary/,nobel_chemistry/text/1981_summary.txt,449
1349,nobel_chemistry,1982,press-release,,,https://www.nobelprize.org/prizes/chemistry/1982/press-release/,nobel_chemistry/text/1982_press-release.txt,6872
1350,nobel_chemistry,1982,summary,,,https://www.nobelprize.org/prizes/chemistry/1982/summary/,nobel_chemistry/text/1982_summary.txt,402
1351,nobel_chemistry,1983,press-release,,,https://www.nobelprize.org/prizes/chemistry/1983/press-release/,nobel_chemistry/text/1983_press-release.txt,7937
1352,nobel_chemistry,1983,summary,,,https://www.nobelprize.org/prizes/chemistry/1983/summary/,nobel_chemistry/text/1983_summary.txt,327
1353,nobel_chemistry,1984,press-release,,,https://www.nobelprize.org/prizes/chemistry/1984/press-release/,nobel_chemistry/text/1984_press-release.txt,6807
1354,nobel_chemistry,1984,summary,,,https://www.nobelprize.org/prizes/chemistry/1984/summary/,nobel_chemistry/text/1984_summary.txt,363
1355,nobel_chemistry,1985,press-release,,,https://www.nobelprize.org/prizes/chemistry/1985/press-release/,nobel_chemistry/text/1985_press-release.txt,9792
1356,nobel_chemistry,1985,summary,,,https://www.nobelprize.org/prizes/chemistry/1985/summary/,nobel_chemistry/text/1985_summary.txt,488
1357,nobel_chemistry,1986,press-release,,,https://www.nobelprize.org/prizes/chemistry/1986/press-release/,nobel_chemistry/text/1986_press-release.txt,8288
1358,nobel_chemistry,1986,summary,,,https://www.nobelprize.org/prizes/chemistry/1986/summary/,nobel_chemistry/text/1986_summary.txt,565
1359,nobel_chemistry,1987,press-release,,,https://www.nobelprize.org/prizes/chemistry/1987/press-release/,nobel_chemistry/text/1987_press-release.txt,7213
1360,nobel_chemistry,1987,summary,,,https://www.nobelprize.org/prizes/chemistry/1987/summary/,nobel_chemistry/text/1987_summary.txt,601
1361,nobel_chemistry,1988,press-release,,,https://www.nobelprize.org/prizes/chemistry/1988/press-release/,nobel_chemistry/text/1988_press-release.txt,7538
1362,nobel_chemistry,1988,summary,,,https://www.nobelprize.org/prizes/chemistry/1988/summary/,nobel_chemistry/text/1988_summary.txt,582
1363,nobel_chemistry,1989,press-release,,,https://www.nobelprize.org/prizes/chemistry/1989/press-release/,nobel_chemistry/text/1989_press-release.txt,8488
1364,nobel_chemistry,1989,summary,,,https://www.nobelprize.org/prizes/chemistry/1989/summary/,nobel_chemistry/text/1989_summary.txt,428
1365,nobel_chemistry,1990,press-release,,,https://www.nobelprize.org/prizes/chemistry/1990/press-release/,nobel_chemistry/text/1990_press-release.txt,8082
1366,nobel_chemistry,1990,summary,,,https://www.nobelprize.org/prizes/chemistry/1990/summary/,nobel_chemistry/text/1990_summary.txt,334
1367,nobel_chemistry,1991,press-release,,,https://www.nobelprize.org/prizes/chemistry/1991/press-release/,nobel_chemistry/text/1991_press-release.txt,9204
1368,nobel_chemistry,1991,summary,,,https://www.nobelprize.org/prizes/chemistry/1991/summary/,nobel_chemistry/text/1991_summary.txt,398
1369,nobel_chemistry,1992,press-release,,,https://www.nobelprize.org/prizes/chemistry/1992/press-release/,nobel_chemistry/text/1992_press-release.txt,6035
1370,nobel_chemistry,1992,summary,,,https://www.nobelprize.org/prizes/chemistry/1992/summary/,nobel_chemistry/text/1992_summary.txt,339
1371,nobel_chemistry,1993,press-release,,,https://www.nobelprize.org/prizes/chemistry/1993/press-release/,nobel_chemistry/text/1993_press-release.txt,10860
1372,nobel_chemistry,1993,summary,,,https://www.nobelprize.org/prizes/chemistry/1993/summary/,nobel_chemistry/text/1993_summary.txt,682
1373,nobel_chemistry,1994,press-release,,,https://www.nobelprize.org/prizes/chemistry/1994/press-release/,nobel_chemistry/text/1994_press-release.txt,14066
1374,nobel_chemistry,1994,summary,,,https://www.nobelprize.org/prizes/chemistry/1994/summary/,nobel_chemistry/text/1994_summary.txt,289
1375,nobel_chemistry,1995,press-release,,,https://www.nobelprize.org/prizes/chemistry/1995/press-release/,nobel_chemistry/text/1995_press-release.txt,13407
1376,nobel_chemistry,1995,summary,,,https://www.nobelprize.org/prizes/chemistry/1995/summary/,nobel_chemistry/text/1995_summary.txt,599
1377,nobel_chemistry,1996,press-release,,,https://www.nobelprize.org/prizes/chemistry/1996/press-release/,nobel_chemistry/text/1996_press-release.txt,14671
1378,nobel_chemistry,1996,summary,,,https://www.nobelprize.org/prizes/chemistry/1996/summary/,nobel_chemistry/text/1996_summary.txt,542
1379,nobel_chemistry,1997,press-release,,,https://www.nobelprize.org/prizes/chemistry/1997/press-release/,nobel_chemistry/text/1997_press-release.txt,19280
1380,nobel_chemistry,1997,summary,,,https://www.nobelprize.org/prizes/chemistry/1997/summary/,nobel_chemistry/text/1997_summary.txt,673
1381,nobel_chemistry,1998,advanced-information,,,https://www.nobelprize.org/prizes/chemistry/1998/advanced-information/,nobel_chemistry/text/1998_advanced-information.txt,246
1382,nobel_chemistry,1998,press-release,,,https://www.nobelprize.org/prizes/chemistry/1998/press-release/,nobel_chemistry/text/1998_press-release.txt,12912
1383,nobel_chemistry,1998,scientific-background,,,https://www.nobelprize.org/uploads/2018/06/advanced-chemistryprize1998.pdf,nobel_chemistry/text/1998_scientific-background.txt,18144
1384,nobel_chemistry,1998,scientific-background,,,https://www.nobelprize.org/uploads/2018/06/advanced-chemistryprize1998-1.pdf,nobel_chemistry/text/1998_scientific-background_2.txt,18144
1385,nobel_chemistry,1998,summary,,,https://www.nobelprize.org/prizes/chemistry/1998/summary/,nobel_chemistry/text/1998_summary.txt,530
1386,nobel_chemistry,1999,advanced-information,,,https://www.nobelprize.org/prizes/chemistry/1999/advanced-information/,nobel_chemistry/text/1999_advanced-information.txt,204
1387,nobel_chemistry,1999,press-release,,,https://www.nobelprize.org/prizes/chemistry/1999/press-release/,nobel_chemistry/text/1999_press-release.txt,16074
1388,nobel_chemistry,1999,scientific-background,,,https://www.nobelprize.org/uploads/2018/06/advanced-chemistryprize1999.pdf,nobel_chemistry/text/1999_scientific-background.txt,24724
1389,nobel_chemistry,1999,scientific-background,,,https://www.nobelprize.org/uploads/2018/06/advanced-chemistryprize1999-1.pdf,nobel_chemistry/text/1999_scientific-background_2.txt,24724
1390,nobel_chemistry,1999,summary,,,https://www.nobelprize.org/prizes/chemistry/1999/summary/,nobel_chemistry/text/1999_summary.txt,393
1391,nobel_chemistry,2000,advanced-information,,,https://www.nobelprize.org/prizes/chemistry/2000/advanced-information/,nobel_chemistry/text/2000_advanced-information.txt,262
1392,nobel_chemistry,2000,other-pdf,,,https://www.nobelprize.org/uploads/2018/06/chemja.pdf,nobel_chemistry/text/2000_other-pdf.txt,1838
1393,nobel_chemistry,2000,popular-information,,,https://www.nobelprize.org/prizes/chemistry/2000/popular-information/,nobel_chemistry/text/2000_popular-information.txt,12825
1394,nobel_chemistry,2000,press-release,,,https://www.nobelprize.org/prizes/chemistry/2000/press-release/,nobel_chemistry/text/2000_press-release.txt,3246
1395,nobel_chemistry,2000,scientific-background,,,https://www.nobelprize.org/uploads/2018/06/advanced-chemistryprize2000.pdf,nobel_chemistry/text/2000_scientific-background.txt,47210
1396,nobel_chemistry,2000,scientific-background,,,https://www.nobelprize.org/uploads/2018/06/advanced-chemistryprize2000-2.pdf,nobel_chemistry/text/2000_scientific-background_2.txt,47210
1397,nobel_chemistry,2000,scientific-background,,,https://www.nobelprize.org/uploads/2018/06/advanced-chemistryprize2000-1.pdf,nobel_chemistry/text/2000_scientific-background_3.txt,47210
1398,nobel_chemistry,2000,summary,,,https://www.nobelprize.org/prizes/chemistry/2000/summary/,nobel_chemistry/text/2000_summary.txt,636
1399,nobel_chemistry,2001,advanced-information,,,https://www.nobelprize.org/prizes/chemistry/2001/advanced-information/,nobel_chemistry/text/2001_advanced-information.txt,267
1400,nobel_chemistry,2001,other-pdf,,,https://www.nobelprize.org/uploads/2018/06/chemja-1.pdf,nobel_chemistry/text/2001_other-pdf.txt,1756
1401,nobel_chemistry,2001,popular-information,,,https://www.nobelprize.org/prizes/chemistry/2001/popular-information/,nobel_chemistry/text/2001_popular-information.txt,17316
1402,nobel_chemistry,2001,press-release,,,https://www.nobelprize.org/prizes/chemistry/2001/press-release/,nobel_chemistry/text/2001_press-release.txt,3702
1403,nobel_chemistry,2001,scientific-background,,,https://www.nobelprize.org/uploads/2018/06/advanced-chemistryprize2001.pdf,nobel_chemistry/text/2001_scientific-background.txt,22817
1404,nobel_chemistry,2001,scientific-background,,,https://www.nobelprize.org/uploads/2018/06/advanced-chemistryprize2001-1.pdf,nobel_chemistry/text/2001_scientific-background_2.txt,22817
1405,nobel_chemistry,2001,summary,,,https://www.nobelprize.org/prizes/chemistry/2001/summary/,nobel_chemistry/text/2001_summary.txt,874
1406,nobel_chemistry,2002,advanced-information,,,https://www.nobelprize.org/prizes/chemistry/2002/advanced-information/,nobel_chemistry/text/2002_advanced-information.txt,315
1407,nobel_chemistry,2002,popular-information,,,https://www.nobelprize.org/prizes/chemistry/2002/popular-information/,nobel_chemistry/text/2002_popular-information.txt,19778
1408,nobel_chemistry,2002,press-release-pdf,,,https://www.nobelprize.org/uploads/2018/06/press-ja-1.pdf,nobel_chemistry/text/2002_press-release-pdf.txt,2057
1409,nobel_chemistry,2002,press-release,,,https://www.nobelprize.org/prizes/chemistry/2002/press-release/,nobel_chemistry/text/2002_press-release.txt,4619
1410,nobel_chemistry,2002,scientific-background,,,https://www.nobelprize.org/uploads/2018/06/advanced-chemistryprize2002.pdf,nobel_chemistry/text/2002_scientific-background.txt,41970
1411,nobel_chemistry,2002,scientific-background,,,https://www.nobelprize.org/uploads/2018/06/advanced-chemistryprize2002-1.pdf,nobel_chemistry/text/2002_scientific-background_2.txt,41970
1412,nobel_chemistry,2002,summary,,,https://www.nobelprize.org/prizes/chemistry/2002/summary/,nobel_chemistry/text/2002_summary.txt,950
1413,nobel_chemistry,2003,advanced-information,,,https://www.nobelprize.org/prizes/chemistry/2003/advanced-information/,nobel_chemistry/text/2003_advanced-information.txt,242
1414,nobel_chemistry,2003,popular-information,,,https://www.nobelprize.org/prizes/chemistry/2003/popular-information/,nobel_chemistry/text/2003_popular-information.txt,16223
1415,nobel_chemistry,2003,press-release,,,https://www.nobelprize.org/prizes/chemistry/2003/press-release/,nobel_chemistry/text/2003_press-release.txt,3953
1416,nobel_chemistry,2003,scientific-background,,,https://www.nobelprize.org/uploads/2018/06/advanced-chemistryprize2003-1.pdf,nobel_chemistry/text/2003_scientific-background.txt,24879
1417,nobel_chemistry,2003,scientific-background,,,https://www.nobelprize.org/uploads/2018/06/advanced-chemistryprize2003.pdf,nobel_chemistry/text/2003_scientific-background_2.txt,24879
1418,nobel_chemistry,2003,summary,,,https://www.nobelprize.org/prizes/chemistry/2003/summary/,nobel_chemistry/text/2003_summary.txt,638
1419,nobel_chemistry,2004,advanced-information,,,https://www.nobelprize.org/prizes/chemistry/2004/advanced-information/,nobel_chemistry/text/2004_advanced-information.txt,270
1420,nobel_chemistry,2004,popular-information,,,https://www.nobelprize.org/prizes/chemistry/2004/popular-information/,nobel_chemistry/text/2004_popular-information.txt,18690
1421,nobel_chemistry,2004,press-release-pdf,,,https://www.nobelprize.org/uploads/2018/06/press-he.pdf,nobel_chemistry/text/2004_press-release-pdf.txt,3439
1422,nobel_chemistry,2004,press-release,,,https://www.nobelprize.org/prizes/chemistry/2004/press-release/,nobel_chemistry/text/2004_press-release.txt,4181
1423,nobel_chemistry,2004,scientific-background,,,https://www.nobelprize.org/uploads/2018/06/advanced-chemistryprize2004.pdf,nobel_chemistry/text/2004_scientific-background.txt,32280
1424,nobel_chemistry,2004,scientific-background,,,https://www.nobelprize.org/uploads/2018/06/advanced-chemistryprize2004-1.pdf,nobel_chemistry/text/2004_scientific-background_2.txt,32280
1425,nobel_chemistry,2004,summary,,,https://www.nobelprize.org/prizes/chemistry/2004/summary/,nobel_chemistry/text/2004_summary.txt,573
1426,nobel_chemistry,2005,advanced-information,,,https://www.nobelprize.org/prizes/chemistry/2005/advanced-information/,nobel_chemistry/text/2005_advanced-information.txt,314
1427,nobel_chemistry,2005,popular-information-pdf,,,https://www.nobelprize.org/uploads/2018/06/popular-chemistryprize2005.pdf,nobel_chemistry/text/2005_popular-information-pdf.txt,18567
1428,nobel_chemistry,2005,popular-information-pdf,,,https://www.nobelprize.org/uploads/2018/06/popular-chemistryprize2005-1.pdf,nobel_chemistry/text/2005_popular-information-pdf_2.txt,18567
1429,nobel_chemistry,2005,popular-information-pdf,,,https://www.nobelprize.org/uploads/2018/06/popular-chemistryprize2005-sv.pdf,nobel_chemistry/text/2005_popular-information-pdf_3.txt,18159
1430,nobel_chemistry,2005,popular-information,,,https://www.nobelprize.org/prizes/chemistry/2005/popular-information/,nobel_chemistry/text/2005_popular-information.txt,17314
1431,nobel_chemistry,2005,press-release,,,https://www.nobelprize.org/prizes/chemistry/2005/press-release/,nobel_chemistry/text/2005_press-release.txt,3979
1432,nobel_chemistry,2005,scientific-background,,,https://www.nobelprize.org/uploads/2018/06/advanced-chemistryprize2005.pdf,nobel_chemistry/text/2005_scientific-background.txt,22578
1433,nobel_chemistry,2005,scientific-background,,,https://www.nobelprize.org/uploads/2018/06/advanced-chemistryprize2005-1.pdf,nobel_chemistry/text/2005_scientific-background_2.txt,22578
1434,nobel_chemistry,2005,summary,,,https://www.nobelprize.org/prizes/chemistry/2005/summary/,nobel_chemistry/text/2005_summary.txt,589
1435,nobel_chemistry,2006,advanced-information,,,https://www.nobelprize.org/prizes/chemistry/2006/advanced-information/,nobel_chemistry/text/2006_advanced-information.txt,265
1436,nobel_chemistry,2006,popular-information-pdf,,,https://www.nobelprize.org/uploads/2018/06/popular-chemistryprize2006.pdf,nobel_chemistry/text/2006_popular-information-pdf.txt,15635
1437,nobel_chemistry,2006,popular-information-pdf,,,https://www.nobelprize.org/uploads/2018/06/popular-chemistryprize2006-1.pdf,nobel_chemistry/text/2006_popular-information-pdf_2.txt,15635
1438,nobel_chemistry,2006,popular-information-pdf,,,https://www.nobelprize.org/uploads/2018/06/popular-chemistryprize2006-sv.pdf,nobel_chemistry/text/2006_popular-information-pdf_3.txt,14972
1439,nobel_chemistry,2006,popular-information,,,https://www.nobelprize.org/prizes/chemistry/2006/popular-information/,nobel_chemistry/text/2006_popular-information.txt,15287
1440,nobel_chemistry,2006,press-release,,,https://www.nobelprize.org/prizes/chemistry/2006/press-release/,nobel_chemistry/text/2006_press-release.txt,3935
1441,nobel_chemistry,2006,scientific-background,,,https://www.nobelprize.org/uploads/2018/06/advanced-chemistryprize2006-1.pdf,nobel_chemistry/text/2006_scientific-background.txt,26685
1442,nobel_chemistry,2006,scientific-background,,,https://www.nobelprize.org/uploads/2018/06/advanced-chemistryprize2006.pdf,nobel_chemistry/text/2006_scientific-background_2.txt,26685
1443,nobel_chemistry,2006,summary,,,https://www.nobelprize.org/prizes/chemistry/2006/summary/,nobel_chemistry/text/2006_summary.txt,411
1444,nobel_chemistry,2007,advanced-information,,,https://www.nobelprize.org/prizes/chemistry/2007/advanced-information/,nobel_chemistry/text/2007_advanced-information.txt,253
1445,nobel_chemistry,2007,popular-information-pdf,,,https://www.nobelprize.org/uploads/2018/06/popular-chemistryprize2007.pdf,nobel_chemistry/text/2007_popular-information-pdf.txt,16600
1446,nobel_chemistry,2007,popular-information-pdf,,,https://www.nobelprize.org/uploads/2018/06/popular-chemistryprize2007-1.pdf,nobel_chemistry/text/2007_popular-information-pdf_2.txt,16600
1447,nobel_chemistry,2007,popular-information-pdf,,,https://www.nobelprize.org/uploads/2018/06/popular-chemistryprize2007-sv.pdf,nobel_chemistry/text/2007_popular-information-pdf_3.txt,16458
1448,nobel_chemistry,2007,popular-information-pdf,,,https://www.nobelprize.org/uploads/2018/06/popular-chemistryprize2007-ty.pdf,nobel_chemistry/text/2007_popular-information-pdf_4.txt,19502
1449,nobel_chemistry,2007,popular-information,,,https://www.nobelprize.org/prizes/chemistry/2007/popular-information/,nobel_chemistry/text/2007_popular-information.txt,15507
1450,nobel_chemistry,2007,press-release,,,https://www.nobelprize.org/prizes/chemistry/2007/press-release/,nobel_chemistry/text/2007_press-release.txt,3893
1451,nobel_chemistry,2007,scientific-background,,,https://www.nobelprize.org/uploads/2018/06/advanced-chemistryprize2007.pdf,nobel_chemistry/text/2007_scientific-background.txt,26366
1452,nobel_chemistry,2007,scientific-background,,,https://www.nobelprize.org/uploads/2018/06/advanced-chemistryprize2007-1.pdf,nobel_chemistry/text/2007_scientific-background_2.txt,26366
1453,nobel_chemistry,2007,summary,,,https://www.nobelprize.org/prizes/chemistry/2007/summary/,nobel_chemistry/text/2007_summary.txt,399
1454,nobel_chemistry,2008,advanced-information,,,https://www.nobelprize.org/prizes/chemistry/2008/advanced-information/,nobel_chemistry/text/2008_advanced-information.txt,347
1455,nobel_chemistry,2008,popular-information-pdf,,,https://www.nobelprize.org/uploads/2018/06/popular-chemistryprize2008.pdf,nobel_chemistry/text/2008_popular-information-pdf.txt,21533
1456,nobel_chemistry,2008,popular-information-pdf,,,https://www.nobelprize.org/uploads/2018/06/popular-chemistryprize2008-1.pdf,nobel_chemistry/text/2008_popular-information-pdf_2.txt,21533
1457,nobel_chemistry,2008,popular-information-pdf,,,https://www.nobelprize.org/uploads/2018/06/popular-chemistryprize2008-sv.pdf,nobel_chemistry/text/2008_popular-information-pdf_3.txt,21493
1458,nobel_chemistry,2008,popular-information,,,https://www.nobelprize.org/prizes/chemistry/2008/popular-information/,nobel_chemistry/text/2008_popular-information.txt,20443
1459,nobel_chemistry,2008,press-release-pdf,,,https://www.nobelprize.org/uploads/2018/06/press-jap.pdf,nobel_chemistry/text/2008_press-release-pdf.txt,2002
1460,nobel_chemistry,2008,press-release,,,https://www.nobelprize.org/prizes/chemistry/2008/press-release/,nobel_chemistry/text/2008_press-release.txt,4757
1461,nobel_chemistry,2008,scientific-background,,,https://www.nobelprize.org/uploads/2013/06/advanced-chemistryprize2008.pdf,nobel_chemistry/text/2008_scientific-background.txt,38828
1462,nobel_chemistry,2008,summary,,,https://www.nobelprize.org/prizes/chemistry/2008/summary/,nobel_chemistry/text/2008_summary.txt,677
1463,nobel_chemistry,2009,advanced-information,,,https://www.nobelprize.org/prizes/chemistry/2009/advanced-information/,nobel_chemistry/text/2009_advanced-information.txt,385
1464,nobel_chemistry,2009,popular-information-pdf,,,https://www.nobelprize.org/uploads/2018/06/popular-chemistryprize2009-1.pdf,nobel_chemistry/text/2009_popular-information-pdf.txt,26567
1465,nobel_chemistry,2009,popular-information-pdf,,,https://www.nobelprize.org/uploads/2018/06/popular-chemistryprize2009.pdf,nobel_chemistry/text/2009_popular-information-pdf_2.txt,26567
1466,nobel_chemistry,2009,popular-information-pdf,,,https://www.nobelprize.org/uploads/2018/06/popular-chemistryprize2009-sv.pdf,nobel_chemistry/text/2009_popular-information-pdf_3.txt,24558
1467,nobel_chemistry,2009,popular-information,,,https://www.nobelprize.org/prizes/chemistry/2009/popular-information/,nobel_chemistry/text/2009_popular-information.txt,23987
1468,nobel_chemistry,2009,press-release-pdf,,,https://www.nobelprize.org/uploads/2018/06/press_hebrew.pdf,nobel_chemistry/text/2009_press-release-pdf.txt,927
1469,nobel_chemistry,2009,press-release,,,https://www.nobelprize.org/prizes/chemistry/2009/press-release/,nobel_chemistry/text/2009_press-release.txt,4545
1470,nobel_chemistry,2009,scientific-background,,,https://www.nobelprize.org/uploads/2018/06/advanced-chemistryprize2009-1.pdf,nobel_chemistry/text/2009_scientific-background.txt,62703
1471,nobel_chemistry,2009,scientific-background,,,https://www.nobelprize.org/uploads/2018/06/advanced-chemistryprize2009.pdf,nobel_chemistry/text/2009_scientific-background_2.txt,62703
1472,nobel_chemistry,2009,summary,,,https://www.nobelprize.org/prizes/chemistry/2009/summary/,nobel_chemistry/text/2009_summary.txt,693
1473,nobel_chemistry,2010,advanced-information,,,https://www.nobelprize.org/prizes/chemistry/2010/advanced-information/,nobel_chemistry/text/2010_advanced-information.txt,331
1474,nobel_chemistry,2010,popular-information-pdf,,,https://www.nobelprize.org/uploads/2018/06/popular-chemistryprize2010.pdf,nobel_chemistry/text/2010_popular-information-pdf.txt,20066
1475,nobel_chemistry,2010,popular-information-pdf,,,https://www.nobelprize.org/uploads/2018/06/popular-chemistryprize2010-1.pdf,nobel_chemistry/text/2010_popular-information-pdf_2.txt,20066
1476,nobel_chemistry,2010,popular-information-pdf,,,https://www.nobelprize.org/uploads/2018/06/popular-chemistryprize2010-sv.pdf,nobel_chemistry/text/2010_popular-information-pdf_3.txt,18782
1477,nobel_chemistry,2010,popular-information,,,https://www.nobelprize.org/prizes/chemistry/2010/popular-information/,nobel_chemistry/text/2010_popular-information.txt,17818
1478,nobel_chemistry,2010,press-release-pdf,,,https://www.nobelprize.org/uploads/2018/06/press-10.pdf,nobel_chemistry/text/2010_press-release-pdf.txt,4121
1479,nobel_chemistry,2010,press-release-pdf,,,https://www.nobelprize.org/uploads/2018/06/press_sv-10.pdf,nobel_chemistry/text/2010_press-release-pdf_2.txt,3954
1480,nobel_chemistry,2010,press-release-pdf,,,https://www.nobelprize.org/uploads/2018/06/press_jap-1.pdf,nobel_chemistry/text/2010_press-release-pdf_3.txt,1929
1481,nobel_chemistry,2010,press-release,,,https://www.nobelprize.org/prizes/chemistry/2010/press-release/,nobel_chemistry/text/2010_press-release.txt,4194
1482,nobel_chemistry,2010,scientific-background,,,https://www.nobelprize.org/uploads/2018/06/advanced-chemistryprize2010.pdf,nobel_chemistry/text/2010_scientific-background.txt,27139
1483,nobel_chemistry,2010,scientific-background,,,https://www.nobelprize.org/uploads/2018/06/advanced-chemistryprize2010-1.pdf,nobel_chemistry/text/2010_scientific-background_2.txt,27139
1484,nobel_chemistry,2010,summary,,,https://www.nobelprize.org/prizes/chemistry/2010/summary/,nobel_chemistry/text/2010_summary.txt,663
1485,nobel_chemistry,2011,advanced-information,,,https://www.nobelprize.org/prizes/chemistry/2011/advanced-information/,nobel_chemistry/text/2011_advanced-information.txt,237
1486,nobel_chemistry,2011,popular-information-pdf,,,https://www.nobelprize.org/uploads/2018/06/popular-chemistryprize2011.pdf,nobel_chemistry/text/2011_popular-information-pdf.txt,19798
1487,nobel_chemistry,2011,popular-information-pdf,,,https://www.nobelprize.org/uploads/2018/06/popular-chemistryprize2011-1.pdf,nobel_chemistry/text/2011_popular-information-pdf_2.txt,19798
1488,nobel_chemistry,2011,popular-information-pdf,,,https://www.nobelprize.org/uploads/2018/06/popular-chemistryprize2011-sv.pdf,nobel_chemistry/text/2011_popular-information-pdf_3.txt,18591
1489,nobel_chemistry,2011,popular-information,,,https://www.nobelprize.org/prizes/chemistry/2011/popular-information/,nobel_chemistry/text/2011_popular-information.txt,17962
1490,nobel_chemistry,2011,press-release-pdf,,,https://www.nobelprize.org/uploads/2018/06/press-15.pdf,nobel_chemistry/text/2011_press-release-pdf.txt,3860
1491,nobel_chemistry,2011,press-release-pdf,,,https://www.nobelprize.org/uploads/2018/06/press-sv-1.pdf,nobel_chemistry/text/2011_press-release-pdf_2.txt,3563
1492,nobel_chemistry,2011,press-release,,,https://www.nobelprize.org/prizes/chemistry/2011/press-release/,nobel_chemistry/text/2011_press-release.txt,3883
1493,nobel_chemistry,2011,scientific-background,,,https://www.nobelprize.org/uploads/2018/06/advanced-chemistryprize2011.pdf,nobel_chemistry/text/2011_scientific-background.txt,26579
1494,nobel_chemistry,2011,scientific-background,,,https://www.nobelprize.org/uploads/2018/06/advanced-chemistryprize2011-1.pdf,nobel_chemistry/text/2011_scientific-background_2.txt,26579
1495,nobel_chemistry,2011,summary,,,https://www.nobelprize.org/prizes/chemistry/2011/summary/,nobel_chemistry/text/2011_summary.txt,370
1496,nobel_chemistry,2012,advanced-information,,,https://www.nobelprize.org/prizes/chemistry/2012/advanced-information/,nobel_chemistry/text/2012_advanced-information.txt,290
1497,nobel_chemistry,2012,popular-information-pdf,,,https://www.nobelprize.org/uploads/2018/06/popular-chemistryprize2012.pdf,nobel_chemistry/text/2012_popular-information-pdf.txt,19827
1498,nobel_chemistry,2012,popular-information-pdf,,,https://www.nobelprize.org/uploads/2018/06/popular-chemistryprize2012-1.pdf,nobel_chemistry/text/2012_popular-information-pdf_2.txt,19827
1499,nobel_chemistry,2012,popular-information-pdf,,,https://www.nobelprize.org/uploads/2018/06/popular-chemistryprize2012-sv.pdf,nobel_chemistry/text/2012_popular-information-pdf_3.txt,18670
1500,nobel_chemistry,2012,popular-information,,,https://www.nobelprize.org/prizes/chemistry/2012/popular-information/,nobel_chemistry/text/2012_popular-information.txt,17979
1501,nobel_chemistry,2012,press-release-pdf,,,https://www.nobelprize.org/uploads/2018/06/press-19.pdf,nobel_chemistry/text/2012_press-release-pdf.txt,4346
1502,nobel_chemistry,2012,press-release-pdf,,,https://www.nobelprize.org/uploads/2018/06/press_sv-18.pdf,nobel_chemistry/text/2012_press-release-pdf_2.txt,4024
1503,nobel_chemistry,2012,press-release,,,https://www.nobelprize.org/prizes/chemistry/2012/press-release/,nobel_chemistry/text/2012_press-release.txt,4344
1504,nobel_chemistry,2012,scientific-background,,,https://www.nobelprize.org/uploads/2018/06/advanced-chemistryprize2012.pdf,nobel_chemistry/text/2012_scientific-background.txt,43978
1505,nobel_chemistry,2012,scientific-background,,,https://www.nobelprize.org/uploads/2018/06/advanced-chemistryprize2012-1.pdf,nobel_chemistry/text/2012_scientific-background_2.txt,43978
1506,nobel_chemistry,2012,summary,,,https://www.nobelprize.org/prizes/chemistry/2012/summary/,nobel_chemistry/text/2012_summary.txt,519
1507,nobel_chemistry,2013,advanced-information,,,https://www.nobelprize.org/prizes/chemistry/2013/advanced-information/,nobel_chemistry/text/2013_advanced-information.txt,311
1508,nobel_chemistry,2013,popular-information-pdf,,,https://www.nobelprize.org/uploads/2018/06/popular-chemistryprize2013.pdf,nobel_chemistry/text/2013_popular-information-pdf.txt,16106
1509,nobel_chemistry,2013,popular-information-pdf,,,https://www.nobelprize.org/uploads/2018/06/popular-chemistryprize2013-1.pdf,nobel_chemistry/text/2013_popular-information-pdf_2.txt,16106
1510,nobel_chemistry,2013,popular-information-pdf,,,https://www.nobelprize.org/uploads/2018/06/popular-chemistryprize2013-sv.pdf,nobel_chemistry/text/2013_popular-information-pdf_3.txt,15376
1511,nobel_chemistry,2013,popular-information,,,https://www.nobelprize.org/prizes/chemistry/2013/popular-information/,nobel_chemistry/text/2013_popular-information.txt,15556
1512,nobel_chemistry,2013,press-release-pdf,,,https://www.nobelprize.org/uploads/2018/06/press-22.pdf,nobel_chemistry/text/2013_press-release-pdf.txt,4387
1513,nobel_chemistry,2013,press-release-pdf,,,https://www.nobelprize.org/uploads/2018/06/press_sv-21.pdf,nobel_chemistry/text/2013_press-release-pdf_2.txt,4383
1514,nobel_chemistry,2013,press-release,,,https://www.nobelprize.org/prizes/chemistry/2013/press-release/,nobel_chemistry/text/2013_press-release.txt,4453
1515,nobel_chemistry,2013,scientific-background,,,https://www.nobelprize.org/uploads/2018/06/advanced-chemistryprize2013.pdf,nobel_chemistry/text/2013_scientific-background.txt,15784
1516,nobel_chemistry,2013,scientific-background,,,https://www.nobelprize.org/uploads/2018/06/advanced-chemistryprize2013-1.pdf,nobel_chemistry/text/2013_scientific-background_2.txt,15784
1517,nobel_chemistry,2013,summary,,,https://www.nobelprize.org/prizes/chemistry/2013/summary/,nobel_chemistry/text/2013_summary.txt,623
1518,nobel_chemistry,2014,advanced-information,,,https://www.nobelprize.org/prizes/chemistry/2014/advanced-information/,nobel_chemistry/text/2014_advanced-information.txt,290
1519,nobel_chemistry,2014,popular-information-pdf,,,https://www.nobelprize.org/uploads/2018/06/popular-chemistryprize2014.pdf,nobel_chemistry/text/2014_popular-information-pdf.txt,20627
1520,nobel_chemistry,2014,popular-information-pdf,,,https://www.nobelprize.org/uploads/2018/06/popular-chemistryprize2014-1.pdf,nobel_chemistry/text/2014_popular-information-pdf_2.txt,20627
1521,nobel_chemistry,2014,popular-information-pdf,,,https://www.nobelprize.org/uploads/2018/06/popular-chemistryprize2014-sv.pdf,nobel_chemistry/text/2014_popular-information-pdf_3.txt,19512
1522,nobel_chemistry,2014,popular-information,,,https://www.nobelprize.org/prizes/chemistry/2014/popular-information/,nobel_chemistry/text/2014_popular-information.txt,19232
1523,nobel_chemistry,2014,press-release-pdf,,,https://www.nobelprize.org/uploads/2018/06/press-26.pdf,nobel_chemistry/text/2014_press-release-pdf.txt,4614
1524,nobel_chemistry,2014,press-release-pdf,,,https://www.nobelprize.org/uploads/2018/06/press_sv-25.pdf,nobel_chemistry/text/2014_press-release-pdf_2.txt,4374
1525,nobel_chemistry,2014,press-release,,,https://www.nobelprize.org/prizes/chemistry/2014/press-release/,nobel_chemistry/text/2014_press-release.txt,4834
1526,nobel_chemistry,2014,scientific-background,,,https://www.nobelprize.org/uploads/2018/06/advanced-chemistryprize2014.pdf,nobel_chemistry/text/2014_scientific-background.txt,36345
1527,nobel_chemistry,2014,scientific-background,,,https://www.nobelprize.org/uploads/2018/06/advanced-chemistryprize2014-1.pdf,nobel_chemistry/text/2014_scientific-background_2.txt,36345
1528,nobel_chemistry,2014,summary,,,https://www.nobelprize.org/prizes/chemistry/2014/summary/,nobel_chemistry/text/2014_summary.txt,621
1529,nobel_chemistry,2015,advanced-information,,,https://www.nobelprize.org/prizes/chemistry/2015/advanced-information/,nobel_chemistry/text/2015_advanced-information.txt,278
1530,nobel_chemistry,2015,popular-information-pdf,,,https://www.nobelprize.org/uploads/2018/06/popular-chemistryprize2015.pdf,nobel_chemistry/text/2015_popular-information-pdf.txt,22247
1531,nobel_chemistry,2015,popular-information-pdf,,,https://www.nobelprize.org/uploads/2018/06/popular-chemistryprize2015-1.pdf,nobel_chemistry/text/2015_popular-information-pdf_2.txt,22247
1532,nobel_chemistry,2015,popular-information-pdf,,,https://www.nobelprize.org/uploads/2018/06/popular-chemistryprize2015-sv.pdf,nobel_chemistry/text/2015_popular-information-pdf_3.txt,21787
1533,nobel_chemistry,2015,popular-information,,,https://www.nobelprize.org/prizes/chemistry/2015/popular-information/,nobel_chemistry/text/2015_popular-information.txt,19560
1534,nobel_chemistry,2015,press-release-pdf,,,https://www.nobelprize.org/uploads/2018/06/press-31.pdf,nobel_chemistry/text/2015_press-release-pdf.txt,4754
1535,nobel_chemistry,2015,press-release-pdf,,,https://www.nobelprize.org/uploads/2018/06/press_sv-29.pdf,nobel_chemistry/text/2015_press-release-pdf_2.txt,4534
1536,nobel_chemistry,2015,press-release,,,https://www.nobelprize.org/prizes/chemistry/2015/press-release/,nobel_chemistry/text/2015_press-release.txt,5035
1537,nobel_chemistry,2015,scientific-background,,,https://www.nobelprize.org/uploads/2018/06/advanced-chemistryprize2015-1.pdf,nobel_chemistry/text/2015_scientific-background.txt,38708
1538,nobel_chemistry,2015,scientific-background,,,https://www.nobelprize.org/uploads/2018/06/advanced-chemistryprize2015.pdf,nobel_chemistry/text/2015_scientific-background_2.txt,38708
1539,nobel_chemistry,2015,summary,,,https://www.nobelprize.org/prizes/chemistry/2015/summary/,nobel_chemistry/text/2015_summary.txt,576
1540,nobel_chemistry,2016,advanced-information,,,https://www.nobelprize.org/prizes/chemistry/2016/advanced-information/,nobel_chemistry/text/2016_advanced-information.txt,286
1541,nobel_chemistry,2016,popular-information-pdf,,,https://www.nobelprize.org/uploads/2018/06/popular-chemistryprize2016.pdf,nobel_chemistry/text/2016_popular-information-pdf.txt,20676
1542,nobel_chemistry,2016,popular-information-pdf,,,https://www.nobelprize.org/uploads/2018/06/popular-chemistryprize2016-sv.pdf,nobel_chemistry/text/2016_popular-information-pdf_2.txt,20037
1543,nobel_chemistry,2016,popular-information-pdf,,,https://www.nobelprize.org/uploads/2018/06/popular-chemistryprize2016-1.pdf,nobel_chemistry/text/2016_popular-information-pdf_3.txt,20676
1544,nobel_chemistry,2016,popular-information,,,https://www.nobelprize.org/prizes/chemistry/2016/popular-information/,nobel_chemistry/text/2016_popular-information.txt,19389
1545,nobel_chemistry,2016,press-release-pdf,,,https://www.nobelprize.org/uploads/2018/06/press-36.pdf,nobel_chemistry/text/2016_press-release-pdf.txt,4374
1546,nobel_chemistry,2016,press-release-pdf,,,https://www.nobelprize.org/uploads/2018/06/press-sv-5.pdf,nobel_chemistry/text/2016_press-release-pdf_2.txt,4239
1547,nobel_chemistry,2016,press-release,,,https://www.nobelprize.org/prizes/chemistry/2016/press-release/,nobel_chemistry/text/2016_press-release.txt,4925
1548,nobel_chemistry,2016,scientific-background,,,https://www.nobelprize.org/uploads/2018/06/advanced-chemistryprize2016.pdf,nobel_chemistry/text/2016_scientific-background.txt,30350
1549,nobel_chemistry,2016,scientific-background,,,https://www.nobelprize.org/uploads/2018/06/advanced-chemistryprize2016-1.pdf,nobel_chemistry/text/2016_scientific-background_2.txt,30350
1550,nobel_chemistry,2016,summary,,,https://www.nobelprize.org/prizes/chemistry/2016/summary/,nobel_chemistry/text/2016_summary.txt,658
1551,nobel_chemistry,2017,advanced-information,,,https://www.nobelprize.org/prizes/chemistry/2017/advanced-information/,nobel_chemistry/text/2017_advanced-information.txt,299
1552,nobel_chemistry,2017,popular-information-pdf,,,https://www.nobelprize.org/uploads/2018/06/popular-chemistryprize2017.pdf,nobel_chemistry/text/2017_popular-information-pdf.txt,20288
1553,nobel_chemistry,2017,popular-information-pdf,,,https://www.nobelprize.org/uploads/2018/06/popular-chemistryprize2017-1.pdf,nobel_chemistry/text/2017_popular-information-pdf_2.txt,20288
1554,nobel_chemistry,2017,popular-information-pdf,,,https://www.nobelprize.org/uploads/2018/06/popular-chemistryprize2017-sv.pdf,nobel_chemistry/text/2017_popular-information-pdf_3.txt,19678
1555,nobel_chemistry,2017,popular-information,,,https://www.nobelprize.org/prizes/chemistry/2017/popular-information/,nobel_chemistry/text/2017_popular-information.txt,19284
1556,nobel_chemistry,2017,press-release-pdf,,,https://www.nobelprize.org/uploads/2018/06/press-41.pdf,nobel_chemistry/text/2017_press-release-pdf.txt,4608
1557,nobel_chemistry,2017,press-release-pdf,,,https://www.nobelprize.org/uploads/2018/06/press-sv-9.pdf,nobel_chemistry/text/2017_press-release-pdf_2.txt,4404
1558,nobel_chemistry,2017,press-release,,,https://www.nobelprize.org/prizes/chemistry/2017/press-release/,nobel_chemistry/text/2017_press-release.txt,5157
1559,nobel_chemistry,2017,scientific-background,,,https://www.nobelprize.org/uploads/2018/06/advanced-chemistryprize2017-1.pdf,nobel_chemistry/text/2017_scientific-background.txt,46253
1560,nobel_chemistry,2017,scientific-background,,,https://www.nobelprize.org/uploads/2018/06/advanced-chemistryprize2017.pdf,nobel_chemistry/text/2017_scientific-background_2.txt,46253
1561,nobel_chemistry,2017,summary,,,https://www.nobelprize.org/prizes/chemistry/2017/summary/,nobel_chemistry/text/2017_summary.txt,975
1562,nobel_chemistry,2018,advanced-information,,,https://www.nobelprize.org/prizes/chemistry/2018/advanced-information/,nobel_chemistry/text/2018_advanced-information.txt,315
1563,nobel_chemistry,2018,popular-information-pdf,,,https://www.nobelprize.org/uploads/2018/10/popular-chemistryprize2018.pdf,nobel_chemistry/text/2018_popular-information-pdf.txt,22196
1564,nobel_chemistry,2018,popular-information-pdf,,,https://www.nobelprize.org/uploads/2018/10/popular-chemistryprize2018-sv.pdf,nobel_chemistry/text/2018_popular-information-pdf_2.txt,21364
1565,nobel_chemistry,2018,popular-information,,,https://www.nobelprize.org/prizes/chemistry/2018/popular-information/,nobel_chemistry/text/2018_popular-information.txt,20745
1566,nobel_chemistry,2018,press-release-pdf,,,https://www.nobelprize.org/uploads/2018/10/press-chemistry2018.pdf,nobel_chemistry/text/2018_press-release-pdf.txt,4614
1567,nobel_chemistry,2018,press-release-pdf,,,https://www.nobelprize.org/uploads/2018/10/press-chemistry2018-sv.pdf,nobel_chemistry/text/2018_press-release-pdf_2.txt,4449
1568,nobel_chemistry,2018,press-release,,,https://www.nobelprize.org/prizes/chemistry/2018/press-release/,nobel_chemistry/text/2018_press-release.txt,5037
1569,nobel_chemistry,2018,scientific-background,,,https://www.nobelprize.org/uploads/2018/10/advanced-chemistryprize-2018.pdf,nobel_chemistry/text/2018_scientific-background.txt,65710
1570,nobel_chemistry,2018,scientific-background,,,https://www.nobelprize.org/uploads/2018/06/advanced-chemistryprize2017-1.pdf,nobel_chemistry/text/2018_scientific-background_2.txt,46253
1571,nobel_chemistry,2018,summary,,,https://www.nobelprize.org/prizes/chemistry/2018/summary/,nobel_chemistry/text/2018_summary.txt,1123
1572,nobel_chemistry,2019,advanced-information,,,https://www.nobelprize.org/prizes/chemistry/2019/advanced-information/,nobel_chemistry/text/2019_advanced-information.txt,282
1573,nobel_chemistry,2019,popular-information-pdf,,,https://www.nobelprize.org/uploads/2019/10/popular-chemistryprize2019.pdf,nobel_chemistry/text/2019_popular-information-pdf.txt,17208
1574,nobel_chemistry,2019,popular-information,,,https://www.nobelprize.org/prizes/chemistry/2019/popular-information/,nobel_chemistry/text/2019_popular-information.txt,16033
1575,nobel_chemistry,2019,press-release-pdf,,,https://www.nobelprize.org/uploads/2019/10/press-chemistry-2019-2.pdf,nobel_chemistry/text/2019_press-release-pdf.txt,4515
1576,nobel_chemistry,2019,press-release,,,https://www.nobelprize.org/prizes/chemistry/2019/press-release/,nobel_chemistry/text/2019_press-release.txt,5108
1577,nobel_chemistry,2019,scientific-background,,,https://www.nobelprize.org/uploads/2019/10/advanced-chemistryprize2019-2.pdf,nobel_chemistry/text/2019_scientific-background.txt,28277
1578,nobel_chemistry,2019,scientific-background,,,https://www.nobelprize.org/uploads/2019/10/advanced-chemistryprize2019.pdf,nobel_chemistry/text/2019_scientific-background_2.txt,28286
1579,nobel_chemistry,2019,summary,,,https://www.nobelprize.org/prizes/chemistry/2019/summary/,nobel_chemistry/text/2019_summary.txt,903
1580,nobel_chemistry,2020,advanced-information,,,https://www.nobelprize.org/prizes/chemistry/2020/advanced-information/,nobel_chemistry/text/2020_advanced-information.txt,266
1581,nobel_chemistry,2020,popular-information-pdf,,,https://www.nobelprize.org/uploads/2020/10/popular-chemistryprize2020.pdf,nobel_chemistry/text/2020_popular-information-pdf.txt,20760
1582,nobel_chemistry,2020,popular-information,,,https://www.nobelprize.org/prizes/chemistry/2020/popular-information/,nobel_chemistry/text/2020_popular-information.txt,18403
1583,nobel_chemistry,2020,press-release-pdf,,,https://www.nobelprize.org/uploads/2020/10/press-chemistryprize2020.pdf,nobel_chemistry/text/2020_press-release-pdf.txt,4325
1584,nobel_chemistry,2020,press-release,,,https://www.nobelprize.org/prizes/chemistry/2020/press-release/,nobel_chemistry/text/2020_press-release.txt,4883
1585,nobel_chemistry,2020,scientific-background,,,https://www.nobelprize.org/uploads/2020/10/advanced-chemistryprize2020.pdf,nobel_chemistry/text/2020_scientific-background.txt,36489
1586,nobel_chemistry,2020,summary,,,https://www.nobelprize.org/prizes/chemistry/2020/summary/,nobel_chemistry/text/2020_summary.txt,829
1587,nobel_chemistry,2021,advanced-information,,,https://www.nobelprize.org/prizes/chemistry/2021/advanced-information/,nobel_chemistry/text/2021_advanced-information.txt,282
1588,nobel_chemistry,2021,popular-information-pdf,,,https://www.nobelprize.org/uploads/2021/10/popular-chemistryprize2021.pdf,nobel_chemistry/text/2021_popular-information-pdf.txt,18917
1589,nobel_chemistry,2021,popular-information,,,https://www.nobelprize.org/prizes/chemistry/2021/popular-information/,nobel_chemistry/text/2021_popular-information.txt,17678
1590,nobel_chemistry,2021,press-release-pdf,,,https://www.nobelprize.org/uploads/2021/10/press-chemistryprize2021.pdf,nobel_chemistry/text/2021_press-release-pdf.txt,4199
1591,nobel_chemistry,2021,press-release,,,https://www.nobelprize.org/prizes/chemistry/2021/press-release/,nobel_chemistry/text/2021_press-release.txt,4710
1592,nobel_chemistry,2021,scientific-background,,,https://www.nobelprize.org/uploads/2021/10/advanced-chemistryprize2021-3.pdf,nobel_chemistry/text/2021_scientific-background.txt,42171
1593,nobel_chemistry,2021,summary,,,https://www.nobelprize.org/prizes/chemistry/2021/summary/,nobel_chemistry/text/2021_summary.txt,652
1594,nobel_chemistry,2022,advanced-information,,,https://www.nobelprize.org/prizes/chemistry/2022/advanced-information/,nobel_chemistry/text/2022_advanced-information.txt,294
1595,nobel_chemistry,2022,popular-information-pdf,,,https://www.nobelprize.org/uploads/2022/10/popular-chemistryprize2022-3.pdf,nobel_chemistry/text/2022_popular-information-pdf.txt,19982
1596,nobel_chemistry,2022,popular-information,,,https://www.nobelprize.org/prizes/chemistry/2022/popular-information/,nobel_chemistry/text/2022_popular-information.txt,18724
1597,nobel_chemistry,2022,press-release-pdf,,,https://www.nobelprize.org/uploads/2022/10/press-chemistryprize2022-2.pdf,nobel_chemistry/text/2022_press-release-pdf.txt,4224
1598,nobel_chemistry,2022,press-release,,,https://www.nobelprize.org/prizes/chemistry/2022/press-release/,nobel_chemistry/text/2022_press-release.txt,4789
1599,nobel_chemistry,2022,scientific-background,,,https://www.nobelprize.org/uploads/2022/10/advanced-chemistryprize2022-2.pdf,nobel_chemistry/text/2022_scientific-background.txt,41923
1600,nobel_chemistry,2022,summary,,,https://www.nobelprize.org/prizes/chemistry/2022/summary/,nobel_chemistry/text/2022_summary.txt,650
1601,nobel_chemistry,2023,advanced-information,,,https://www.nobelprize.org/prizes/chemistry/2023/advanced-information/,nobel_chemistry/text/2023_advanced-information.txt,278
1602,nobel_chemistry,2023,popular-information-pdf,,,https://www.nobelprize.org/uploads/2023/12/popular-chemistryprize2023-3.pdf,nobel_chemistry/text/2023_popular-information-pdf.txt,18251
1603,nobel_chemistry,2023,popular-information,,,https://www.nobelprize.org/prizes/chemistry/2023/popular-information/,nobel_chemistry/text/2023_popular-information.txt,17295
1604,nobel_chemistry,2023,press-release-pdf,,,https://www.nobelprize.org/uploads/2023/11/press-chemistryprize2023-1.pdf,nobel_chemistry/text/2023_press-release-pdf.txt,4253
1605,nobel_chemistry,2023,press-release,,,https://www.nobelprize.org/prizes/chemistry/2023/press-release/,nobel_chemistry/text/2023_press-release.txt,4857
1606,nobel_chemistry,2023,scientific-background,,,https://www.nobelprize.org/uploads/2023/10/advanced-chemistryprize2023-3.pdf,nobel_chemistry/text/2023_scientific-background.txt,48632
1607,nobel_chemistry,2023,summary,,,https://www.nobelprize.org/prizes/chemistry/2023/summary/,nobel_chemistry/text/2023_summary.txt,608
1608,nobel_chemistry,2024,advanced-information,,,https://www.nobelprize.org/prizes/chemistry/2024/advanced-information/,nobel_chemistry/text/2024_advanced-information.txt,361
1609,nobel_chemistry,2024,popular-information-pdf,,,https://www.nobelprize.org/uploads/2024/11/popular-chemistryprize2024.pdf,nobel_chemistry/text/2024_popular-information-pdf.txt,22207
1610,nobel_chemistry,2024,popular-information,,,https://www.nobelprize.org/prizes/chemistry/2024/popular-information/,nobel_chemistry/text/2024_popular-information.txt,18906
1611,nobel_chemistry,2024,press-release-pdf,,,https://www.nobelprize.org/uploads/2024/10/press-chemistryprize2024-3.pdf,nobel_chemistry/text/2024_press-release-pdf.txt,4368
1612,nobel_chemistry,2024,press-release,,,https://www.nobelprize.org/prizes/chemistry/2024/press-release/,nobel_chemistry/text/2024_press-release.txt,5464
1613,nobel_chemistry,2024,scientific-background,,,https://www.nobelprize.org/uploads/2024/10/advanced-chemistryprize2024.pdf,nobel_chemistry/text/2024_scientific-background.txt,38486
1614,nobel_chemistry,2024,summary,,,https://www.nobelprize.org/prizes/chemistry/2024/summary/,nobel_chemistry/text/2024_summary.txt,651
1615,nobel_chemistry,2025,advanced-information,,,https://www.nobelprize.org/prizes/chemistry/2025/advanced-information/,nobel_chemistry/text/2025_advanced-information.txt,338
1616,nobel_chemistry,2025,popular-information-pdf,,,https://www.nobelprize.org/uploads/2025/11/popular-chemistryprize2025-2.pdf,nobel_chemistry/text/2025_popular-information-pdf.txt,18975
1617,nobel_chemistry,2025,popular-information,,,https://www.nobelprize.org/prizes/chemistry/2025/popular-information/,nobel_chemistry/text/2025_popular-information.txt,18975
1618,nobel_chemistry,2025,press-release-pdf,,,https://www.nobelprize.org/uploads/2025/10/press-chemistryprize2025.pdf,nobel_chemistry/text/2025_press-release-pdf.txt,4160
1619,nobel_chemistry,2025,press-release,,,https://www.nobelprize.org/prizes/chemistry/2025/press-release/,nobel_chemistry/text/2025_press-release.txt,4761
1620,nobel_chemistry,2025,scientific-background,,,https://www.nobelprize.org/uploads/2025/10/advanced-chemistryprize2025-1.pdf,nobel_chemistry/text/2025_scientific-background.txt,34529
1621,nobel_chemistry,2025,summary,,,https://www.nobelprize.org/prizes/chemistry/2025/summary/,nobel_chemistry/text/2025_summary.txt,621
1622,nobel_chemistry,1901,biographical,Jacobus H. van 't Hoff,,https://www.nobelprize.org/prizes/chemistry/1901/hoff/biographical/,nobel_chemistry/text_laureate/1901_hoff_biographical.txt,8606
1623,nobel_chemistry,1901,facts,Jacobus H. van 't Hoff,,https://www.nobelprize.org/prizes/chemistry/1901/hoff/facts/,nobel_chemistry/text_laureate/1901_hoff_facts.txt,1765
1624,nobel_chemistry,1901,lecture,Jacobus H. van 't Hoff,,https://www.nobelprize.org/prizes/chemistry/1901/hoff/lecture/,nobel_chemistry/text_laureate/1901_hoff_lecture.txt,343
1625,nobel_chemistry,1901,lecture-pdf,Jacobus H. van 't Hoff,,https://www.nobelprize.org/uploads/2018/06/hoff-lecture.pdf,nobel_chemistry/text_laureate/1901_hoff_lecture_pdf0.txt,13232
1626,nobel_chemistry,1902,biographical,Emil Fischer,,https://www.nobelprize.org/prizes/chemistry/1902/fischer/biographical/,nobel_chemistry/text_laureate/1902_fischer_biographical.txt,9612
1627,nobel_chemistry,1902,facts,Emil Fischer,,https://www.nobelprize.org/prizes/chemistry/1902/fischer/facts/,nobel_chemistry/text_laureate/1902_fischer_facts.txt,1626
1628,nobel_chemistry,1902,lecture,Emil Fischer,,https://www.nobelprize.org/prizes/chemistry/1902/fischer/lecture/,nobel_chemistry/text_laureate/1902_fischer_lecture.txt,337
1629,nobel_chemistry,1902,lecture-pdf,Emil Fischer,,https://www.nobelprize.org/uploads/2018/06/fischer-lecture-2.pdf,nobel_chemistry/text_laureate/1902_fischer_lecture_pdf0.txt,34787
1630,nobel_chemistry,1903,biographical,Svante Arrhenius,,https://www.nobelprize.org/prizes/chemistry/1903/arrhenius/biographical/,nobel_chemistry/text_laureate/1903_arrhenius_biographical.txt,7154
1631,nobel_chemistry,1903,facts,Svante Arrhenius,,https://www.nobelprize.org/prizes/chemistry/1903/arrhenius/facts/,nobel_chemistry/text_laureate/1903_arrhenius_facts.txt,1668
1632,nobel_chemistry,1903,lecture,Svante Arrhenius,,https://www.nobelprize.org/prizes/chemistry/1903/arrhenius/lecture/,nobel_chemistry/text_laureate/1903_arrhenius_lecture.txt,432
1633,nobel_chemistry,1903,lecture-pdf,Svante Arrhenius,,https://www.nobelprize.org/uploads/2018/06/arrhenius-lecture.pdf,nobel_chemistry/text_laureate/1903_arrhenius_lecture_pdf0.txt,28863
1634,nobel_chemistry,1903,lecture-pdf,Svante Arrhenius,,https://www.nobelprize.org/uploads/2017/03/arrhenius-lecture-sv.pdf,nobel_chemistry/text_laureate/1903_arrhenius_lecture_pdf1.txt,30160
1635,nobel_chemistry,1904,biographical,Sir William Ramsay,,https://www.nobelprize.org/prizes/chemistry/1904/ramsay/biographical/,nobel_chemistry/text_laureate/1904_ramsay_biographical.txt,4333
1636,nobel_chemistry,1904,facts,Sir William Ramsay,,https://www.nobelprize.org/prizes/chemistry/1904/ramsay/facts/,nobel_chemistry/text_laureate/1904_ramsay_facts.txt,1725
1637,nobel_chemistry,1904,lecture,Sir William Ramsay,,https://www.nobelprize.org/prizes/chemistry/1904/ramsay/lecture/,nobel_chemistry/text_laureate/1904_ramsay_lecture.txt,24817
1638,nobel_chemistry,1905,biographical,Adolf von Baeyer,,https://www.nobelprize.org/prizes/chemistry/1905/baeyer/biographical/,nobel_chemistry/text_laureate/1905_baeyer_biographical.txt,4881
1639,nobel_chemistry,1905,facts,Adolf von Baeyer,,https://www.nobelprize.org/prizes/chemistry/1905/baeyer/facts/,nobel_chemistry/text_laureate/1905_baeyer_facts.txt,1607
1640,nobel_chemistry,1905,lecture,Adolf von Baeyer,,https://www.nobelprize.org/prizes/chemistry/1905/baeyer/lecture/,nobel_chemistry/text_laureate/1905_baeyer_lecture.txt,214
1641,nobel_chemistry,1906,biographical,Henri Moissan,,https://www.nobelprize.org/prizes/chemistry/1906/moissan/biographical/,nobel_chemistry/text_laureate/1906_moissan_biographical.txt,4037
1642,nobel_chemistry,1906,facts,Henri Moissan,,https://www.nobelprize.org/prizes/chemistry/1906/moissan/facts/,nobel_chemistry/text_laureate/1906_moissan_facts.txt,1203
1643,nobel_chemistry,1907,biographical,Eduard Buchner,,https://www.nobelprize.org/prizes/chemistry/1907/buchner/biographical/,nobel_chemistry/text_laureate/1907_buchner_biographical.txt,4948
1644,nobel_chemistry,1907,facts,Eduard Buchner,,https://www.nobelprize.org/prizes/chemistry/1907/buchner/facts/,nobel_chemistry/text_laureate/1907_buchner_facts.txt,1595
1645,nobel_chemistry,1907,lecture,Eduard Buchner,,https://www.nobelprize.org/prizes/chemistry/1907/buchner/lecture/,nobel_chemistry/text_laureate/1907_buchner_lecture.txt,289
1646,nobel_chemistry,1907,lecture-pdf,Eduard Buchner,,https://www.nobelprize.org/uploads/2018/06/buchner-lecture.pdf,nobel_chemistry/text_laureate/1907_buchner_lecture_pdf0.txt,38121
1647,nobel_chemistry,1908,biographical,Ernest Rutherford,,https://www.nobelprize.org/prizes/chemistry/1908/rutherford/biographical/,nobel_chemistry/text_laureate/1908_rutherford_biographical.txt,8493
1648,nobel_chemistry,1908,facts,Ernest Rutherford,,https://www.nobelprize.org/prizes/chemistry/1908/rutherford/facts/,nobel_chemistry/text_laureate/1908_rutherford_facts.txt,1124
1649,nobel_chemistry,1908,lecture,Ernest Rutherford,,https://www.nobelprize.org/prizes/chemistry/1908/rutherford/lecture/,nobel_chemistry/text_laureate/1908_rutherford_lecture.txt,31404
1650,nobel_chemistry,1909,biographical,Wilhelm Ostwald,,https://www.nobelprize.org/prizes/chemistry/1909/ostwald/biographical/,nobel_chemistry/text_laureate/1909_ostwald_biographical.txt,5303
1651,nobel_chemistry,1909,facts,Wilhelm Ostwald,,https://www.nobelprize.org/prizes/chemistry/1909/ostwald/facts/,nobel_chemistry/text_laureate/1909_ostwald_facts.txt,1153
1652,nobel_chemistry,1909,lecture,Wilhelm Ostwald,,https://www.nobelprize.org/prizes/chemistry/1909/ostwald/lecture/,nobel_chemistry/text_laureate/1909_ostwald_lecture.txt,53730
1653,nobel_chemistry,1910,biographical,Otto Wallach,,https://www.nobelprize.org/prizes/chemistry/1910/wallach/biographical/,nobel_chemistry/text_laureate/1910_wallach_biographical.txt,5019
1654,nobel_chemistry,1910,facts,Otto Wallach,,https://www.nobelprize.org/prizes/chemistry/1910/wallach/facts/,nobel_chemistry/text_laureate/1910_wallach_facts.txt,1147
1655,nobel_chemistry,1910,lecture,Otto Wallach,,https://www.nobelprize.org/prizes/chemistry/1910/wallach/lecture/,nobel_chemistry/text_laureate/1910_wallach_lecture.txt,277
1656,nobel_chemistry,1910,lecture-pdf,Otto Wallach,,https://www.nobelprize.org/uploads/2018/06/wallach-lecture.pdf,nobel_chemistry/text_laureate/1910_wallach_lecture_pdf0.txt,39407
1657,nobel_chemistry,1911,biographical,Marie Curie,,https://www.nobelprize.org/prizes/chemistry/1911/marie-curie/biographical/,nobel_chemistry/text_laureate/1911_marie-curie_biographical.txt,4838
1658,nobel_chemistry,1911,facts,Marie Curie,,https://www.nobelprize.org/prizes/chemistry/1911/marie-curie/facts/,nobel_chemistry/text_laureate/1911_marie-curie_facts.txt,1993
1659,nobel_chemistry,1911,lecture,Marie Curie,,https://www.nobelprize.org/prizes/chemistry/1911/marie-curie/lecture/,nobel_chemistry/text_laureate/1911_marie-curie_lecture.txt,27164
1660,nobel_chemistry,1912,biographical,Victor Grignard,,https://www.nobelprize.org/prizes/chemistry/1912/grignard/biographical/,nobel_chemistry/text_laureate/1912_grignard_biographical.txt,5866
1661,nobel_chemistry,1912,facts,Victor Grignard,,https://www.nobelprize.org/prizes/chemistry/1912/grignard/facts/,nobel_chemistry/text_laureate/1912_grignard_facts.txt,1063
1662,nobel_chemistry,1912,lecture,Victor Grignard,,https://www.nobelprize.org/prizes/chemistry/1912/grignard/lecture/,nobel_chemistry/text_laureate/1912_grignard_lecture.txt,357
1663,nobel_chemistry,1912,lecture-pdf,Victor Grignard,,https://www.nobelprize.org/uploads/2018/06/grignard-lecture.pdf,nobel_chemistry/text_laureate/1912_grignard_lecture_pdf0.txt,28896
1664,nobel_chemistry,1912,biographical,Paul Sabatier,,https://www.nobelprize.org/prizes/chemistry/1912/sabatier/biographical/,nobel_chemistry/text_laureate/1912_sabatier_biographical.txt,4217
1665,nobel_chemistry,1912,facts,Paul Sabatier,,https://www.nobelprize.org/prizes/chemistry/1912/sabatier/facts/,nobel_chemistry/text_laureate/1912_sabatier_facts.txt,1202
1666,nobel_chemistry,1912,lecture,Paul Sabatier,,https://www.nobelprize.org/prizes/chemistry/1912/sabatier/lecture/,nobel_chemistry/text_laureate/1912_sabatier_lecture.txt,25153
1667,nobel_chemistry,1913,biographical,Alfred Werner,,https://www.nobelprize.org/prizes/chemistry/1913/werner/biographical/,nobel_chemistry/text_laureate/1913_werner_biographical.txt,6769
1668,nobel_chemistry,1913,facts,Alfred Werner,,https://www.nobelprize.org/prizes/chemistry/1913/werner/facts/,nobel_chemistry/text_laureate/1913_werner_facts.txt,1223
1669,nobel_chemistry,1913,lecture,Alfred Werner,,https://www.nobelprize.org/prizes/chemistry/1913/werner/lecture/,nobel_chemistry/text_laureate/1913_werner_lecture.txt,347
1670,nobel_chemistry,1913,lecture-pdf,Alfred Werner,,https://www.nobelprize.org/uploads/2018/06/werner-lecture.pdf,nobel_chemistry/text_laureate/1913_werner_lecture_pdf0.txt,27764
1671,nobel_chemistry,1914,biographical,Theodore W. Richards,,https://www.nobelprize.org/prizes/chemistry/1914/richards/biographical/,nobel_chemistry/text_laureate/1914_richards_biographical.txt,4154
1672,nobel_chemistry,1914,facts,Theodore W. Richards,,https://www.nobelprize.org/prizes/chemistry/1914/richards/facts/,nobel_chemistry/text_laureate/1914_richards_facts.txt,1167
1673,nobel_chemistry,1914,lecture,Theodore W. Richards,,https://www.nobelprize.org/prizes/chemistry/1914/richards/lecture/,nobel_chemistry/text_laureate/1914_richards_lecture.txt,34270
1674,nobel_chemistry,1915,biographical,Richard Willstätter,,https://www.nobelprize.org/prizes/chemistry/1915/willstatter/biographical/,nobel_chemistry/text_laureate/1915_willstatter_biographical.txt,5290
1675,nobel_chemistry,1915,facts,Richard Willstätter,,https://www.nobelprize.org/prizes/chemistry/1915/willstatter/facts/,nobel_chemistry/text_laureate/1915_willstatter_facts.txt,1217
1676,nobel_chemistry,1915,lecture,Richard Willstätter,,https://www.nobelprize.org/prizes/chemistry/1915/willstatter/lecture/,nobel_chemistry/text_laureate/1915_willstatter_lecture.txt,278
1677,nobel_chemistry,1915,lecture-pdf,Richard Willstätter,,https://www.nobelprize.org/uploads/2018/06/willstatter-lecture.pdf,nobel_chemistry/text_laureate/1915_willstatter_lecture_pdf0.txt,26664
1678,nobel_chemistry,1918,biographical,Fritz Haber,,https://www.nobelprize.org/prizes/chemistry/1918/haber/biographical/,nobel_chemistry/text_laureate/1918_haber_biographical.txt,8967
1679,nobel_chemistry,1918,facts,Fritz Haber,,https://www.nobelprize.org/prizes/chemistry/1918/haber/facts/,nobel_chemistry/text_laureate/1918_haber_facts.txt,1194
1680,nobel_chemistry,1918,lecture,Fritz Haber,,https://www.nobelprize.org/prizes/chemistry/1918/haber/lecture/,nobel_chemistry/text_laureate/1918_haber_lecture.txt,425
1681,nobel_chemistry,1918,lecture-pdf,Fritz Haber,,https://www.nobelprize.org/uploads/2018/06/haber-lecture.pdf,nobel_chemistry/text_laureate/1918_haber_lecture_pdf0.txt,36974
1682,nobel_chemistry,1920,biographical,Walther Nernst,,https://www.nobelprize.org/prizes/chemistry/1920/nernst/biographical/,nobel_chemistry/text_laureate/1920_nernst_biographical.txt,5251
1683,nobel_chemistry,1920,facts,Walther Nernst,,https://www.nobelprize.org/prizes/chemistry/1920/nernst/facts/,nobel_chemistry/text_laureate/1920_nernst_facts.txt,1145
1684,nobel_chemistry,1920,lecture,Walther Nernst,,https://www.nobelprize.org/prizes/chemistry/1920/nernst/lecture/,nobel_chemistry/text_laureate/1920_nernst_lecture.txt,335
1685,nobel_chemistry,1920,lecture-pdf,Walther Nernst,,https://www.nobelprize.org/uploads/2017/03/nernst-lecture2.pdf,nobel_chemistry/text_laureate/1920_nernst_lecture_pdf0.txt,23673
1686,nobel_chemistry,1921,biographical,Frederick Soddy,,https://www.nobelprize.org/prizes/chemistry/1921/soddy/biographical/,nobel_chemistry/text_laureate/1921_soddy_biographical.txt,3319
1687,nobel_chemistry,1921,facts,Frederick Soddy,,https://www.nobelprize.org/prizes/chemistry/1921/soddy/facts/,nobel_chemistry/text_laureate/1921_soddy_facts.txt,1252
1688,nobel_chemistry,1921,lecture,Frederick Soddy,,https://www.nobelprize.org/prizes/chemistry/1921/soddy/lecture/,nobel_chemistry/text_laureate/1921_soddy_lecture.txt,292
1689,nobel_chemistry,1921,lecture-pdf,Frederick Soddy,,https://www.nobelprize.org/uploads/2018/06/soddy-lecture.pdf,nobel_chemistry/text_laureate/1921_soddy_lecture_pdf0.txt,69880
1690,nobel_chemistry,1922,biographical,Francis W. Aston,,https://www.nobelprize.org/prizes/chemistry/1922/aston/biographical/,nobel_chemistry/text_laureate/1922_aston_biographical.txt,4381
1691,nobel_chemistry,1922,facts,Francis W. Aston,,https://www.nobelprize.org/prizes/chemistry/1922/aston/facts/,nobel_chemistry/text_laureate/1922_aston_facts.txt,1207
1692,nobel_chemistry,1922,lecture,Francis W. Aston,,https://www.nobelprize.org/prizes/chemistry/1922/aston/lecture/,nobel_chemistry/text_laureate/1922_aston_lecture.txt,288
1693,nobel_chemistry,1922,lecture-pdf,Francis W. Aston,,https://www.nobelprize.org/uploads/2018/06/aston-lecture.pdf,nobel_chemistry/text_laureate/1922_aston_lecture_pdf0.txt,30549
1694,nobel_chemistry,1923,biographical,Fritz Pregl,,https://www.nobelprize.org/prizes/chemistry/1923/pregl/biographical/,nobel_chemistry/text_laureate/1923_pregl_biographical.txt,4676
1695,nobel_chemistry,1923,facts,Fritz Pregl,,https://www.nobelprize.org/prizes/chemistry/1923/pregl/facts/,nobel_chemistry/text_laureate/1923_pregl_facts.txt,1091
1696,nobel_chemistry,1923,lecture,Fritz Pregl,,https://www.nobelprize.org/prizes/chemistry/1923/pregl/lecture/,nobel_chemistry/text_laureate/1923_pregl_lecture.txt,16225
1697,nobel_chemistry,1925,biographical,Richard Zsigmondy,,https://www.nobelprize.org/prizes/chemistry/1925/zsigmondy/biographical/,nobel_chemistry/text_laureate/1925_zsigmondy_biographical.txt,3711
1698,nobel_chemistry,1925,facts,Richard Zsigmondy,,https://www.nobelprize.org/prizes/chemistry/1925/zsigmondy/facts/,nobel_chemistry/text_laureate/1925_zsigmondy_facts.txt,1286
1699,nobel_chemistry,1925,lecture,Richard Zsigmondy,,https://www.nobelprize.org/prizes/chemistry/1925/zsigmondy/lecture/,nobel_chemistry/text_laureate/1925_zsigmondy_lecture.txt,289
1700,nobel_chemistry,1925,lecture-pdf,Richard Zsigmondy,,https://www.nobelprize.org/uploads/2017/03/zsigmondy-lecture.pdf,nobel_chemistry/text_laureate/1925_zsigmondy_lecture_pdf0.txt,26831
1701,nobel_chemistry,1926,biographical,The Svedberg,,https://www.nobelprize.org/prizes/chemistry/1926/svedberg/biographical/,nobel_chemistry/text_laureate/1926_svedberg_biographical.txt,4858
1702,nobel_chemistry,1926,facts,The Svedberg,,https://www.nobelprize.org/prizes/chemistry/1926/svedberg/facts/,nobel_chemistry/text_laureate/1926_svedberg_facts.txt,1044
1703,nobel_chemistry,1926,lecture,The Svedberg,,https://www.nobelprize.org/prizes/chemistry/1926/svedberg/lecture/,nobel_chemistry/text_laureate/1926_svedberg_lecture.txt,252
1704,nobel_chemistry,1926,lecture-pdf,The Svedberg,,https://www.nobelprize.org/uploads/2018/06/svedberg-lecture.pdf,nobel_chemistry/text_laureate/1926_svedberg_lecture_pdf0.txt,31268
1705,nobel_chemistry,1927,biographical,Heinrich Wieland,,https://www.nobelprize.org/prizes/chemistry/1927/wieland/biographical/,nobel_chemistry/text_laureate/1927_wieland_biographical.txt,4358
1706,nobel_chemistry,1927,facts,Heinrich Wieland,,https://www.nobelprize.org/prizes/chemistry/1927/wieland/facts/,nobel_chemistry/text_laureate/1927_wieland_facts.txt,1159
1707,nobel_chemistry,1927,lecture,Heinrich Wieland,,https://www.nobelprize.org/prizes/chemistry/1927/wieland/lecture/,nobel_chemistry/text_laureate/1927_wieland_lecture.txt,250
1708,nobel_chemistry,1927,lecture-pdf,Heinrich Wieland,,https://www.nobelprize.org/uploads/2018/06/wieland-lecture.pdf,nobel_chemistry/text_laureate/1927_wieland_lecture_pdf0.txt,16839
1709,nobel_chemistry,1928,biographical,Adolf Windaus,,https://www.nobelprize.org/prizes/chemistry/1928/windaus/biographical/,nobel_chemistry/text_laureate/1928_windaus_biographical.txt,5550
1710,nobel_chemistry,1928,facts,Adolf Windaus,,https://www.nobelprize.org/prizes/chemistry/1928/windaus/facts/,nobel_chemistry/text_laureate/1928_windaus_facts.txt,1175
1711,nobel_chemistry,1928,lecture,Adolf Windaus,,https://www.nobelprize.org/prizes/chemistry/1928/windaus/lecture/,nobel_chemistry/text_laureate/1928_windaus_lecture.txt,317
1712,nobel_chemistry,1928,lecture-pdf,Adolf Windaus,,https://www.nobelprize.org/uploads/2018/06/windaus-lecture.pdf,nobel_chemistry/text_laureate/1928_windaus_lecture_pdf0.txt,27526
1713,nobel_chemistry,1929,biographical,Hans von Euler-Chelpin,,https://www.nobelprize.org/prizes/chemistry/1929/euler-chelpin/biographical/,nobel_chemistry/text_laureate/1929_euler-chelpin_biographical.txt,7059
1714,nobel_chemistry,1929,facts,Hans von Euler-Chelpin,,https://www.nobelprize.org/prizes/chemistry/1929/euler-chelpin/facts/,nobel_chemistry/text_laureate/1929_euler-chelpin_facts.txt,1161
1715,nobel_chemistry,1929,lecture,Hans von Euler-Chelpin,,https://www.nobelprize.org/prizes/chemistry/1929/euler-chelpin/lecture/,nobel_chemistry/text_laureate/1929_euler-chelpin_lecture.txt,296
1716,nobel_chemistry,1929,lecture-pdf,Hans von Euler-Chelpin,,https://www.nobelprize.org/uploads/2018/06/euler-chelpin-lecture.pdf,nobel_chemistry/text_laureate/1929_euler-chelpin_lecture_pdf0.txt,29137
1717,nobel_chemistry,1929,biographical,Arthur Harden,,https://www.nobelprize.org/prizes/chemistry/1929/harden/biographical/,nobel_chemistry/text_laureate/1929_harden_biographical.txt,3346
1718,nobel_chemistry,1929,facts,Arthur Harden,,https://www.nobelprize.org/prizes/chemistry/1929/harden/facts/,nobel_chemistry/text_laureate/1929_harden_facts.txt,1230
1719,nobel_chemistry,1929,lecture,Arthur Harden,,https://www.nobelprize.org/prizes/chemistry/1929/harden/lecture/,nobel_chemistry/text_laureate/1929_harden_lecture.txt,394
1720,nobel_chemistry,1929,lecture-pdf,Arthur Harden,,https://www.nobelprize.org/uploads/2018/06/harden-lecture.pdf,nobel_chemistry/text_laureate/1929_harden_lecture_pdf0.txt,23954
1721,nobel_chemistry,1930,biographical,Hans Fischer,,https://www.nobelprize.org/prizes/chemistry/1930/fischer/biographical/,nobel_chemistry/text_laureate/1930_fischer_biographical.txt,2958
1722,nobel_chemistry,1930,facts,Hans Fischer,,https://www.nobelprize.org/prizes/chemistry/1930/fischer/facts/,nobel_chemistry/text_laureate/1930_fischer_facts.txt,1129
1723,nobel_chemistry,1930,lecture,Hans Fischer,,https://www.nobelprize.org/prizes/chemistry/1930/fischer/lecture/,nobel_chemistry/text_laureate/1930_fischer_lecture.txt,353
1724,nobel_chemistry,1930,lecture-pdf,Hans Fischer,,https://www.nobelprize.org/uploads/2018/06/fischer-lecture-3.pdf,nobel_chemistry/text_laureate/1930_fischer_lecture_pdf0.txt,28239
1725,nobel_chemistry,1931,biographical,Friedrich Bergius,,https://www.nobelprize.org/prizes/chemistry/1931/bergius/biographical/,nobel_chemistry/text_laureate/1931_bergius_biographical.txt,6524
1726,nobel_chemistry,1931,facts,Friedrich Bergius,,https://www.nobelprize.org/prizes/chemistry/1931/bergius/facts/,nobel_chemistry/text_laureate/1931_bergius_facts.txt,1214
1727,nobel_chemistry,1931,lecture,Friedrich Bergius,,https://www.nobelprize.org/prizes/chemistry/1931/bergius/lecture/,nobel_chemistry/text_laureate/1931_bergius_lecture.txt,344
1728,nobel_chemistry,1931,lecture-pdf,Friedrich Bergius,,https://www.nobelprize.org/uploads/2018/06/bergius-lecture.pdf,nobel_chemistry/text_laureate/1931_bergius_lecture_pdf0.txt,49519
1729,nobel_chemistry,1931,biographical,Carl Bosch,,https://www.nobelprize.org/prizes/chemistry/1931/bosch/biographical/,nobel_chemistry/text_laureate/1931_bosch_biographical.txt,4720
1730,nobel_chemistry,1931,facts,Carl Bosch,,https://www.nobelprize.org/prizes/chemistry/1931/bosch/facts/,nobel_chemistry/text_laureate/1931_bosch_facts.txt,1149
1731,nobel_chemistry,1931,lecture,Carl Bosch,,https://www.nobelprize.org/prizes/chemistry/1931/bosch/lecture/,nobel_chemistry/text_laureate/1931_bosch_lecture.txt,421
1732,nobel_chemistry,1931,lecture-pdf,Carl Bosch,,https://www.nobelprize.org/uploads/2018/06/bosch-lecture.pdf,nobel_chemistry/text_laureate/1931_bosch_lecture_pdf0.txt,45706
1733,nobel_chemistry,1932,biographical,Irving Langmuir,,https://www.nobelprize.org/prizes/chemistry/1932/langmuir/biographical/,nobel_chemistry/text_laureate/1932_langmuir_biographical.txt,3690
1734,nobel_chemistry,1932,facts,Irving Langmuir,,https://www.nobelprize.org/prizes/chemistry/1932/langmuir/facts/,nobel_chemistry/text_laureate/1932_langmuir_facts.txt,1190
1735,nobel_chemistry,1932,lecture,Irving Langmuir,,https://www.nobelprize.org/prizes/chemistry/1932/langmuir/lecture/,nobel_chemistry/text_laureate/1932_langmuir_lecture.txt,272
1736,nobel_chemistry,1932,lecture-pdf,Irving Langmuir,,https://www.nobelprize.org/uploads/2018/06/langmuir-lecture.pdf,nobel_chemistry/text_laureate/1932_langmuir_lecture_pdf0.txt,89826
1737,nobel_chemistry,1934,biographical,Harold C. Urey,,https://www.nobelprize.org/prizes/chemistry/1934/urey/biographical/,nobel_chemistry/text_laureate/1934_urey_biographical.txt,4305
1738,nobel_chemistry,1934,facts,Harold C. Urey,,https://www.nobelprize.org/prizes/chemistry/1934/urey/facts/,nobel_chemistry/text_laureate/1934_urey_facts.txt,1090
1739,nobel_chemistry,1934,lecture,Harold C. Urey,,https://www.nobelprize.org/prizes/chemistry/1934/urey/lecture/,nobel_chemistry/text_laureate/1934_urey_lecture.txt,296
1740,nobel_chemistry,1934,lecture-pdf,Harold C. Urey,,https://www.nobelprize.org/uploads/2018/06/urey-lecture.pdf,nobel_chemistry/text_laureate/1934_urey_lecture_pdf0.txt,34186
1741,nobel_chemistry,1935,biographical,Irène Joliot-Curie,,https://www.nobelprize.org/prizes/chemistry/1935/joliot-curie/biographical/,nobel_chemistry/text_laureate/1935_joliot-curie_biographical.txt,2525
1742,nobel_chemistry,1935,facts,Irène Joliot-Curie,,https://www.nobelprize.org/prizes/chemistry/1935/joliot-curie/facts/,nobel_chemistry/text_laureate/1935_joliot-curie_facts.txt,1750
1743,nobel_chemistry,1935,lecture,Irène Joliot-Curie,,https://www.nobelprize.org/prizes/chemistry/1935/joliot-curie/lecture/,nobel_chemistry/text_laureate/1935_joliot-curie_lecture.txt,7080
1744,nobel_chemistry,1935,biographical,Frédéric Joliot,,https://www.nobelprize.org/prizes/chemistry/1935/joliot-fred/biographical/,nobel_chemistry/text_laureate/1935_joliot-fred_biographical.txt,4137
1745,nobel_chemistry,1935,facts,Frédéric Joliot,,https://www.nobelprize.org/prizes/chemistry/1935/joliot-fred/facts/,nobel_chemistry/text_laureate/1935_joliot-fred_facts.txt,1168
1746,nobel_chemistry,1935,lecture,Frédéric Joliot,,https://www.nobelprize.org/prizes/chemistry/1935/joliot-fred/lecture/,nobel_chemistry/text_laureate/1935_joliot-fred_lecture.txt,306
1747,nobel_chemistry,1935,lecture-pdf,Frédéric Joliot,,https://www.nobelprize.org/uploads/2018/06/joliot-fred-lecture.pdf,nobel_chemistry/text_laureate/1935_joliot-fred_lecture_pdf0.txt,9649
1748,nobel_chemistry,1936,biographical,Peter Debye,,https://www.nobelprize.org/prizes/chemistry/1936/debye/biographical/,nobel_chemistry/text_laureate/1936_debye_biographical.txt,4488
1749,nobel_chemistry,1936,facts,Peter Debye,,https://www.nobelprize.org/prizes/chemistry/1936/debye/facts/,nobel_chemistry/text_laureate/1936_debye_facts.txt,1260
1750,nobel_chemistry,1936,lecture,Peter Debye,,https://www.nobelprize.org/prizes/chemistry/1936/debye/lecture/,nobel_chemistry/text_laureate/1936_debye_lecture.txt,325
1751,nobel_chemistry,1936,lecture-pdf,Peter Debye,,https://www.nobelprize.org/uploads/2018/06/debye-lecture.pdf,nobel_chemistry/text_laureate/1936_debye_lecture_pdf0.txt,48285
1752,nobel_chemistry,1937,biographical,Norman Haworth,,https://www.nobelprize.org/prizes/chemistry/1937/haworth/biographical/,nobel_chemistry/text_laureate/1937_haworth_biographical.txt,4295
1753,nobel_chemistry,1937,facts,Norman Haworth,,https://www.nobelprize.org/prizes/chemistry/1937/haworth/facts/,nobel_chemistry/text_laureate/1937_haworth_facts.txt,1101
1754,nobel_chemistry,1937,lecture,Norman Haworth,,https://www.nobelprize.org/prizes/chemistry/1937/haworth/lecture/,nobel_chemistry/text_laureate/1937_haworth_lecture.txt,353
1755,nobel_chemistry,1937,lecture-pdf,Norman Haworth,,https://www.nobelprize.org/uploads/2018/06/haworth-lecture.pdf,nobel_chemistry/text_laureate/1937_haworth_lecture_pdf0.txt,29491
1756,nobel_chemistry,1937,biographical,Paul Karrer,,https://www.nobelprize.org/prizes/chemistry/1937/karrer/biographical/,nobel_chemistry/text_laureate/1937_karrer_biographical.txt,3761
1757,nobel_chemistry,1937,facts,Paul Karrer,,https://www.nobelprize.org/prizes/chemistry/1937/karrer/facts/,nobel_chemistry/text_laureate/1937_karrer_facts.txt,1160
1758,nobel_chemistry,1937,lecture,Paul Karrer,,https://www.nobelprize.org/prizes/chemistry/1937/karrer/lecture/,nobel_chemistry/text_laureate/1937_karrer_lecture.txt,323
1759,nobel_chemistry,1937,lecture-pdf,Paul Karrer,,https://www.nobelprize.org/uploads/2018/06/karrer-lecture.pdf,nobel_chemistry/text_laureate/1937_karrer_lecture_pdf0.txt,22388
1760,nobel_chemistry,1938,biographical,Richard Kuhn,,https://www.nobelprize.org/prizes/chemistry/1938/kuhn/biographical/,nobel_chemistry/text_laureate/1938_kuhn_biographical.txt,3325
1761,nobel_chemistry,1938,facts,Richard Kuhn,,https://www.nobelprize.org/prizes/chemistry/1938/kuhn/facts/,nobel_chemistry/text_laureate/1938_kuhn_facts.txt,1308
1762,nobel_chemistry,1938,lecture,Richard Kuhn,,https://www.nobelprize.org/prizes/chemistry/1938/kuhn/lecture/,nobel_chemistry/text_laureate/1938_kuhn_lecture.txt,218
1763,nobel_chemistry,1939,biographical,Adolf Butenandt,,https://www.nobelprize.org/prizes/chemistry/1939/butenandt/biographical/,nobel_chemistry/text_laureate/1939_butenandt_biographical.txt,3366
1764,nobel_chemistry,1939,facts,Adolf Butenandt,,https://www.nobelprize.org/prizes/chemistry/1939/butenandt/facts/,nobel_chemistry/text_laureate/1939_butenandt_facts.txt,1283
1765,nobel_chemistry,1939,lecture,Adolf Butenandt,,https://www.nobelprize.org/prizes/chemistry/1939/butenandt/lecture/,nobel_chemistry/text_laureate/1939_butenandt_lecture.txt,211
1766,nobel_chemistry,1939,biographical,Leopold Ruzicka,,https://www.nobelprize.org/prizes/chemistry/1939/ruzicka/biographical/,nobel_chemistry/text_laureate/1939_ruzicka_biographical.txt,8302
1767,nobel_chemistry,1939,facts,Leopold Ruzicka,,https://www.nobelprize.org/prizes/chemistry/1939/ruzicka/facts/,nobel_chemistry/text_laureate/1939_ruzicka_facts.txt,1192
1768,nobel_chemistry,1939,lecture,Leopold Ruzicka,,https://www.nobelprize.org/prizes/chemistry/1939/ruzicka/lecture/,nobel_chemistry/text_laureate/1939_ruzicka_lecture.txt,336
1769,nobel_chemistry,1939,lecture-pdf,Leopold Ruzicka,,https://www.nobelprize.org/uploads/2018/06/ruzicka-lecture.pdf,nobel_chemistry/text_laureate/1939_ruzicka_lecture_pdf0.txt,41507
1770,nobel_chemistry,1943,biographical,George de Hevesy,,https://www.nobelprize.org/prizes/chemistry/1943/hevesy/biographical/,nobel_chemistry/text_laureate/1943_hevesy_biographical.txt,5213
1771,nobel_chemistry,1943,facts,George de Hevesy,,https://www.nobelprize.org/prizes/chemistry/1943/hevesy/facts/,nobel_chemistry/text_laureate/1943_hevesy_facts.txt,1758
1772,nobel_chemistry,1943,lecture,George de Hevesy,,https://www.nobelprize.org/prizes/chemistry/1943/hevesy/lecture/,nobel_chemistry/text_laureate/1943_hevesy_lecture.txt,260
1773,nobel_chemistry,1943,lecture-pdf,George de Hevesy,,https://www.nobelprize.org/uploads/2018/06/hevesy-lecture.pdf,nobel_chemistry/text_laureate/1943_hevesy_lecture_pdf0.txt,72806
1774,nobel_chemistry,1944,biographical,Otto Hahn,,https://www.nobelprize.org/prizes/chemistry/1944/hahn/biographical/,nobel_chemistry/text_laureate/1944_hahn_biographical.txt,4632
1775,nobel_chemistry,1944,facts,Otto Hahn,,https://www.nobelprize.org/prizes/chemistry/1944/hahn/facts/,nobel_chemistry/text_laureate/1944_hahn_facts.txt,1174
1776,nobel_chemistry,1944,lecture,Otto Hahn,,https://www.nobelprize.org/prizes/chemistry/1944/hahn/lecture/,nobel_chemistry/text_laureate/1944_hahn_lecture.txt,308
1777,nobel_chemistry,1944,lecture-pdf,Otto Hahn,,https://www.nobelprize.org/uploads/2018/06/hahn-lecture.pdf,nobel_chemistry/text_laureate/1944_hahn_lecture_pdf0.txt,35132
1778,nobel_chemistry,1945,biographical,Artturi Virtanen,,https://www.nobelprize.org/prizes/chemistry/1945/virtanen/biographical/,nobel_chemistry/text_laureate/1945_virtanen_biographical.txt,5028
1779,nobel_chemistry,1945,facts,Artturi Virtanen,,https://www.nobelprize.org/prizes/chemistry/1945/virtanen/facts/,nobel_chemistry/text_laureate/1945_virtanen_facts.txt,1116
1780,nobel_chemistry,1945,lecture,Artturi Virtanen,,https://www.nobelprize.org/prizes/chemistry/1945/virtanen/lecture/,nobel_chemistry/text_laureate/1945_virtanen_lecture.txt,356
1781,nobel_chemistry,1945,lecture-pdf,Artturi Virtanen,,https://www.nobelprize.org/uploads/2018/06/virtanen-lecture.pdf,nobel_chemistry/text_laureate/1945_virtanen_lecture_pdf0.txt,86666
1782,nobel_chemistry,1946,biographical,John H. Northrop,,https://www.nobelprize.org/prizes/chemistry/1946/northrop/biographical/,nobel_chemistry/text_laureate/1946_northrop_biographical.txt,4381
1783,nobel_chemistry,1946,facts,John H. Northrop,,https://www.nobelprize.org/prizes/chemistry/1946/northrop/facts/,nobel_chemistry/text_laureate/1946_northrop_facts.txt,1162
1784,nobel_chemistry,1946,lecture,John H. Northrop,,https://www.nobelprize.org/prizes/chemistry/1946/northrop/lecture/,nobel_chemistry/text_laureate/1946_northrop_lecture.txt,301
1785,nobel_chemistry,1946,lecture-pdf,John H. Northrop,,https://www.nobelprize.org/uploads/2018/06/northrop-lecture.pdf,nobel_chemistry/text_laureate/1946_northrop_lecture_pdf0.txt,19254
1786,nobel_chemistry,1946,biographical,Wendell M. Stanley,,https://www.nobelprize.org/prizes/chemistry/1946/stanley/biographical/,nobel_chemistry/text_laureate/1946_stanley_biographical.txt,3781
1787,nobel_chemistry,1946,facts,Wendell M. Stanley,,https://www.nobelprize.org/prizes/chemistry/1946/stanley/facts/,nobel_chemistry/text_laureate/1946_stanley_facts.txt,1159
1788,nobel_chemistry,1946,lecture,Wendell M. Stanley,,https://www.nobelprize.org/prizes/chemistry/1946/stanley/lecture/,nobel_chemistry/text_laureate/1946_stanley_lecture.txt,332
1789,nobel_chemistry,1946,lecture-pdf,Wendell M. Stanley,,https://www.nobelprize.org/uploads/2018/06/stanley-lecture.pdf,nobel_chemistry/text_laureate/1946_stanley_lecture_pdf0.txt,39491
1790,nobel_chemistry,1946,biographical,James B. Sumner,,https://www.nobelprize.org/prizes/chemistry/1946/sumner/biographical/,nobel_chemistry/text_laureate/1946_sumner_biographical.txt,4664
1791,nobel_chemistry,1946,facts,James B. Sumner,,https://www.nobelprize.org/prizes/chemistry/1946/sumner/facts/,nobel_chemistry/text_laureate/1946_sumner_facts.txt,1108
1792,nobel_chemistry,1946,lecture,James B. Sumner,,https://www.nobelprize.org/prizes/chemistry/1946/sumner/lecture/,nobel_chemistry/text_laureate/1946_sumner_lecture.txt,300
1793,nobel_chemistry,1946,lecture-pdf,James B. Sumner,,https://www.nobelprize.org/uploads/2018/06/sumner-lecture.pdf,nobel_chemistry/text_laureate/1946_sumner_lecture_pdf0.txt,18326
1794,nobel_chemistry,1947,biographical,Sir Robert Robinson,,https://www.nobelprize.org/prizes/chemistry/1947/robinson/biographical/,nobel_chemistry/text_laureate/1947_robinson_biographical.txt,4403
1795,nobel_chemistry,1947,facts,Sir Robert Robinson,,https://www.nobelprize.org/prizes/chemistry/1947/robinson/facts/,nobel_chemistry/text_laureate/1947_robinson_facts.txt,1173
1796,nobel_chemistry,1947,lecture,Sir Robert Robinson,,https://www.nobelprize.org/prizes/chemistry/1947/robinson/lecture/,nobel_chemistry/text_laureate/1947_robinson_lecture.txt,281
1797,nobel_chemistry,1947,lecture-pdf,Sir Robert Robinson,,https://www.nobelprize.org/uploads/2018/06/robinson-lecture.pdf,nobel_chemistry/text_laureate/1947_robinson_lecture_pdf0.txt,38282
1798,nobel_chemistry,1948,biographical,Arne Tiselius,,https://www.nobelprize.org/prizes/chemistry/1948/tiselius/biographical/,nobel_chemistry/text_laureate/1948_tiselius_biographical.txt,3710
1799,nobel_chemistry,1948,facts,Arne Tiselius,,https://www.nobelprize.org/prizes/chemistry/1948/tiselius/facts/,nobel_chemistry/text_laureate/1948_tiselius_facts.txt,1725
1800,nobel_chemistry,1948,lecture,Arne Tiselius,,https://www.nobelprize.org/prizes/chemistry/1948/tiselius/lecture/,nobel_chemistry/text_laureate/1948_tiselius_lecture.txt,350
1801,nobel_chemistry,1948,lecture-pdf,Arne Tiselius,,https://www.nobelprize.org/uploads/2018/06/tiselius-lecture.pdf,nobel_chemistry/text_laureate/1948_tiselius_lecture_pdf0.txt,36154
1802,nobel_chemistry,1949,biographical,William F. Giauque,,https://www.nobelprize.org/prizes/chemistry/1949/giauque/biographical/,nobel_chemistry/text_laureate/1949_giauque_biographical.txt,4612
1803,nobel_chemistry,1949,facts,William F. Giauque,,https://www.nobelprize.org/prizes/chemistry/1949/giauque/facts/,nobel_chemistry/text_laureate/1949_giauque_facts.txt,1142
1804,nobel_chemistry,1949,lecture,William F. Giauque,,https://www.nobelprize.org/prizes/chemistry/1949/giauque/lecture/,nobel_chemistry/text_laureate/1949_giauque_lecture.txt,291
1805,nobel_chemistry,1949,lecture-pdf,William F. Giauque,,https://www.nobelprize.org/uploads/2018/06/giauque-lecture.pdf,nobel_chemistry/text_laureate/1949_giauque_lecture_pdf0.txt,25921
1806,nobel_chemistry,1950,biographical,Kurt Alder,,https://www.nobelprize.org/prizes/chemistry/1950/alder/biographical/,nobel_chemistry/text_laureate/1950_alder_biographical.txt,3834
1807,nobel_chemistry,1950,facts,Kurt Alder,,https://www.nobelprize.org/prizes/chemistry/1950/alder/facts/,nobel_chemistry/text_laureate/1950_alder_facts.txt,1133
1808,nobel_chemistry,1950,lecture,Kurt Alder,,https://www.nobelprize.org/prizes/chemistry/1950/alder/lecture/,nobel_chemistry/text_laureate/1950_alder_lecture.txt,325
1809,nobel_chemistry,1950,lecture-pdf,Kurt Alder,,https://www.nobelprize.org/uploads/2018/06/alder-lecture.pdf,nobel_chemistry/text_laureate/1950_alder_lecture_pdf0.txt,60940
1810,nobel_chemistry,1950,biographical,Otto Diels,,https://www.nobelprize.org/prizes/chemistry/1950/diels/biographical/,nobel_chemistry/text_laureate/1950_diels_biographical.txt,3520
1811,nobel_chemistry,1950,facts,Otto Diels,,https://www.nobelprize.org/prizes/chemistry/1950/diels/facts/,nobel_chemistry/text_laureate/1950_diels_facts.txt,1114
1812,nobel_chemistry,1950,lecture,Otto Diels,,https://www.nobelprize.org/prizes/chemistry/1950/diels/lecture/,nobel_chemistry/text_laureate/1950_diels_lecture.txt,383
1813,nobel_chemistry,1950,lecture-pdf,Otto Diels,,https://www.nobelprize.org/uploads/2018/06/diels-lecture.pdf,nobel_chemistry/text_laureate/1950_diels_lecture_pdf0.txt,9818
1814,nobel_chemistry,1951,biographical,Edwin M. McMillan,,https://www.nobelprize.org/prizes/chemistry/1951/mcmillan/biographical/,nobel_chemistry/text_laureate/1951_mcmillan_biographical.txt,3625
1815,nobel_chemistry,1951,facts,Edwin M. McMillan,,https://www.nobelprize.org/prizes/chemistry/1951/mcmillan/facts/,nobel_chemistry/text_laureate/1951_mcmillan_facts.txt,1101
1816,nobel_chemistry,1951,lecture,Edwin M. McMillan,,https://www.nobelprize.org/prizes/chemistry/1951/mcmillan/lecture/,nobel_chemistry/text_laureate/1951_mcmillan_lecture.txt,297
1817,nobel_chemistry,1951,lecture-pdf,Edwin M. McMillan,,https://www.nobelprize.org/uploads/2018/06/mcmillan-lecture.pdf,nobel_chemistry/text_laureate/1951_mcmillan_lecture_pdf0.txt,16285
1818,nobel_chemistry,1951,biographical,Glenn T. Seaborg,,https://www.nobelprize.org/prizes/chemistry/1951/seaborg/biographical/,nobel_chemistry/text_laureate/1951_seaborg_biographical.txt,6100
1819,nobel_chemistry,1951,facts,Glenn T. Seaborg,,https://www.nobelprize.org/prizes/chemistry/1951/seaborg/facts/,nobel_chemistry/text_laureate/1951_seaborg_facts.txt,1163
1820,nobel_chemistry,1951,lecture,Glenn T. Seaborg,,https://www.nobelprize.org/prizes/chemistry/1951/seaborg/lecture/,nobel_chemistry/text_laureate/1951_seaborg_lecture.txt,316
1821,nobel_chemistry,1951,lecture-pdf,Glenn T. Seaborg,,https://www.nobelprize.org/uploads/2018/06/seaborg-lecture.pdf,nobel_chemistry/text_laureate/1951_seaborg_lecture_pdf0.txt,42161
1822,nobel_chemistry,1952,biographical,Archer J.P. Martin,,https://www.nobelprize.org/prizes/chemistry/1952/martin/biographical/,nobel_chemistry/text_laureate/1952_martin_biographical.txt,3110
1823,nobel_chemistry,1952,facts,Archer J.P. Martin,,https://www.nobelprize.org/prizes/chemistry/1952/martin/facts/,nobel_chemistry/text_laureate/1952_martin_facts.txt,1064
1824,nobel_chemistry,1952,lecture,Archer J.P. Martin,,https://www.nobelprize.org/prizes/chemistry/1952/martin/lecture/,nobel_chemistry/text_laureate/1952_martin_lecture.txt,265
1825,nobel_chemistry,1952,lecture-pdf,Archer J.P. Martin,,https://www.nobelprize.org/uploads/2018/06/martin-lecture.pdf,nobel_chemistry/text_laureate/1952_martin_lecture_pdf0.txt,28387
1826,nobel_chemistry,1952,biographical,Richard L.M. Synge,,https://www.nobelprize.org/prizes/chemistry/1952/synge/biographical/,nobel_chemistry/text_laureate/1952_synge_biographical.txt,3748
1827,nobel_chemistry,1952,facts,Richard L.M. Synge,,https://www.nobelprize.org/prizes/chemistry/1952/synge/facts/,nobel_chemistry/text_laureate/1952_synge_facts.txt,1131
1828,nobel_chemistry,1952,lecture,Richard L.M. Synge,,https://www.nobelprize.org/prizes/chemistry/1952/synge/lecture/,nobel_chemistry/text_laureate/1952_synge_lecture.txt,316
1829,nobel_chemistry,1952,lecture-pdf,Richard L.M. Synge,,https://www.nobelprize.org/uploads/2018/06/synge-lecture.pdf,nobel_chemistry/text_laureate/1952_synge_lecture_pdf0.txt,26773
1830,nobel_chemistry,1953,biographical,Hermann Staudinger,,https://www.nobelprize.org/prizes/chemistry/1953/staudinger/biographical/,nobel_chemistry/text_laureate/1953_staudinger_biographical.txt,4552
1831,nobel_chemistry,1953,facts,Hermann Staudinger,,https://www.nobelprize.org/prizes/chemistry/1953/staudinger/facts/,nobel_chemistry/text_laureate/1953_staudinger_facts.txt,1194
1832,nobel_chemistry,1953,lecture,Hermann Staudinger,,https://www.nobelprize.org/prizes/chemistry/1953/staudinger/lecture/,nobel_chemistry/text_laureate/1953_staudinger_lecture.txt,311
1833,nobel_chemistry,1953,lecture-pdf,Hermann Staudinger,,https://www.nobelprize.org/uploads/2018/06/staudinger-lecture.pdf,nobel_chemistry/text_laureate/1953_staudinger_lecture_pdf0.txt,43737
1834,nobel_chemistry,1954,biographical,Linus Pauling,,https://www.nobelprize.org/prizes/chemistry/1954/pauling/biographical/,nobel_chemistry/text_laureate/1954_pauling_biographical.txt,4997
1835,nobel_chemistry,1954,facts,Linus Pauling,,https://www.nobelprize.org/prizes/chemistry/1954/pauling/facts/,nobel_chemistry/text_laureate/1954_pauling_facts.txt,1885
1836,nobel_chemistry,1954,lecture,Linus Pauling,,https://www.nobelprize.org/prizes/chemistry/1954/pauling/lecture/,nobel_chemistry/text_laureate/1954_pauling_lecture.txt,328
1837,nobel_chemistry,1954,lecture-pdf,Linus Pauling,,https://www.nobelprize.org/uploads/2018/06/pauling-lecture.pdf,nobel_chemistry/text_laureate/1954_pauling_lecture_pdf0.txt,23633
1838,nobel_chemistry,1955,biographical,Vincent du Vigneaud,,https://www.nobelprize.org/prizes/chemistry/1955/vigneaud/biographical/,nobel_chemistry/text_laureate/1955_vigneaud_biographical.txt,3462
1839,nobel_chemistry,1955,facts,Vincent du Vigneaud,,https://www.nobelprize.org/prizes/chemistry/1955/vigneaud/facts/,nobel_chemistry/text_laureate/1955_vigneaud_facts.txt,1149
1840,nobel_chemistry,1955,lecture,Vincent du Vigneaud,,https://www.nobelprize.org/prizes/chemistry/1955/vigneaud/lecture/,nobel_chemistry/text_laureate/1955_vigneaud_lecture.txt,308
1841,nobel_chemistry,1955,lecture-pdf,Vincent du Vigneaud,,https://www.nobelprize.org/uploads/2018/06/vigneaud-lecture.pdf,nobel_chemistry/text_laureate/1955_vigneaud_lecture_pdf0.txt,45728
1842,nobel_chemistry,1956,biographical,Sir Cyril Hinshelwood,,https://www.nobelprize.org/prizes/chemistry/1956/hinshelwood/biographical/,nobel_chemistry/text_laureate/1956_hinshelwood_biographical.txt,2921
1843,nobel_chemistry,1956,facts,Sir Cyril Hinshelwood,,https://www.nobelprize.org/prizes/chemistry/1956/hinshelwood/facts/,nobel_chemistry/text_laureate/1956_hinshelwood_facts.txt,1084
1844,nobel_chemistry,1956,lecture,Sir Cyril Hinshelwood,,https://www.nobelprize.org/prizes/chemistry/1956/hinshelwood/lecture/,nobel_chemistry/text_laureate/1956_hinshelwood_lecture.txt,277
1845,nobel_chemistry,1956,lecture-pdf,Sir Cyril Hinshelwood,,https://www.nobelprize.org/uploads/2018/06/hinshelwood-lecture.pdf,nobel_chemistry/text_laureate/1956_hinshelwood_lecture_pdf0.txt,25182
1846,nobel_chemistry,1956,biographical,Nikolay Semenov,,https://www.nobelprize.org/prizes/chemistry/1956/semenov/biographical/,nobel_chemistry/text_laureate/1956_semenov_biographical.txt,2604
1847,nobel_chemistry,1956,facts,Nikolay Semenov,,https://www.nobelprize.org/prizes/chemistry/1956/semenov/facts/,nobel_chemistry/text_laureate/1956_semenov_facts.txt,1254
1848,nobel_chemistry,1956,lecture,Nikolay Semenov,,https://www.nobelprize.org/prizes/chemistry/1956/semenov/lecture/,nobel_chemistry/text_laureate/1956_semenov_lecture.txt,316
1849,nobel_chemistry,1956,lecture-pdf,Nikolay Semenov,,https://www.nobelprize.org/uploads/2018/06/semenov-lecture.pdf,nobel_chemistry/text_laureate/1956_semenov_lecture_pdf0.txt,70753
1850,nobel_chemistry,1957,biographical,Lord Todd,,https://www.nobelprize.org/prizes/chemistry/1957/todd/biographical/,nobel_chemistry/text_laureate/1957_todd_biographical.txt,4413
1851,nobel_chemistry,1957,facts,Lord Todd,,https://www.nobelprize.org/prizes/chemistry/1957/todd/facts/,nobel_chemistry/text_laureate/1957_todd_facts.txt,1143
1852,nobel_chemistry,1957,lecture,Lord Todd,,https://www.nobelprize.org/prizes/chemistry/1957/todd/lecture/,nobel_chemistry/text_laureate/1957_todd_lecture.txt,292
1853,nobel_chemistry,1957,lecture-pdf,Lord Todd,,https://www.nobelprize.org/uploads/2018/06/todd-lecture.pdf,nobel_chemistry/text_laureate/1957_todd_lecture_pdf0.txt,34597
1854,nobel_chemistry,1958,biographical,Frederick Sanger,,https://www.nobelprize.org/prizes/chemistry/1958/sanger/biographical/,nobel_chemistry/text_laureate/1958_sanger_biographical.txt,2934
1855,nobel_chemistry,1958,facts,Frederick Sanger,,https://www.nobelprize.org/prizes/chemistry/1958/sanger/facts/,nobel_chemistry/text_laureate/1958_sanger_facts.txt,1576
1856,nobel_chemistry,1958,lecture,Frederick Sanger,,https://www.nobelprize.org/prizes/chemistry/1958/sanger/lecture/,nobel_chemistry/text_laureate/1958_sanger_lecture.txt,325
1857,nobel_chemistry,1958,lecture-pdf,Frederick Sanger,,https://www.nobelprize.org/uploads/2018/06/sanger-lecture.pdf,nobel_chemistry/text_laureate/1958_sanger_lecture_pdf0.txt,25610
1858,nobel_chemistry,1959,biographical,Jaroslav Heyrovsky,,https://www.nobelprize.org/prizes/chemistry/1959/heyrovsky/biographical/,nobel_chemistry/text_laureate/1959_heyrovsky_biographical.txt,3672
1859,nobel_chemistry,1959,facts,Jaroslav Heyrovsky,,https://www.nobelprize.org/prizes/chemistry/1959/heyrovsky/facts/,nobel_chemistry/text_laureate/1959_heyrovsky_facts.txt,1206
1860,nobel_chemistry,1959,lecture,Jaroslav Heyrovsky,,https://www.nobelprize.org/prizes/chemistry/1959/heyrovsky/lecture/,nobel_chemistry/text_laureate/1959_heyrovsky_lecture.txt,266
1861,nobel_chemistry,1959,lecture-pdf,Jaroslav Heyrovsky,,https://www.nobelprize.org/uploads/2018/06/heyrovsky-lecture.pdf,nobel_chemistry/text_laureate/1959_heyrovsky_lecture_pdf0.txt,20010
1862,nobel_chemistry,1960,biographical,Willard F. Libby,,https://www.nobelprize.org/prizes/chemistry/1960/libby/biographical/,nobel_chemistry/text_laureate/1960_libby_biographical.txt,5083
1863,nobel_chemistry,1960,facts,Willard F. Libby,,https://www.nobelprize.org/prizes/chemistry/1960/libby/facts/,nobel_chemistry/text_laureate/1960_libby_facts.txt,1139
1864,nobel_chemistry,1960,lecture,Willard F. Libby,,https://www.nobelprize.org/prizes/chemistry/1960/libby/lecture/,nobel_chemistry/text_laureate/1960_libby_lecture.txt,256
1865,nobel_chemistry,1960,lecture-pdf,Willard F. Libby,,https://www.nobelprize.org/uploads/2018/06/libby-lecture.pdf,nobel_chemistry/text_laureate/1960_libby_lecture_pdf0.txt,36201
1866,nobel_chemistry,1961,biographical,Melvin Calvin,,https://www.nobelprize.org/prizes/chemistry/1961/calvin/biographical/,nobel_chemistry/text_laureate/1961_calvin_biographical.txt,4014
1867,nobel_chemistry,1961,facts,Melvin Calvin,,https://www.nobelprize.org/prizes/chemistry/1961/calvin/facts/,nobel_chemistry/text_laureate/1961_calvin_facts.txt,1138
1868,nobel_chemistry,1961,lecture,Melvin Calvin,,https://www.nobelprize.org/prizes/chemistry/1961/calvin/lecture/,nobel_chemistry/text_laureate/1961_calvin_lecture.txt,313
1869,nobel_chemistry,1961,lecture-pdf,Melvin Calvin,,https://www.nobelprize.org/uploads/2017/03/calvin-lecture.pdf,nobel_chemistry/text_laureate/1961_calvin_lecture_pdf0.txt,39244
1870,nobel_chemistry,1962,biographical,John C. Kendrew,,https://www.nobelprize.org/prizes/chemistry/1962/kendrew/biographical/,nobel_chemistry/text_laureate/1962_kendrew_biographical.txt,3451
1871,nobel_chemistry,1962,facts,John C. Kendrew,,https://www.nobelprize.org/prizes/chemistry/1962/kendrew/facts/,nobel_chemistry/text_laureate/1962_kendrew_facts.txt,1078
1872,nobel_chemistry,1962,lecture,John C. Kendrew,,https://www.nobelprize.org/prizes/chemistry/1962/kendrew/lecture/,nobel_chemistry/text_laureate/1962_kendrew_lecture.txt,338
1873,nobel_chemistry,1962,lecture-pdf,John C. Kendrew,,https://www.nobelprize.org/uploads/2025/08/kendrew-lecture-2.pdf,nobel_chemistry/text_laureate/1962_kendrew_lecture_pdf0.txt,39277
1874,nobel_chemistry,1962,biographical,Max F. Perutz,,https://www.nobelprize.org/prizes/chemistry/1962/perutz/biographical/,nobel_chemistry/text_laureate/1962_perutz_biographical.txt,4966
1875,nobel_chemistry,1962,facts,Max F. Perutz,,https://www.nobelprize.org/prizes/chemistry/1962/perutz/facts/,nobel_chemistry/text_laureate/1962_perutz_facts.txt,1660
1876,nobel_chemistry,1962,lecture,Max F. Perutz,,https://www.nobelprize.org/prizes/chemistry/1962/perutz/lecture/,nobel_chemistry/text_laureate/1962_perutz_lecture.txt,347
1877,nobel_chemistry,1962,lecture-pdf,Max F. Perutz,,https://www.nobelprize.org/uploads/2018/06/perutz-lecture.pdf,nobel_chemistry/text_laureate/1962_perutz_lecture_pdf0.txt,26928
1878,nobel_chemistry,1963,biographical,Giulio Natta,,https://www.nobelprize.org/prizes/chemistry/1963/natta/biographical/,nobel_chemistry/text_laureate/1963_natta_biographical.txt,6799
1879,nobel_chemistry,1963,facts,Giulio Natta,,https://www.nobelprize.org/prizes/chemistry/1963/natta/facts/,nobel_chemistry/text_laureate/1963_natta_facts.txt,1078
1880,nobel_chemistry,1963,lecture,Giulio Natta,,https://www.nobelprize.org/prizes/chemistry/1963/natta/lecture/,nobel_chemistry/text_laureate/1963_natta_lecture.txt,344
1881,nobel_chemistry,1963,lecture-pdf,Giulio Natta,,https://www.nobelprize.org/uploads/2018/06/natta-lecture.pdf,nobel_chemistry/text_laureate/1963_natta_lecture_pdf0.txt,64328
1882,nobel_chemistry,1963,biographical,Karl Ziegler,,https://www.nobelprize.org/prizes/chemistry/1963/ziegler/biographical/,nobel_chemistry/text_laureate/1963_ziegler_biographical.txt,3664
1883,nobel_chemistry,1963,facts,Karl Ziegler,,https://www.nobelprize.org/prizes/chemistry/1963/ziegler/facts/,nobel_chemistry/text_laureate/1963_ziegler_facts.txt,1152
1884,nobel_chemistry,1963,lecture,Karl Ziegler,,https://www.nobelprize.org/prizes/chemistry/1963/ziegler/lecture/,nobel_chemistry/text_laureate/1963_ziegler_lecture.txt,309
1885,nobel_chemistry,1963,lecture-pdf,Karl Ziegler,,https://www.nobelprize.org/uploads/2018/06/ziegler-lecture.pdf,nobel_chemistry/text_laureate/1963_ziegler_lecture_pdf0.txt,32911
1886,nobel_chemistry,1964,biographical,Dorothy Crowfoot Hodgkin,,https://www.nobelprize.org/prizes/chemistry/1964/hodgkin/biographical/,nobel_chemistry/text_laureate/1964_hodgkin_biographical.txt,6427
1887,nobel_chemistry,1964,facts,Dorothy Crowfoot Hodgkin,,https://www.nobelprize.org/prizes/chemistry/1964/hodgkin/facts/,nobel_chemistry/text_laureate/1964_hodgkin_facts.txt,1793
1888,nobel_chemistry,1964,lecture,Dorothy Crowfoot Hodgkin,,https://www.nobelprize.org/prizes/chemistry/1964/hodgkin/lecture/,nobel_chemistry/text_laureate/1964_hodgkin_lecture.txt,344
1889,nobel_chemistry,1964,lecture-pdf,Dorothy Crowfoot Hodgkin,,https://www.nobelprize.org/uploads/2018/06/hodgkin-lecture-1.pdf,nobel_chemistry/text_laureate/1964_hodgkin_lecture_pdf0.txt,32232
1890,nobel_chemistry,1965,biographical,Robert B. Woodward,,https://www.nobelprize.org/prizes/chemistry/1965/woodward/biographical/,nobel_chemistry/text_laureate/1965_woodward_biographical.txt,4740
1891,nobel_chemistry,1965,facts,Robert B. Woodward,,https://www.nobelprize.org/prizes/chemistry/1965/woodward/facts/,nobel_chemistry/text_laureate/1965_woodward_facts.txt,1129
1892,nobel_chemistry,1965,lecture,Robert B. Woodward,,https://www.nobelprize.org/prizes/chemistry/1965/woodward/lecture/,nobel_chemistry/text_laureate/1965_woodward_lecture.txt,301
1893,nobel_chemistry,1965,lecture-pdf,Robert B. Woodward,,https://www.nobelprize.org/uploads/2018/06/woodward-lecture.pdf,nobel_chemistry/text_laureate/1965_woodward_lecture_pdf0.txt,31671
1894,nobel_chemistry,1966,biographical,Robert S. Mulliken,,https://www.nobelprize.org/prizes/chemistry/1966/mulliken/biographical/,nobel_chemistry/text_laureate/1966_mulliken_biographical.txt,4560
1895,nobel_chemistry,1966,facts,Robert S. Mulliken,,https://www.nobelprize.org/prizes/chemistry/1966/mulliken/facts/,nobel_chemistry/text_laureate/1966_mulliken_facts.txt,1189
1896,nobel_chemistry,1966,lecture,Robert S. Mulliken,,https://www.nobelprize.org/prizes/chemistry/1966/mulliken/lecture/,nobel_chemistry/text_laureate/1966_mulliken_lecture.txt,296
1897,nobel_chemistry,1966,lecture-pdf,Robert S. Mulliken,,https://www.nobelprize.org/uploads/2018/06/mulliken-lecture.pdf,nobel_chemistry/text_laureate/1966_mulliken_lecture_pdf0.txt,65431
1898,nobel_chemistry,1967,biographical,Manfred Eigen,,https://www.nobelprize.org/prizes/chemistry/1967/eigen/biographical/,nobel_chemistry/text_laureate/1967_eigen_biographical.txt,5460
1899,nobel_chemistry,1967,facts,Manfred Eigen,,https://www.nobelprize.org/prizes/chemistry/1967/eigen/facts/,nobel_chemistry/text_laureate/1967_eigen_facts.txt,1208
1900,nobel_chemistry,1967,lecture,Manfred Eigen,,https://www.nobelprize.org/prizes/chemistry/1967/eigen/lecture/,nobel_chemistry/text_laureate/1967_eigen_lecture.txt,335
1901,nobel_chemistry,1967,lecture-pdf,Manfred Eigen,,https://www.nobelprize.org/uploads/2018/06/eigen-lecture.pdf,nobel_chemistry/text_laureate/1967_eigen_lecture_pdf0.txt,64631
1902,nobel_chemistry,1967,biographical,Ronald G.W. Norrish,,https://www.nobelprize.org/prizes/chemistry/1967/norrish/biographical/,nobel_chemistry/text_laureate/1967_norrish_biographical.txt,5548
1903,nobel_chemistry,1967,facts,Ronald G.W. Norrish,,https://www.nobelprize.org/prizes/chemistry/1967/norrish/facts/,nobel_chemistry/text_laureate/1967_norrish_facts.txt,1253
1904,nobel_chemistry,1967,lecture,Ronald G.W. Norrish,,https://www.nobelprize.org/prizes/chemistry/1967/norrish/lecture/,nobel_chemistry/text_laureate/1967_norrish_lecture.txt,333
1905,nobel_chemistry,1967,lecture-pdf,Ronald G.W. Norrish,,https://www.nobelprize.org/uploads/2018/06/norrish-lecture.pdf,nobel_chemistry/text_laureate/1967_norrish_lecture_pdf0.txt,55598
1906,nobel_chemistry,1967,biographical,George Porter,,https://www.nobelprize.org/prizes/chemistry/1967/porter/biographical/,nobel_chemistry/text_laureate/1967_porter_biographical.txt,4377
1907,nobel_chemistry,1967,facts,George Porter,,https://www.nobelprize.org/prizes/chemistry/1967/porter/facts/,nobel_chemistry/text_laureate/1967_porter_facts.txt,1237
1908,nobel_chemistry,1967,lecture,George Porter,,https://www.nobelprize.org/prizes/chemistry/1967/porter/lecture/,nobel_chemistry/text_laureate/1967_porter_lecture.txt,302
1909,nobel_chemistry,1967,lecture-pdf,George Porter,,https://www.nobelprize.org/uploads/2018/06/porter-lecture-1.pdf,nobel_chemistry/text_laureate/1967_porter_lecture_pdf0.txt,37400
1910,nobel_chemistry,1968,biographical,Lars Onsager,,https://www.nobelprize.org/prizes/chemistry/1968/onsager/biographical/,nobel_chemistry/text_laureate/1968_onsager_biographical.txt,5436
1911,nobel_chemistry,1968,facts,Lars Onsager,,https://www.nobelprize.org/prizes/chemistry/1968/onsager/facts/,nobel_chemistry/text_laureate/1968_onsager_facts.txt,1124
1912,nobel_chemistry,1968,lecture,Lars Onsager,,https://www.nobelprize.org/prizes/chemistry/1968/onsager/lecture/,nobel_chemistry/text_laureate/1968_onsager_lecture.txt,281
1913,nobel_chemistry,1968,lecture-pdf,Lars Onsager,,https://www.nobelprize.org/uploads/2018/06/onsager-lecture.pdf,nobel_chemistry/text_laureate/1968_onsager_lecture_pdf0.txt,32357
1914,nobel_chemistry,1969,biographical,Derek Barton,,https://www.nobelprize.org/prizes/chemistry/1969/barton/biographical/,nobel_chemistry/text_laureate/1969_barton_biographical.txt,5265
1915,nobel_chemistry,1969,facts,Derek Barton,,https://www.nobelprize.org/prizes/chemistry/1969/barton/facts/,nobel_chemistry/text_laureate/1969_barton_facts.txt,1197
1916,nobel_chemistry,1969,lecture,Derek Barton,,https://www.nobelprize.org/prizes/chemistry/1969/barton/lecture/,nobel_chemistry/text_laureate/1969_barton_lecture.txt,285
1917,nobel_chemistry,1969,lecture-pdf,Derek Barton,,https://www.nobelprize.org/uploads/2018/06/barton-lecture.pdf,nobel_chemistry/text_laureate/1969_barton_lecture_pdf0.txt,22635
1918,nobel_chemistry,1969,biographical,Odd Hassel,,https://www.nobelprize.org/prizes/chemistry/1969/hassel/biographical/,nobel_chemistry/text_laureate/1969_hassel_biographical.txt,4174
1919,nobel_chemistry,1969,facts,Odd Hassel,,https://www.nobelprize.org/prizes/chemistry/1969/hassel/facts/,nobel_chemistry/text_laureate/1969_hassel_facts.txt,1177
1920,nobel_chemistry,1969,lecture,Odd Hassel,,https://www.nobelprize.org/prizes/chemistry/1969/hassel/lecture/,nobel_chemistry/text_laureate/1969_hassel_lecture.txt,333
1921,nobel_chemistry,1969,lecture-pdf,Odd Hassel,,https://www.nobelprize.org/uploads/2018/06/hassel-lecture.pdf,nobel_chemistry/text_laureate/1969_hassel_lecture_pdf0.txt,30320
1922,nobel_chemistry,1970,biographical,Luis Leloir,,https://www.nobelprize.org/prizes/chemistry/1970/leloir/biographical/,nobel_chemistry/text_laureate/1970_leloir_biographical.txt,3305
1923,nobel_chemistry,1970,facts,Luis Leloir,,https://www.nobelprize.org/prizes/chemistry/1970/leloir/facts/,nobel_chemistry/text_laureate/1970_leloir_facts.txt,1157
1924,nobel_chemistry,1970,lecture,Luis Leloir,,https://www.nobelprize.org/prizes/chemistry/1970/leloir/lecture/,nobel_chemistry/text_laureate/1970_leloir_lecture.txt,296
1925,nobel_chemistry,1970,lecture-pdf,Luis Leloir,,https://www.nobelprize.org/uploads/2018/06/leloir-lecture.pdf,nobel_chemistry/text_laureate/1970_leloir_lecture_pdf0.txt,27562
1926,nobel_chemistry,1971,biographical,Gerhard Herzberg,,https://www.nobelprize.org/prizes/chemistry/1971/herzberg/biographical/,nobel_chemistry/text_laureate/1971_herzberg_biographical.txt,3794
1927,nobel_chemistry,1971,facts,Gerhard Herzberg,,https://www.nobelprize.org/prizes/chemistry/1971/herzberg/facts/,nobel_chemistry/text_laureate/1971_herzberg_facts.txt,1127
1928,nobel_chemistry,1971,lecture,Gerhard Herzberg,,https://www.nobelprize.org/prizes/chemistry/1971/herzberg/lecture/,nobel_chemistry/text_laureate/1971_herzberg_lecture.txt,283
1929,nobel_chemistry,1971,lecture-pdf,Gerhard Herzberg,,https://www.nobelprize.org/uploads/2018/06/herzberg-lecture.pdf,nobel_chemistry/text_laureate/1971_herzberg_lecture_pdf0.txt,60080
1930,nobel_chemistry,1972,biographical,Christian Anfinsen,,https://www.nobelprize.org/prizes/chemistry/1972/anfinsen/biographical/,nobel_chemistry/text_laureate/1972_anfinsen_biographical.txt,7826
1931,nobel_chemistry,1972,facts,Christian Anfinsen,,https://www.nobelprize.org/prizes/chemistry/1972/anfinsen/facts/,nobel_chemistry/text_laureate/1972_anfinsen_facts.txt,1299
1932,nobel_chemistry,1972,lecture,Christian Anfinsen,,https://www.nobelprize.org/prizes/chemistry/1972/anfinsen/lecture/,nobel_chemistry/text_laureate/1972_anfinsen_lecture.txt,391
1933,nobel_chemistry,1972,lecture-pdf,Christian Anfinsen,,https://www.nobelprize.org/uploads/2018/06/anfinsen-lecture.pdf,nobel_chemistry/text_laureate/1972_anfinsen_lecture_pdf0.txt,36134
1934,nobel_chemistry,1972,biographical,Stanford Moore,,https://www.nobelprize.org/prizes/chemistry/1972/moore/biographical/,nobel_chemistry/text_laureate/1972_moore_biographical.txt,6217
1935,nobel_chemistry,1972,facts,Stanford Moore,,https://www.nobelprize.org/prizes/chemistry/1972/moore/facts/,nobel_chemistry/text_laureate/1972_moore_facts.txt,1250
1936,nobel_chemistry,1972,lecture,Stanford Moore,,https://www.nobelprize.org/prizes/chemistry/1972/moore/lecture/,nobel_chemistry/text_laureate/1972_moore_lecture.txt,366
1937,nobel_chemistry,1972,lecture-pdf,Stanford Moore,,https://www.nobelprize.org/uploads/2018/06/moore-stein-lecture-1.pdf,nobel_chemistry/text_laureate/1972_moore_lecture_pdf0.txt,36097
1938,nobel_chemistry,1972,biographical,William H. Stein,,https://www.nobelprize.org/prizes/chemistry/1972/stein/biographical/,nobel_chemistry/text_laureate/1972_stein_biographical.txt,9982
1939,nobel_chemistry,1972,facts,William H. Stein,,https://www.nobelprize.org/prizes/chemistry/1972/stein/facts/,nobel_chemistry/text_laureate/1972_stein_facts.txt,1245
1940,nobel_chemistry,1972,lecture,William H. Stein,,https://www.nobelprize.org/prizes/chemistry/1972/stein/lecture/,nobel_chemistry/text_laureate/1972_stein_lecture.txt,346
1941,nobel_chemistry,1972,lecture-pdf,William H. Stein,,https://www.nobelprize.org/uploads/2018/06/moore-stein-lecture.pdf,nobel_chemistry/text_laureate/1972_stein_lecture_pdf0.txt,36097
1942,nobel_chemistry,1973,biographical,Ernst Otto Fischer,,https://www.nobelprize.org/prizes/chemistry/1973/fischer/biographical/,nobel_chemistry/text_laureate/1973_fischer_biographical.txt,3980
1943,nobel_chemistry,1973,facts,Ernst Otto Fischer,,https://www.nobelprize.org/prizes/chemistry/1973/fischer/facts/,nobel_chemistry/text_laureate/1973_fischer_facts.txt,1138
1944,nobel_chemistry,1973,lecture,Ernst Otto Fischer,,https://www.nobelprize.org/prizes/chemistry/1973/fischer/lecture/,nobel_chemistry/text_laureate/1973_fischer_lecture.txt,300
1945,nobel_chemistry,1973,lecture-pdf,Ernst Otto Fischer,,https://www.nobelprize.org/uploads/2018/06/fischer-lecture.pdf,nobel_chemistry/text_laureate/1973_fischer_lecture_pdf0.txt,52461
1946,nobel_chemistry,1973,biographical,Geoffrey Wilkinson,,https://www.nobelprize.org/prizes/chemistry/1973/wilkinson/biographical/,nobel_chemistry/text_laureate/1973_wilkinson_biographical.txt,4439
1947,nobel_chemistry,1973,facts,Geoffrey Wilkinson,,https://www.nobelprize.org/prizes/chemistry/1973/wilkinson/facts/,nobel_chemistry/text_laureate/1973_wilkinson_facts.txt,1178
1948,nobel_chemistry,1973,lecture,Geoffrey Wilkinson,,https://www.nobelprize.org/prizes/chemistry/1973/wilkinson/lecture/,nobel_chemistry/text_laureate/1973_wilkinson_lecture.txt,324
1949,nobel_chemistry,1973,lecture-pdf,Geoffrey Wilkinson,,https://www.nobelprize.org/uploads/2018/06/wilkinson-lecture.pdf,nobel_chemistry/text_laureate/1973_wilkinson_lecture_pdf0.txt,17225
1950,nobel_chemistry,1974,biographical,Paul J. Flory,,https://www.nobelprize.org/prizes/chemistry/1974/flory/biographical/,nobel_chemistry/text_laureate/1974_flory_biographical.txt,7906
1951,nobel_chemistry,1974,facts,Paul J. Flory,,https://www.nobelprize.org/prizes/chemistry/1974/flory/facts/,nobel_chemistry/text_laureate/1974_flory_facts.txt,1161
1952,nobel_chemistry,1974,lecture,Paul J. Flory,,https://www.nobelprize.org/prizes/chemistry/1974/flory/lecture/,nobel_chemistry/text_laureate/1974_flory_lecture.txt,300
1953,nobel_chemistry,1974,lecture-pdf,Paul J. Flory,,https://www.nobelprize.org/uploads/2018/06/flory-lecture.pdf,nobel_chemistry/text_laureate/1974_flory_lecture_pdf0.txt,73262
1954,nobel_chemistry,1975,biographical,John Cornforth,,https://www.nobelprize.org/prizes/chemistry/1975/cornforth/biographical/,nobel_chemistry/text_laureate/1975_cornforth_biographical.txt,5478
1955,nobel_chemistry,1975,facts,John Cornforth,,https://www.nobelprize.org/prizes/chemistry/1975/cornforth/facts/,nobel_chemistry/text_laureate/1975_cornforth_facts.txt,1153
1956,nobel_chemistry,1975,lecture,John Cornforth,,https://www.nobelprize.org/prizes/chemistry/1975/cornforth/lecture/,nobel_chemistry/text_laureate/1975_cornforth_lecture.txt,310
1957,nobel_chemistry,1975,lecture-pdf,John Cornforth,,https://www.nobelprize.org/uploads/2018/06/cornforth-lecture.pdf,nobel_chemistry/text_laureate/1975_cornforth_lecture_pdf0.txt,25388
1958,nobel_chemistry,1975,biographical,Vladimir Prelog,,https://www.nobelprize.org/prizes/chemistry/1975/prelog/biographical/,nobel_chemistry/text_laureate/1975_prelog_biographical.txt,5687
1959,nobel_chemistry,1975,facts,Vladimir Prelog,,https://www.nobelprize.org/prizes/chemistry/1975/prelog/facts/,nobel_chemistry/text_laureate/1975_prelog_facts.txt,1211
1960,nobel_chemistry,1975,lecture,Vladimir Prelog,,https://www.nobelprize.org/prizes/chemistry/1975/prelog/lecture/,nobel_chemistry/text_laureate/1975_prelog_lecture.txt,286
1961,nobel_chemistry,1975,lecture-pdf,Vladimir Prelog,,https://www.nobelprize.org/uploads/2018/06/prelog-lecture.pdf,nobel_chemistry/text_laureate/1975_prelog_lecture_pdf0.txt,23693
1962,nobel_chemistry,1976,biographical,William Lipscomb,,https://www.nobelprize.org/prizes/chemistry/1976/lipscomb/biographical/,nobel_chemistry/text_laureate/1976_lipscomb_biographical.txt,2515
1963,nobel_chemistry,1976,facts,William Lipscomb,,https://www.nobelprize.org/prizes/chemistry/1976/lipscomb/facts/,nobel_chemistry/text_laureate/1976_lipscomb_facts.txt,1156
1964,nobel_chemistry,1976,lecture,William Lipscomb,,https://www.nobelprize.org/prizes/chemistry/1976/lipscomb/lecture/,nobel_chemistry/text_laureate/1976_lipscomb_lecture.txt,298
1965,nobel_chemistry,1976,lecture-pdf,William Lipscomb,,https://www.nobelprize.org/uploads/2018/06/lipscomb-lecture.pdf,nobel_chemistry/text_laureate/1976_lipscomb_lecture_pdf0.txt,41962
1966,nobel_chemistry,1977,biographical,Ilya Prigogine,,https://www.nobelprize.org/prizes/chemistry/1977/prigogine/biographical/,nobel_chemistry/text_laureate/1977_prigogine_biographical.txt,33940
1967,nobel_chemistry,1977,facts,Ilya Prigogine,,https://www.nobelprize.org/prizes/chemistry/1977/prigogine/facts/,nobel_chemistry/text_laureate/1977_prigogine_facts.txt,1193
1968,nobel_chemistry,1977,lecture,Ilya Prigogine,,https://www.nobelprize.org/prizes/chemistry/1977/prigogine/lecture/,nobel_chemistry/text_laureate/1977_prigogine_lecture.txt,285
1969,nobel_chemistry,1977,lecture-pdf,Ilya Prigogine,,https://www.nobelprize.org/uploads/2018/06/prigogine-lecture.pdf,nobel_chemistry/text_laureate/1977_prigogine_lecture_pdf0.txt,45231
1970,nobel_chemistry,1978,biographical,Peter Mitchell,,https://www.nobelprize.org/prizes/chemistry/1978/mitchell/biographical/,nobel_chemistry/text_laureate/1978_mitchell_biographical.txt,6522
1971,nobel_chemistry,1978,facts,Peter Mitchell,,https://www.nobelprize.org/prizes/chemistry/1978/mitchell/facts/,nobel_chemistry/text_laureate/1978_mitchell_facts.txt,1188
1972,nobel_chemistry,1978,lecture,Peter Mitchell,,https://www.nobelprize.org/prizes/chemistry/1978/mitchell/lecture/,nobel_chemistry/text_laureate/1978_mitchell_lecture.txt,294
1973,nobel_chemistry,1978,lecture-pdf,Peter Mitchell,,https://www.nobelprize.org/uploads/2018/06/mitchell-lecture.pdf,nobel_chemistry/text_laureate/1978_mitchell_lecture_pdf0.txt,74825
1974,nobel_chemistry,1979,biographical,Herbert C. Brown,,https://www.nobelprize.org/prizes/chemistry/1979/brown/biographical/,nobel_chemistry/text_laureate/1979_brown_biographical.txt,9508
1975,nobel_chemistry,1979,facts,Herbert C. Brown,,https://www.nobelprize.org/prizes/chemistry/1979/brown/facts/,nobel_chemistry/text_laureate/1979_brown_facts.txt,1188
1976,nobel_chemistry,1979,lecture,Herbert C. Brown,,https://www.nobelprize.org/prizes/chemistry/1979/brown/lecture/,nobel_chemistry/text_laureate/1979_brown_lecture.txt,331
1977,nobel_chemistry,1979,lecture-pdf,Herbert C. Brown,,https://www.nobelprize.org/uploads/2018/06/brown-lecture.pdf,nobel_chemistry/text_laureate/1979_brown_lecture_pdf0.txt,29145
1978,nobel_chemistry,1979,biographical,Georg Wittig,,https://www.nobelprize.org/prizes/chemistry/1979/wittig/biographical/,nobel_chemistry/text_laureate/1979_wittig_biographical.txt,3278
1979,nobel_chemistry,1979,facts,Georg Wittig,,https://www.nobelprize.org/prizes/chemistry/1979/wittig/facts/,nobel_chemistry/text_laureate/1979_wittig_facts.txt,1201
1980,nobel_chemistry,1979,lecture,Georg Wittig,,https://www.nobelprize.org/prizes/chemistry/1979/wittig/lecture/,nobel_chemistry/text_laureate/1979_wittig_lecture.txt,263
1981,nobel_chemistry,1979,lecture-pdf,Georg Wittig,,https://www.nobelprize.org/uploads/2018/06/wittig-lecture.pdf,nobel_chemistry/text_laureate/1979_wittig_lecture_pdf0.txt,14975
1982,nobel_chemistry,1980,biographical,Paul Berg,,https://www.nobelprize.org/prizes/chemistry/1980/berg/biographical/,nobel_chemistry/text_laureate/1980_berg_biographical.txt,5935
1983,nobel_chemistry,1980,facts,Paul Berg,,https://www.nobelprize.org/prizes/chemistry/1980/berg/facts/,nobel_chemistry/text_laureate/1980_berg_facts.txt,1834
1984,nobel_chemistry,1980,lecture,Paul Berg,,https://www.nobelprize.org/prizes/chemistry/1980/berg/lecture/,nobel_chemistry/text_laureate/1980_berg_lecture.txt,391
1985,nobel_chemistry,1980,lecture-pdf,Paul Berg,,https://www.nobelprize.org/uploads/2018/06/berg-lecture.pdf,nobel_chemistry/text_laureate/1980_berg_lecture_pdf0.txt,42328
1986,nobel_chemistry,1980,biographical,Walter Gilbert,,https://www.nobelprize.org/prizes/chemistry/1980/gilbert/biographical/,nobel_chemistry/text_laureate/1980_gilbert_biographical.txt,5814
1987,nobel_chemistry,1980,facts,Walter Gilbert,,https://www.nobelprize.org/prizes/chemistry/1980/gilbert/facts/,nobel_chemistry/text_laureate/1980_gilbert_facts.txt,1228
1988,nobel_chemistry,1980,lecture,Walter Gilbert,,https://www.nobelprize.org/prizes/chemistry/1980/gilbert/lecture/,nobel_chemistry/text_laureate/1980_gilbert_lecture.txt,314
1989,nobel_chemistry,1980,lecture-pdf,Walter Gilbert,,https://www.nobelprize.org/uploads/2018/06/gilbert-lecture.pdf,nobel_chemistry/text_laureate/1980_gilbert_lecture_pdf0.txt,47141
1990,nobel_chemistry,1981,biographical,Kenichi Fukui,,https://www.nobelprize.org/prizes/chemistry/1981/fukui/biographical/,nobel_chemistry/text_laureate/1981_fukui_biographical.txt,5553
1991,nobel_chemistry,1981,facts,Kenichi Fukui,,https://www.nobelprize.org/prizes/chemistry/1981/fukui/facts/,nobel_chemistry/text_laureate/1981_fukui_facts.txt,1095
1992,nobel_chemistry,1981,lecture,Kenichi Fukui,,https://www.nobelprize.org/prizes/chemistry/1981/fukui/lecture/,nobel_chemistry/text_laureate/1981_fukui_lecture.txt,306
1993,nobel_chemistry,1981,lecture-pdf,Kenichi Fukui,,https://www.nobelprize.org/uploads/2018/06/fukui-lecture.pdf,nobel_chemistry/text_laureate/1981_fukui_lecture_pdf0.txt,47589
1994,nobel_chemistry,1981,biographical,Roald Hoffmann,,https://www.nobelprize.org/prizes/chemistry/1981/hoffmann/biographical/,nobel_chemistry/text_laureate/1981_hoffmann_biographical.txt,15865
1995,nobel_chemistry,1981,facts,Roald Hoffmann,,https://www.nobelprize.org/prizes/chemistry/1981/hoffmann/facts/,nobel_chemistry/text_laureate/1981_hoffmann_facts.txt,1664
1996,nobel_chemistry,1981,lecture,Roald Hoffmann,,https://www.nobelprize.org/prizes/chemistry/1981/hoffmann/lecture/,nobel_chemistry/text_laureate/1981_hoffmann_lecture.txt,339
1997,nobel_chemistry,1981,lecture-pdf,Roald Hoffmann,,https://www.nobelprize.org/uploads/2018/06/hoffman-lecture.pdf,nobel_chemistry/text_laureate/1981_hoffmann_lecture_pdf0.txt,48973
1998,nobel_chemistry,1982,biographical,Aaron Klug,,https://www.nobelprize.org/prizes/chemistry/1982/klug/biographical/,nobel_chemistry/text_laureate/1982_klug_biographical.txt,10007
1999,nobel_chemistry,1982,facts,Aaron Klug,,https://www.nobelprize.org/prizes/chemistry/1982/klug/facts/,nobel_chemistry/text_laureate/1982_klug_facts.txt,1185
2000,nobel_chemistry,1982,lecture,Aaron Klug,,https://www.nobelprize.org/prizes/chemistry/1982/klug/lecture/,nobel_chemistry/text_laureate/1982_klug_lecture.txt,295
2001,nobel_chemistry,1982,lecture-pdf,Aaron Klug,,https://www.nobelprize.org/uploads/2018/06/klug-lecture.pdf,nobel_chemistry/text_laureate/1982_klug_lecture_pdf0.txt,83580
2002,nobel_chemistry,1983,biographical,Henry Taube,,https://www.nobelprize.org/prizes/chemistry/1983/taube/biographical/,nobel_chemistry/text_laureate/1983_taube_biographical.txt,4187
2003,nobel_chemistry,1983,facts,Henry Taube,,https://www.nobelprize.org/prizes/chemistry/1983/taube/facts/,nobel_chemistry/text_laureate/1983_taube_facts.txt,1108
2004,nobel_chemistry,1983,lecture,Henry Taube,,https://www.nobelprize.org/prizes/chemistry/1983/taube/lecture/,nobel_chemistry/text_laureate/1983_taube_lecture.txt,317
2005,nobel_chemistry,1983,lecture-pdf,Henry Taube,,https://www.nobelprize.org/uploads/2018/06/taube-lecture.pdf,nobel_chemistry/text_laureate/1983_taube_lecture_pdf0.txt,64591
2006,nobel_chemistry,1984,biographical,Bruce Merrifield,,https://www.nobelprize.org/prizes/chemistry/1984/merrifield/biographical/,nobel_chemistry/text_laureate/1984_merrifield_biographical.txt,4423
2007,nobel_chemistry,1984,facts,Bruce Merrifield,,https://www.nobelprize.org/prizes/chemistry/1984/merrifield/facts/,nobel_chemistry/text_laureate/1984_merrifield_facts.txt,1166
2008,nobel_chemistry,1984,lecture,Bruce Merrifield,,https://www.nobelprize.org/prizes/chemistry/1984/merrifield/lecture/,nobel_chemistry/text_laureate/1984_merrifield_lecture.txt,287
2009,nobel_chemistry,1984,lecture-pdf,Bruce Merrifield,,https://www.nobelprize.org/uploads/2018/06/merrifield-lecture.pdf,nobel_chemistry/text_laureate/1984_merrifield_lecture_pdf0.txt,73423
2010,nobel_chemistry,1985,biographical,Herbert A. Hauptman,,https://www.nobelprize.org/prizes/chemistry/1985/hauptman/biographical/,nobel_chemistry/text_laureate/1985_hauptman_biographical.txt,6176
2011,nobel_chemistry,1985,facts,Herbert A. Hauptman,,https://www.nobelprize.org/prizes/chemistry/1985/hauptman/facts/,nobel_chemistry/text_laureate/1985_hauptman_facts.txt,1126
2012,nobel_chemistry,1985,lecture,Herbert A. Hauptman,,https://www.nobelprize.org/prizes/chemistry/1985/hauptman/lecture/,nobel_chemistry/text_laureate/1985_hauptman_lecture.txt,310
2013,nobel_chemistry,1985,lecture-pdf,Herbert A. Hauptman,,https://www.nobelprize.org/uploads/2018/06/hauptman-lecture.pdf,nobel_chemistry/text_laureate/1985_hauptman_lecture_pdf0.txt,57814
2014,nobel_chemistry,1985,biographical,Jerome Karle,,https://www.nobelprize.org/prizes/chemistry/1985/karle/biographical/,nobel_chemistry/text_laureate/1985_karle_biographical.txt,17072
2015,nobel_chemistry,1985,facts,Jerome Karle,,https://www.nobelprize.org/prizes/chemistry/1985/karle/facts/,nobel_chemistry/text_laureate/1985_karle_facts.txt,1079
2016,nobel_chemistry,1985,lecture,Jerome Karle,,https://www.nobelprize.org/prizes/chemistry/1985/karle/lecture/,nobel_chemistry/text_laureate/1985_karle_lecture.txt,284
2017,nobel_chemistry,1985,lecture-pdf,Jerome Karle,,https://www.nobelprize.org/uploads/2018/06/karle-lecture.pdf,nobel_chemistry/text_laureate/1985_karle_lecture_pdf0.txt,80475
2018,nobel_chemistry,1986,biographical,Dudley R. Herschbach,,https://www.nobelprize.org/prizes/chemistry/1986/herschbach/biographical/,nobel_chemistry/text_laureate/1986_herschbach_biographical.txt,10498
2019,nobel_chemistry,1986,facts,Dudley R. Herschbach,,https://www.nobelprize.org/prizes/chemistry/1986/herschbach/facts/,nobel_chemistry/text_laureate/1986_herschbach_facts.txt,1063
2020,nobel_chemistry,1986,lecture,Dudley R. Herschbach,,https://www.nobelprize.org/prizes/chemistry/1986/herschbach/lecture/,nobel_chemistry/text_laureate/1986_herschbach_lecture.txt,333
2021,nobel_chemistry,1986,lecture-pdf,Dudley R. Herschbach,,https://www.nobelprize.org/uploads/2018/06/herschbach-lecture.pdf,nobel_chemistry/text_laureate/1986_herschbach_lecture_pdf0.txt,124512
2022,nobel_chemistry,1986,biographical,Yuan T. Lee,,https://www.nobelprize.org/prizes/chemistry/1986/lee/biographical/,nobel_chemistry/text_laureate/1986_lee_biographical.txt,11147
2023,nobel_chemistry,1986,facts,Yuan T. Lee,,https://www.nobelprize.org/prizes/chemistry/1986/lee/facts/,nobel_chemistry/text_laureate/1986_lee_facts.txt,1070
2024,nobel_chemistry,1986,lecture,Yuan T. Lee,,https://www.nobelprize.org/prizes/chemistry/1986/lee/lecture/,nobel_chemistry/text_laureate/1986_lee_lecture.txt,346
2025,nobel_chemistry,1986,lecture-pdf,Yuan T. Lee,,https://www.nobelprize.org/uploads/2018/06/lee-lecture-1.pdf,nobel_chemistry/text_laureate/1986_lee_lecture_pdf0.txt,58498
2026,nobel_chemistry,1986,biographical,John C. Polanyi,,https://www.nobelprize.org/prizes/chemistry/1986/polanyi/biographical/,nobel_chemistry/text_laureate/1986_polanyi_biographical.txt,4059
2027,nobel_chemistry,1986,facts,John C. Polanyi,,https://www.nobelprize.org/prizes/chemistry/1986/polanyi/facts/,nobel_chemistry/text_laureate/1986_polanyi_facts.txt,1110
2028,nobel_chemistry,1986,lecture,John C. Polanyi,,https://www.nobelprize.org/prizes/chemistry/1986/polanyi/lecture/,nobel_chemistry/text_laureate/1986_polanyi_lecture.txt,351
2029,nobel_chemistry,1986,lecture-pdf,John C. Polanyi,,https://www.nobelprize.org/uploads/2018/06/polanyi-lecture.pdf,nobel_chemistry/text_laureate/1986_polanyi_lecture_pdf0.txt,84833
2030,nobel_chemistry,1987,biographical,Donald J. Cram,,https://www.nobelprize.org/prizes/chemistry/1987/cram/biographical/,nobel_chemistry/text_laureate/1987_cram_biographical.txt,11742
2031,nobel_chemistry,1987,facts,Donald J. Cram,,https://www.nobelprize.org/prizes/chemistry/1987/cram/facts/,nobel_chemistry/text_laureate/1987_cram_facts.txt,1667
2032,nobel_chemistry,1987,lecture,Donald J. Cram,,https://www.nobelprize.org/prizes/chemistry/1987/cram/lecture/,nobel_chemistry/text_laureate/1987_cram_lecture.txt,329
2033,nobel_chemistry,1987,lecture-pdf,Donald J. Cram,,https://www.nobelprize.org/uploads/2018/06/cram-lecture.pdf,nobel_chemistry/text_laureate/1987_cram_lecture_pdf0.txt,36831
2034,nobel_chemistry,1987,biographical,Jean-Marie Lehn,,https://www.nobelprize.org/prizes/chemistry/1987/lehn/biographical/,nobel_chemistry/text_laureate/1987_lehn_biographical.txt,18939
2035,nobel_chemistry,1987,facts,Jean-Marie Lehn,,https://www.nobelprize.org/prizes/chemistry/1987/lehn/facts/,nobel_chemistry/text_laureate/1987_lehn_facts.txt,1176
2036,nobel_chemistry,1987,lecture,Jean-Marie Lehn,,https://www.nobelprize.org/prizes/chemistry/1987/lehn/lecture/,nobel_chemistry/text_laureate/1987_lehn_lecture.txt,417
2037,nobel_chemistry,1987,lecture-pdf,Jean-Marie Lehn,,https://www.nobelprize.org/uploads/2018/06/lehn-lecture.pdf,nobel_chemistry/text_laureate/1987_lehn_lecture_pdf0.txt,175733
2038,nobel_chemistry,1987,biographical,Charles J. Pedersen,,https://www.nobelprize.org/prizes/chemistry/1987/pedersen/biographical/,nobel_chemistry/text_laureate/1987_pedersen_biographical.txt,4832
2039,nobel_chemistry,1987,facts,Charles J. Pedersen,,https://www.nobelprize.org/prizes/chemistry/1987/pedersen/facts/,nobel_chemistry/text_laureate/1987_pedersen_facts.txt,1161
2040,nobel_chemistry,1987,lecture,Charles J. Pedersen,,https://www.nobelprize.org/prizes/chemistry/1987/pedersen/lecture/,nobel_chemistry/text_laureate/1987_pedersen_lecture.txt,295
2041,nobel_chemistry,1987,lecture-pdf,Charles J. Pedersen,,https://www.nobelprize.org/uploads/2018/06/pedersen-lecture.pdf,nobel_chemistry/text_laureate/1987_pedersen_lecture_pdf0.txt,49495
2042,nobel_chemistry,1988,biographical,Johann Deisenhofer,,https://www.nobelprize.org/prizes/chemistry/1988/deisenhofer/biographical/,nobel_chemistry/text_laureate/1988_deisenhofer_biographical.txt,7722
2043,nobel_chemistry,1988,facts,Johann Deisenhofer,,https://www.nobelprize.org/prizes/chemistry/1988/deisenhofer/facts/,nobel_chemistry/text_laureate/1988_deisenhofer_facts.txt,1083
2044,nobel_chemistry,1988,lecture,Johann Deisenhofer,,https://www.nobelprize.org/prizes/chemistry/1988/deisenhofer/lecture/,nobel_chemistry/text_laureate/1988_deisenhofer_lecture.txt,380
2045,nobel_chemistry,1988,lecture-pdf,Johann Deisenhofer,,https://www.nobelprize.org/uploads/2018/06/deisenhofer-michel-lecture.pdf,nobel_chemistry/text_laureate/1988_deisenhofer_lecture_pdf0.txt,124696
2046,nobel_chemistry,1988,biographical,Robert Huber,,https://www.nobelprize.org/prizes/chemistry/1988/huber/biographical/,nobel_chemistry/text_laureate/1988_huber_biographical.txt,6881
2047,nobel_chemistry,1988,facts,Robert Huber,,https://www.nobelprize.org/prizes/chemistry/1988/huber/facts/,nobel_chemistry/text_laureate/1988_huber_facts.txt,1019
2048,nobel_chemistry,1988,lecture,Robert Huber,,https://www.nobelprize.org/prizes/chemistry/1988/huber/lecture/,nobel_chemistry/text_laureate/1988_huber_lecture.txt,368
2049,nobel_chemistry,1988,lecture-pdf,Robert Huber,,https://www.nobelprize.org/uploads/2018/06/huber-lecture.pdf,nobel_chemistry/text_laureate/1988_huber_lecture_pdf0.txt,90225
2050,nobel_chemistry,1988,biographical,Hartmut Michel,,https://www.nobelprize.org/prizes/chemistry/1988/michel/biographical/,nobel_chemistry/text_laureate/1988_michel_biographical.txt,9453
2051,nobel_chemistry,1988,facts,Hartmut Michel,,https://www.nobelprize.org/prizes/chemistry/1988/michel/facts/,nobel_chemistry/text_laureate/1988_michel_facts.txt,1236
2052,nobel_chemistry,1988,lecture,Hartmut Michel,,https://www.nobelprize.org/prizes/chemistry/1988/michel/lecture/,nobel_chemistry/text_laureate/1988_michel_lecture.txt,413
2053,nobel_chemistry,1988,lecture-pdf,Hartmut Michel,,https://www.nobelprize.org/uploads/2018/06/deisenhofer-michel-lecture-1.pdf,nobel_chemistry/text_laureate/1988_michel_lecture_pdf0.txt,124696
2054,nobel_chemistry,1989,biographical,Sidney Altman,,https://www.nobelprize.org/prizes/chemistry/1989/altman/biographical/,nobel_chemistry/text_laureate/1989_altman_biographical.txt,5645
2055,nobel_chemistry,1989,facts,Sidney Altman,,https://www.nobelprize.org/prizes/chemistry/1989/altman/facts/,nobel_chemistry/text_laureate/1989_altman_facts.txt,1172
2056,nobel_chemistry,1989,lecture,Sidney Altman,,https://www.nobelprize.org/prizes/chemistry/1989/altman/lecture/,nobel_chemistry/text_laureate/1989_altman_lecture.txt,328
2057,nobel_chemistry,1989,lecture-pdf,Sidney Altman,,https://www.nobelprize.org/uploads/2018/06/altman-lecture.pdf,nobel_chemistry/text_laureate/1989_altman_lecture_pdf0.txt,42847
2058,nobel_chemistry,1989,biographical,Thomas R. Cech,,https://www.nobelprize.org/prizes/chemistry/1989/cech/biographical/,nobel_chemistry/text_laureate/1989_cech_biographical.txt,4154
2059,nobel_chemistry,1989,facts,Thomas R. Cech,,https://www.nobelprize.org/prizes/chemistry/1989/cech/facts/,nobel_chemistry/text_laureate/1989_cech_facts.txt,1009
2060,nobel_chemistry,1989,lecture,Thomas R. Cech,,https://www.nobelprize.org/prizes/chemistry/1989/cech/lecture/,nobel_chemistry/text_laureate/1989_cech_lecture.txt,361
2061,nobel_chemistry,1989,lecture-pdf,Thomas R. Cech,,https://www.nobelprize.org/uploads/2018/06/cech-lecture.pdf,nobel_chemistry/text_laureate/1989_cech_lecture_pdf0.txt,53575
2062,nobel_chemistry,1990,biographical,Elias James Corey,,https://www.nobelprize.org/prizes/chemistry/1990/corey/biographical/,nobel_chemistry/text_laureate/1990_corey_biographical.txt,10401
2063,nobel_chemistry,1990,facts,Elias James Corey,,https://www.nobelprize.org/prizes/chemistry/1990/corey/facts/,nobel_chemistry/text_laureate/1990_corey_facts.txt,1039
2064,nobel_chemistry,1990,lecture,Elias James Corey,,https://www.nobelprize.org/prizes/chemistry/1990/corey/lecture/,nobel_chemistry/text_laureate/1990_corey_lecture.txt,350
2065,nobel_chemistry,1990,lecture-pdf,Elias James Corey,,https://www.nobelprize.org/uploads/2018/06/corey-lecture.pdf,nobel_chemistry/text_laureate/1990_corey_lecture_pdf0.txt,47495
2066,nobel_chemistry,1991,biographical,Richard R. Ernst,,https://www.nobelprize.org/prizes/chemistry/1991/ernst/biographical/,nobel_chemistry/text_laureate/1991_ernst_biographical.txt,14367
2067,nobel_chemistry,1991,facts,Richard R. Ernst,,https://www.nobelprize.org/prizes/chemistry/1991/ernst/facts/,nobel_chemistry/text_laureate/1991_ernst_facts.txt,1319
2068,nobel_chemistry,1991,lecture,Richard R. Ernst,,https://www.nobelprize.org/prizes/chemistry/1991/ernst/lecture/,nobel_chemistry/text_laureate/1991_ernst_lecture.txt,365
2069,nobel_chemistry,1991,lecture-pdf,Richard R. Ernst,,https://www.nobelprize.org/uploads/2018/06/ernst-lecture.pdf,nobel_chemistry/text_laureate/1991_ernst_lecture_pdf0.txt,118846
2070,nobel_chemistry,1992,biographical,Rudolph A. Marcus,,https://www.nobelprize.org/prizes/chemistry/1992/marcus/biographical/,nobel_chemistry/text_laureate/1992_marcus_biographical.txt,12141
2071,nobel_chemistry,1992,facts,Rudolph A. Marcus,,https://www.nobelprize.org/prizes/chemistry/1992/marcus/facts/,nobel_chemistry/text_laureate/1992_marcus_facts.txt,1093
2072,nobel_chemistry,1992,lecture,Rudolph A. Marcus,,https://www.nobelprize.org/prizes/chemistry/1992/marcus/lecture/,nobel_chemistry/text_laureate/1992_marcus_lecture.txt,331
2073,nobel_chemistry,1992,lecture-pdf,Rudolph A. Marcus,,https://www.nobelprize.org/uploads/2018/06/marcus-lecture.pdf,nobel_chemistry/text_laureate/1992_marcus_lecture_pdf0.txt,52731
2074,nobel_chemistry,1993,biographical,Kary B. Mullis,,https://www.nobelprize.org/prizes/chemistry/1993/mullis/biographical/,nobel_chemistry/text_laureate/1993_mullis_biographical.txt,12025
2075,nobel_chemistry,1993,facts,Kary B. Mullis,,https://www.nobelprize.org/prizes/chemistry/1993/mullis/facts/,nobel_chemistry/text_laureate/1993_mullis_facts.txt,1116
2076,nobel_chemistry,1993,lecture,Kary B. Mullis,,https://www.nobelprize.org/prizes/chemistry/1993/mullis/lecture/,nobel_chemistry/text_laureate/1993_mullis_lecture.txt,32112
2077,nobel_chemistry,1993,biographical,Michael Smith,,https://www.nobelprize.org/prizes/chemistry/1993/smith/biographical/,nobel_chemistry/text_laureate/1993_smith_biographical.txt,11789
2078,nobel_chemistry,1993,facts,Michael Smith,,https://www.nobelprize.org/prizes/chemistry/1993/smith/facts/,nobel_chemistry/text_laureate/1993_smith_facts.txt,1230
2079,nobel_chemistry,1993,lecture,Michael Smith,,https://www.nobelprize.org/prizes/chemistry/1993/smith/lecture/,nobel_chemistry/text_laureate/1993_smith_lecture.txt,297
2080,nobel_chemistry,1993,lecture-pdf,Michael Smith,,https://www.nobelprize.org/uploads/2018/06/smith-lecture-1.pdf,nobel_chemistry/text_laureate/1993_smith_lecture_pdf0.txt,47309
2081,nobel_chemistry,1994,biographical,George A. Olah,,https://www.nobelprize.org/prizes/chemistry/1994/olah/biographical/,nobel_chemistry/text_laureate/1994_olah_biographical.txt,20621
2082,nobel_chemistry,1994,facts,George A. Olah,,https://www.nobelprize.org/prizes/chemistry/1994/olah/facts/,nobel_chemistry/text_laureate/1994_olah_facts.txt,1066
2083,nobel_chemistry,1994,lecture,George A. Olah,,https://www.nobelprize.org/prizes/chemistry/1994/olah/lecture/,nobel_chemistry/text_laureate/1994_olah_lecture.txt,334
2084,nobel_chemistry,1994,lecture-pdf,George A. Olah,,https://www.nobelprize.org/uploads/2018/06/olah-lecture.pdf,nobel_chemistry/text_laureate/1994_olah_lecture_pdf0.txt,65937
2085,nobel_chemistry,1995,biographical,Paul J. Crutzen,,https://www.nobelprize.org/prizes/chemistry/1995/crutzen/biographical/,nobel_chemistry/text_laureate/1995_crutzen_biographical.txt,10953
2086,nobel_chemistry,1995,facts,Paul J. Crutzen,,https://www.nobelprize.org/prizes/chemistry/1995/crutzen/facts/,nobel_chemistry/text_laureate/1995_crutzen_facts.txt,1757
2087,nobel_chemistry,1995,lecture,Paul J. Crutzen,,https://www.nobelprize.org/prizes/chemistry/1995/crutzen/lecture/,nobel_chemistry/text_laureate/1995_crutzen_lecture.txt,352
2088,nobel_chemistry,1995,lecture-pdf,Paul J. Crutzen,,https://www.nobelprize.org/uploads/2018/06/crutzen-lecture.pdf,nobel_chemistry/text_laureate/1995_crutzen_lecture_pdf0.txt,146585
2089,nobel_chemistry,1995,biographical,Mario J. Molina,,https://www.nobelprize.org/prizes/chemistry/1995/molina/biographical/,nobel_chemistry/text_laureate/1995_molina_biographical.txt,13747
2090,nobel_chemistry,1995,facts,Mario J. Molina,,https://www.nobelprize.org/prizes/chemistry/1995/molina/facts/,nobel_chemistry/text_laureate/1995_molina_facts.txt,1839
2091,nobel_chemistry,1995,lecture,Mario J. Molina,,https://www.nobelprize.org/prizes/chemistry/1995/molina/lecture/,nobel_chemistry/text_laureate/1995_molina_lecture.txt,322
2092,nobel_chemistry,1995,lecture-pdf,Mario J. Molina,,https://www.nobelprize.org/uploads/2018/06/molina-lecture.pdf,nobel_chemistry/text_laureate/1995_molina_lecture_pdf0.txt,30467
2093,nobel_chemistry,1995,biographical,F. Sherwood Rowland,,https://www.nobelprize.org/prizes/chemistry/1995/rowland/biographical/,nobel_chemistry/text_laureate/1995_rowland_biographical.txt,17414
2094,nobel_chemistry,1995,facts,F. Sherwood Rowland,,https://www.nobelprize.org/prizes/chemistry/1995/rowland/facts/,nobel_chemistry/text_laureate/1995_rowland_facts.txt,1190
2095,nobel_chemistry,1995,lecture,F. Sherwood Rowland,,https://www.nobelprize.org/prizes/chemistry/1995/rowland/lecture/,nobel_chemistry/text_laureate/1995_rowland_lecture.txt,330
2096,nobel_chemistry,1995,lecture-pdf,F. Sherwood Rowland,,https://www.nobelprize.org/uploads/2018/06/rowland-lecture.pdf,nobel_chemistry/text_laureate/1995_rowland_lecture_pdf0.txt,48166
2097,nobel_chemistry,1996,biographical,Robert F. Curl Jr.,,https://www.nobelprize.org/prizes/chemistry/1996/curl/biographical/,nobel_chemistry/text_laureate/1996_curl_biographical.txt,11179
2098,nobel_chemistry,1996,facts,Robert F. Curl Jr.,,https://www.nobelprize.org/prizes/chemistry/1996/curl/facts/,nobel_chemistry/text_laureate/1996_curl_facts.txt,1127
2099,nobel_chemistry,1996,lecture,Robert F. Curl Jr.,,https://www.nobelprize.org/prizes/chemistry/1996/curl/lecture/,nobel_chemistry/text_laureate/1996_curl_lecture.txt,357
2100,nobel_chemistry,1996,biographical,Sir Harold Kroto,,https://www.nobelprize.org/prizes/chemistry/1996/kroto/biographical/,nobel_chemistry/text_laureate/1996_kroto_biographical.txt,66744
2101,nobel_chemistry,1996,facts,Sir Harold Kroto,,https://www.nobelprize.org/prizes/chemistry/1996/kroto/facts/,nobel_chemistry/text_laureate/1996_kroto_facts.txt,1172
2102,nobel_chemistry,1996,lecture,Sir Harold Kroto,,https://www.nobelprize.org/prizes/chemistry/1996/kroto/lecture/,nobel_chemistry/text_laureate/1996_kroto_lecture.txt,324
2103,nobel_chemistry,1996,biographical,Richard E. Smalley,,https://www.nobelprize.org/prizes/chemistry/1996/smalley/biographical/,nobel_chemistry/text_laureate/1996_smalley_biographical.txt,26556
2104,nobel_chemistry,1996,facts,Richard E. Smalley,,https://www.nobelprize.org/prizes/chemistry/1996/smalley/facts/,nobel_chemistry/text_laureate/1996_smalley_facts.txt,1098
2105,nobel_chemistry,1996,lecture,Richard E. Smalley,,https://www.nobelprize.org/prizes/chemistry/1996/smalley/lecture/,nobel_chemistry/text_laureate/1996_smalley_lecture.txt,304
2106,nobel_chemistry,1997,biographical,Paul D. Boyer,,https://www.nobelprize.org/prizes/chemistry/1997/boyer/biographical/,nobel_chemistry/text_laureate/1997_boyer_biographical.txt,29011
2107,nobel_chemistry,1997,facts,Paul D. Boyer,,https://www.nobelprize.org/prizes/chemistry/1997/boyer/facts/,nobel_chemistry/text_laureate/1997_boyer_facts.txt,1195
2108,nobel_chemistry,1997,lecture,Paul D. Boyer,,https://www.nobelprize.org/prizes/chemistry/1997/boyer/lecture/,nobel_chemistry/text_laureate/1997_boyer_lecture.txt,321
2109,nobel_chemistry,1997,biographical,Jens C. Skou,,https://www.nobelprize.org/prizes/chemistry/1997/skou/biographical/,nobel_chemistry/text_laureate/1997_skou_biographical.txt,26283
2110,nobel_chemistry,1997,facts,Jens C. Skou,,https://www.nobelprize.org/prizes/chemistry/1997/skou/facts/,nobel_chemistry/text_laureate/1997_skou_facts.txt,1121
2111,nobel_chemistry,1997,lecture,Jens C. Skou,,https://www.nobelprize.org/prizes/chemistry/1997/skou/lecture/,nobel_chemistry/text_laureate/1997_skou_lecture.txt,352
2112,nobel_chemistry,1997,biographical,John E. Walker,,https://www.nobelprize.org/prizes/chemistry/1997/walker/biographical/,nobel_chemistry/text_laureate/1997_walker_biographical.txt,6566
2113,nobel_chemistry,1997,facts,John E. Walker,,https://www.nobelprize.org/prizes/chemistry/1997/walker/facts/,nobel_chemistry/text_laureate/1997_walker_facts.txt,1181
2114,nobel_chemistry,1997,lecture,John E. Walker,,https://www.nobelprize.org/prizes/chemistry/1997/walker/lecture/,nobel_chemistry/text_laureate/1997_walker_lecture.txt,332
2115,nobel_chemistry,1998,biographical,Walter Kohn,,https://www.nobelprize.org/prizes/chemistry/1998/kohn/biographical/,nobel_chemistry/text_laureate/1998_kohn_biographical.txt,36404
2116,nobel_chemistry,1998,facts,Walter Kohn,,https://www.nobelprize.org/prizes/chemistry/1998/kohn/facts/,nobel_chemistry/text_laureate/1998_kohn_facts.txt,1237
2117,nobel_chemistry,1998,lecture,Walter Kohn,,https://www.nobelprize.org/prizes/chemistry/1998/kohn/lecture/,nobel_chemistry/text_laureate/1998_kohn_lecture.txt,483
2118,nobel_chemistry,1998,biographical,John Pople,,https://www.nobelprize.org/prizes/chemistry/1998/pople/biographical/,nobel_chemistry/text_laureate/1998_pople_biographical.txt,22494
2119,nobel_chemistry,1998,facts,John Pople,,https://www.nobelprize.org/prizes/chemistry/1998/pople/facts/,nobel_chemistry/text_laureate/1998_pople_facts.txt,1262
2120,nobel_chemistry,1998,lecture,John Pople,,https://www.nobelprize.org/prizes/chemistry/1998/pople/lecture/,nobel_chemistry/text_laureate/1998_pople_lecture.txt,400
2121,nobel_chemistry,1999,biographical,Ahmed Zewail,,https://www.nobelprize.org/prizes/chemistry/1999/zewail/biographical/,nobel_chemistry/text_laureate/1999_zewail_biographical.txt,27116
2122,nobel_chemistry,1999,facts,Ahmed Zewail,,https://www.nobelprize.org/prizes/chemistry/1999/zewail/facts/,nobel_chemistry/text_laureate/1999_zewail_facts.txt,1797
2123,nobel_chemistry,1999,lecture,Ahmed Zewail,,https://www.nobelprize.org/prizes/chemistry/1999/zewail/lecture/,nobel_chemistry/text_laureate/1999_zewail_lecture.txt,881
2124,nobel_chemistry,2000,biographical,Alan Heeger,,https://www.nobelprize.org/prizes/chemistry/2000/heeger/biographical/,nobel_chemistry/text_laureate/2000_heeger_biographical.txt,15671
2125,nobel_chemistry,2000,facts,Alan Heeger,,https://www.nobelprize.org/prizes/chemistry/2000/heeger/facts/,nobel_chemistry/text_laureate/2000_heeger_facts.txt,1297
2126,nobel_chemistry,2000,lecture,Alan Heeger,,https://www.nobelprize.org/prizes/chemistry/2000/heeger/lecture/,nobel_chemistry/text_laureate/2000_heeger_lecture.txt,977
2127,nobel_chemistry,2000,lecture-pdf,Alan Heeger,,https://www.nobelprize.org/uploads/2018/06/heeger-lecture.pdf,nobel_chemistry/text_laureate/2000_heeger_lecture_pdf0.txt,98405
2128,nobel_chemistry,2000,biographical,Alan MacDiarmid,,https://www.nobelprize.org/prizes/chemistry/2000/macdiarmid/biographical/,nobel_chemistry/text_laureate/2000_macdiarmid_biographical.txt,16297
2129,nobel_chemistry,2000,facts,Alan MacDiarmid,,https://www.nobelprize.org/prizes/chemistry/2000/macdiarmid/facts/,nobel_chemistry/text_laureate/2000_macdiarmid_facts.txt,1308
2130,nobel_chemistry,2000,lecture,Alan MacDiarmid,,https://www.nobelprize.org/prizes/chemistry/2000/macdiarmid/lecture/,nobel_chemistry/text_laureate/2000_macdiarmid_lecture.txt,922
2131,nobel_chemistry,2000,biographical,Hideki Shirakawa,,https://www.nobelprize.org/prizes/chemistry/2000/shirakawa/biographical/,nobel_chemistry/text_laureate/2000_shirakawa_biographical.txt,11648
2132,nobel_chemistry,2000,facts,Hideki Shirakawa,,https://www.nobelprize.org/prizes/chemistry/2000/shirakawa/facts/,nobel_chemistry/text_laureate/2000_shirakawa_facts.txt,1238
2133,nobel_chemistry,2000,lecture,Hideki Shirakawa,,https://www.nobelprize.org/prizes/chemistry/2000/shirakawa/lecture/,nobel_chemistry/text_laureate/2000_shirakawa_lecture.txt,946
2134,nobel_chemistry,2001,biographical,William Knowles,,https://www.nobelprize.org/prizes/chemistry/2001/knowles/biographical/,nobel_chemistry/text_laureate/2001_knowles_biographical.txt,8407
2135,nobel_chemistry,2001,facts,William Knowles,,https://www.nobelprize.org/prizes/chemistry/2001/knowles/facts/,nobel_chemistry/text_laureate/2001_knowles_facts.txt,1295
2136,nobel_chemistry,2001,lecture,William Knowles,,https://www.nobelprize.org/prizes/chemistry/2001/knowles/lecture/,nobel_chemistry/text_laureate/2001_knowles_lecture.txt,1000
2137,nobel_chemistry,2001,lecture-pdf,William Knowles,,https://www.nobelprize.org/uploads/2018/06/knowles-lecture.pdf,nobel_chemistry/text_laureate/2001_knowles_lecture_pdf0.txt,39474
2138,nobel_chemistry,2001,biographical,Ryoji Noyori,,https://www.nobelprize.org/prizes/chemistry/2001/noyori/biographical/,nobel_chemistry/text_laureate/2001_noyori_biographical.txt,23771
2139,nobel_chemistry,2001,facts,Ryoji Noyori,,https://www.nobelprize.org/prizes/chemistry/2001/noyori/facts/,nobel_chemistry/text_laureate/2001_noyori_facts.txt,1316
2140,nobel_chemistry,2001,lecture,Ryoji Noyori,,https://www.nobelprize.org/prizes/chemistry/2001/noyori/lecture/,nobel_chemistry/text_laureate/2001_noyori_lecture.txt,1042
2141,nobel_chemistry,2001,lecture-pdf,Ryoji Noyori,,https://www.nobelprize.org/uploads/2018/06/noyori-lecture.pdf,nobel_chemistry/text_laureate/2001_noyori_lecture_pdf0.txt,86229
2142,nobel_chemistry,2001,biographical,K. Barry Sharpless,,https://www.nobelprize.org/prizes/chemistry/2001/sharpless/biographical/,nobel_chemistry/text_laureate/2001_sharpless_biographical.txt,11171
2143,nobel_chemistry,2001,facts,K. Barry Sharpless,,https://www.nobelprize.org/prizes/chemistry/2001/sharpless/facts/,nobel_chemistry/text_laureate/2001_sharpless_facts.txt,1446
2144,nobel_chemistry,2001,lecture,K. Barry Sharpless,,https://www.nobelprize.org/prizes/chemistry/2001/sharpless/lecture/,nobel_chemistry/text_laureate/2001_sharpless_lecture.txt,1106
2145,nobel_chemistry,2001,lecture-pdf,K. Barry Sharpless,,https://www.nobelprize.org/uploads/2018/06/sharpless-lecture.pdf,nobel_chemistry/text_laureate/2001_sharpless_lecture_pdf0.txt,67529
2146,nobel_chemistry,2002,biographical,John B. Fenn,,https://www.nobelprize.org/prizes/chemistry/2002/fenn/biographical/,nobel_chemistry/text_laureate/2002_fenn_biographical.txt,61570
2147,nobel_chemistry,2002,facts,John B. Fenn,,https://www.nobelprize.org/prizes/chemistry/2002/fenn/facts/,nobel_chemistry/text_laureate/2002_fenn_facts.txt,1377
2148,nobel_chemistry,2002,lecture,John B. Fenn,,https://www.nobelprize.org/prizes/chemistry/2002/fenn/lecture/,nobel_chemistry/text_laureate/2002_fenn_lecture.txt,911
2149,nobel_chemistry,2002,lecture-pdf,John B. Fenn,,https://www.nobelprize.org/uploads/2018/06/fenn-lecture.pdf,nobel_chemistry/text_laureate/2002_fenn_lecture_pdf0.txt,79958
2150,nobel_chemistry,2002,biographical,Koichi Tanaka,,https://www.nobelprize.org/prizes/chemistry/2002/tanaka/biographical/,nobel_chemistry/text_laureate/2002_tanaka_biographical.txt,22300
2151,nobel_chemistry,2002,facts,Koichi Tanaka,,https://www.nobelprize.org/prizes/chemistry/2002/tanaka/facts/,nobel_chemistry/text_laureate/2002_tanaka_facts.txt,1230
2152,nobel_chemistry,2002,lecture,Koichi Tanaka,,https://www.nobelprize.org/prizes/chemistry/2002/tanaka/lecture/,nobel_chemistry/text_laureate/2002_tanaka_lecture.txt,896
2153,nobel_chemistry,2002,lecture-pdf,Koichi Tanaka,,https://www.nobelprize.org/uploads/2018/06/tanaka-lecture.pdf,nobel_chemistry/text_laureate/2002_tanaka_lecture_pdf0.txt,33599
2154,nobel_chemistry,2002,biographical,Kurt Wüthrich,,https://www.nobelprize.org/prizes/chemistry/2002/wuthrich/biographical/,nobel_chemistry/text_laureate/2002_wuthrich_biographical.txt,28138
2155,nobel_chemistry,2002,facts,Kurt Wüthrich,,https://www.nobelprize.org/prizes/chemistry/2002/wuthrich/facts/,nobel_chemistry/text_laureate/2002_wuthrich_facts.txt,1990
2156,nobel_chemistry,2002,lecture,Kurt Wüthrich,,https://www.nobelprize.org/prizes/chemistry/2002/wuthrich/lecture/,nobel_chemistry/text_laureate/2002_wuthrich_lecture.txt,904
2157,nobel_chemistry,2002,lecture-pdf,Kurt Wüthrich,,https://www.nobelprize.org/uploads/2018/06/wutrich-lecture.pdf,nobel_chemistry/text_laureate/2002_wuthrich_lecture_pdf0.txt,70516
2158,nobel_chemistry,2003,biographical,Peter Agre,,https://www.nobelprize.org/prizes/chemistry/2003/agre/biographical/,nobel_chemistry/text_laureate/2003_agre_biographical.txt,39607
2159,nobel_chemistry,2003,facts,Peter Agre,,https://www.nobelprize.org/prizes/chemistry/2003/agre/facts/,nobel_chemistry/text_laureate/2003_agre_facts.txt,1194
2160,nobel_chemistry,2003,lecture,Peter Agre,,https://www.nobelprize.org/prizes/chemistry/2003/agre/lecture/,nobel_chemistry/text_laureate/2003_agre_lecture.txt,912
2161,nobel_chemistry,2003,lecture-pdf,Peter Agre,,https://www.nobelprize.org/uploads/2018/06/agre-lecture.pdf,nobel_chemistry/text_laureate/2003_agre_lecture_pdf0.txt,65748
2162,nobel_chemistry,2003,biographical,Roderick MacKinnon,,https://www.nobelprize.org/prizes/chemistry/2003/mackinnon/biographical/,nobel_chemistry/text_laureate/2003_mackinnon_biographical.txt,13036
2163,nobel_chemistry,2003,facts,Roderick MacKinnon,,https://www.nobelprize.org/prizes/chemistry/2003/mackinnon/facts/,nobel_chemistry/text_laureate/2003_mackinnon_facts.txt,1822
2164,nobel_chemistry,2003,lecture,Roderick MacKinnon,,https://www.nobelprize.org/prizes/chemistry/2003/mackinnon/lecture/,nobel_chemistry/text_laureate/2003_mackinnon_lecture.txt,970
2165,nobel_chemistry,2003,lecture-pdf,Roderick MacKinnon,,https://www.nobelprize.org/uploads/2018/06/mackinnon-lecture.pdf,nobel_chemistry/text_laureate/2003_mackinnon_lecture_pdf0.txt,54094
2166,nobel_chemistry,2004,biographical,Aaron Ciechanover,,https://www.nobelprize.org/prizes/chemistry/2004/ciechanover/biographical/,nobel_chemistry/text_laureate/2004_ciechanover_biographical.txt,72088
2167,nobel_chemistry,2004,facts,Aaron Ciechanover,,https://www.nobelprize.org/prizes/chemistry/2004/ciechanover/facts/,nobel_chemistry/text_laureate/2004_ciechanover_facts.txt,1286
2168,nobel_chemistry,2004,lecture,Aaron Ciechanover,,https://www.nobelprize.org/prizes/chemistry/2004/ciechanover/lecture/,nobel_chemistry/text_laureate/2004_ciechanover_lecture.txt,1084
2169,nobel_chemistry,2004,lecture-pdf,Aaron Ciechanover,,https://www.nobelprize.org/uploads/2018/06/ciechanover-slides.pdf,nobel_chemistry/text_laureate/2004_ciechanover_lecture_pdf0.txt,4664
2170,nobel_chemistry,2004,lecture-pdf,Aaron Ciechanover,,https://www.nobelprize.org/uploads/2018/06/ciechanover-lecture.pdf,nobel_chemistry/text_laureate/2004_ciechanover_lecture_pdf1.txt,110213
2171,nobel_chemistry,2004,biographical,Avram Hershko,,https://www.nobelprize.org/prizes/chemistry/2004/hershko/biographical/,nobel_chemistry/text_laureate/2004_hershko_biographical.txt,23553
2172,nobel_chemistry,2004,facts,Avram Hershko,,https://www.nobelprize.org/prizes/chemistry/2004/hershko/facts/,nobel_chemistry/text_laureate/2004_hershko_facts.txt,1247
2173,nobel_chemistry,2004,lecture,Avram Hershko,,https://www.nobelprize.org/prizes/chemistry/2004/hershko/lecture/,nobel_chemistry/text_laureate/2004_hershko_lecture.txt,1037
2174,nobel_chemistry,2004,lecture-pdf,Avram Hershko,,https://www.nobelprize.org/uploads/2018/06/hershko-slides.pdf,nobel_chemistry/text_laureate/2004_hershko_lecture_pdf0.txt,3238
2175,nobel_chemistry,2004,lecture-pdf,Avram Hershko,,https://www.nobelprize.org/uploads/2018/06/hershko-lecture.pdf,nobel_chemistry/text_laureate/2004_hershko_lecture_pdf1.txt,33156
2176,nobel_chemistry,2004,biographical,Irwin Rose,,https://www.nobelprize.org/prizes/chemistry/2004/rose/biographical/,nobel_chemistry/text_laureate/2004_rose_biographical.txt,38175
2177,nobel_chemistry,2004,facts,Irwin Rose,,https://www.nobelprize.org/prizes/chemistry/2004/rose/facts/,nobel_chemistry/text_laureate/2004_rose_facts.txt,1276
2178,nobel_chemistry,2004,lecture,Irwin Rose,,https://www.nobelprize.org/prizes/chemistry/2004/rose/lecture/,nobel_chemistry/text_laureate/2004_rose_lecture.txt,929
2179,nobel_chemistry,2004,lecture-pdf,Irwin Rose,,https://www.nobelprize.org/uploads/2018/06/rose-lecture.pdf,nobel_chemistry/text_laureate/2004_rose_lecture_pdf1.txt,17574
2180,nobel_chemistry,2005,biographical,Yves Chauvin,,https://www.nobelprize.org/prizes/chemistry/2005/chauvin/biographical/,nobel_chemistry/text_laureate/2005_chauvin_biographical.txt,9313
2181,nobel_chemistry,2005,facts,Yves Chauvin,,https://www.nobelprize.org/prizes/chemistry/2005/chauvin/facts/,nobel_chemistry/text_laureate/2005_chauvin_facts.txt,1266
2182,nobel_chemistry,2005,lecture,Yves Chauvin,,https://www.nobelprize.org/prizes/chemistry/2005/chauvin/lecture/,nobel_chemistry/text_laureate/2005_chauvin_lecture.txt,1175
2183,nobel_chemistry,2005,lecture-pdf,Yves Chauvin,,https://www.nobelprize.org/uploads/2018/06/chauvin-slides.pdf,nobel_chemistry/text_laureate/2005_chauvin_lecture_pdf0.txt,4481
2184,nobel_chemistry,2005,lecture-pdf,Yves Chauvin,,https://www.nobelprize.org/uploads/2018/06/chauvin-lecture.pdf,nobel_chemistry/text_laureate/2005_chauvin_lecture_pdf1.txt,12774
2185,nobel_chemistry,2005,biographical,Robert H. Grubbs,,https://www.nobelprize.org/prizes/chemistry/2005/grubbs/biographical/,nobel_chemistry/text_laureate/2005_grubbs_biographical.txt,15290
2186,nobel_chemistry,2005,facts,Robert H. Grubbs,,https://www.nobelprize.org/prizes/chemistry/2005/grubbs/facts/,nobel_chemistry/text_laureate/2005_grubbs_facts.txt,1293
2187,nobel_chemistry,2005,lecture,Robert H. Grubbs,,https://www.nobelprize.org/prizes/chemistry/2005/grubbs/lecture/,nobel_chemistry/text_laureate/2005_grubbs_lecture.txt,1007
2188,nobel_chemistry,2005,lecture-pdf,Robert H. Grubbs,,https://www.nobelprize.org/uploads/2018/06/grubbs-slides.pdf,nobel_chemistry/text_laureate/2005_grubbs_lecture_pdf0.txt,9607
2189,nobel_chemistry,2005,lecture-pdf,Robert H. Grubbs,,https://www.nobelprize.org/uploads/2018/06/grubbs-lecture.pdf,nobel_chemistry/text_laureate/2005_grubbs_lecture_pdf1.txt,32056
2190,nobel_chemistry,2005,biographical,Richard R. Schrock,,https://www.nobelprize.org/prizes/chemistry/2005/schrock/biographical/,nobel_chemistry/text_laureate/2005_schrock_biographical.txt,22001
2191,nobel_chemistry,2005,facts,Richard R. Schrock,,https://www.nobelprize.org/prizes/chemistry/2005/schrock/facts/,nobel_chemistry/text_laureate/2005_schrock_facts.txt,1756
2192,nobel_chemistry,2005,lecture,Richard R. Schrock,,https://www.nobelprize.org/prizes/chemistry/2005/schrock/lecture/,nobel_chemistry/text_laureate/2005_schrock_lecture.txt,979
2193,nobel_chemistry,2005,lecture-pdf,Richard R. Schrock,,https://www.nobelprize.org/uploads/2018/06/schrock-slides.pdf,nobel_chemistry/text_laureate/2005_schrock_lecture_pdf0.txt,12262
2194,nobel_chemistry,2005,lecture-pdf,Richard R. Schrock,,https://www.nobelprize.org/uploads/2018/06/schrock-lecture.pdf,nobel_chemistry/text_laureate/2005_schrock_lecture_pdf1.txt,49046
2195,nobel_chemistry,2006,biographical,Roger D. Kornberg,,https://www.nobelprize.org/prizes/chemistry/2006/kornberg/biographical/,nobel_chemistry/text_laureate/2006_kornberg_biographical.txt,20671
2196,nobel_chemistry,2006,facts,Roger D. Kornberg,,https://www.nobelprize.org/prizes/chemistry/2006/kornberg/facts/,nobel_chemistry/text_laureate/2006_kornberg_facts.txt,1888
2197,nobel_chemistry,2006,lecture,Roger D. Kornberg,,https://www.nobelprize.org/prizes/chemistry/2006/kornberg/lecture/,nobel_chemistry/text_laureate/2006_kornberg_lecture.txt,1000
2198,nobel_chemistry,2006,lecture-pdf,Roger D. Kornberg,,https://www.nobelprize.org/uploads/2018/06/kornberg-slides.pdf,nobel_chemistry/text_laureate/2006_kornberg_lecture_pdf0.txt,4799
2199,nobel_chemistry,2006,lecture-pdf,Roger D. Kornberg,,https://www.nobelprize.org/uploads/2018/06/kornberg_lecture.pdf,nobel_chemistry/text_laureate/2006_kornberg_lecture_pdf1.txt,39459
2200,nobel_chemistry,2007,biographical,Gerhard Ertl,,https://www.nobelprize.org/prizes/chemistry/2007/ertl/biographical/,nobel_chemistry/text_laureate/2007_ertl_biographical.txt,8079
2201,nobel_chemistry,2007,facts,Gerhard Ertl,,https://www.nobelprize.org/prizes/chemistry/2007/ertl/facts/,nobel_chemistry/text_laureate/2007_ertl_facts.txt,1264
2202,nobel_chemistry,2007,lecture,Gerhard Ertl,,https://www.nobelprize.org/prizes/chemistry/2007/ertl/lecture/,nobel_chemistry/text_laureate/2007_ertl_lecture.txt,965
2203,nobel_chemistry,2007,lecture-pdf,Gerhard Ertl,,https://www.nobelprize.org/uploads/2018/06/ertl-slides.pdf,nobel_chemistry/text_laureate/2007_ertl_lecture_pdf0.txt,6785
2204,nobel_chemistry,2007,lecture-pdf,Gerhard Ertl,,https://www.nobelprize.org/uploads/2018/06/ertl_lecture.pdf,nobel_chemistry/text_laureate/2007_ertl_lecture_pdf1.txt,37891
2205,nobel_chemistry,2008,biographical,Martin Chalfie,,https://www.nobelprize.org/prizes/chemistry/2008/chalfie/biographical/,nobel_chemistry/text_laureate/2008_chalfie_biographical.txt,48903
2206,nobel_chemistry,2008,facts,Martin Chalfie,,https://www.nobelprize.org/prizes/chemistry/2008/chalfie/facts/,nobel_chemistry/text_laureate/2008_chalfie_facts.txt,1821
2207,nobel_chemistry,2008,lecture,Martin Chalfie,,https://www.nobelprize.org/prizes/chemistry/2008/chalfie/lecture/,nobel_chemistry/text_laureate/2008_chalfie_lecture.txt,983
2208,nobel_chemistry,2008,lecture-pdf,Martin Chalfie,,https://www.nobelprize.org/uploads/2018/06/chalfie-slides.pdf,nobel_chemistry/text_laureate/2008_chalfie_lecture_pdf0.txt,6451
2209,nobel_chemistry,2008,lecture-pdf,Martin Chalfie,,https://www.nobelprize.org/uploads/2018/06/chalfie_lecture.pdf,nobel_chemistry/text_laureate/2008_chalfie_lecture_pdf1.txt,39617
2210,nobel_chemistry,2008,biographical,Osamu Shimomura,,https://www.nobelprize.org/prizes/chemistry/2008/shimomura/biographical/,nobel_chemistry/text_laureate/2008_shimomura_biographical.txt,34286
2211,nobel_chemistry,2008,facts,Osamu Shimomura,,https://www.nobelprize.org/prizes/chemistry/2008/shimomura/facts/,nobel_chemistry/text_laureate/2008_shimomura_facts.txt,1398
2212,nobel_chemistry,2008,lecture,Osamu Shimomura,,https://www.nobelprize.org/prizes/chemistry/2008/shimomura/lecture/,nobel_chemistry/text_laureate/2008_shimomura_lecture.txt,1007
2213,nobel_chemistry,2008,lecture-pdf,Osamu Shimomura,,https://www.nobelprize.org/uploads/2018/06/shimomura-slides.pdf,nobel_chemistry/text_laureate/2008_shimomura_lecture_pdf0.txt,2821
2214,nobel_chemistry,2008,lecture-pdf,Osamu Shimomura,,https://www.nobelprize.org/uploads/2018/06/shimomura_lecture.pdf,nobel_chemistry/text_laureate/2008_shimomura_lecture_pdf1.txt,20227
2215,nobel_chemistry,2008,biographical,Roger Y. Tsien,,https://www.nobelprize.org/prizes/chemistry/2008/tsien/biographical/,nobel_chemistry/text_laureate/2008_tsien_biographical.txt,38891
2216,nobel_chemistry,2008,facts,Roger Y. Tsien,,https://www.nobelprize.org/prizes/chemistry/2008/tsien/facts/,nobel_chemistry/text_laureate/2008_tsien_facts.txt,1418
2217,nobel_chemistry,2008,lecture,Roger Y. Tsien,,https://www.nobelprize.org/prizes/chemistry/2008/tsien/lecture/,nobel_chemistry/text_laureate/2008_tsien_lecture.txt,1059
2218,nobel_chemistry,2008,lecture-pdf,Roger Y. Tsien,,https://www.nobelprize.org/uploads/2018/06/tsien-slides.pdf,nobel_chemistry/text_laureate/2008_tsien_lecture_pdf0.txt,8016
2219,nobel_chemistry,2008,lecture-pdf,Roger Y. Tsien,,https://www.nobelprize.org/uploads/2018/06/tsien_lecture.pdf,nobel_chemistry/text_laureate/2008_tsien_lecture_pdf1.txt,57963
2220,nobel_chemistry,2009,biographical,Venkatraman Ramakrishnan,,https://www.nobelprize.org/prizes/chemistry/2009/ramakrishnan/biographical/,nobel_chemistry/text_laureate/2009_ramakrishnan_biographical.txt,70086
2221,nobel_chemistry,2009,facts,Venkatraman Ramakrishnan,,https://www.nobelprize.org/prizes/chemistry/2009/ramakrishnan/facts/,nobel_chemistry/text_laureate/2009_ramakrishnan_facts.txt,1244
2222,nobel_chemistry,2009,lecture,Venkatraman Ramakrishnan,,https://www.nobelprize.org/prizes/chemistry/2009/ramakrishnan/lecture/,nobel_chemistry/text_laureate/2009_ramakrishnan_lecture.txt,1024
2223,nobel_chemistry,2009,lecture-pdf,Venkatraman Ramakrishnan,,https://www.nobelprize.org/uploads/2018/06/ramakrishnan-lecture-slides.pdf,nobel_chemistry/text_laureate/2009_ramakrishnan_lecture_pdf0.txt,6394
2224,nobel_chemistry,2009,lecture-pdf,Venkatraman Ramakrishnan,,https://www.nobelprize.org/uploads/2018/06/ramakrishnan_lecture.pdf,nobel_chemistry/text_laureate/2009_ramakrishnan_lecture_pdf1.txt,74278
2225,nobel_chemistry,2009,biographical,Thomas A. Steitz,,https://www.nobelprize.org/prizes/chemistry/2009/steitz/biographical/,nobel_chemistry/text_laureate/2009_steitz_biographical.txt,40739
2226,nobel_chemistry,2009,facts,Thomas A. Steitz,,https://www.nobelprize.org/prizes/chemistry/2009/steitz/facts/,nobel_chemistry/text_laureate/2009_steitz_facts.txt,1833
2227,nobel_chemistry,2009,lecture,Thomas A. Steitz,,https://www.nobelprize.org/prizes/chemistry/2009/steitz/lecture/,nobel_chemistry/text_laureate/2009_steitz_lecture.txt,1041
2228,nobel_chemistry,2009,lecture-pdf,Thomas A. Steitz,,https://www.nobelprize.org/uploads/2018/06/steitz-lecture-slides.pdf,nobel_chemistry/text_laureate/2009_steitz_lecture_pdf0.txt,6773
2229,nobel_chemistry,2009,lecture-pdf,Thomas A. Steitz,,https://www.nobelprize.org/uploads/2018/06/steitz_lecture.pdf,nobel_chemistry/text_laureate/2009_steitz_lecture_pdf1.txt,52545
2230,nobel_chemistry,2009,biographical,Ada E. Yonath,,https://www.nobelprize.org/prizes/chemistry/2009/yonath/biographical/,nobel_chemistry/text_laureate/2009_yonath_biographical.txt,13308
2231,nobel_chemistry,2009,facts,Ada E. Yonath,,https://www.nobelprize.org/prizes/chemistry/2009/yonath/facts/,nobel_chemistry/text_laureate/2009_yonath_facts.txt,1840
2232,nobel_chemistry,2009,lecture,Ada E. Yonath,,https://www.nobelprize.org/prizes/chemistry/2009/yonath/lecture/,nobel_chemistry/text_laureate/2009_yonath_lecture.txt,1049
2233,nobel_chemistry,2009,lecture-pdf,Ada E. Yonath,,https://www.nobelprize.org/uploads/2018/06/yonath-lecture-slides.pdf,nobel_chemistry/text_laureate/2009_yonath_lecture_pdf0.txt,8785
2234,nobel_chemistry,2009,lecture-pdf,Ada E. Yonath,,https://www.nobelprize.org/uploads/2018/06/yonath_lecture.pdf,nobel_chemistry/text_laureate/2009_yonath_lecture_pdf1.txt,75339
2235,nobel_chemistry,2010,biographical,Richard F. Heck,,https://www.nobelprize.org/prizes/chemistry/2010/heck/biographical/,nobel_chemistry/text_laureate/2010_heck_biographical.txt,12154
2236,nobel_chemistry,2010,facts,Richard F. Heck,,https://www.nobelprize.org/prizes/chemistry/2010/heck/facts/,nobel_chemistry/text_laureate/2010_heck_facts.txt,1278
2237,nobel_chemistry,2010,lecture,Richard F. Heck,,https://www.nobelprize.org/prizes/chemistry/2010/heck/lecture/,nobel_chemistry/text_laureate/2010_heck_lecture.txt,1010
2238,nobel_chemistry,2010,biographical,Ei-ichi Negishi,,https://www.nobelprize.org/prizes/chemistry/2010/negishi/biographical/,nobel_chemistry/text_laureate/2010_negishi_biographical.txt,24365
2239,nobel_chemistry,2010,facts,Ei-ichi Negishi,,https://www.nobelprize.org/prizes/chemistry/2010/negishi/facts/,nobel_chemistry/text_laureate/2010_negishi_facts.txt,1319
2240,nobel_chemistry,2010,lecture,Ei-ichi Negishi,,https://www.nobelprize.org/prizes/chemistry/2010/negishi/lecture/,nobel_chemistry/text_laureate/2010_negishi_lecture.txt,1036
2241,nobel_chemistry,2010,lecture-pdf,Ei-ichi Negishi,,https://www.nobelprize.org/uploads/2018/06/negishi_lecture.pdf,nobel_chemistry/text_laureate/2010_negishi_lecture_pdf1.txt,113088
2242,nobel_chemistry,2010,biographical,Akira Suzuki,,https://www.nobelprize.org/prizes/chemistry/2010/suzuki/biographical/,nobel_chemistry/text_laureate/2010_suzuki_biographical.txt,16094
2243,nobel_chemistry,2010,facts,Akira Suzuki,,https://www.nobelprize.org/prizes/chemistry/2010/suzuki/facts/,nobel_chemistry/text_laureate/2010_suzuki_facts.txt,1258
2244,nobel_chemistry,2010,lecture,Akira Suzuki,,https://www.nobelprize.org/prizes/chemistry/2010/suzuki/lecture/,nobel_chemistry/text_laureate/2010_suzuki_lecture.txt,1023
2245,nobel_chemistry,2010,lecture-pdf,Akira Suzuki,,https://www.nobelprize.org/uploads/2018/06/suzuki-lecture-slides.pdf,nobel_chemistry/text_laureate/2010_suzuki_lecture_pdf0.txt,6667
2246,nobel_chemistry,2010,lecture-pdf,Akira Suzuki,,https://www.nobelprize.org/uploads/2018/06/suzuki_lecture.pdf,nobel_chemistry/text_laureate/2010_suzuki_lecture_pdf1.txt,39632
2247,nobel_chemistry,2011,biographical,Dan Shechtman,,https://www.nobelprize.org/prizes/chemistry/2011/shechtman/biographical/,nobel_chemistry/text_laureate/2011_shechtman_biographical.txt,380
2248,nobel_chemistry,2011,facts,Dan Shechtman,,https://www.nobelprize.org/prizes/chemistry/2011/shechtman/facts/,nobel_chemistry/text_laureate/2011_shechtman_facts.txt,1807
2249,nobel_chemistry,2011,lecture,Dan Shechtman,,https://www.nobelprize.org/prizes/chemistry/2011/shechtman/lecture/,nobel_chemistry/text_laureate/2011_shechtman_lecture.txt,1009
2250,nobel_chemistry,2011,lecture-pdf,Dan Shechtman,,https://www.nobelprize.org/uploads/2018/06/shechtman-lecture_slides.pdf,nobel_chemistry/text_laureate/2011_shechtman_lecture_pdf0.txt,7467
2251,nobel_chemistry,2012,biographical,Brian Kobilka,,https://www.nobelprize.org/prizes/chemistry/2012/kobilka/biographical/,nobel_chemistry/text_laureate/2012_kobilka_biographical.txt,28017
2252,nobel_chemistry,2012,facts,Brian Kobilka,,https://www.nobelprize.org/prizes/chemistry/2012/kobilka/facts/,nobel_chemistry/text_laureate/2012_kobilka_facts.txt,1850
2253,nobel_chemistry,2012,lecture,Brian Kobilka,,https://www.nobelprize.org/prizes/chemistry/2012/kobilka/lecture/,nobel_chemistry/text_laureate/2012_kobilka_lecture.txt,1028
2254,nobel_chemistry,2012,lecture-pdf,Brian Kobilka,,https://www.nobelprize.org/uploads/2018/06/kobilka-lecture_slides.pdf,nobel_chemistry/text_laureate/2012_kobilka_lecture_pdf0.txt,14046
2255,nobel_chemistry,2012,lecture-pdf,Brian Kobilka,,https://www.nobelprize.org/uploads/2018/06/kobilka-lecture.pdf,nobel_chemistry/text_laureate/2012_kobilka_lecture_pdf1.txt,45205
2256,nobel_chemistry,2012,biographical,Robert J. Lefkowitz,,https://www.nobelprize.org/prizes/chemistry/2012/lefkowitz/biographical/,nobel_chemistry/text_laureate/2012_lefkowitz_biographical.txt,35127
2257,nobel_chemistry,2012,facts,Robert J. Lefkowitz,,https://www.nobelprize.org/prizes/chemistry/2012/lefkowitz/facts/,nobel_chemistry/text_laureate/2012_lefkowitz_facts.txt,1680
2258,nobel_chemistry,2012,lecture,Robert J. Lefkowitz,,https://www.nobelprize.org/prizes/chemistry/2012/lefkowitz/lecture/,nobel_chemistry/text_laureate/2012_lefkowitz_lecture.txt,1027
2259,nobel_chemistry,2012,lecture-pdf,Robert J. Lefkowitz,,https://www.nobelprize.org/uploads/2018/06/lefkowitz-lecture_slides.pdf,nobel_chemistry/text_laureate/2012_lefkowitz_lecture_pdf0.txt,7922
2260,nobel_chemistry,2012,lecture-pdf,Robert J. Lefkowitz,,https://www.nobelprize.org/uploads/2018/06/lefkowitz-lecture.pdf,nobel_chemistry/text_laureate/2012_lefkowitz_lecture_pdf1.txt,48131
2261,nobel_chemistry,2013,biographical,Martin Karplus,,https://www.nobelprize.org/prizes/chemistry/2013/karplus/biographical/,nobel_chemistry/text_laureate/2013_karplus_biographical.txt,60045
2262,nobel_chemistry,2013,facts,Martin Karplus,,https://www.nobelprize.org/prizes/chemistry/2013/karplus/facts/,nobel_chemistry/text_laureate/2013_karplus_facts.txt,1935
2263,nobel_chemistry,2013,lecture,Martin Karplus,,https://www.nobelprize.org/prizes/chemistry/2013/karplus/lecture/,nobel_chemistry/text_laureate/2013_karplus_lecture.txt,1438
2264,nobel_chemistry,2013,lecture-pdf,Martin Karplus,,https://www.nobelprize.org/uploads/2018/06/karplus-lecture-slides.pdf,nobel_chemistry/text_laureate/2013_karplus_lecture_pdf0.txt,10983
2265,nobel_chemistry,2013,lecture-pdf,Martin Karplus,,https://www.nobelprize.org/uploads/2018/06/karplus-lecture.pdf,nobel_chemistry/text_laureate/2013_karplus_lecture_pdf1.txt,53578
2266,nobel_chemistry,2013,biographical,Michael Levitt,,https://www.nobelprize.org/prizes/chemistry/2013/levitt/biographical/,nobel_chemistry/text_laureate/2013_levitt_biographical.txt,32679
2267,nobel_chemistry,2013,facts,Michael Levitt,,https://www.nobelprize.org/prizes/chemistry/2013/levitt/facts/,nobel_chemistry/text_laureate/2013_levitt_facts.txt,1863
2268,nobel_chemistry,2013,lecture,Michael Levitt,,https://www.nobelprize.org/prizes/chemistry/2013/levitt/lecture/,nobel_chemistry/text_laureate/2013_levitt_lecture.txt,1079
2269,nobel_chemistry,2013,lecture-pdf,Michael Levitt,,https://www.nobelprize.org/uploads/2018/06/levitt-lecture-slides.pdf,nobel_chemistry/text_laureate/2013_levitt_lecture_pdf0.txt,7417
2270,nobel_chemistry,2013,lecture-pdf,Michael Levitt,,https://www.nobelprize.org/uploads/2018/06/levitt-lecture.pdf,nobel_chemistry/text_laureate/2013_levitt_lecture_pdf1.txt,59123
2271,nobel_chemistry,2013,biographical,Arieh Warshel,,https://www.nobelprize.org/prizes/chemistry/2013/warshel/biographical/,nobel_chemistry/text_laureate/2013_warshel_biographical.txt,31023
2272,nobel_chemistry,2013,facts,Arieh Warshel,,https://www.nobelprize.org/prizes/chemistry/2013/warshel/facts/,nobel_chemistry/text_laureate/2013_warshel_facts.txt,1891
2273,nobel_chemistry,2013,lecture,Arieh Warshel,,https://www.nobelprize.org/prizes/chemistry/2013/warshel/lecture/,nobel_chemistry/text_laureate/2013_warshel_lecture.txt,1065
2274,nobel_chemistry,2013,lecture-pdf,Arieh Warshel,,https://www.nobelprize.org/uploads/2018/06/warshel-lecture-slides.pdf,nobel_chemistry/text_laureate/2013_warshel_lecture_pdf0.txt,8898
2275,nobel_chemistry,2013,lecture-pdf,Arieh Warshel,,https://www.nobelprize.org/uploads/2018/06/warshel-lecture.pdf,nobel_chemistry/text_laureate/2013_warshel_lecture_pdf1.txt,67798
2276,nobel_chemistry,2014,biographical,Eric Betzig,,https://www.nobelprize.org/prizes/chemistry/2014/betzig/biographical/,nobel_chemistry/text_laureate/2014_betzig_biographical.txt,30037
2277,nobel_chemistry,2014,facts,Eric Betzig,,https://www.nobelprize.org/prizes/chemistry/2014/betzig/facts/,nobel_chemistry/text_laureate/2014_betzig_facts.txt,1910
2278,nobel_chemistry,2014,lecture,Eric Betzig,,https://www.nobelprize.org/prizes/chemistry/2014/betzig/lecture/,nobel_chemistry/text_laureate/2014_betzig_lecture.txt,1025
2279,nobel_chemistry,2014,lecture-pdf,Eric Betzig,,https://www.nobelprize.org/uploads/2018/06/betzig-lecture-slides.pdf,nobel_chemistry/text_laureate/2014_betzig_lecture_pdf0.txt,13062
2280,nobel_chemistry,2014,lecture-pdf,Eric Betzig,,https://www.nobelprize.org/uploads/2018/06/betzig-lecture.pdf,nobel_chemistry/text_laureate/2014_betzig_lecture_pdf1.txt,57901
2281,nobel_chemistry,2014,biographical,Stefan W. Hell,,https://www.nobelprize.org/prizes/chemistry/2014/hell/biographical/,nobel_chemistry/text_laureate/2014_hell_biographical.txt,52195
2282,nobel_chemistry,2014,facts,Stefan W. Hell,,https://www.nobelprize.org/prizes/chemistry/2014/hell/facts/,nobel_chemistry/text_laureate/2014_hell_facts.txt,1937
2283,nobel_chemistry,2014,lecture,Stefan W. Hell,,https://www.nobelprize.org/prizes/chemistry/2014/hell/lecture/,nobel_chemistry/text_laureate/2014_hell_lecture.txt,1002
2284,nobel_chemistry,2014,lecture-pdf,Stefan W. Hell,,https://www.nobelprize.org/uploads/2018/06/hell-lecture-slides.pdf,nobel_chemistry/text_laureate/2014_hell_lecture_pdf0.txt,14293
2285,nobel_chemistry,2014,lecture-pdf,Stefan W. Hell,,https://www.nobelprize.org/uploads/2018/06/hell-lecture.pdf,nobel_chemistry/text_laureate/2014_hell_lecture_pdf1.txt,53691
2286,nobel_chemistry,2014,biographical,William E. Moerner,,https://www.nobelprize.org/prizes/chemistry/2014/moerner/biographical/,nobel_chemistry/text_laureate/2014_moerner_biographical.txt,36881
2287,nobel_chemistry,2014,facts,William E. Moerner,,https://www.nobelprize.org/prizes/chemistry/2014/moerner/facts/,nobel_chemistry/text_laureate/2014_moerner_facts.txt,1789
2288,nobel_chemistry,2014,lecture,William E. Moerner,,https://www.nobelprize.org/prizes/chemistry/2014/moerner/lecture/,nobel_chemistry/text_laureate/2014_moerner_lecture.txt,1138
2289,nobel_chemistry,2014,lecture-pdf,William E. Moerner,,https://www.nobelprize.org/uploads/2018/06/moerner-lecture-slides.pdf,nobel_chemistry/text_laureate/2014_moerner_lecture_pdf0.txt,18308
2290,nobel_chemistry,2014,lecture-pdf,William E. Moerner,,https://www.nobelprize.org/uploads/2018/06/moerner-lecture.pdf,nobel_chemistry/text_laureate/2014_moerner_lecture_pdf1.txt,120679
2291,nobel_chemistry,2015,biographical,Tomas Lindahl,,https://www.nobelprize.org/prizes/chemistry/2015/lindahl/biographical/,nobel_chemistry/text_laureate/2015_lindahl_biographical.txt,29590
2292,nobel_chemistry,2015,facts,Tomas Lindahl,,https://www.nobelprize.org/prizes/chemistry/2015/lindahl/facts/,nobel_chemistry/text_laureate/2015_lindahl_facts.txt,1639
2293,nobel_chemistry,2015,lecture,Tomas Lindahl,,https://www.nobelprize.org/prizes/chemistry/2015/lindahl/lecture/,nobel_chemistry/text_laureate/2015_lindahl_lecture.txt,746
2294,nobel_chemistry,2015,lecture-pdf,Tomas Lindahl,,https://www.nobelprize.org/uploads/2018/06/lindahl-lecture-slides.pdf,nobel_chemistry/text_laureate/2015_lindahl_lecture_pdf0.txt,4968
2295,nobel_chemistry,2015,lecture-pdf,Tomas Lindahl,,https://www.nobelprize.org/uploads/2018/06/lindahl-lecture.pdf,nobel_chemistry/text_laureate/2015_lindahl_lecture_pdf1.txt,16423
2296,nobel_chemistry,2015,biographical,Paul Modrich,,https://www.nobelprize.org/prizes/chemistry/2015/modrich/biographical/,nobel_chemistry/text_laureate/2015_modrich_biographical.txt,30106
2297,nobel_chemistry,2015,facts,Paul Modrich,,https://www.nobelprize.org/prizes/chemistry/2015/modrich/facts/,nobel_chemistry/text_laureate/2015_modrich_facts.txt,1580
2298,nobel_chemistry,2015,lecture,Paul Modrich,,https://www.nobelprize.org/prizes/chemistry/2015/modrich/lecture/,nobel_chemistry/text_laureate/2015_modrich_lecture.txt,763
2299,nobel_chemistry,2015,lecture-pdf,Paul Modrich,,https://www.nobelprize.org/uploads/2018/06/modrich-lecture-slides.pdf,nobel_chemistry/text_laureate/2015_modrich_lecture_pdf0.txt,2678
2300,nobel_chemistry,2015,lecture-pdf,Paul Modrich,,https://www.nobelprize.org/uploads/2018/06/modrich-lecture.pdf,nobel_chemistry/text_laureate/2015_modrich_lecture_pdf1.txt,48447
2301,nobel_chemistry,2015,biographical,Aziz Sancar,,https://www.nobelprize.org/prizes/chemistry/2015/sancar/biographical/,nobel_chemistry/text_laureate/2015_sancar_biographical.txt,37814
2302,nobel_chemistry,2015,facts,Aziz Sancar,,https://www.nobelprize.org/prizes/chemistry/2015/sancar/facts/,nobel_chemistry/text_laureate/2015_sancar_facts.txt,1583
2303,nobel_chemistry,2015,lecture,Aziz Sancar,,https://www.nobelprize.org/prizes/chemistry/2015/sancar/lecture/,nobel_chemistry/text_laureate/2015_sancar_lecture.txt,816
2304,nobel_chemistry,2015,lecture-pdf,Aziz Sancar,,https://www.nobelprize.org/uploads/2018/06/sancar-lecture-slides.pdf,nobel_chemistry/text_laureate/2015_sancar_lecture_pdf0.txt,9511
2305,nobel_chemistry,2015,lecture-pdf,Aziz Sancar,,https://www.nobelprize.org/uploads/2018/06/sancar-lecture.pdf,nobel_chemistry/text_laureate/2015_sancar_lecture_pdf1.txt,87275
2306,nobel_chemistry,2016,biographical,Bernard L. Feringa,,https://www.nobelprize.org/prizes/chemistry/2016/feringa/biographical/,nobel_chemistry/text_laureate/2016_feringa_biographical.txt,26189
2307,nobel_chemistry,2016,facts,Bernard L. Feringa,,https://www.nobelprize.org/prizes/chemistry/2016/feringa/facts/,nobel_chemistry/text_laureate/2016_feringa_facts.txt,1515
2308,nobel_chemistry,2016,lecture,Bernard L. Feringa,,https://www.nobelprize.org/prizes/chemistry/2016/feringa/lecture/,nobel_chemistry/text_laureate/2016_feringa_lecture.txt,1074
2309,nobel_chemistry,2016,lecture-pdf,Bernard L. Feringa,,https://www.nobelprize.org/uploads/2018/06/feringa-lecture-slides.pdf,nobel_chemistry/text_laureate/2016_feringa_lecture_pdf0.txt,5885
2310,nobel_chemistry,2016,lecture-pdf,Bernard L. Feringa,,https://www.nobelprize.org/uploads/2018/06/feringa-lecture.pdf,nobel_chemistry/text_laureate/2016_feringa_lecture_pdf1.txt,65550
2311,nobel_chemistry,2016,biographical,Jean-Pierre Sauvage,,https://www.nobelprize.org/prizes/chemistry/2016/sauvage/biographical/,nobel_chemistry/text_laureate/2016_sauvage_biographical.txt,18548
2312,nobel_chemistry,2016,facts,Jean-Pierre Sauvage,,https://www.nobelprize.org/prizes/chemistry/2016/sauvage/facts/,nobel_chemistry/text_laureate/2016_sauvage_facts.txt,1511
2313,nobel_chemistry,2016,lecture,Jean-Pierre Sauvage,,https://www.nobelprize.org/prizes/chemistry/2016/sauvage/lecture/,nobel_chemistry/text_laureate/2016_sauvage_lecture.txt,1043
2314,nobel_chemistry,2016,lecture-pdf,Jean-Pierre Sauvage,,https://www.nobelprize.org/uploads/2018/06/sauvage-lecture-slides.pdf,nobel_chemistry/text_laureate/2016_sauvage_lecture_pdf0.txt,7792
2315,nobel_chemistry,2016,lecture-pdf,Jean-Pierre Sauvage,,https://www.nobelprize.org/uploads/2018/06/sauvage-lecture.pdf,nobel_chemistry/text_laureate/2016_sauvage_lecture_pdf1.txt,53916
2316,nobel_chemistry,2016,biographical,Sir J. Fraser Stoddart,,https://www.nobelprize.org/prizes/chemistry/2016/stoddart/biographical/,nobel_chemistry/text_laureate/2016_stoddart_biographical.txt,86374
2317,nobel_chemistry,2016,facts,Sir J. Fraser Stoddart,,https://www.nobelprize.org/prizes/chemistry/2016/stoddart/facts/,nobel_chemistry/text_laureate/2016_stoddart_facts.txt,1697
2318,nobel_chemistry,2016,lecture,Sir J. Fraser Stoddart,,https://www.nobelprize.org/prizes/chemistry/2016/stoddart/lecture/,nobel_chemistry/text_laureate/2016_stoddart_lecture.txt,1134
2319,nobel_chemistry,2016,lecture-pdf,Sir J. Fraser Stoddart,,https://www.nobelprize.org/uploads/2018/06/stoddart-lecture-slides.pdf,nobel_chemistry/text_laureate/2016_stoddart_lecture_pdf0.txt,14431
2320,nobel_chemistry,2016,lecture-pdf,Sir J. Fraser Stoddart,,https://www.nobelprize.org/uploads/2018/06/stoddart-lecture.pdf,nobel_chemistry/text_laureate/2016_stoddart_lecture_pdf1.txt,59219
2321,nobel_chemistry,2017,biographical,Jacques Dubochet,,https://www.nobelprize.org/prizes/chemistry/2017/dubochet/biographical/,nobel_chemistry/text_laureate/2017_dubochet_biographical.txt,17590
2322,nobel_chemistry,2017,facts,Jacques Dubochet,,https://www.nobelprize.org/prizes/chemistry/2017/dubochet/facts/,nobel_chemistry/text_laureate/2017_dubochet_facts.txt,1767
2323,nobel_chemistry,2017,lecture,Jacques Dubochet,,https://www.nobelprize.org/prizes/chemistry/2017/dubochet/lecture/,nobel_chemistry/text_laureate/2017_dubochet_lecture.txt,711
2324,nobel_chemistry,2017,lecture-pdf,Jacques Dubochet,,https://www.nobelprize.org/uploads/2018/06/dubochet-lecture-slides.pdf,nobel_chemistry/text_laureate/2017_dubochet_lecture_pdf0.txt,3054
2325,nobel_chemistry,2017,lecture-pdf,Jacques Dubochet,,https://www.nobelprize.org/uploads/2018/01/dubochet-lecture.pdf,nobel_chemistry/text_laureate/2017_dubochet_lecture_pdf1.txt,19032
2326,nobel_chemistry,2017,biographical,Joachim Frank,,https://www.nobelprize.org/prizes/chemistry/2017/frank/biographical/,nobel_chemistry/text_laureate/2017_frank_biographical.txt,35713
2327,nobel_chemistry,2017,facts,Joachim Frank,,https://www.nobelprize.org/prizes/chemistry/2017/frank/facts/,nobel_chemistry/text_laureate/2017_frank_facts.txt,1777
2328,nobel_chemistry,2017,lecture,Joachim Frank,,https://www.nobelprize.org/prizes/chemistry/2017/frank/lecture/,nobel_chemistry/text_laureate/2017_frank_lecture.txt,739
2329,nobel_chemistry,2017,lecture-pdf,Joachim Frank,,https://www.nobelprize.org/uploads/2018/06/frank-lecture-slides.pdf,nobel_chemistry/text_laureate/2017_frank_lecture_pdf0.txt,5773
2330,nobel_chemistry,2017,lecture-pdf,Joachim Frank,,https://www.nobelprize.org/uploads/2017/12/frank-lecture.pdf,nobel_chemistry/text_laureate/2017_frank_lecture_pdf1.txt,68187
2331,nobel_chemistry,2017,biographical,Richard Henderson,,https://www.nobelprize.org/prizes/chemistry/2017/henderson/biographical/,nobel_chemistry/text_laureate/2017_henderson_biographical.txt,43846
2332,nobel_chemistry,2017,facts,Richard Henderson,,https://www.nobelprize.org/prizes/chemistry/2017/henderson/facts/,nobel_chemistry/text_laureate/2017_henderson_facts.txt,1663
2333,nobel_chemistry,2017,lecture,Richard Henderson,,https://www.nobelprize.org/prizes/chemistry/2017/henderson/lecture/,nobel_chemistry/text_laureate/2017_henderson_lecture.txt,744
2334,nobel_chemistry,2017,lecture-pdf,Richard Henderson,,https://www.nobelprize.org/uploads/2018/06/henderson-lecture-slides.pdf,nobel_chemistry/text_laureate/2017_henderson_lecture_pdf0.txt,5067
2335,nobel_chemistry,2017,lecture-pdf,Richard Henderson,,https://www.nobelprize.org/uploads/2017/12/henderson-lecture.pdf,nobel_chemistry/text_laureate/2017_henderson_lecture_pdf1.txt,57994
2336,nobel_chemistry,2018,biographical,Frances H. Arnold,,https://www.nobelprize.org/prizes/chemistry/2018/arnold/biographical/,nobel_chemistry/text_laureate/2018_arnold_biographical.txt,42536
2337,nobel_chemistry,2018,facts,Frances H. Arnold,,https://www.nobelprize.org/prizes/chemistry/2018/arnold/facts/,nobel_chemistry/text_laureate/2018_arnold_facts.txt,1690
2338,nobel_chemistry,2018,lecture,Frances H. Arnold,,https://www.nobelprize.org/prizes/chemistry/2018/arnold/lecture/,nobel_chemistry/text_laureate/2018_arnold_lecture.txt,692
2339,nobel_chemistry,2018,lecture-pdf,Frances H. Arnold,,https://www.nobelprize.org/uploads/2018/10/arnold-lecture.pdf,nobel_chemistry/text_laureate/2018_arnold_lecture_pdf0.txt,37712
2340,nobel_chemistry,2018,biographical,George P. Smith,,https://www.nobelprize.org/prizes/chemistry/2018/smith/biographical/,nobel_chemistry/text_laureate/2018_smith_biographical.txt,51160
2341,nobel_chemistry,2018,facts,George P. Smith,,https://www.nobelprize.org/prizes/chemistry/2018/smith/facts/,nobel_chemistry/text_laureate/2018_smith_facts.txt,1590
2342,nobel_chemistry,2018,lecture,George P. Smith,,https://www.nobelprize.org/prizes/chemistry/2018/smith/lecture/,nobel_chemistry/text_laureate/2018_smith_lecture.txt,769
2343,nobel_chemistry,2018,lecture-pdf,George P. Smith,,https://www.nobelprize.org/uploads/2018/10/smith-lecture-slides.pdf,nobel_chemistry/text_laureate/2018_smith_lecture_pdf0.txt,2815
2344,nobel_chemistry,2018,lecture-pdf,George P. Smith,,https://www.nobelprize.org/uploads/2018/10/smith-lecture.pdf,nobel_chemistry/text_laureate/2018_smith_lecture_pdf1.txt,54453
2345,nobel_chemistry,2018,biographical,Sir Gregory P. Winter,,https://www.nobelprize.org/prizes/chemistry/2018/winter/biographical/,nobel_chemistry/text_laureate/2018_winter_biographical.txt,27742
2346,nobel_chemistry,2018,facts,Sir Gregory P. Winter,,https://www.nobelprize.org/prizes/chemistry/2018/winter/facts/,nobel_chemistry/text_laureate/2018_winter_facts.txt,1557
2347,nobel_chemistry,2018,lecture,Sir Gregory P. Winter,,https://www.nobelprize.org/prizes/chemistry/2018/winter/lecture/,nobel_chemistry/text_laureate/2018_winter_lecture.txt,759
2348,nobel_chemistry,2018,lecture-pdf,Sir Gregory P. Winter,,https://www.nobelprize.org/uploads/2018/10/winter-lecture-slides.pdf,nobel_chemistry/text_laureate/2018_winter_lecture_pdf0.txt,4683
2349,nobel_chemistry,2018,lecture-pdf,Sir Gregory P. Winter,,https://www.nobelprize.org/uploads/2018/10/winter-lecture.pdf,nobel_chemistry/text_laureate/2018_winter_lecture_pdf1.txt,36236
2350,nobel_chemistry,2019,biographical,John B. Goodenough,,https://www.nobelprize.org/prizes/chemistry/2019/goodenough/biographical/,nobel_chemistry/text_laureate/2019_goodenough_biographical.txt,62643
2351,nobel_chemistry,2019,facts,John B. Goodenough,,https://www.nobelprize.org/prizes/chemistry/2019/goodenough/facts/,nobel_chemistry/text_laureate/2019_goodenough_facts.txt,1813
2352,nobel_chemistry,2019,lecture,John B. Goodenough,,https://www.nobelprize.org/prizes/chemistry/2019/goodenough/lecture/,nobel_chemistry/text_laureate/2019_goodenough_lecture.txt,992
2353,nobel_chemistry,2019,lecture-pdf,John B. Goodenough,,https://www.nobelprize.org/uploads/2019/10/goodenough-lecture-slides.pdf,nobel_chemistry/text_laureate/2019_goodenough_lecture_pdf0.txt,2629
2354,nobel_chemistry,2019,lecture-pdf,John B. Goodenough,,https://www.nobelprize.org/uploads/2019/10/goodenough-lecture.pdf,nobel_chemistry/text_laureate/2019_goodenough_lecture_pdf1.txt,19631
2355,nobel_chemistry,2019,biographical,M. Stanley Whittingham,,https://www.nobelprize.org/prizes/chemistry/2019/whittingham/biographical/,nobel_chemistry/text_laureate/2019_whittingham_biographical.txt,19136
2356,nobel_chemistry,2019,facts,M. Stanley Whittingham,,https://www.nobelprize.org/prizes/chemistry/2019/whittingham/facts/,nobel_chemistry/text_laureate/2019_whittingham_facts.txt,1715
2357,nobel_chemistry,2019,lecture,M. Stanley Whittingham,,https://www.nobelprize.org/prizes/chemistry/2019/whittingham/lecture/,nobel_chemistry/text_laureate/2019_whittingham_lecture.txt,657
2358,nobel_chemistry,2019,lecture-pdf,M. Stanley Whittingham,,https://www.nobelprize.org/uploads/2019/10/whittingham-lecture.pdf,nobel_chemistry/text_laureate/2019_whittingham_lecture_pdf0.txt,34061
2359,nobel_chemistry,2019,biographical,Akira Yoshino,,https://www.nobelprize.org/prizes/chemistry/2019/yoshino/biographical/,nobel_chemistry/text_laureate/2019_yoshino_biographical.txt,10204
2360,nobel_chemistry,2019,facts,Akira Yoshino,,https://www.nobelprize.org/prizes/chemistry/2019/yoshino/facts/,nobel_chemistry/text_laureate/2019_yoshino_facts.txt,1721
2361,nobel_chemistry,2019,lecture,Akira Yoshino,,https://www.nobelprize.org/prizes/chemistry/2019/yoshino/lecture/,nobel_chemistry/text_laureate/2019_yoshino_lecture.txt,661
2362,nobel_chemistry,2019,lecture-pdf,Akira Yoshino,,https://www.nobelprize.org/uploads/2019/10/yoshino-lecture.pdf,nobel_chemistry/text_laureate/2019_yoshino_lecture_pdf0.txt,31303
2363,nobel_chemistry,2020,facts,Emmanuelle Charpentier,,https://www.nobelprize.org/prizes/chemistry/2020/charpentier/facts/,nobel_chemistry/text_laureate/2020_charpentier_facts.txt,1242
2364,nobel_chemistry,2020,lecture,Emmanuelle Charpentier,,https://www.nobelprize.org/prizes/chemistry/2020/charpentier/lecture/,nobel_chemistry/text_laureate/2020_charpentier_lecture.txt,498
2365,nobel_chemistry,2020,biographical,Jennifer A. Doudna,,https://www.nobelprize.org/prizes/chemistry/2020/doudna/biographical/,nobel_chemistry/text_laureate/2020_doudna_biographical.txt,25613
2366,nobel_chemistry,2020,facts,Jennifer A. Doudna,,https://www.nobelprize.org/prizes/chemistry/2020/doudna/facts/,nobel_chemistry/text_laureate/2020_doudna_facts.txt,1205
2367,nobel_chemistry,2020,lecture,Jennifer A. Doudna,,https://www.nobelprize.org/prizes/chemistry/2020/doudna/lecture/,nobel_chemistry/text_laureate/2020_doudna_lecture.txt,615
2368,nobel_chemistry,2020,lecture-pdf,Jennifer A. Doudna,,https://www.nobelprize.org/uploads/2024/03/doudna-lecture.pdf,nobel_chemistry/text_laureate/2020_doudna_lecture_pdf0.txt,24169
2369,nobel_chemistry,2021,biographical,Benjamin List,,https://www.nobelprize.org/prizes/chemistry/2021/list/biographical/,nobel_chemistry/text_laureate/2021_list_biographical.txt,3275
2370,nobel_chemistry,2021,facts,Benjamin List,,https://www.nobelprize.org/prizes/chemistry/2021/list/facts/,nobel_chemistry/text_laureate/2021_list_facts.txt,1235
2371,nobel_chemistry,2021,lecture,Benjamin List,,https://www.nobelprize.org/prizes/chemistry/2021/list/lecture/,nobel_chemistry/text_laureate/2021_list_lecture.txt,574
2372,nobel_chemistry,2021,lecture-pdf,Benjamin List,,https://www.nobelprize.org/uploads/2021/11/list-lecture.pdf,nobel_chemistry/text_laureate/2021_list_lecture_pdf0.txt,23638
2373,nobel_chemistry,2021,facts,David W.C. MacMillan,,https://www.nobelprize.org/prizes/chemistry/2021/macmillan/facts/,nobel_chemistry/text_laureate/2021_macmillan_facts.txt,1160
2374,nobel_chemistry,2021,lecture,David W.C. MacMillan,,https://www.nobelprize.org/prizes/chemistry/2021/macmillan/lecture/,nobel_chemistry/text_laureate/2021_macmillan_lecture.txt,519
2375,nobel_chemistry,2022,biographical,Carolyn Bertozzi,,https://www.nobelprize.org/prizes/chemistry/2022/bertozzi/biographical/,nobel_chemistry/text_laureate/2022_bertozzi_biographical.txt,908
2376,nobel_chemistry,2022,facts,Carolyn Bertozzi,,https://www.nobelprize.org/prizes/chemistry/2022/bertozzi/facts/,nobel_chemistry/text_laureate/2022_bertozzi_facts.txt,1792
2377,nobel_chemistry,2022,lecture,Carolyn Bertozzi,,https://www.nobelprize.org/prizes/chemistry/2022/bertozzi/lecture/,nobel_chemistry/text_laureate/2022_bertozzi_lecture.txt,635
2378,nobel_chemistry,2022,biographical,Morten Meldal,,https://www.nobelprize.org/prizes/chemistry/2022/meldal/biographical/,nobel_chemistry/text_laureate/2022_meldal_biographical.txt,30787
2379,nobel_chemistry,2022,facts,Morten Meldal,,https://www.nobelprize.org/prizes/chemistry/2022/meldal/facts/,nobel_chemistry/text_laureate/2022_meldal_facts.txt,1208
2380,nobel_chemistry,2022,lecture,Morten Meldal,,https://www.nobelprize.org/prizes/chemistry/2022/meldal/lecture/,nobel_chemistry/text_laureate/2022_meldal_lecture.txt,636
2381,nobel_chemistry,2022,lecture-pdf,Morten Meldal,,https://www.nobelprize.org/uploads/2025/02/meldal-lecture.pdf,nobel_chemistry/text_laureate/2022_meldal_lecture_pdf0.txt,29585
2382,nobel_chemistry,2023,facts,Moungi Bawendi,,https://www.nobelprize.org/prizes/chemistry/2023/bawendi/facts/,nobel_chemistry/text_laureate/2023_bawendi_facts.txt,1186
2383,nobel_chemistry,2023,lecture,Moungi Bawendi,,https://www.nobelprize.org/prizes/chemistry/2023/bawendi/lecture/,nobel_chemistry/text_laureate/2023_bawendi_lecture.txt,607
2384,nobel_chemistry,2023,biographical,Louis Brus,,https://www.nobelprize.org/prizes/chemistry/2023/brus/biographical/,nobel_chemistry/text_laureate/2023_brus_biographical.txt,26616
2385,nobel_chemistry,2023,facts,Louis Brus,,https://www.nobelprize.org/prizes/chemistry/2023/brus/facts/,nobel_chemistry/text_laureate/2023_brus_facts.txt,1185
2386,nobel_chemistry,2023,lecture,Louis Brus,,https://www.nobelprize.org/prizes/chemistry/2023/brus/lecture/,nobel_chemistry/text_laureate/2023_brus_lecture.txt,565
2387,nobel_chemistry,2023,facts,Aleksey Yekimov ,,https://www.nobelprize.org/prizes/chemistry/2023/yekimov/facts/,nobel_chemistry/text_laureate/2023_yekimov_facts.txt,1195
2388,nobel_chemistry,2023,lecture,Aleksey Yekimov ,,https://www.nobelprize.org/prizes/chemistry/2023/yekimov/lecture/,nobel_chemistry/text_laureate/2023_yekimov_lecture.txt,580
2389,nobel_chemistry,2024,facts,David Baker,,https://www.nobelprize.org/prizes/chemistry/2024/baker/facts/,nobel_chemistry/text_laureate/2024_baker_facts.txt,1193
2390,nobel_chemistry,2024,lecture,David Baker,,https://www.nobelprize.org/prizes/chemistry/2024/baker/lecture/,nobel_chemistry/text_laureate/2024_baker_lecture.txt,589
2391,nobel_chemistry,2024,lecture-pdf,David Baker,,https://www.nobelprize.org/uploads/2024/12/baker-lecture.pdf,nobel_chemistry/text_laureate/2024_baker_lecture_pdf0.txt,12107
2392,nobel_chemistry,2024,facts,Demis Hassabis,,https://www.nobelprize.org/prizes/chemistry/2024/hassabis/facts/,nobel_chemistry/text_laureate/2024_hassabis_facts.txt,1139
2393,nobel_chemistry,2024,lecture,Demis Hassabis,,https://www.nobelprize.org/prizes/chemistry/2024/hassabis/lecture/,nobel_chemistry/text_laureate/2024_hassabis_lecture.txt,579
2394,nobel_chemistry,2024,lecture-pdf,Demis Hassabis,,https://www.nobelprize.org/uploads/2024/12/hassabis-lecture.pdf,nobel_chemistry/text_laureate/2024_hassabis_lecture_pdf0.txt,8032
2395,nobel_chemistry,2024,facts,John Jumper,,https://www.nobelprize.org/prizes/chemistry/2024/jumper/facts/,nobel_chemistry/text_laureate/2024_jumper_facts.txt,1140
2396,nobel_chemistry,2024,lecture,John Jumper,,https://www.nobelprize.org/prizes/chemistry/2024/jumper/lecture/,nobel_chemistry/text_laureate/2024_jumper_lecture.txt,625
2397,nobel_chemistry,2024,lecture-pdf,John Jumper,,https://www.nobelprize.org/uploads/2024/12/jumper-lecture.pdf,nobel_chemistry/text_laureate/2024_jumper_lecture_pdf0.txt,4386
2398,nobel_chemistry,2025,facts,Susumu Kitagawa,,https://www.nobelprize.org/prizes/chemistry/2025/kitagawa/facts/,nobel_chemistry/text_laureate/2025_kitagawa_facts.txt,1158
2399,nobel_chemistry,2025,lecture,Susumu Kitagawa,,https://www.nobelprize.org/prizes/chemistry/2025/kitagawa/lecture/,nobel_chemistry/text_laureate/2025_kitagawa_lecture.txt,600
2400,nobel_chemistry,2025,facts,Richard Robson,,https://www.nobelprize.org/prizes/chemistry/2025/robson/facts/,nobel_chemistry/text_laureate/2025_robson_facts.txt,1168
2401,nobel_chemistry,2025,lecture,Richard Robson,,https://www.nobelprize.org/prizes/chemistry/2025/robson/lecture/,nobel_chemistry/text_laureate/2025_robson_lecture.txt,632
2402,nobel_chemistry,2025,lecture-pdf,Richard Robson,,https://www.nobelprize.org/uploads/2025/12/lecture-robson.pdf,nobel_chemistry/text_laureate/2025_robson_lecture_pdf0.txt,19994
2403,nobel_chemistry,2025,facts,Omar M. Yaghi,,https://www.nobelprize.org/prizes/chemistry/2025/yaghi/facts/,nobel_chemistry/text_laureate/2025_yaghi_facts.txt,1194
2404,nobel_chemistry,2025,lecture,Omar M. Yaghi,,https://www.nobelprize.org/prizes/chemistry/2025/yaghi/lecture/,nobel_chemistry/text_laureate/2025_yaghi_lecture.txt,611
2405,nobel_chemistry,2025,lecture-pdf,Omar M. Yaghi,,https://www.nobelprize.org/uploads/2025/12/lecture-yaghi.pdf,nobel_chemistry/text_laureate/2025_yaghi_lecture_pdf0.txt,12778
2406,nobel_medicine,1901,summary,,,https://www.nobelprize.org/prizes/medicine/1901/summary/,nobel_medicine/text/1901_summary.txt,604
2407,nobel_medicine,1902,summary,,,https://www.nobelprize.org/prizes/medicine/1902/summary/,nobel_medicine/text/1902_summary.txt,411
2408,nobel_medicine,1903,summary,,,https://www.nobelprize.org/prizes/medicine/1903/summary/,nobel_medicine/text/1903_summary.txt,442
2409,nobel_medicine,1904,summary,,,https://www.nobelprize.org/prizes/medicine/1904/summary/,nobel_medicine/text/1904_summary.txt,400
2410,nobel_medicine,1905,summary,,,https://www.nobelprize.org/prizes/medicine/1905/summary/,nobel_medicine/text/1905_summary.txt,298
2411,nobel_medicine,1906,summary,,,https://www.nobelprize.org/prizes/medicine/1906/summary/,nobel_medicine/text/1906_summary.txt,468
2412,nobel_medicine,1907,summary,,,https://www.nobelprize.org/prizes/medicine/1907/summary/,nobel_medicine/text/1907_summary.txt,357
2413,nobel_medicine,1908,summary,,,https://www.nobelprize.org/prizes/medicine/1908/summary/,nobel_medicine/text/1908_summary.txt,424
2414,nobel_medicine,1909,summary,,,https://www.nobelprize.org/prizes/medicine/1909/summary/,nobel_medicine/text/1909_summary.txt,325
2415,nobel_medicine,1910,summary,,,https://www.nobelprize.org/prizes/medicine/1910/summary/,nobel_medicine/text/1910_summary.txt,392
2416,nobel_medicine,1911,summary,,,https://www.nobelprize.org/prizes/medicine/1911/summary/,nobel_medicine/text/1911_summary.txt,297
2417,nobel_medicine,1912,summary,,,https://www.nobelprize.org/prizes/medicine/1912/summary/,nobel_medicine/text/1912_summary.txt,335
2418,nobel_medicine,1913,summary,,,https://www.nobelprize.org/prizes/medicine/1913/summary/,nobel_medicine/text/1913_summary.txt,309
2419,nobel_medicine,1914,press-release,,,https://www.nobelprize.org/prizes/medicine/1914/press-release/,nobel_medicine/text/1914_press-release.txt,11204
2420,nobel_medicine,1914,summary,,,https://www.nobelprize.org/prizes/medicine/1914/summary/,nobel_medicine/text/1914_summary.txt,792
2421,nobel_medicine,1915,summary,,,https://www.nobelprize.org/prizes/medicine/1915/summary/,nobel_medicine/text/1915_summary.txt,169
2422,nobel_medicine,1916,summary,,,https://www.nobelprize.org/prizes/medicine/1916/summary/,nobel_medicine/text/1916_summary.txt,169
2423,nobel_medicine,1917,summary,,,https://www.nobelprize.org/prizes/medicine/1917/summary/,nobel_medicine/text/1917_summary.txt,169
2424,nobel_medicine,1918,summary,,,https://www.nobelprize.org/prizes/medicine/1918/summary/,nobel_medicine/text/1918_summary.txt,169
2425,nobel_medicine,1919,summary,,,https://www.nobelprize.org/prizes/medicine/1919/summary/,nobel_medicine/text/1919_summary.txt,773
2426,nobel_medicine,1920,summary,,,https://www.nobelprize.org/prizes/medicine/1920/summary/,nobel_medicine/text/1920_summary.txt,330
2427,nobel_medicine,1921,summary,,,https://www.nobelprize.org/prizes/medicine/1921/summary/,nobel_medicine/text/1921_summary.txt,169
2428,nobel_medicine,1922,summary,,,https://www.nobelprize.org/prizes/medicine/1922/summary/,nobel_medicine/text/1922_summary.txt,1123
2429,nobel_medicine,1923,summary,,,https://www.nobelprize.org/prizes/medicine/1923/summary/,nobel_medicine/text/1923_summary.txt,435
2430,nobel_medicine,1924,summary,,,https://www.nobelprize.org/prizes/medicine/1924/summary/,nobel_medicine/text/1924_summary.txt,306
2431,nobel_medicine,1925,summary,,,https://www.nobelprize.org/prizes/medicine/1925/summary/,nobel_medicine/text/1925_summary.txt,169
2432,nobel_medicine,1926,summary,,,https://www.nobelprize.org/prizes/medicine/1926/summary/,nobel_medicine/text/1926_summary.txt,813
2433,nobel_medicine,1927,summary,,,https://www.nobelprize.org/prizes/medicine/1927/summary/,nobel_medicine/text/1927_summary.txt,375
2434,nobel_medicine,1928,summary,,,https://www.nobelprize.org/prizes/medicine/1928/summary/,nobel_medicine/text/1928_summary.txt,290
2435,nobel_medicine,1929,summary,,,https://www.nobelprize.org/prizes/medicine/1929/summary/,nobel_medicine/text/1929_summary.txt,726
2436,nobel_medicine,1930,summary,,,https://www.nobelprize.org/prizes/medicine/1930/summary/,nobel_medicine/text/1930_summary.txt,487
2437,nobel_medicine,1931,summary,,,https://www.nobelprize.org/prizes/medicine/1931/summary/,nobel_medicine/text/1931_summary.txt,329
2438,nobel_medicine,1932,summary,,,https://www.nobelprize.org/prizes/medicine/1932/summary/,nobel_medicine/text/1932_summary.txt,493
2439,nobel_medicine,1933,summary,,,https://www.nobelprize.org/prizes/medicine/1933/summary/,nobel_medicine/text/1933_summary.txt,327
2440,nobel_medicine,1934,summary,,,https://www.nobelprize.org/prizes/medicine/1934/summary/,nobel_medicine/text/1934_summary.txt,600
2441,nobel_medicine,1935,summary,,,https://www.nobelprize.org/prizes/medicine/1935/summary/,nobel_medicine/text/1935_summary.txt,301
2442,nobel_medicine,1936,summary,,,https://www.nobelprize.org/prizes/medicine/1936/summary/,nobel_medicine/text/1936_summary.txt,467
2443,nobel_medicine,1937,summary,,,https://www.nobelprize.org/prizes/medicine/1937/summary/,nobel_medicine/text/1937_summary.txt,433
2444,nobel_medicine,1938,summary,,,https://www.nobelprize.org/prizes/medicine/1938/summary/,nobel_medicine/text/1938_summary.txt,879
2445,nobel_medicine,1939,summary,,,https://www.nobelprize.org/prizes/medicine/1939/summary/,nobel_medicine/text/1939_summary.txt,431
2446,nobel_medicine,1940,summary,,,https://www.nobelprize.org/prizes/medicine/1940/summary/,nobel_medicine/text/1940_summary.txt,208
2447,nobel_medicine,1941,summary,,,https://www.nobelprize.org/prizes/medicine/1941/summary/,nobel_medicine/text/1941_summary.txt,208
2448,nobel_medicine,1942,summary,,,https://www.nobelprize.org/prizes/medicine/1942/summary/,nobel_medicine/text/1942_summary.txt,208
2449,nobel_medicine,1943,summary,,,https://www.nobelprize.org/prizes/medicine/1943/summary/,nobel_medicine/text/1943_summary.txt,1001
2450,nobel_medicine,1944,summary,,,https://www.nobelprize.org/prizes/medicine/1944/summary/,nobel_medicine/text/1944_summary.txt,495
2451,nobel_medicine,1945,summary,,,https://www.nobelprize.org/prizes/medicine/1945/summary/,nobel_medicine/text/1945_summary.txt,614
2452,nobel_medicine,1946,summary,,,https://www.nobelprize.org/prizes/medicine/1946/summary/,nobel_medicine/text/1946_summary.txt,343
2453,nobel_medicine,1947,summary,,,https://www.nobelprize.org/prizes/medicine/1947/summary/,nobel_medicine/text/1947_summary.txt,743
2454,nobel_medicine,1948,summary,,,https://www.nobelprize.org/prizes/medicine/1948/summary/,nobel_medicine/text/1948_summary.txt,342
2455,nobel_medicine,1949,summary,,,https://www.nobelprize.org/prizes/medicine/1949/summary/,nobel_medicine/text/1949_summary.txt,626
2456,nobel_medicine,1950,summary,,,https://www.nobelprize.org/prizes/medicine/1950/summary/,nobel_medicine/text/1950_summary.txt,649
2457,nobel_medicine,1951,summary,,,https://www.nobelprize.org/prizes/medicine/1951/summary/,nobel_medicine/text/1951_summary.txt,312
2458,nobel_medicine,1952,summary,,,https://www.nobelprize.org/prizes/medicine/1952/summary/,nobel_medicine/text/1952_summary.txt,346
2459,nobel_medicine,1953,summary,,,https://www.nobelprize.org/prizes/medicine/1953/summary/,nobel_medicine/text/1953_summary.txt,522
2460,nobel_medicine,1954,summary,,,https://www.nobelprize.org/prizes/medicine/1954/summary/,nobel_medicine/text/1954_summary.txt,651
2461,nobel_medicine,1955,summary,,,https://www.nobelprize.org/prizes/medicine/1955/summary/,nobel_medicine/text/1955_summary.txt,366
2462,nobel_medicine,1956,summary,,,https://www.nobelprize.org/prizes/medicine/1956/summary/,nobel_medicine/text/1956_summary.txt,623
2463,nobel_medicine,1957,summary,,,https://www.nobelprize.org/prizes/medicine/1957/summary/,nobel_medicine/text/1957_summary.txt,414
2464,nobel_medicine,1958,summary,,,https://www.nobelprize.org/prizes/medicine/1958/summary/,nobel_medicine/text/1958_summary.txt,709
2465,nobel_medicine,1959,summary,,,https://www.nobelprize.org/prizes/medicine/1959/summary/,nobel_medicine/text/1959_summary.txt,490
2466,nobel_medicine,1960,summary,,,https://www.nobelprize.org/prizes/medicine/1960/summary/,nobel_medicine/text/1960_summary.txt,469
2467,nobel_medicine,1961,summary,,,https://www.nobelprize.org/prizes/medicine/1961/summary/,nobel_medicine/text/1961_summary.txt,347
2468,nobel_medicine,1962,summary,,,https://www.nobelprize.org/prizes/medicine/1962/summary/,nobel_medicine/text/1962_summary.txt,744
2469,nobel_medicine,1963,summary,,,https://www.nobelprize.org/prizes/medicine/1963/summary/,nobel_medicine/text/1963_summary.txt,678
2470,nobel_medicine,1964,summary,,,https://www.nobelprize.org/prizes/medicine/1964/summary/,nobel_medicine/text/1964_summary.txt,455
2471,nobel_medicine,1965,summary,,,https://www.nobelprize.org/prizes/medicine/1965/summary/,nobel_medicine/text/1965_summary.txt,536
2472,nobel_medicine,1966,summary,,,https://www.nobelprize.org/prizes/medicine/1966/summary/,nobel_medicine/text/1966_summary.txt,495
2473,nobel_medicine,1967,summary,,,https://www.nobelprize.org/prizes/medicine/1967/summary/,nobel_medicine/text/1967_summary.txt,596
2474,nobel_medicine,1968,summary,,,https://www.nobelprize.org/prizes/medicine/1968/summary/,nobel_medicine/text/1968_summary.txt,594
2475,nobel_medicine,1969,press-release,,,https://www.nobelprize.org/prizes/medicine/1969/press-release/,nobel_medicine/text/1969_press-release.txt,9805
2476,nobel_medicine,1969,summary,,,https://www.nobelprize.org/prizes/medicine/1969/summary/,nobel_medicine/text/1969_summary.txt,594
2477,nobel_medicine,1970,press-release,,,https://www.nobelprize.org/prizes/medicine/1970/press-release/,nobel_medicine/text/1970_press-release.txt,3053
2478,nobel_medicine,1970,summary,,,https://www.nobelprize.org/prizes/medicine/1970/summary/,nobel_medicine/text/1970_summary.txt,642
2479,nobel_medicine,1971,press-release,,,https://www.nobelprize.org/prizes/medicine/1971/press-release/,nobel_medicine/text/1971_press-release.txt,4868
2480,nobel_medicine,1971,summary,,,https://www.nobelprize.org/prizes/medicine/1971/summary/,nobel_medicine/text/1971_summary.txt,355
2481,nobel_medicine,1972,press-release,,,https://www.nobelprize.org/prizes/medicine/1972/press-release/,nobel_medicine/text/1972_press-release.txt,4449
2482,nobel_medicine,1972,summary,,,https://www.nobelprize.org/prizes/medicine/1972/summary/,nobel_medicine/text/1972_summary.txt,472
2483,nobel_medicine,1973,press-release,,,https://www.nobelprize.org/prizes/medicine/1973/press-release/,nobel_medicine/text/1973_press-release.txt,6828
2484,nobel_medicine,1973,summary,,,https://www.nobelprize.org/prizes/medicine/1973/summary/,nobel_medicine/text/1973_summary.txt,603
2485,nobel_medicine,1974,press-release,,,https://www.nobelprize.org/prizes/medicine/1974/press-release/,nobel_medicine/text/1974_press-release.txt,7445
2486,nobel_medicine,1974,summary,,,https://www.nobelprize.org/prizes/medicine/1974/summary/,nobel_medicine/text/1974_summary.txt,585
2487,nobel_medicine,1975,press-release,,,https://www.nobelprize.org/prizes/medicine/1975/press-release/,nobel_medicine/text/1975_press-release.txt,6854
2488,nobel_medicine,1975,summary,,,https://www.nobelprize.org/prizes/medicine/1975/summary/,nobel_medicine/text/1975_summary.txt,611
2489,nobel_medicine,1976,press-release,,,https://www.nobelprize.org/prizes/medicine/1976/press-release/,nobel_medicine/text/1976_press-release.txt,14296
2490,nobel_medicine,1976,summary,,,https://www.nobelprize.org/prizes/medicine/1976/summary/,nobel_medicine/text/1976_summary.txt,510
2491,nobel_medicine,1977,press-release,,,https://www.nobelprize.org/prizes/medicine/1977/press-release/,nobel_medicine/text/1977_press-release.txt,8312
2492,nobel_medicine,1977,summary,,,https://www.nobelprize.org/prizes/medicine/1977/summary/,nobel_medicine/text/1977_summary.txt,665
2493,nobel_medicine,1978,press-release,,,https://www.nobelprize.org/prizes/medicine/1978/press-release/,nobel_medicine/text/1978_press-release.txt,7536
2494,nobel_medicine,1978,summary,,,https://www.nobelprize.org/prizes/medicine/1978/summary/,nobel_medicine/text/1978_summary.txt,614
2495,nobel_medicine,1979,press-release,,,https://www.nobelprize.org/prizes/medicine/1979/press-release/,nobel_medicine/text/1979_press-release.txt,11728
2496,nobel_medicine,1979,summary,,,https://www.nobelprize.org/prizes/medicine/1979/summary/,nobel_medicine/text/1979_summary.txt,479
2497,nobel_medicine,1980,press-release,,,https://www.nobelprize.org/prizes/medicine/1980/press-release/,nobel_medicine/text/1980_press-release.txt,11087
2498,nobel_medicine,1980,summary,,,https://www.nobelprize.org/prizes/medicine/1980/summary/,nobel_medicine/text/1980_summary.txt,624
2499,nobel_medicine,1981,press-release,,,https://www.nobelprize.org/prizes/medicine/1981/press-release/,nobel_medicine/text/1981_press-release.txt,11477
2500,nobel_medicine,1981,summary,,,https://www.nobelprize.org/prizes/medicine/1981/summary/,nobel_medicine/text/1981_summary.txt,701
2501,nobel_medicine,1982,press-release,,,https://www.nobelprize.org/prizes/medicine/1982/press-release/,nobel_medicine/text/1982_press-release.txt,11820
2502,nobel_medicine,1982,summary,,,https://www.nobelprize.org/prizes/medicine/1982/summary/,nobel_medicine/text/1982_summary.txt,594
2503,nobel_medicine,1983,press-release,,,https://www.nobelprize.org/prizes/medicine/1983/press-release/,nobel_medicine/text/1983_press-release.txt,11927
2504,nobel_medicine,1983,summary,,,https://www.nobelprize.org/prizes/medicine/1983/summary/,nobel_medicine/text/1983_summary.txt,313
2505,nobel_medicine,1984,press-release,,,https://www.nobelprize.org/prizes/medicine/1984/press-release/,nobel_medicine/text/1984_press-release.txt,14205
2506,nobel_medicine,1984,summary,,,https://www.nobelprize.org/prizes/medicine/1984/summary/,nobel_medicine/text/1984_summary.txt,674
2507,nobel_medicine,1985,press-release,,,https://www.nobelprize.org/prizes/medicine/1985/press-release/,nobel_medicine/text/1985_press-release.txt,14215
2508,nobel_medicine,1985,summary,,,https://www.nobelprize.org/prizes/medicine/1985/summary/,nobel_medicine/text/1985_summary.txt,471
2509,nobel_medicine,1986,press-release,,,https://www.nobelprize.org/prizes/medicine/1986/press-release/,nobel_medicine/text/1986_press-release.txt,13583
2510,nobel_medicine,1986,summary,,,https://www.nobelprize.org/prizes/medicine/1986/summary/,nobel_medicine/text/1986_summary.txt,442
2511,nobel_medicine,1987,press-release,,,https://www.nobelprize.org/prizes/medicine/1987/press-release/,nobel_medicine/text/1987_press-release.txt,10875
2512,nobel_medicine,1987,summary,,,https://www.nobelprize.org/prizes/medicine/1987/summary/,nobel_medicine/text/1987_summary.txt,350
2513,nobel_medicine,1988,press-release,,,https://www.nobelprize.org/prizes/medicine/1988/press-release/,nobel_medicine/text/1988_press-release.txt,13550
2514,nobel_medicine,1988,summary,,,https://www.nobelprize.org/prizes/medicine/1988/summary/,nobel_medicine/text/1988_summary.txt,586
2515,nobel_medicine,1989,press-release,,,https://www.nobelprize.org/prizes/medicine/1989/press-release/,nobel_medicine/text/1989_press-release.txt,14655
2516,nobel_medicine,1989,summary,,,https://www.nobelprize.org/prizes/medicine/1989/summary/,nobel_medicine/text/1989_summary.txt,458
2517,nobel_medicine,1990,press-release,,,https://www.nobelprize.org/prizes/medicine/1990/press-release/,nobel_medicine/text/1990_press-release.txt,8582
2518,nobel_medicine,1990,summary,,,https://www.nobelprize.org/prizes/medicine/1990/summary/,nobel_medicine/text/1990_summary.txt,489
2519,nobel_medicine,1991,press-release,,,https://www.nobelprize.org/prizes/medicine/1991/press-release/,nobel_medicine/text/1991_press-release.txt,11655
2520,nobel_medicine,1991,summary,,,https://www.nobelprize.org/prizes/medicine/1991/summary/,nobel_medicine/text/1991_summary.txt,450
2521,nobel_medicine,1992,press-release,,,https://www.nobelprize.org/prizes/medicine/1992/press-release/,nobel_medicine/text/1992_press-release.txt,11838
2522,nobel_medicine,1992,summary,,,https://www.nobelprize.org/prizes/medicine/1992/summary/,nobel_medicine/text/1992_summary.txt,514
2523,nobel_medicine,1993,press-release,,,https://www.nobelprize.org/prizes/medicine/1993/press-release/,nobel_medicine/text/1993_press-release.txt,11685
2524,nobel_medicine,1993,summary,,,https://www.nobelprize.org/prizes/medicine/1993/summary/,nobel_medicine/text/1993_summary.txt,431
2525,nobel_medicine,1994,press-release,,,https://www.nobelprize.org/prizes/medicine/1994/press-release/,nobel_medicine/text/1994_press-release.txt,9927
2526,nobel_medicine,1994,summary,,,https://www.nobelprize.org/prizes/medicine/1994/summary/,nobel_medicine/text/1994_summary.txt,479
2527,nobel_medicine,1995,press-release,,,https://www.nobelprize.org/prizes/medicine/1995/press-release/,nobel_medicine/text/1995_press-release.txt,11923
2528,nobel_medicine,1995,summary,,,https://www.nobelprize.org/prizes/medicine/1995/summary/,nobel_medicine/text/1995_summary.txt,620
2529,nobel_medicine,1996,press-release,,,https://www.nobelprize.org/prizes/medicine/1996/press-release/,nobel_medicine/text/1996_press-release.txt,8966
2530,nobel_medicine,1996,summary,,,https://www.nobelprize.org/prizes/medicine/1996/summary/,nobel_medicine/text/1996_summary.txt,493
2531,nobel_medicine,1997,press-release,,,https://www.nobelprize.org/prizes/medicine/1997/press-release/,nobel_medicine/text/1997_press-release.txt,11788
2532,nobel_medicine,1997,summary,,,https://www.nobelprize.org/prizes/medicine/1997/summary/,nobel_medicine/text/1997_summary.txt,341
2533,nobel_medicine,1998,press-release,,,https://www.nobelprize.org/prizes/medicine/1998/press-release/,nobel_medicine/text/1998_press-release.txt,7065
2534,nobel_medicine,1998,summary,,,https://www.nobelprize.org/prizes/medicine/1998/summary/,nobel_medicine/text/1998_summary.txt,632
2535,nobel_medicine,1999,press-release,,,https://www.nobelprize.org/prizes/medicine/1999/press-release/,nobel_medicine/text/1999_press-release.txt,9921
2536,nobel_medicine,1999,summary,,,https://www.nobelprize.org/prizes/medicine/1999/summary/,nobel_medicine/text/1999_summary.txt,400
2537,nobel_medicine,2000,press-release,,,https://www.nobelprize.org/prizes/medicine/2000/press-release/,nobel_medicine/text/2000_press-release.txt,15679
2538,nobel_medicine,2000,summary,,,https://www.nobelprize.org/prizes/medicine/2000/summary/,nobel_medicine/text/2000_summary.txt,603
2539,nobel_medicine,2001,press-release,,,https://www.nobelprize.org/prizes/medicine/2001/press-release/,nobel_medicine/text/2001_press-release.txt,11193
2540,nobel_medicine,2001,summary,,,https://www.nobelprize.org/prizes/medicine/2001/summary/,nobel_medicine/text/2001_summary.txt,608
2541,nobel_medicine,2002,press-release,,,https://www.nobelprize.org/prizes/medicine/2002/press-release/,nobel_medicine/text/2002_press-release.txt,10886
2542,nobel_medicine,2002,summary,,,https://www.nobelprize.org/prizes/medicine/2002/summary/,nobel_medicine/text/2002_summary.txt,631
2543,nobel_medicine,2003,press-release,,,https://www.nobelprize.org/prizes/medicine/2003/press-release/,nobel_medicine/text/2003_press-release.txt,10650
2544,nobel_medicine,2003,summary,,,https://www.nobelprize.org/prizes/medicine/2003/summary/,nobel_medicine/text/2003_summary.txt,717
2545,nobel_medicine,2004,press-release,,,https://www.nobelprize.org/prizes/medicine/2004/press-release/,nobel_medicine/text/2004_press-release.txt,8892
2546,nobel_medicine,2004,summary,,,https://www.nobelprize.org/prizes/medicine/2004/summary/,nobel_medicine/text/2004_summary.txt,490
2547,nobel_medicine,2005,press-release,,,https://www.nobelprize.org/prizes/medicine/2005/press-release/,nobel_medicine/text/2005_press-release.txt,8120
2548,nobel_medicine,2005,summary,,,https://www.nobelprize.org/prizes/medicine/2005/summary/,nobel_medicine/text/2005_summary.txt,505
2549,nobel_medicine,2006,advanced-information,,,https://www.nobelprize.org/prizes/medicine/2006/advanced-information/,nobel_medicine/text/2006_advanced-information.txt,32645
2550,nobel_medicine,2006,popular-information-pdf,,,https://www.nobelprize.org/uploads/2018/06/popular-medicineprize2006.pdf,nobel_medicine/text/2006_popular-information-pdf.txt,22652
2551,nobel_medicine,2006,popular-information-pdf,,,https://www.nobelprize.org/uploads/2018/06/popular-medicineprize2006-sv.pdf,nobel_medicine/text/2006_popular-information-pdf_2.txt,22227
2552,nobel_medicine,2006,popular-information,,,https://www.nobelprize.org/prizes/medicine/2006/popular-information/,nobel_medicine/text/2006_popular-information.txt,22103
2553,nobel_medicine,2006,press-release-pdf,,,https://www.nobelprize.org/uploads/2018/06/medpress_eng.pdf,nobel_medicine/text/2006_press-release-pdf.txt,1847
2554,nobel_medicine,2006,press-release,,,https://www.nobelprize.org/prizes/medicine/2006/press-release/,nobel_medicine/text/2006_press-release.txt,9702
2555,nobel_medicine,2006,scientific-background,,,https://www.nobelprize.org/uploads/2018/06/advanced-medicineprize2006.pdf,nobel_medicine/text/2006_scientific-background.txt,33763
2556,nobel_medicine,2006,summary,,,https://www.nobelprize.org/prizes/medicine/2006/summary/,nobel_medicine/text/2006_summary.txt,583
2557,nobel_medicine,2007,advanced-information,,,https://www.nobelprize.org/prizes/medicine/2007/advanced-information/,nobel_medicine/text/2007_advanced-information.txt,47964
2558,nobel_medicine,2007,other-pdf,,,https://www.nobelprize.org/uploads/2018/06/med07eng.pdf,nobel_medicine/text/2007_other-pdf.txt,1769
2559,nobel_medicine,2007,popular-information-pdf,,,https://www.nobelprize.org/uploads/2018/06/popular-medicineprize2007.pdf,nobel_medicine/text/2007_popular-information-pdf.txt,26407
2560,nobel_medicine,2007,popular-information-pdf,,,https://www.nobelprize.org/uploads/2018/06/popular-medicineprize2007-sv.pdf,nobel_medicine/text/2007_popular-information-pdf_2.txt,25359
2561,nobel_medicine,2007,popular-information,,,https://www.nobelprize.org/prizes/medicine/2007/popular-information/,nobel_medicine/text/2007_popular-information.txt,21007
2562,nobel_medicine,2007,press-release-pdf,,,https://www.nobelprize.org/uploads/2018/06/press.pdf,nobel_medicine/text/2007_press-release-pdf.txt,8047
2563,nobel_medicine,2007,press-release-pdf,,,https://www.nobelprize.org/uploads/2018/06/press_sv.pdf,nobel_medicine/text/2007_press-release-pdf_2.txt,8131
2564,nobel_medicine,2007,press-release,,,https://www.nobelprize.org/prizes/medicine/2007/press-release/,nobel_medicine/text/2007_press-release.txt,8402
2565,nobel_medicine,2007,scientific-background,,,https://www.nobelprize.org/uploads/2018/06/advanced-medicineprize2007.pdf,nobel_medicine/text/2007_scientific-background.txt,47524
2566,nobel_medicine,2007,summary,,,https://www.nobelprize.org/prizes/medicine/2007/summary/,nobel_medicine/text/2007_summary.txt,741
2567,nobel_medicine,2008,advanced-information,,,https://www.nobelprize.org/prizes/medicine/2008/advanced-information/,nobel_medicine/text/2008_advanced-information.txt,78869
2568,nobel_medicine,2008,popular-information-pdf,,,https://www.nobelprize.org/uploads/2018/06/popular-medicineprize2008.pdf,nobel_medicine/text/2008_popular-information-pdf.txt,25011
2569,nobel_medicine,2008,popular-information-pdf,,,https://www.nobelprize.org/uploads/2018/06/popular-medicineprize2008-sv.pdf,nobel_medicine/text/2008_popular-information-pdf_2.txt,23816
2570,nobel_medicine,2008,popular-information,,,https://www.nobelprize.org/prizes/medicine/2008/popular-information/,nobel_medicine/text/2008_popular-information.txt,19692
2571,nobel_medicine,2008,press-release-pdf,,,https://www.nobelprize.org/uploads/2018/06/press-3.pdf,nobel_medicine/text/2008_press-release-pdf.txt,13094
2572,nobel_medicine,2008,press-release-pdf,,,https://www.nobelprize.org/uploads/2018/06/press_sv-3.pdf,nobel_medicine/text/2008_press-release-pdf_2.txt,9644
2573,nobel_medicine,2008,press-release-pdf,,,https://www.nobelprize.org/uploads/2018/06/bild_press_eng.pdf,nobel_medicine/text/2008_press-release-pdf_3.txt,1478
2574,nobel_medicine,2008,press-release,,,https://www.nobelprize.org/prizes/medicine/2008/press-release/,nobel_medicine/text/2008_press-release.txt,8310
2575,nobel_medicine,2008,scientific-background,,,https://www.nobelprize.org/uploads/2018/06/advanced-medicineprize2008.pdf,nobel_medicine/text/2008_scientific-background.txt,79253
2576,nobel_medicine,2008,summary,,,https://www.nobelprize.org/prizes/medicine/2008/summary/,nobel_medicine/text/2008_summary.txt,813
2577,nobel_medicine,2009,advanced-information,,,https://www.nobelprize.org/prizes/medicine/2009/advanced-information/,nobel_medicine/text/2009_advanced-information.txt,34282
2578,nobel_medicine,2009,popular-information-pdf,,,https://www.nobelprize.org/uploads/2018/06/popular-medicineprize2009.pdf,nobel_medicine/text/2009_popular-information-pdf.txt,23989
2579,nobel_medicine,2009,popular-information-pdf,,,https://www.nobelprize.org/uploads/2013/06/popular-medicineprize2009-sv.pdf,nobel_medicine/text/2009_popular-information-pdf_2.txt,23066
2580,nobel_medicine,2009,popular-information,,,https://www.nobelprize.org/prizes/medicine/2009/popular-information/,nobel_medicine/text/2009_popular-information.txt,20666
2581,nobel_medicine,2009,press-release-pdf,,,https://www.nobelprize.org/uploads/2018/06/press-5.pdf,nobel_medicine/text/2009_press-release-pdf.txt,11548
2582,nobel_medicine,2009,press-release-pdf,,,https://www.nobelprize.org/uploads/2018/06/press_sv-5.pdf,nobel_medicine/text/2009_press-release-pdf_2.txt,10804
2583,nobel_medicine,2009,press-release-pdf,,,https://www.nobelprize.org/uploads/2018/06/bild_press_eng-1.pdf,nobel_medicine/text/2009_press-release-pdf_3.txt,1983
2584,nobel_medicine,2009,press-release-pdf,,,https://www.nobelprize.org/uploads/2018/06/bild_press_eng-2.pdf,nobel_medicine/text/2009_press-release-pdf_4.txt,1983
2585,nobel_medicine,2009,press-release,,,https://www.nobelprize.org/prizes/medicine/2009/press-release/,nobel_medicine/text/2009_press-release.txt,9938
2586,nobel_medicine,2009,scientific-background,,,https://www.nobelprize.org/uploads/2018/06/advanced-medicineprize2009.pdf,nobel_medicine/text/2009_scientific-background.txt,34447
2587,nobel_medicine,2009,summary,,,https://www.nobelprize.org/prizes/medicine/2009/summary/,nobel_medicine/text/2009_summary.txt,738
2588,nobel_medicine,2010,advanced-information,,,https://www.nobelprize.org/prizes/medicine/2010/advanced-information/,nobel_medicine/text/2010_advanced-information.txt,29544
2589,nobel_medicine,2010,popular-information-pdf,,,https://www.nobelprize.org/uploads/2018/06/popular-medicineprize2010.pdf,nobel_medicine/text/2010_popular-information-pdf.txt,13802
2590,nobel_medicine,2010,popular-information-pdf,,,https://www.nobelprize.org/uploads/2018/06/popular-medicineprize2010-sv.pdf,nobel_medicine/text/2010_popular-information-pdf_2.txt,12957
2591,nobel_medicine,2010,popular-information,,,https://www.nobelprize.org/prizes/medicine/2010/popular-information/,nobel_medicine/text/2010_popular-information.txt,13635
2592,nobel_medicine,2010,press-release-pdf,,,https://www.nobelprize.org/uploads/2018/06/press-8.pdf,nobel_medicine/text/2010_press-release-pdf.txt,9597
2593,nobel_medicine,2010,press-release-pdf,,,https://www.nobelprize.org/uploads/2018/06/press_sv-8.pdf,nobel_medicine/text/2010_press-release-pdf_2.txt,9713
2594,nobel_medicine,2010,press-release-pdf,,,https://www.nobelprize.org/uploads/2018/06/bild_press_eng-3.pdf,nobel_medicine/text/2010_press-release-pdf_3.txt,974
2595,nobel_medicine,2010,press-release-pdf,,,https://www.nobelprize.org/uploads/2018/06/bild_press_eng-4.pdf,nobel_medicine/text/2010_press-release-pdf_4.txt,974
2596,nobel_medicine,2010,press-release,,,https://www.nobelprize.org/prizes/medicine/2010/press-release/,nobel_medicine/text/2010_press-release.txt,8626
2597,nobel_medicine,2010,scientific-background,,,https://www.nobelprize.org/uploads/2018/06/advanced-medicineprize2010.pdf,nobel_medicine/text/2010_scientific-background.txt,31565
2598,nobel_medicine,2010,summary,,,https://www.nobelprize.org/prizes/medicine/2010/summary/,nobel_medicine/text/2010_summary.txt,409
2599,nobel_medicine,2011,advanced-information,,,https://www.nobelprize.org/prizes/medicine/2011/advanced-information/,nobel_medicine/text/2011_advanced-information.txt,34523
2600,nobel_medicine,2011,popular-information-pdf,,,https://www.nobelprize.org/uploads/2018/06/popular-medicineprize2011.pdf,nobel_medicine/text/2011_popular-information-pdf.txt,13989
2601,nobel_medicine,2011,popular-information-pdf,,,https://www.nobelprize.org/uploads/2018/06/popular-medicineprize2011-sv.pdf,nobel_medicine/text/2011_popular-information-pdf_2.txt,13337
2602,nobel_medicine,2011,popular-information,,,https://www.nobelprize.org/prizes/medicine/2011/popular-information/,nobel_medicine/text/2011_popular-information.txt,12261
2603,nobel_medicine,2011,press-release-pdf,,,https://www.nobelprize.org/uploads/2018/06/press-13.pdf,nobel_medicine/text/2011_press-release-pdf.txt,10347
2604,nobel_medicine,2011,press-release-pdf,,,https://www.nobelprize.org/uploads/2018/06/press_sv-13.pdf,nobel_medicine/text/2011_press-release-pdf_2.txt,10615
2605,nobel_medicine,2011,press-release-pdf,,,https://www.nobelprize.org/uploads/2018/06/med_image_press_eng.pdf,nobel_medicine/text/2011_press-release-pdf_3.txt,1067
2606,nobel_medicine,2011,press-release-pdf,,,https://www.nobelprize.org/uploads/2018/06/med_image_press_eng-1.pdf,nobel_medicine/text/2011_press-release-pdf_4.txt,1067
2607,nobel_medicine,2011,press-release,,,https://www.nobelprize.org/prizes/medicine/2011/press-release/,nobel_medicine/text/2011_press-release.txt,9592
2608,nobel_medicine,2011,scientific-background,,,https://www.nobelprize.org/uploads/2013/06/advanced-medicineprize2011.pdf,nobel_medicine/text/2011_scientific-background.txt,34136
2609,nobel_medicine,2011,summary,,,https://www.nobelprize.org/prizes/medicine/2011/summary/,nobel_medicine/text/2011_summary.txt,769
2610,nobel_medicine,2012,advanced-information,,,https://www.nobelprize.org/prizes/medicine/2012/advanced-information/,nobel_medicine/text/2012_advanced-information.txt,28920
2611,nobel_medicine,2012,popular-information-pdf,,,https://www.nobelprize.org/uploads/2018/06/popular-medicineprize2012.pdf,nobel_medicine/text/2012_popular-information-pdf.txt,15768
2612,nobel_medicine,2012,popular-information-pdf,,,https://www.nobelprize.org/uploads/2018/06/popular-medicineprize2012-sv.pdf,nobel_medicine/text/2012_popular-information-pdf_2.txt,15165
2613,nobel_medicine,2012,popular-information,,,https://www.nobelprize.org/prizes/medicine/2012/popular-information/,nobel_medicine/text/2012_popular-information.txt,16104
2614,nobel_medicine,2012,press-release-pdf,,,https://www.nobelprize.org/uploads/2018/06/med_image_press_eng-2.pdf,nobel_medicine/text/2012_press-release-pdf.txt,1113
2615,nobel_medicine,2012,press-release-pdf,,,https://www.nobelprize.org/uploads/2018/06/med_image_press_eng-3.pdf,nobel_medicine/text/2012_press-release-pdf_2.txt,1113
2616,nobel_medicine,2012,press-release,,,https://www.nobelprize.org/prizes/medicine/2012/press-release/,nobel_medicine/text/2012_press-release.txt,7925
2617,nobel_medicine,2012,scientific-background,,,https://www.nobelprize.org/uploads/2018/06/advanced-medicineprize2012.pdf,nobel_medicine/text/2012_scientific-background.txt,43825
2618,nobel_medicine,2012,summary,,,https://www.nobelprize.org/prizes/medicine/2012/summary/,nobel_medicine/text/2012_summary.txt,564
2619,nobel_medicine,2013,advanced-information,,,https://www.nobelprize.org/prizes/medicine/2013/advanced-information/,nobel_medicine/text/2013_advanced-information.txt,24373
2620,nobel_medicine,2013,popular-information-pdf,,,https://www.nobelprize.org/uploads/2018/06/popular-medicineprize2013-sv.pdf,nobel_medicine/text/2013_popular-information-pdf.txt,11933
2621,nobel_medicine,2013,popular-information,,,https://www.nobelprize.org/prizes/medicine/2013/popular-information/,nobel_medicine/text/2013_popular-information.txt,304
2622,nobel_medicine,2013,press-release-pdf,,,https://www.nobelprize.org/uploads/2018/06/med_image_press_eng-4.pdf,nobel_medicine/text/2013_press-release-pdf.txt,1728
2623,nobel_medicine,2013,press-release-pdf,,,https://www.nobelprize.org/uploads/2018/06/med_image_press_eng-5.pdf,nobel_medicine/text/2013_press-release-pdf_2.txt,1728
2624,nobel_medicine,2013,press-release,,,https://www.nobelprize.org/prizes/medicine/2013/press-release/,nobel_medicine/text/2013_press-release.txt,9261
2625,nobel_medicine,2013,scientific-background,,,https://www.nobelprize.org/uploads/2018/06/advanced-medicineprize2013.pdf,nobel_medicine/text/2013_scientific-background.txt,24674
2626,nobel_medicine,2013,summary,,,https://www.nobelprize.org/prizes/medicine/2013/summary/,nobel_medicine/text/2013_summary.txt,691
2627,nobel_medicine,2014,advanced-information,,,https://www.nobelprize.org/prizes/medicine/2014/advanced-information/,nobel_medicine/text/2014_advanced-information.txt,26922
2628,nobel_medicine,2014,press-release-pdf,,,https://www.nobelprize.org/uploads/2018/06/med_image_press_eng-6.pdf,nobel_medicine/text/2014_press-release-pdf.txt,1394
2629,nobel_medicine,2014,press-release-pdf,,,https://www.nobelprize.org/uploads/2018/06/med_image_press_eng-7.pdf,nobel_medicine/text/2014_press-release-pdf_2.txt,1394
2630,nobel_medicine,2014,press-release,,,https://www.nobelprize.org/prizes/medicine/2014/press-release/,nobel_medicine/text/2014_press-release.txt,8623
2631,nobel_medicine,2014,scientific-background,,,https://www.nobelprize.org/uploads/2018/06/advanced-medicineprize2014.pdf,nobel_medicine/text/2014_scientific-background.txt,26355
2632,nobel_medicine,2014,summary,,,https://www.nobelprize.org/prizes/medicine/2014/summary/,nobel_medicine/text/2014_summary.txt,666
2633,nobel_medicine,2015,advanced-information,,,https://www.nobelprize.org/prizes/medicine/2015/advanced-information/,nobel_medicine/text/2015_advanced-information.txt,40263
2634,nobel_medicine,2015,press-release-pdf,,,https://www.nobelprize.org/uploads/2018/06/press-29.pdf,nobel_medicine/text/2015_press-release-pdf.txt,10300
2635,nobel_medicine,2015,press-release-pdf,,,https://www.nobelprize.org/uploads/2018/06/press-sv-2.pdf,nobel_medicine/text/2015_press-release-pdf_2.txt,10427
2636,nobel_medicine,2015,press-release,,,https://www.nobelprize.org/prizes/medicine/2015/press-release/,nobel_medicine/text/2015_press-release.txt,10574
2637,nobel_medicine,2015,scientific-background,,,https://www.nobelprize.org/uploads/2018/07/advanced-medicineprize2015.pdf,nobel_medicine/text/2015_scientific-background.txt,40530
2638,nobel_medicine,2015,summary,,,https://www.nobelprize.org/prizes/medicine/2015/summary/,nobel_medicine/text/2015_summary.txt,734
2639,nobel_medicine,2016,advanced-information,,,https://www.nobelprize.org/prizes/medicine/2016/advanced-information/,nobel_medicine/text/2016_advanced-information.txt,27655
2640,nobel_medicine,2016,popular-information-pdf,,,https://www.nobelprize.org/uploads/2018/06/popular-medicineprize2016_sv.pdf,nobel_medicine/text/2016_popular-information-pdf.txt,14739
2641,nobel_medicine,2016,popular-information,,,https://www.nobelprize.org/prizes/medicine/2016/popular-information/,nobel_medicine/text/2016_popular-information.txt,279
2642,nobel_medicine,2016,press-release-pdf,,,https://www.nobelprize.org/uploads/2018/06/press-34.pdf,nobel_medicine/text/2016_press-release-pdf.txt,15366
2643,nobel_medicine,2016,press-release-pdf,,,https://www.nobelprize.org/uploads/2018/06/press-sv-3.pdf,nobel_medicine/text/2016_press-release-pdf_2.txt,15992
2644,nobel_medicine,2016,press-release,,,https://www.nobelprize.org/prizes/medicine/2016/press-release/,nobel_medicine/text/2016_press-release.txt,10172
2645,nobel_medicine,2016,scientific-background,,,https://www.nobelprize.org/uploads/2018/06/advanced-medicineprize2016.pdf,nobel_medicine/text/2016_scientific-background.txt,27464
2646,nobel_medicine,2016,summary,,,https://www.nobelprize.org/prizes/medicine/2016/summary/,nobel_medicine/text/2016_summary.txt,392
2647,nobel_medicine,2017,advanced-information,,,https://www.nobelprize.org/prizes/medicine/2017/advanced-information/,nobel_medicine/text/2017_advanced-information.txt,26962
2648,nobel_medicine,2017,press-release-pdf,,,https://www.nobelprize.org/uploads/2018/06/press-39.pdf,nobel_medicine/text/2017_press-release-pdf.txt,10566
2649,nobel_medicine,2017,press-release-pdf,,,https://www.nobelprize.org/uploads/2018/06/press-sv-7.pdf,nobel_medicine/text/2017_press-release-pdf_2.txt,9311
2650,nobel_medicine,2017,press-release,,,https://www.nobelprize.org/prizes/medicine/2017/press-release/,nobel_medicine/text/2017_press-release.txt,10723
2651,nobel_medicine,2017,scientific-background,,,https://www.nobelprize.org/uploads/2018/06/advanced-medicineprize2017.pdf,nobel_medicine/text/2017_scientific-background.txt,26609
2652,nobel_medicine,2017,summary,,,https://www.nobelprize.org/prizes/medicine/2017/summary/,nobel_medicine/text/2017_summary.txt,931
2653,nobel_medicine,2018,advanced-information,,,https://www.nobelprize.org/prizes/medicine/2018/advanced-information/,nobel_medicine/text/2018_advanced-information.txt,65582
2654,nobel_medicine,2018,press-release-pdf,,,https://www.nobelprize.org/uploads/2018/10/press-medicine2018.pdf,nobel_medicine/text/2018_press-release-pdf.txt,12442
2655,nobel_medicine,2018,press-release-pdf,,,https://www.nobelprize.org/uploads/2018/10/press-medicine2018-sv.pdf,nobel_medicine/text/2018_press-release-pdf_2.txt,12094
2656,nobel_medicine,2018,press-release,,,https://www.nobelprize.org/prizes/medicine/2018/press-release/,nobel_medicine/text/2018_press-release.txt,12643
2657,nobel_medicine,2018,scientific-background,,,https://www.nobelprize.org/uploads/2018/10/advanced-medicineprize2018.pdf,nobel_medicine/text/2018_scientific-background.txt,80561
2658,nobel_medicine,2018,summary,,,https://www.nobelprize.org/prizes/medicine/2018/summary/,nobel_medicine/text/2018_summary.txt,938
2659,nobel_medicine,2019,advanced-information,,,https://www.nobelprize.org/prizes/medicine/2019/advanced-information/,nobel_medicine/text/2019_advanced-information.txt,37701
2660,nobel_medicine,2019,press-release-pdf,,,https://www.nobelprize.org/uploads/2019/10/press-medicine2019.pdf,nobel_medicine/text/2019_press-release-pdf.txt,12527
2661,nobel_medicine,2019,press-release,,,https://www.nobelprize.org/prizes/medicine/2019/press-release/,nobel_medicine/text/2019_press-release.txt,12947
2662,nobel_medicine,2019,scientific-background,,,https://www.nobelprize.org/uploads/2019/10/advanced-medicineprize2019.pdf,nobel_medicine/text/2019_scientific-background.txt,37236
2663,nobel_medicine,2019,summary,,,https://www.nobelprize.org/prizes/medicine/2019/summary/,nobel_medicine/text/2019_summary.txt,931
2664,nobel_medicine,2020,advanced-information,,,https://www.nobelprize.org/prizes/medicine/2020/advanced-information/,nobel_medicine/text/2020_advanced-information.txt,28596
2665,nobel_medicine,2020,press-release-pdf,,,https://www.nobelprize.org/uploads/2020/10/press-medicine2020.pdf,nobel_medicine/text/2020_press-release-pdf.txt,11239
2666,nobel_medicine,2020,press-release-pdf,,,https://www.nobelprize.org/uploads/2020/10/press-medicine2020-sv.pdf,nobel_medicine/text/2020_press-release-pdf_2.txt,10897
2667,nobel_medicine,2020,press-release,,,https://www.nobelprize.org/prizes/medicine/2020/press-release/,nobel_medicine/text/2020_press-release.txt,11628
2668,nobel_medicine,2020,scientific-background,,,https://www.nobelprize.org/uploads/2020/10/advanced-medicineprize2020-2.pdf,nobel_medicine/text/2020_scientific-background.txt,28400
2669,nobel_medicine,2020,summary,,,https://www.nobelprize.org/prizes/medicine/2020/summary/,nobel_medicine/text/2020_summary.txt,911
2670,nobel_medicine,2021,advanced-information,,,https://www.nobelprize.org/prizes/medicine/2021/advanced-information/,nobel_medicine/text/2021_advanced-information.txt,60837
2671,nobel_medicine,2021,press-release-pdf,,,https://www.nobelprize.org/uploads/2021/10/press-medicineprize2021.pdf,nobel_medicine/text/2021_press-release-pdf.txt,12073
2672,nobel_medicine,2021,press-release,,,https://www.nobelprize.org/prizes/medicine/2021/press-release/,nobel_medicine/text/2021_press-release.txt,12415
2673,nobel_medicine,2021,scientific-background,,,https://www.nobelprize.org/uploads/2021/10/advanced-medicine-2021.pdf,nobel_medicine/text/2021_scientific-background.txt,60938
2674,nobel_medicine,2021,summary,,,https://www.nobelprize.org/prizes/medicine/2021/summary/,nobel_medicine/text/2021_summary.txt,507
2675,nobel_medicine,2022,advanced-information,,,https://www.nobelprize.org/prizes/medicine/2022/advanced-information/,nobel_medicine/text/2022_advanced-information.txt,58902
2676,nobel_medicine,2022,press-release-pdf,,,https://www.nobelprize.org/uploads/2022/10/press-medicine2022.pdf,nobel_medicine/text/2022_press-release-pdf.txt,13250
2677,nobel_medicine,2022,press-release,,,https://www.nobelprize.org/prizes/medicine/2022/press-release/,nobel_medicine/text/2022_press-release.txt,13573
2678,nobel_medicine,2022,scientific-background,,,https://www.nobelprize.org/uploads/2022/10/advanced-medicineprize2022.pdf,nobel_medicine/text/2022_scientific-background.txt,58855
2679,nobel_medicine,2022,summary,,,https://www.nobelprize.org/prizes/medicine/2022/summary/,nobel_medicine/text/2022_summary.txt,397
2680,nobel_medicine,2023,advanced-information,,,https://www.nobelprize.org/prizes/medicine/2023/advanced-information/,nobel_medicine/text/2023_advanced-information.txt,55006
2681,nobel_medicine,2023,press-release-pdf,,,https://www.nobelprize.org/uploads/2023/10/press-medicineprize2023-3.pdf,nobel_medicine/text/2023_press-release-pdf.txt,9967
2682,nobel_medicine,2023,press-release,,,https://www.nobelprize.org/prizes/medicine/2023/press-release/,nobel_medicine/text/2023_press-release.txt,10592
2683,nobel_medicine,2023,scientific-background,,,https://www.nobelprize.org/uploads/2023/10/advanced-medicinprize2023-3.pdf,nobel_medicine/text/2023_scientific-background.txt,54110
2684,nobel_medicine,2023,summary,,,https://www.nobelprize.org/prizes/medicine/2023/summary/,nobel_medicine/text/2023_summary.txt,578
2685,nobel_medicine,2024,advanced-information,,,https://www.nobelprize.org/prizes/medicine/2024/advanced-information/,nobel_medicine/text/2024_advanced-information.txt,38809
2686,nobel_medicine,2024,press-release-pdf,,,https://www.nobelprize.org/uploads/2024/11/press-medicineprize2024.pdf,nobel_medicine/text/2024_press-release-pdf.txt,11963
2687,nobel_medicine,2024,press-release,,,https://www.nobelprize.org/prizes/medicine/2024/press-release/,nobel_medicine/text/2024_press-release.txt,13118
2688,nobel_medicine,2024,scientific-background,,,https://www.nobelprize.org/uploads/2024/10/advanced-medicineprize2024-2.pdf,nobel_medicine/text/2024_scientific-background.txt,38243
2689,nobel_medicine,2024,summary,,,https://www.nobelprize.org/prizes/medicine/2024/summary/,nobel_medicine/text/2024_summary.txt,516
2690,nobel_medicine,2025,advanced-information,,,https://www.nobelprize.org/prizes/medicine/2025/advanced-information/,nobel_medicine/text/2025_advanced-information.txt,397
2691,nobel_medicine,2025,popular-information-pdf,,,https://www.nobelprize.org/uploads/2025/10/popular-medicineprize2025-2.pdf,nobel_medicine/text/2025_popular-information-pdf.txt,16044
2692,nobel_medicine,2025,popular-information,,,https://www.nobelprize.org/prizes/medicine/2025/popular-information/,nobel_medicine/text/2025_popular-information.txt,17288
2693,nobel_medicine,2025,press-release-pdf,,,https://www.nobelprize.org/uploads/2025/10/press-medicineprize2025.pdf,nobel_medicine/text/2025_press-release-pdf.txt,3832
2694,nobel_medicine,2025,press-release,,,https://www.nobelprize.org/prizes/medicine/2025/press-release/,nobel_medicine/text/2025_press-release.txt,5198
2695,nobel_medicine,2025,scientific-background,,,https://www.nobelprize.org/uploads/2025/12/advanced-medicineprize2025-2.pdf,nobel_medicine/text/2025_scientific-background.txt,57276
2696,nobel_medicine,2025,summary,,,https://www.nobelprize.org/prizes/medicine/2025/summary/,nobel_medicine/text/2025_summary.txt,669
2697,nobel_medicine,1901,biographical,Emil von Behring,,https://www.nobelprize.org/prizes/medicine/1901/behring/biographical/,nobel_medicine/text_laureate/1901_behring_biographical.txt,6544
2698,nobel_medicine,1901,facts,Emil von Behring,,https://www.nobelprize.org/prizes/medicine/1901/behring/facts/,nobel_medicine/text_laureate/1901_behring_facts.txt,1847
2699,nobel_medicine,1901,lecture,Emil von Behring,,https://www.nobelprize.org/prizes/medicine/1901/behring/lecture/,nobel_medicine/text_laureate/1901_behring_lecture.txt,27314
2700,nobel_medicine,1902,biographical,Ronald Ross,,https://www.nobelprize.org/prizes/medicine/1902/ross/biographical/,nobel_medicine/text_laureate/1902_ross_biographical.txt,6060
2701,nobel_medicine,1902,facts,Ronald Ross,,https://www.nobelprize.org/prizes/medicine/1902/ross/facts/,nobel_medicine/text_laureate/1902_ross_facts.txt,1757
2702,nobel_medicine,1902,lecture,Ronald Ross,,https://www.nobelprize.org/prizes/medicine/1902/ross/lecture/,nobel_medicine/text_laureate/1902_ross_lecture.txt,308
2703,nobel_medicine,1902,lecture-pdf,Ronald Ross,,https://www.nobelprize.org/uploads/2025/09/ross-lecture-2.pdf,nobel_medicine/text_laureate/1902_ross_lecture_pdf0.txt,225606
2704,nobel_medicine,1903,biographical,Niels Ryberg Finsen,,https://www.nobelprize.org/prizes/medicine/1903/finsen/biographical/,nobel_medicine/text_laureate/1903_finsen_biographical.txt,9217
2705,nobel_medicine,1903,facts,Niels Ryberg Finsen,,https://www.nobelprize.org/prizes/medicine/1903/finsen/facts/,nobel_medicine/text_laureate/1903_finsen_facts.txt,1740
2706,nobel_medicine,1903,lecture,Niels Ryberg Finsen,,https://www.nobelprize.org/prizes/medicine/1903/finsen/lecture/,nobel_medicine/text_laureate/1903_finsen_lecture.txt,202
2707,nobel_medicine,1904,biographical,Ivan Pavlov,,https://www.nobelprize.org/prizes/medicine/1904/pavlov/biographical/,nobel_medicine/text_laureate/1904_pavlov_biographical.txt,10420
2708,nobel_medicine,1904,facts,Ivan Pavlov,,https://www.nobelprize.org/prizes/medicine/1904/pavlov/facts/,nobel_medicine/text_laureate/1904_pavlov_facts.txt,1919
2709,nobel_medicine,1904,lecture,Ivan Pavlov,,https://www.nobelprize.org/prizes/medicine/1904/pavlov/lecture/,nobel_medicine/text_laureate/1904_pavlov_lecture.txt,40090
2710,nobel_medicine,1905,biographical,Robert Koch,,https://www.nobelprize.org/prizes/medicine/1905/koch/biographical/,nobel_medicine/text_laureate/1905_koch_biographical.txt,11035
2711,nobel_medicine,1905,facts,Robert Koch,,https://www.nobelprize.org/prizes/medicine/1905/koch/facts/,nobel_medicine/text_laureate/1905_koch_facts.txt,1064
2712,nobel_medicine,1905,lecture,Robert Koch,,https://www.nobelprize.org/prizes/medicine/1905/koch/lecture/,nobel_medicine/text_laureate/1905_koch_lecture.txt,26371
2713,nobel_medicine,1906,biographical,Santiago Ramón y Cajal,,https://www.nobelprize.org/prizes/medicine/1906/cajal/biographical/,nobel_medicine/text_laureate/1906_cajal_biographical.txt,6582
2714,nobel_medicine,1906,facts,Santiago Ramón y Cajal,,https://www.nobelprize.org/prizes/medicine/1906/cajal/facts/,nobel_medicine/text_laureate/1906_cajal_facts.txt,1671
2715,nobel_medicine,1906,lecture,Santiago Ramón y Cajal,,https://www.nobelprize.org/prizes/medicine/1906/cajal/lecture/,nobel_medicine/text_laureate/1906_cajal_lecture.txt,369
2716,nobel_medicine,1906,lecture-pdf,Santiago Ramón y Cajal,,https://www.nobelprize.org/uploads/2018/06/cajal-lecture.pdf,nobel_medicine/text_laureate/1906_cajal_lecture_pdf0.txt,54974
2717,nobel_medicine,1906,biographical,Camillo Golgi,,https://www.nobelprize.org/prizes/medicine/1906/golgi/biographical/,nobel_medicine/text_laureate/1906_golgi_biographical.txt,3830
2718,nobel_medicine,1906,facts,Camillo Golgi,,https://www.nobelprize.org/prizes/medicine/1906/golgi/facts/,nobel_medicine/text_laureate/1906_golgi_facts.txt,1687
2719,nobel_medicine,1906,lecture,Camillo Golgi,,https://www.nobelprize.org/prizes/medicine/1906/golgi/lecture/,nobel_medicine/text_laureate/1906_golgi_lecture.txt,394
2720,nobel_medicine,1906,lecture-pdf,Camillo Golgi,,https://www.nobelprize.org/uploads/2018/06/golgi-lecture.pdf,nobel_medicine/text_laureate/1906_golgi_lecture_pdf0.txt,51272
2721,nobel_medicine,1907,biographical,Alphonse Laveran,,https://www.nobelprize.org/prizes/medicine/1907/laveran/biographical/,nobel_medicine/text_laureate/1907_laveran_biographical.txt,6159
2722,nobel_medicine,1907,facts,Alphonse Laveran,,https://www.nobelprize.org/prizes/medicine/1907/laveran/facts/,nobel_medicine/text_laureate/1907_laveran_facts.txt,1659
2723,nobel_medicine,1907,lecture,Alphonse Laveran,,https://www.nobelprize.org/prizes/medicine/1907/laveran/lecture/,nobel_medicine/text_laureate/1907_laveran_lecture.txt,19623
2724,nobel_medicine,1908,biographical,Paul Ehrlich,,https://www.nobelprize.org/prizes/medicine/1908/ehrlich/biographical/,nobel_medicine/text_laureate/1908_ehrlich_biographical.txt,9427
2725,nobel_medicine,1908,facts,Paul Ehrlich,,https://www.nobelprize.org/prizes/medicine/1908/ehrlich/facts/,nobel_medicine/text_laureate/1908_ehrlich_facts.txt,1240
2726,nobel_medicine,1908,lecture,Paul Ehrlich,,https://www.nobelprize.org/prizes/medicine/1908/ehrlich/lecture/,nobel_medicine/text_laureate/1908_ehrlich_lecture.txt,316
2727,nobel_medicine,1908,lecture-pdf,Paul Ehrlich,,https://www.nobelprize.org/uploads/2018/06/ehrlich-lecture.pdf,nobel_medicine/text_laureate/1908_ehrlich_lecture_pdf0.txt,44591
2728,nobel_medicine,1908,biographical,Ilya Mechnikov,,https://www.nobelprize.org/prizes/medicine/1908/mechnikov/biographical/,nobel_medicine/text_laureate/1908_mechnikov_biographical.txt,8323
2729,nobel_medicine,1908,facts,Ilya Mechnikov,,https://www.nobelprize.org/prizes/medicine/1908/mechnikov/facts/,nobel_medicine/text_laureate/1908_mechnikov_facts.txt,1073
2730,nobel_medicine,1908,lecture,Ilya Mechnikov,,https://www.nobelprize.org/prizes/medicine/1908/mechnikov/lecture/,nobel_medicine/text_laureate/1908_mechnikov_lecture.txt,52359
2731,nobel_medicine,1909,biographical,Theodor Kocher,,https://www.nobelprize.org/prizes/medicine/1909/kocher/biographical/,nobel_medicine/text_laureate/1909_kocher_biographical.txt,7967
2732,nobel_medicine,1909,facts,Theodor Kocher,,https://www.nobelprize.org/prizes/medicine/1909/kocher/facts/,nobel_medicine/text_laureate/1909_kocher_facts.txt,1109
2733,nobel_medicine,1909,lecture,Theodor Kocher,,https://www.nobelprize.org/prizes/medicine/1909/kocher/lecture/,nobel_medicine/text_laureate/1909_kocher_lecture.txt,364
2734,nobel_medicine,1909,lecture-pdf,Theodor Kocher,,https://www.nobelprize.org/uploads/2018/06/kocher-lecture.pdf,nobel_medicine/text_laureate/1909_kocher_lecture_pdf0.txt,143584
2735,nobel_medicine,1910,biographical,Albrecht Kossel,,https://www.nobelprize.org/prizes/medicine/1910/kossel/biographical/,nobel_medicine/text_laureate/1910_kossel_biographical.txt,4752
2736,nobel_medicine,1910,facts,Albrecht Kossel,,https://www.nobelprize.org/prizes/medicine/1910/kossel/facts/,nobel_medicine/text_laureate/1910_kossel_facts.txt,1140
2737,nobel_medicine,1910,lecture,Albrecht Kossel,,https://www.nobelprize.org/prizes/medicine/1910/kossel/lecture/,nobel_medicine/text_laureate/1910_kossel_lecture.txt,28055
2738,nobel_medicine,1911,biographical,Allvar Gullstrand,,https://www.nobelprize.org/prizes/medicine/1911/gullstrand/biographical/,nobel_medicine/text_laureate/1911_gullstrand_biographical.txt,5483
2739,nobel_medicine,1911,facts,Allvar Gullstrand,,https://www.nobelprize.org/prizes/medicine/1911/gullstrand/facts/,nobel_medicine/text_laureate/1911_gullstrand_facts.txt,1084
2740,nobel_medicine,1911,lecture,Allvar Gullstrand,,https://www.nobelprize.org/prizes/medicine/1911/gullstrand/lecture/,nobel_medicine/text_laureate/1911_gullstrand_lecture.txt,319
2741,nobel_medicine,1911,lecture-pdf,Allvar Gullstrand,,https://www.nobelprize.org/uploads/2018/06/gullstrand-lecture.pdf,nobel_medicine/text_laureate/1911_gullstrand_lecture_pdf0.txt,47877
2742,nobel_medicine,1912,biographical,Alexis Carrel,,https://www.nobelprize.org/prizes/medicine/1912/carrel/biographical/,nobel_medicine/text_laureate/1912_carrel_biographical.txt,4072
2743,nobel_medicine,1912,facts,Alexis Carrel,,https://www.nobelprize.org/prizes/medicine/1912/carrel/facts/,nobel_medicine/text_laureate/1912_carrel_facts.txt,1151
2744,nobel_medicine,1912,lecture,Alexis Carrel,,https://www.nobelprize.org/prizes/medicine/1912/carrel/lecture/,nobel_medicine/text_laureate/1912_carrel_lecture.txt,63714
2745,nobel_medicine,1913,biographical,Charles Richet,,https://www.nobelprize.org/prizes/medicine/1913/richet/biographical/,nobel_medicine/text_laureate/1913_richet_biographical.txt,4076
2746,nobel_medicine,1913,facts,Charles Richet,,https://www.nobelprize.org/prizes/medicine/1913/richet/facts/,nobel_medicine/text_laureate/1913_richet_facts.txt,1122
2747,nobel_medicine,1913,lecture,Charles Richet,,https://www.nobelprize.org/prizes/medicine/1913/richet/lecture/,nobel_medicine/text_laureate/1913_richet_lecture.txt,44756
2748,nobel_medicine,1914,biographical,Robert Bárány,,https://www.nobelprize.org/prizes/medicine/1914/barany/biographical/,nobel_medicine/text_laureate/1914_barany_biographical.txt,3527
2749,nobel_medicine,1914,facts,Robert Bárány,,https://www.nobelprize.org/prizes/medicine/1914/barany/facts/,nobel_medicine/text_laureate/1914_barany_facts.txt,1780
2750,nobel_medicine,1914,lecture,Robert Bárány,,https://www.nobelprize.org/prizes/medicine/1914/barany/lecture/,nobel_medicine/text_laureate/1914_barany_lecture.txt,33866
2751,nobel_medicine,1914,lecture-pdf,Robert Bárány,,https://www.nobelprize.org/uploads/2017/06/barany-lecture.pdf,nobel_medicine/text_laureate/1914_barany_lecture_pdf0.txt,4427
2752,nobel_medicine,1919,biographical,Jules Bordet,,https://www.nobelprize.org/prizes/medicine/1919/bordet/biographical/,nobel_medicine/text_laureate/1919_bordet_biographical.txt,3197
2753,nobel_medicine,1919,facts,Jules Bordet,,https://www.nobelprize.org/prizes/medicine/1919/bordet/facts/,nobel_medicine/text_laureate/1919_bordet_facts.txt,1123
2754,nobel_medicine,1919,lecture,Jules Bordet,,https://www.nobelprize.org/prizes/medicine/1919/bordet/lecture/,nobel_medicine/text_laureate/1919_bordet_lecture.txt,227
2755,nobel_medicine,1920,biographical,August Krogh,,https://www.nobelprize.org/prizes/medicine/1920/krogh/biographical/,nobel_medicine/text_laureate/1920_krogh_biographical.txt,11896
2756,nobel_medicine,1920,facts,August Krogh,,https://www.nobelprize.org/prizes/medicine/1920/krogh/facts/,nobel_medicine/text_laureate/1920_krogh_facts.txt,1602
2757,nobel_medicine,1920,lecture,August Krogh,,https://www.nobelprize.org/prizes/medicine/1920/krogh/lecture/,nobel_medicine/text_laureate/1920_krogh_lecture.txt,20562
2758,nobel_medicine,1922,biographical,Archibald V. Hill,,https://www.nobelprize.org/prizes/medicine/1922/hill/biographical/,nobel_medicine/text_laureate/1922_hill_biographical.txt,6084
2759,nobel_medicine,1922,facts,Archibald V. Hill,,https://www.nobelprize.org/prizes/medicine/1922/hill/facts/,nobel_medicine/text_laureate/1922_hill_facts.txt,1154
2760,nobel_medicine,1922,lecture,Archibald V. Hill,,https://www.nobelprize.org/prizes/medicine/1922/hill/lecture/,nobel_medicine/text_laureate/1922_hill_lecture.txt,38044
2761,nobel_medicine,1922,biographical,Otto Meyerhof,,https://www.nobelprize.org/prizes/medicine/1922/meyerhof/biographical/,nobel_medicine/text_laureate/1922_meyerhof_biographical.txt,7776
2762,nobel_medicine,1922,facts,Otto Meyerhof,,https://www.nobelprize.org/prizes/medicine/1922/meyerhof/facts/,nobel_medicine/text_laureate/1922_meyerhof_facts.txt,1217
2763,nobel_medicine,1922,lecture,Otto Meyerhof,,https://www.nobelprize.org/prizes/medicine/1922/meyerhof/lecture/,nobel_medicine/text_laureate/1922_meyerhof_lecture.txt,347
2764,nobel_medicine,1922,lecture-pdf,Otto Meyerhof,,https://www.nobelprize.org/uploads/2018/06/meyerhof-lecture.pdf,nobel_medicine/text_laureate/1922_meyerhof_lecture_pdf0.txt,28770
2765,nobel_medicine,1923,biographical,Frederick G. Banting,,https://www.nobelprize.org/prizes/medicine/1923/banting/biographical/,nobel_medicine/text_laureate/1923_banting_biographical.txt,5317
2766,nobel_medicine,1923,facts,Frederick G. Banting,,https://www.nobelprize.org/prizes/medicine/1923/banting/facts/,nobel_medicine/text_laureate/1923_banting_facts.txt,1529
2767,nobel_medicine,1923,lecture,Frederick G. Banting,,https://www.nobelprize.org/prizes/medicine/1923/banting/lecture/,nobel_medicine/text_laureate/1923_banting_lecture.txt,50954
2768,nobel_medicine,1923,biographical,John Macleod,,https://www.nobelprize.org/prizes/medicine/1923/macleod/biographical/,nobel_medicine/text_laureate/1923_macleod_biographical.txt,6644
2769,nobel_medicine,1923,facts,John Macleod,,https://www.nobelprize.org/prizes/medicine/1923/macleod/facts/,nobel_medicine/text_laureate/1923_macleod_facts.txt,1498
2770,nobel_medicine,1923,lecture,John Macleod,,https://www.nobelprize.org/prizes/medicine/1923/macleod/lecture/,nobel_medicine/text_laureate/1923_macleod_lecture.txt,30458
2771,nobel_medicine,1924,biographical,Willem Einthoven,,https://www.nobelprize.org/prizes/medicine/1924/einthoven/biographical/,nobel_medicine/text_laureate/1924_einthoven_biographical.txt,7934
2772,nobel_medicine,1924,facts,Willem Einthoven,,https://www.nobelprize.org/prizes/medicine/1924/einthoven/facts/,nobel_medicine/text_laureate/1924_einthoven_facts.txt,1532
2773,nobel_medicine,1924,lecture,Willem Einthoven,,https://www.nobelprize.org/prizes/medicine/1924/einthoven/lecture/,nobel_medicine/text_laureate/1924_einthoven_lecture.txt,381
2774,nobel_medicine,1924,lecture-pdf,Willem Einthoven,,https://www.nobelprize.org/uploads/2018/06/einthoven-lecture.pdf,nobel_medicine/text_laureate/1924_einthoven_lecture_pdf0.txt,26309
2775,nobel_medicine,1926,biographical,Johannes Fibiger,,https://www.nobelprize.org/prizes/medicine/1926/fibiger/biographical/,nobel_medicine/text_laureate/1926_fibiger_biographical.txt,4000
2776,nobel_medicine,1926,facts,Johannes Fibiger,,https://www.nobelprize.org/prizes/medicine/1926/fibiger/facts/,nobel_medicine/text_laureate/1926_fibiger_facts.txt,1143
2777,nobel_medicine,1926,lecture,Johannes Fibiger,,https://www.nobelprize.org/prizes/medicine/1926/fibiger/lecture/,nobel_medicine/text_laureate/1926_fibiger_lecture.txt,397
2778,nobel_medicine,1926,lecture-pdf,Johannes Fibiger,,https://www.nobelprize.org/uploads/2018/06/fibiger-lecture.pdf,nobel_medicine/text_laureate/1926_fibiger_lecture_pdf0.txt,50304
2779,nobel_medicine,1927,biographical,Julius Wagner-Jauregg,,https://www.nobelprize.org/prizes/medicine/1927/wagner-jauregg/biographical/,nobel_medicine/text_laureate/1927_wagner-jauregg_biographical.txt,5326
2780,nobel_medicine,1927,facts,Julius Wagner-Jauregg,,https://www.nobelprize.org/prizes/medicine/1927/wagner-jauregg/facts/,nobel_medicine/text_laureate/1927_wagner-jauregg_facts.txt,1087
2781,nobel_medicine,1927,lecture,Julius Wagner-Jauregg,,https://www.nobelprize.org/prizes/medicine/1927/wagner-jauregg/lecture/,nobel_medicine/text_laureate/1927_wagner-jauregg_lecture.txt,26914
2782,nobel_medicine,1928,biographical,Charles Nicolle,,https://www.nobelprize.org/prizes/medicine/1928/nicolle/biographical/,nobel_medicine/text_laureate/1928_nicolle_biographical.txt,3991
2783,nobel_medicine,1928,facts,Charles Nicolle,,https://www.nobelprize.org/prizes/medicine/1928/nicolle/facts/,nobel_medicine/text_laureate/1928_nicolle_facts.txt,1092
2784,nobel_medicine,1928,lecture,Charles Nicolle,,https://www.nobelprize.org/prizes/medicine/1928/nicolle/lecture/,nobel_medicine/text_laureate/1928_nicolle_lecture.txt,19724
2785,nobel_medicine,1929,biographical,Christiaan Eijkman,,https://www.nobelprize.org/prizes/medicine/1929/eijkman/biographical/,nobel_medicine/text_laureate/1929_eijkman_biographical.txt,7764
2786,nobel_medicine,1929,facts,Christiaan Eijkman,,https://www.nobelprize.org/prizes/medicine/1929/eijkman/facts/,nobel_medicine/text_laureate/1929_eijkman_facts.txt,1264
2787,nobel_medicine,1929,lecture,Christiaan Eijkman,,https://www.nobelprize.org/prizes/medicine/1929/eijkman/lecture/,nobel_medicine/text_laureate/1929_eijkman_lecture.txt,22854
2788,nobel_medicine,1929,biographical,Sir Frederick Hopkins,,https://www.nobelprize.org/prizes/medicine/1929/hopkins/biographical/,nobel_medicine/text_laureate/1929_hopkins_biographical.txt,5875
2789,nobel_medicine,1929,facts,Sir Frederick Hopkins,,https://www.nobelprize.org/prizes/medicine/1929/hopkins/facts/,nobel_medicine/text_laureate/1929_hopkins_facts.txt,1182
2790,nobel_medicine,1929,lecture,Sir Frederick Hopkins,,https://www.nobelprize.org/prizes/medicine/1929/hopkins/lecture/,nobel_medicine/text_laureate/1929_hopkins_lecture.txt,30898
2791,nobel_medicine,1930,biographical,Karl Landsteiner,,https://www.nobelprize.org/prizes/medicine/1930/landsteiner/biographical/,nobel_medicine/text_laureate/1930_landsteiner_biographical.txt,7192
2792,nobel_medicine,1930,facts,Karl Landsteiner,,https://www.nobelprize.org/prizes/medicine/1930/landsteiner/facts/,nobel_medicine/text_laureate/1930_landsteiner_facts.txt,1279
2793,nobel_medicine,1930,lecture,Karl Landsteiner,,https://www.nobelprize.org/prizes/medicine/1930/landsteiner/lecture/,nobel_medicine/text_laureate/1930_landsteiner_lecture.txt,531
2794,nobel_medicine,1930,lecture-pdf,Karl Landsteiner,,https://www.nobelprize.org/uploads/2018/06/landsteiner-lecture.pdf,nobel_medicine/text_laureate/1930_landsteiner_lecture_pdf0.txt,31453
2795,nobel_medicine,1931,biographical,Otto Warburg,,https://www.nobelprize.org/prizes/medicine/1931/warburg/biographical/,nobel_medicine/text_laureate/1931_warburg_biographical.txt,3533
2796,nobel_medicine,1931,facts,Otto Warburg,,https://www.nobelprize.org/prizes/medicine/1931/warburg/facts/,nobel_medicine/text_laureate/1931_warburg_facts.txt,1183
2797,nobel_medicine,1931,lecture,Otto Warburg,,https://www.nobelprize.org/prizes/medicine/1931/warburg/lecture/,nobel_medicine/text_laureate/1931_warburg_lecture.txt,280
2798,nobel_medicine,1931,lecture-pdf,Otto Warburg,,https://www.nobelprize.org/uploads/2018/06/warburg-lecture.pdf,nobel_medicine/text_laureate/1931_warburg_lecture_pdf0.txt,26056
2799,nobel_medicine,1932,biographical,Edgar Adrian,,https://www.nobelprize.org/prizes/medicine/1932/adrian/biographical/,nobel_medicine/text_laureate/1932_adrian_biographical.txt,8179
2800,nobel_medicine,1932,facts,Edgar Adrian,,https://www.nobelprize.org/prizes/medicine/1932/adrian/facts/,nobel_medicine/text_laureate/1932_adrian_facts.txt,1228
2801,nobel_medicine,1932,lecture,Edgar Adrian,,https://www.nobelprize.org/prizes/medicine/1932/adrian/lecture/,nobel_medicine/text_laureate/1932_adrian_lecture.txt,21408
2802,nobel_medicine,1932,biographical,Sir Charles Sherrington,,https://www.nobelprize.org/prizes/medicine/1932/sherrington/biographical/,nobel_medicine/text_laureate/1932_sherrington_biographical.txt,7835
2803,nobel_medicine,1932,facts,Sir Charles Sherrington,,https://www.nobelprize.org/prizes/medicine/1932/sherrington/facts/,nobel_medicine/text_laureate/1932_sherrington_facts.txt,1197
2804,nobel_medicine,1932,lecture,Sir Charles Sherrington,,https://www.nobelprize.org/prizes/medicine/1932/sherrington/lecture/,nobel_medicine/text_laureate/1932_sherrington_lecture.txt,31312
2805,nobel_medicine,1933,biographical,Thomas H. Morgan,,https://www.nobelprize.org/prizes/medicine/1933/morgan/biographical/,nobel_medicine/text_laureate/1933_morgan_biographical.txt,7182
2806,nobel_medicine,1933,facts,Thomas H. Morgan,,https://www.nobelprize.org/prizes/medicine/1933/morgan/facts/,nobel_medicine/text_laureate/1933_morgan_facts.txt,1163
2807,nobel_medicine,1933,lecture,Thomas H. Morgan,,https://www.nobelprize.org/prizes/medicine/1933/morgan/lecture/,nobel_medicine/text_laureate/1933_morgan_lecture.txt,341
2808,nobel_medicine,1933,lecture-pdf,Thomas H. Morgan,,https://www.nobelprize.org/uploads/2018/06/morgan-lecture.pdf,nobel_medicine/text_laureate/1933_morgan_lecture_pdf0.txt,36056
2809,nobel_medicine,1934,biographical,George R. Minot,,https://www.nobelprize.org/prizes/medicine/1934/minot/biographical/,nobel_medicine/text_laureate/1934_minot_biographical.txt,4341
2810,nobel_medicine,1934,facts,George R. Minot,,https://www.nobelprize.org/prizes/medicine/1934/minot/facts/,nobel_medicine/text_laureate/1934_minot_facts.txt,1139
2811,nobel_medicine,1934,lecture,George R. Minot,,https://www.nobelprize.org/prizes/medicine/1934/minot/lecture/,nobel_medicine/text_laureate/1934_minot_lecture.txt,26406
2812,nobel_medicine,1934,biographical,William P. Murphy,,https://www.nobelprize.org/prizes/medicine/1934/murphy/biographical/,nobel_medicine/text_laureate/1934_murphy_biographical.txt,3592
2813,nobel_medicine,1934,facts,William P. Murphy,,https://www.nobelprize.org/prizes/medicine/1934/murphy/facts/,nobel_medicine/text_laureate/1934_murphy_facts.txt,1184
2814,nobel_medicine,1934,lecture,William P. Murphy,,https://www.nobelprize.org/prizes/medicine/1934/murphy/lecture/,nobel_medicine/text_laureate/1934_murphy_lecture.txt,6968
2815,nobel_medicine,1934,biographical,George H. Whipple,,https://www.nobelprize.org/prizes/medicine/1934/whipple/biographical/,nobel_medicine/text_laureate/1934_whipple_biographical.txt,5672
2816,nobel_medicine,1934,facts,George H. Whipple,,https://www.nobelprize.org/prizes/medicine/1934/whipple/facts/,nobel_medicine/text_laureate/1934_whipple_facts.txt,1174
2817,nobel_medicine,1934,lecture,George H. Whipple,,https://www.nobelprize.org/prizes/medicine/1934/whipple/lecture/,nobel_medicine/text_laureate/1934_whipple_lecture.txt,359
2818,nobel_medicine,1934,lecture-pdf,George H. Whipple,,https://www.nobelprize.org/uploads/2018/06/whipple-lecture.pdf,nobel_medicine/text_laureate/1934_whipple_lecture_pdf0.txt,13319
2819,nobel_medicine,1935,biographical,Hans Spemann,,https://www.nobelprize.org/prizes/medicine/1935/spemann/biographical/,nobel_medicine/text_laureate/1935_spemann_biographical.txt,3903
2820,nobel_medicine,1935,facts,Hans Spemann,,https://www.nobelprize.org/prizes/medicine/1935/spemann/facts/,nobel_medicine/text_laureate/1935_spemann_facts.txt,1180
2821,nobel_medicine,1935,lecture,Hans Spemann,,https://www.nobelprize.org/prizes/medicine/1935/spemann/lecture/,nobel_medicine/text_laureate/1935_spemann_lecture.txt,29816
2822,nobel_medicine,1936,biographical,Sir Henry Dale,,https://www.nobelprize.org/prizes/medicine/1936/dale/biographical/,nobel_medicine/text_laureate/1936_dale_biographical.txt,5046
2823,nobel_medicine,1936,facts,Sir Henry Dale,,https://www.nobelprize.org/prizes/medicine/1936/dale/facts/,nobel_medicine/text_laureate/1936_dale_facts.txt,1286
2824,nobel_medicine,1936,lecture,Sir Henry Dale,,https://www.nobelprize.org/prizes/medicine/1936/dale/lecture/,nobel_medicine/text_laureate/1936_dale_lecture.txt,32107
2825,nobel_medicine,1936,biographical,Otto Loewi,,https://www.nobelprize.org/prizes/medicine/1936/loewi/biographical/,nobel_medicine/text_laureate/1936_loewi_biographical.txt,7866
2826,nobel_medicine,1936,facts,Otto Loewi,,https://www.nobelprize.org/prizes/medicine/1936/loewi/facts/,nobel_medicine/text_laureate/1936_loewi_facts.txt,1196
2827,nobel_medicine,1936,lecture,Otto Loewi,,https://www.nobelprize.org/prizes/medicine/1936/loewi/lecture/,nobel_medicine/text_laureate/1936_loewi_lecture.txt,36326
2828,nobel_medicine,1937,biographical,Albert Szent-Györgyi,,https://www.nobelprize.org/prizes/medicine/1937/szent-gyorgyi/biographical/,nobel_medicine/text_laureate/1937_szent-gyorgyi_biographical.txt,4829
2829,nobel_medicine,1937,facts,Albert Szent-Györgyi,,https://www.nobelprize.org/prizes/medicine/1937/szent-gyorgyi/facts/,nobel_medicine/text_laureate/1937_szent-gyorgyi_facts.txt,1250
2830,nobel_medicine,1937,lecture,Albert Szent-Györgyi,,https://www.nobelprize.org/prizes/medicine/1937/szent-gyorgyi/lecture/,nobel_medicine/text_laureate/1937_szent-gyorgyi_lecture.txt,310
2831,nobel_medicine,1937,lecture-pdf,Albert Szent-Györgyi,,https://www.nobelprize.org/uploads/2018/06/szent-gyorgyi-lecture.pdf,nobel_medicine/text_laureate/1937_szent-gyorgyi_lecture_pdf0.txt,22085
2832,nobel_medicine,1938,biographical,Corneille Heymans,,https://www.nobelprize.org/prizes/medicine/1938/heymans/biographical/,nobel_medicine/text_laureate/1938_heymans_biographical.txt,7644
2833,nobel_medicine,1938,facts,Corneille Heymans,,https://www.nobelprize.org/prizes/medicine/1938/heymans/facts/,nobel_medicine/text_laureate/1938_heymans_facts.txt,1246
2834,nobel_medicine,1938,lecture,Corneille Heymans,,https://www.nobelprize.org/prizes/medicine/1938/heymans/lecture/,nobel_medicine/text_laureate/1938_heymans_lecture.txt,297
2835,nobel_medicine,1938,lecture-pdf,Corneille Heymans,,https://www.nobelprize.org/uploads/2018/06/heymans-lecture.pdf,nobel_medicine/text_laureate/1938_heymans_lecture_pdf0.txt,28653
2836,nobel_medicine,1939,biographical,Gerhard Domagk,,https://www.nobelprize.org/prizes/medicine/1939/domagk/biographical/,nobel_medicine/text_laureate/1939_domagk_biographical.txt,5461
2837,nobel_medicine,1939,facts,Gerhard Domagk,,https://www.nobelprize.org/prizes/medicine/1939/domagk/facts/,nobel_medicine/text_laureate/1939_domagk_facts.txt,1183
2838,nobel_medicine,1939,lecture,Gerhard Domagk,,https://www.nobelprize.org/prizes/medicine/1939/domagk/lecture/,nobel_medicine/text_laureate/1939_domagk_lecture.txt,276
2839,nobel_medicine,1939,lecture-pdf,Gerhard Domagk,,https://www.nobelprize.org/uploads/2018/06/domagk-lecture.pdf,nobel_medicine/text_laureate/1939_domagk_lecture_pdf0.txt,75067
2840,nobel_medicine,1943,biographical,Henrik Dam,,https://www.nobelprize.org/prizes/medicine/1943/dam/biographical/,nobel_medicine/text_laureate/1943_dam_biographical.txt,4292
2841,nobel_medicine,1943,facts,Henrik Dam,,https://www.nobelprize.org/prizes/medicine/1943/dam/facts/,nobel_medicine/text_laureate/1943_dam_facts.txt,1090
2842,nobel_medicine,1943,lecture,Henrik Dam,,https://www.nobelprize.org/prizes/medicine/1943/dam/lecture/,nobel_medicine/text_laureate/1943_dam_lecture.txt,301
2843,nobel_medicine,1943,lecture-pdf,Henrik Dam,,https://www.nobelprize.org/uploads/2018/06/dam-lecture.pdf,nobel_medicine/text_laureate/1943_dam_lecture_pdf0.txt,31850
2844,nobel_medicine,1943,biographical,Edward A. Doisy,,https://www.nobelprize.org/prizes/medicine/1943/doisy/biographical/,nobel_medicine/text_laureate/1943_doisy_biographical.txt,3725
2845,nobel_medicine,1943,facts,Edward A. Doisy,,https://www.nobelprize.org/prizes/medicine/1943/doisy/facts/,nobel_medicine/text_laureate/1943_doisy_facts.txt,1090
2846,nobel_medicine,1944,biographical,Joseph Erlanger,,https://www.nobelprize.org/prizes/medicine/1944/erlanger/biographical/,nobel_medicine/text_laureate/1944_erlanger_biographical.txt,2653
2847,nobel_medicine,1944,facts,Joseph Erlanger,,https://www.nobelprize.org/prizes/medicine/1944/erlanger/facts/,nobel_medicine/text_laureate/1944_erlanger_facts.txt,1161
2848,nobel_medicine,1944,lecture,Joseph Erlanger,,https://www.nobelprize.org/prizes/medicine/1944/erlanger/lecture/,nobel_medicine/text_laureate/1944_erlanger_lecture.txt,306
2849,nobel_medicine,1944,lecture-pdf,Joseph Erlanger,,https://www.nobelprize.org/uploads/2018/06/erlanger-lecture.pdf,nobel_medicine/text_laureate/1944_erlanger_lecture_pdf0.txt,52703
2850,nobel_medicine,1944,biographical,Herbert S. Gasser,,https://www.nobelprize.org/prizes/medicine/1944/gasser/biographical/,nobel_medicine/text_laureate/1944_gasser_biographical.txt,3376
2851,nobel_medicine,1944,facts,Herbert S. Gasser,,https://www.nobelprize.org/prizes/medicine/1944/gasser/facts/,nobel_medicine/text_laureate/1944_gasser_facts.txt,1203
2852,nobel_medicine,1944,lecture,Herbert S. Gasser,,https://www.nobelprize.org/prizes/medicine/1944/gasser/lecture/,nobel_medicine/text_laureate/1944_gasser_lecture.txt,287
2853,nobel_medicine,1944,lecture-pdf,Herbert S. Gasser,,https://www.nobelprize.org/uploads/2018/06/gasser-lecture.pdf,nobel_medicine/text_laureate/1944_gasser_lecture_pdf0.txt,28735
2854,nobel_medicine,1945,biographical,Ernst B. Chain,,https://www.nobelprize.org/prizes/medicine/1945/chain/biographical/,nobel_medicine/text_laureate/1945_chain_biographical.txt,4286
2855,nobel_medicine,1945,facts,Ernst B. Chain,,https://www.nobelprize.org/prizes/medicine/1945/chain/facts/,nobel_medicine/text_laureate/1945_chain_facts.txt,1206
2856,nobel_medicine,1945,lecture,Ernst B. Chain,,https://www.nobelprize.org/prizes/medicine/1945/chain/lecture/,nobel_medicine/text_laureate/1945_chain_lecture.txt,320
2857,nobel_medicine,1945,lecture-pdf,Ernst B. Chain,,https://www.nobelprize.org/uploads/2018/06/chain-lecture.pdf,nobel_medicine/text_laureate/1945_chain_lecture_pdf0.txt,68513
2858,nobel_medicine,1945,biographical,Sir Alexander Fleming,,https://www.nobelprize.org/prizes/medicine/1945/fleming/biographical/,nobel_medicine/text_laureate/1945_fleming_biographical.txt,4312
2859,nobel_medicine,1945,facts,Sir Alexander Fleming,,https://www.nobelprize.org/prizes/medicine/1945/fleming/facts/,nobel_medicine/text_laureate/1945_fleming_facts.txt,1220
2860,nobel_medicine,1945,lecture,Sir Alexander Fleming,,https://www.nobelprize.org/prizes/medicine/1945/fleming/lecture/,nobel_medicine/text_laureate/1945_fleming_lecture.txt,342
2861,nobel_medicine,1945,lecture-pdf,Sir Alexander Fleming,,https://www.nobelprize.org/uploads/2018/06/fleming-lecture.pdf,nobel_medicine/text_laureate/1945_fleming_lecture_pdf0.txt,16885
2862,nobel_medicine,1945,biographical,Sir Howard Florey,,https://www.nobelprize.org/prizes/medicine/1945/florey/biographical/,nobel_medicine/text_laureate/1945_florey_biographical.txt,4025
2863,nobel_medicine,1945,facts,Sir Howard Florey,,https://www.nobelprize.org/prizes/medicine/1945/florey/facts/,nobel_medicine/text_laureate/1945_florey_facts.txt,1227
2864,nobel_medicine,1945,lecture,Sir Howard Florey,,https://www.nobelprize.org/prizes/medicine/1945/florey/lecture/,nobel_medicine/text_laureate/1945_florey_lecture.txt,289
2865,nobel_medicine,1945,lecture-pdf,Sir Howard Florey,,https://www.nobelprize.org/uploads/2018/06/florey-lecture.pdf,nobel_medicine/text_laureate/1945_florey_lecture_pdf0.txt,23463
2866,nobel_medicine,1946,biographical,Hermann J. Muller,,https://www.nobelprize.org/prizes/medicine/1946/muller/biographical/,nobel_medicine/text_laureate/1946_muller_biographical.txt,12556
2867,nobel_medicine,1946,facts,Hermann J. Muller,,https://www.nobelprize.org/prizes/medicine/1946/muller/facts/,nobel_medicine/text_laureate/1946_muller_facts.txt,1143
2868,nobel_medicine,1946,lecture,Hermann J. Muller,,https://www.nobelprize.org/prizes/medicine/1946/muller/lecture/,nobel_medicine/text_laureate/1946_muller_lecture.txt,48805
2869,nobel_medicine,1947,biographical,Carl Cori,,https://www.nobelprize.org/prizes/medicine/1947/cori-cf/biographical/,nobel_medicine/text_laureate/1947_cori-cf_biographical.txt,5448
2870,nobel_medicine,1947,facts,Carl Cori,,https://www.nobelprize.org/prizes/medicine/1947/cori-cf/facts/,nobel_medicine/text_laureate/1947_cori-cf_facts.txt,1793
2871,nobel_medicine,1947,lecture,Carl Cori,,https://www.nobelprize.org/prizes/medicine/1947/cori-cf/lecture/,nobel_medicine/text_laureate/1947_cori-cf_lecture.txt,314
2872,nobel_medicine,1947,lecture-pdf,Carl Cori,,https://www.nobelprize.org/uploads/2018/06/cori-lecture.pdf,nobel_medicine/text_laureate/1947_cori-cf_lecture_pdf0.txt,38866
2873,nobel_medicine,1947,biographical,Gerty Cori,,https://www.nobelprize.org/prizes/medicine/1947/cori-gt/biographical/,nobel_medicine/text_laureate/1947_cori-gt_biographical.txt,5338
2874,nobel_medicine,1947,facts,Gerty Cori,,https://www.nobelprize.org/prizes/medicine/1947/cori-gt/facts/,nobel_medicine/text_laureate/1947_cori-gt_facts.txt,1825
2875,nobel_medicine,1947,lecture,Gerty Cori,,https://www.nobelprize.org/prizes/medicine/1947/cori-gt/lecture/,nobel_medicine/text_laureate/1947_cori-gt_lecture.txt,296
2876,nobel_medicine,1947,lecture-pdf,Gerty Cori,,https://www.nobelprize.org/uploads/2018/06/cori-lecture-1.pdf,nobel_medicine/text_laureate/1947_cori-gt_lecture_pdf0.txt,38866
2877,nobel_medicine,1947,biographical,Bernardo Houssay,,https://www.nobelprize.org/prizes/medicine/1947/houssay/biographical/,nobel_medicine/text_laureate/1947_houssay_biographical.txt,3925
2878,nobel_medicine,1947,facts,Bernardo Houssay,,https://www.nobelprize.org/prizes/medicine/1947/houssay/facts/,nobel_medicine/text_laureate/1947_houssay_facts.txt,1297
2879,nobel_medicine,1947,lecture,Bernardo Houssay,,https://www.nobelprize.org/prizes/medicine/1947/houssay/lecture/,nobel_medicine/text_laureate/1947_houssay_lecture.txt,20433
2880,nobel_medicine,1948,biographical,Paul Müller,,https://www.nobelprize.org/prizes/medicine/1948/muller/biographical/,nobel_medicine/text_laureate/1948_muller_biographical.txt,3459
2881,nobel_medicine,1948,facts,Paul Müller,,https://www.nobelprize.org/prizes/medicine/1948/muller/facts/,nobel_medicine/text_laureate/1948_muller_facts.txt,1194
2882,nobel_medicine,1948,lecture,Paul Müller,,https://www.nobelprize.org/prizes/medicine/1948/muller/lecture/,nobel_medicine/text_laureate/1948_muller_lecture.txt,275
2883,nobel_medicine,1948,lecture-pdf,Paul Müller,,https://www.nobelprize.org/uploads/2018/06/muller-lecture.pdf,nobel_medicine/text_laureate/1948_muller_lecture_pdf0.txt,19306
2884,nobel_medicine,1949,biographical,Walter Hess,,https://www.nobelprize.org/prizes/medicine/1949/hess/biographical/,nobel_medicine/text_laureate/1949_hess_biographical.txt,5570
2885,nobel_medicine,1949,facts,Walter Hess,,https://www.nobelprize.org/prizes/medicine/1949/hess/facts/,nobel_medicine/text_laureate/1949_hess_facts.txt,1191
2886,nobel_medicine,1949,lecture,Walter Hess,,https://www.nobelprize.org/prizes/medicine/1949/hess/lecture/,nobel_medicine/text_laureate/1949_hess_lecture.txt,24057
2887,nobel_medicine,1949,biographical,Egas Moniz,,https://www.nobelprize.org/prizes/medicine/1949/moniz/biographical/,nobel_medicine/text_laureate/1949_moniz_biographical.txt,4123
2888,nobel_medicine,1949,facts,Egas Moniz,,https://www.nobelprize.org/prizes/medicine/1949/moniz/facts/,nobel_medicine/text_laureate/1949_moniz_facts.txt,1125
2889,nobel_medicine,1949,lecture,Egas Moniz,,https://www.nobelprize.org/prizes/medicine/1949/moniz/lecture/,nobel_medicine/text_laureate/1949_moniz_lecture.txt,222
2890,nobel_medicine,1950,biographical,Philip S. Hench,,https://www.nobelprize.org/prizes/medicine/1950/hench/biographical/,nobel_medicine/text_laureate/1950_hench_biographical.txt,4214
2891,nobel_medicine,1950,facts,Philip S. Hench,,https://www.nobelprize.org/prizes/medicine/1950/hench/facts/,nobel_medicine/text_laureate/1950_hench_facts.txt,1202
2892,nobel_medicine,1950,lecture,Philip S. Hench,,https://www.nobelprize.org/prizes/medicine/1950/hench/lecture/,nobel_medicine/text_laureate/1950_hench_lecture.txt,438
2893,nobel_medicine,1950,lecture-pdf,Philip S. Hench,,https://www.nobelprize.org/uploads/2018/06/hench-lecture.pdf,nobel_medicine/text_laureate/1950_hench_lecture_pdf0.txt,84662
2894,nobel_medicine,1950,biographical,Edward C. Kendall,,https://www.nobelprize.org/prizes/medicine/1950/kendall/biographical/,nobel_medicine/text_laureate/1950_kendall_biographical.txt,3927
2895,nobel_medicine,1950,facts,Edward C. Kendall,,https://www.nobelprize.org/prizes/medicine/1950/kendall/facts/,nobel_medicine/text_laureate/1950_kendall_facts.txt,1205
2896,nobel_medicine,1950,lecture,Edward C. Kendall,,https://www.nobelprize.org/prizes/medicine/1950/kendall/lecture/,nobel_medicine/text_laureate/1950_kendall_lecture.txt,365
2897,nobel_medicine,1950,lecture-pdf,Edward C. Kendall,,https://www.nobelprize.org/uploads/2018/06/kendall-lecture.pdf,nobel_medicine/text_laureate/1950_kendall_lecture_pdf0.txt,34700
2898,nobel_medicine,1950,biographical,Tadeus Reichstein,,https://www.nobelprize.org/prizes/medicine/1950/reichstein/biographical/,nobel_medicine/text_laureate/1950_reichstein_biographical.txt,4005
2899,nobel_medicine,1950,facts,Tadeus Reichstein,,https://www.nobelprize.org/prizes/medicine/1950/reichstein/facts/,nobel_medicine/text_laureate/1950_reichstein_facts.txt,1187
2900,nobel_medicine,1950,lecture,Tadeus Reichstein,,https://www.nobelprize.org/prizes/medicine/1950/reichstein/lecture/,nobel_medicine/text_laureate/1950_reichstein_lecture.txt,337
2901,nobel_medicine,1950,lecture-pdf,Tadeus Reichstein,,https://www.nobelprize.org/uploads/2018/06/reichstein-lecture.pdf,nobel_medicine/text_laureate/1950_reichstein_lecture_pdf0.txt,27185
2902,nobel_medicine,1951,biographical,Max Theiler,,https://www.nobelprize.org/prizes/medicine/1951/theiler/biographical/,nobel_medicine/text_laureate/1951_theiler_biographical.txt,3346
2903,nobel_medicine,1951,facts,Max Theiler,,https://www.nobelprize.org/prizes/medicine/1951/theiler/facts/,nobel_medicine/text_laureate/1951_theiler_facts.txt,1161
2904,nobel_medicine,1951,lecture,Max Theiler,,https://www.nobelprize.org/prizes/medicine/1951/theiler/lecture/,nobel_medicine/text_laureate/1951_theiler_lecture.txt,23640
2905,nobel_medicine,1952,biographical,Selman A. Waksman,,https://www.nobelprize.org/prizes/medicine/1952/waksman/biographical/,nobel_medicine/text_laureate/1952_waksman_biographical.txt,5938
2906,nobel_medicine,1952,facts,Selman A. Waksman,,https://www.nobelprize.org/prizes/medicine/1952/waksman/facts/,nobel_medicine/text_laureate/1952_waksman_facts.txt,1070
2907,nobel_medicine,1952,lecture,Selman A. Waksman,,https://www.nobelprize.org/prizes/medicine/1952/waksman/lecture/,nobel_medicine/text_laureate/1952_waksman_lecture.txt,318
2908,nobel_medicine,1952,lecture-pdf,Selman A. Waksman,,https://www.nobelprize.org/uploads/2018/06/waksman-lecture.pdf,nobel_medicine/text_laureate/1952_waksman_lecture_pdf0.txt,39924
2909,nobel_medicine,1953,biographical,Hans Krebs,,https://www.nobelprize.org/prizes/medicine/1953/krebs/biographical/,nobel_medicine/text_laureate/1953_krebs_biographical.txt,3566
2910,nobel_medicine,1953,facts,Hans Krebs,,https://www.nobelprize.org/prizes/medicine/1953/krebs/facts/,nobel_medicine/text_laureate/1953_krebs_facts.txt,1154
2911,nobel_medicine,1953,lecture,Hans Krebs,,https://www.nobelprize.org/prizes/medicine/1953/krebs/lecture/,nobel_medicine/text_laureate/1953_krebs_lecture.txt,276
2912,nobel_medicine,1953,lecture-pdf,Hans Krebs,,https://www.nobelprize.org/uploads/2018/06/krebs-lecture.pdf,nobel_medicine/text_laureate/1953_krebs_lecture_pdf0.txt,23854
2913,nobel_medicine,1953,biographical,Fritz Lipmann,,https://www.nobelprize.org/prizes/medicine/1953/lipmann/biographical/,nobel_medicine/text_laureate/1953_lipmann_biographical.txt,5222
2914,nobel_medicine,1953,facts,Fritz Lipmann,,https://www.nobelprize.org/prizes/medicine/1953/lipmann/facts/,nobel_medicine/text_laureate/1953_lipmann_facts.txt,1181
2915,nobel_medicine,1953,lecture,Fritz Lipmann,,https://www.nobelprize.org/prizes/medicine/1953/lipmann/lecture/,nobel_medicine/text_laureate/1953_lipmann_lecture.txt,347
2916,nobel_medicine,1953,lecture-pdf,Fritz Lipmann,,https://www.nobelprize.org/uploads/2018/06/lipmann-lecture.pdf,nobel_medicine/text_laureate/1953_lipmann_lecture_pdf0.txt,41282
2917,nobel_medicine,1954,biographical,John F. Enders,,https://www.nobelprize.org/prizes/medicine/1954/enders/biographical/,nobel_medicine/text_laureate/1954_enders_biographical.txt,4705
2918,nobel_medicine,1954,facts,John F. Enders,,https://www.nobelprize.org/prizes/medicine/1954/enders/facts/,nobel_medicine/text_laureate/1954_enders_facts.txt,1219
2919,nobel_medicine,1954,lecture,John F. Enders,,https://www.nobelprize.org/prizes/medicine/1954/enders/lecture/,nobel_medicine/text_laureate/1954_enders_lecture.txt,326
2920,nobel_medicine,1954,lecture-pdf,John F. Enders,,https://www.nobelprize.org/uploads/2018/06/enders-robbins-weller-lecture.pdf,nobel_medicine/text_laureate/1954_enders_lecture_pdf0.txt,45471
2921,nobel_medicine,1954,biographical,Frederick C. Robbins,,https://www.nobelprize.org/prizes/medicine/1954/robbins/biographical/,nobel_medicine/text_laureate/1954_robbins_biographical.txt,6276
2922,nobel_medicine,1954,facts,Frederick C. Robbins,,https://www.nobelprize.org/prizes/medicine/1954/robbins/facts/,nobel_medicine/text_laureate/1954_robbins_facts.txt,1144
2923,nobel_medicine,1954,lecture,Frederick C. Robbins,,https://www.nobelprize.org/prizes/medicine/1954/robbins/lecture/,nobel_medicine/text_laureate/1954_robbins_lecture.txt,337
2924,nobel_medicine,1954,lecture-pdf,Frederick C. Robbins,,https://www.nobelprize.org/uploads/2018/06/enders-robbins-weller-lecture-2.pdf,nobel_medicine/text_laureate/1954_robbins_lecture_pdf0.txt,45471
2925,nobel_medicine,1954,biographical,Thomas H. Weller,,https://www.nobelprize.org/prizes/medicine/1954/weller/biographical/,nobel_medicine/text_laureate/1954_weller_biographical.txt,14469
2926,nobel_medicine,1954,facts,Thomas H. Weller,,https://www.nobelprize.org/prizes/medicine/1954/weller/facts/,nobel_medicine/text_laureate/1954_weller_facts.txt,1182
2927,nobel_medicine,1954,lecture,Thomas H. Weller,,https://www.nobelprize.org/prizes/medicine/1954/weller/lecture/,nobel_medicine/text_laureate/1954_weller_lecture.txt,342
2928,nobel_medicine,1954,lecture-pdf,Thomas H. Weller,,https://www.nobelprize.org/uploads/2018/06/enders-robbins-weller-lecture-1.pdf,nobel_medicine/text_laureate/1954_weller_lecture_pdf0.txt,45471
2929,nobel_medicine,1955,biographical,Hugo Theorell,,https://www.nobelprize.org/prizes/medicine/1955/theorell/biographical/,nobel_medicine/text_laureate/1955_theorell_biographical.txt,4545
2930,nobel_medicine,1955,facts,Hugo Theorell,,https://www.nobelprize.org/prizes/medicine/1955/theorell/facts/,nobel_medicine/text_laureate/1955_theorell_facts.txt,1686
2931,nobel_medicine,1955,lecture,Hugo Theorell,,https://www.nobelprize.org/prizes/medicine/1955/theorell/lecture/,nobel_medicine/text_laureate/1955_theorell_lecture.txt,332
2932,nobel_medicine,1955,lecture-pdf,Hugo Theorell,,https://www.nobelprize.org/uploads/2018/06/theorell-lecture.pdf,nobel_medicine/text_laureate/1955_theorell_lecture_pdf0.txt,32649
2933,nobel_medicine,1956,biographical,André F. Cournand,,https://www.nobelprize.org/prizes/medicine/1956/cournand/biographical/,nobel_medicine/text_laureate/1956_cournand_biographical.txt,6212
2934,nobel_medicine,1956,facts,André F. Cournand,,https://www.nobelprize.org/prizes/medicine/1956/cournand/facts/,nobel_medicine/text_laureate/1956_cournand_facts.txt,1766
2935,nobel_medicine,1956,lecture,André F. Cournand,,https://www.nobelprize.org/prizes/medicine/1956/cournand/lecture/,nobel_medicine/text_laureate/1956_cournand_lecture.txt,338
2936,nobel_medicine,1956,lecture-pdf,André F. Cournand,,https://www.nobelprize.org/uploads/2018/06/cournand-lecture.pdf,nobel_medicine/text_laureate/1956_cournand_lecture_pdf0.txt,32417
2937,nobel_medicine,1956,biographical,Werner Forssmann,,https://www.nobelprize.org/prizes/medicine/1956/forssmann/biographical/,nobel_medicine/text_laureate/1956_forssmann_biographical.txt,3107
2938,nobel_medicine,1956,facts,Werner Forssmann,,https://www.nobelprize.org/prizes/medicine/1956/forssmann/facts/,nobel_medicine/text_laureate/1956_forssmann_facts.txt,1699
2939,nobel_medicine,1956,lecture,Werner Forssmann,,https://www.nobelprize.org/prizes/medicine/1956/forssmann/lecture/,nobel_medicine/text_laureate/1956_forssmann_lecture.txt,11783
2940,nobel_medicine,1956,biographical,Dickinson W. Richards,,https://www.nobelprize.org/prizes/medicine/1956/richards/biographical/,nobel_medicine/text_laureate/1956_richards_biographical.txt,3068
2941,nobel_medicine,1956,facts,Dickinson W. Richards,,https://www.nobelprize.org/prizes/medicine/1956/richards/facts/,nobel_medicine/text_laureate/1956_richards_facts.txt,1640
2942,nobel_medicine,1956,lecture,Dickinson W. Richards,,https://www.nobelprize.org/prizes/medicine/1956/richards/lecture/,nobel_medicine/text_laureate/1956_richards_lecture.txt,37109
2943,nobel_medicine,1957,biographical,Daniel Bovet,,https://www.nobelprize.org/prizes/medicine/1957/bovet/biographical/,nobel_medicine/text_laureate/1957_bovet_biographical.txt,4007
2944,nobel_medicine,1957,facts,Daniel Bovet,,https://www.nobelprize.org/prizes/medicine/1957/bovet/facts/,nobel_medicine/text_laureate/1957_bovet_facts.txt,1238
2945,nobel_medicine,1957,lecture,Daniel Bovet,,https://www.nobelprize.org/prizes/medicine/1957/bovet/lecture/,nobel_medicine/text_laureate/1957_bovet_lecture.txt,402
2946,nobel_medicine,1957,lecture-pdf,Daniel Bovet,,https://www.nobelprize.org/uploads/2018/06/bovet-lecture.pdf,nobel_medicine/text_laureate/1957_bovet_lecture_pdf0.txt,44280
2947,nobel_medicine,1958,biographical,George Beadle,,https://www.nobelprize.org/prizes/medicine/1958/beadle/biographical/,nobel_medicine/text_laureate/1958_beadle_biographical.txt,4280
2948,nobel_medicine,1958,facts,George Beadle,,https://www.nobelprize.org/prizes/medicine/1958/beadle/facts/,nobel_medicine/text_laureate/1958_beadle_facts.txt,1081
2949,nobel_medicine,1958,lecture,George Beadle,,https://www.nobelprize.org/prizes/medicine/1958/beadle/lecture/,nobel_medicine/text_laureate/1958_beadle_lecture.txt,329
2950,nobel_medicine,1958,lecture-pdf,George Beadle,,https://www.nobelprize.org/uploads/2018/06/beadle-lecture.pdf,nobel_medicine/text_laureate/1958_beadle_lecture_pdf0.txt,29278
2951,nobel_medicine,1958,biographical,Joshua Lederberg,,https://www.nobelprize.org/prizes/medicine/1958/lederberg/biographical/,nobel_medicine/text_laureate/1958_lederberg_biographical.txt,4737
2952,nobel_medicine,1958,facts,Joshua Lederberg,,https://www.nobelprize.org/prizes/medicine/1958/lederberg/facts/,nobel_medicine/text_laureate/1958_lederberg_facts.txt,1215
2953,nobel_medicine,1958,lecture,Joshua Lederberg,,https://www.nobelprize.org/prizes/medicine/1958/lederberg/lecture/,nobel_medicine/text_laureate/1958_lederberg_lecture.txt,316
2954,nobel_medicine,1958,lecture-pdf,Joshua Lederberg,,https://www.nobelprize.org/uploads/2018/06/lederberg_lecture.pdf,nobel_medicine/text_laureate/1958_lederberg_lecture_pdf0.txt,52474
2955,nobel_medicine,1958,biographical,Edward Tatum,,https://www.nobelprize.org/prizes/medicine/1958/tatum/biographical/,nobel_medicine/text_laureate/1958_tatum_biographical.txt,3451
2956,nobel_medicine,1958,facts,Edward Tatum,,https://www.nobelprize.org/prizes/medicine/1958/tatum/facts/,nobel_medicine/text_laureate/1958_tatum_facts.txt,1107
2957,nobel_medicine,1958,lecture,Edward Tatum,,https://www.nobelprize.org/prizes/medicine/1958/tatum/lecture/,nobel_medicine/text_laureate/1958_tatum_lecture.txt,27508
2958,nobel_medicine,1959,biographical,Arthur Kornberg,,https://www.nobelprize.org/prizes/medicine/1959/kornberg/biographical/,nobel_medicine/text_laureate/1959_kornberg_biographical.txt,5271
2959,nobel_medicine,1959,facts,Arthur Kornberg,,https://www.nobelprize.org/prizes/medicine/1959/kornberg/facts/,nobel_medicine/text_laureate/1959_kornberg_facts.txt,1248
2960,nobel_medicine,1959,lecture,Arthur Kornberg,,https://www.nobelprize.org/prizes/medicine/1959/kornberg/lecture/,nobel_medicine/text_laureate/1959_kornberg_lecture.txt,363
2961,nobel_medicine,1959,lecture-pdf,Arthur Kornberg,,https://www.nobelprize.org/uploads/2018/06/kornberg-lecture.pdf,nobel_medicine/text_laureate/1959_kornberg_lecture_pdf0.txt,28541
2962,nobel_medicine,1959,biographical,Severo Ochoa,,https://www.nobelprize.org/prizes/medicine/1959/ochoa/biographical/,nobel_medicine/text_laureate/1959_ochoa_biographical.txt,4466
2963,nobel_medicine,1959,facts,Severo Ochoa,,https://www.nobelprize.org/prizes/medicine/1959/ochoa/facts/,nobel_medicine/text_laureate/1959_ochoa_facts.txt,1224
2964,nobel_medicine,1959,lecture,Severo Ochoa,,https://www.nobelprize.org/prizes/medicine/1959/ochoa/lecture/,nobel_medicine/text_laureate/1959_ochoa_lecture.txt,333
2965,nobel_medicine,1959,lecture-pdf,Severo Ochoa,,https://www.nobelprize.org/uploads/2018/06/ochoa-lecture.pdf,nobel_medicine/text_laureate/1959_ochoa_lecture_pdf0.txt,29671
2966,nobel_medicine,1960,biographical,Sir Frank Macfarlane Burnet,,https://www.nobelprize.org/prizes/medicine/1960/burnet/biographical/,nobel_medicine/text_laureate/1960_burnet_biographical.txt,5601
2967,nobel_medicine,1960,facts,Sir Frank Macfarlane Burnet,,https://www.nobelprize.org/prizes/medicine/1960/burnet/facts/,nobel_medicine/text_laureate/1960_burnet_facts.txt,1182
2968,nobel_medicine,1960,lecture,Sir Frank Macfarlane Burnet,,https://www.nobelprize.org/prizes/medicine/1960/burnet/lecture/,nobel_medicine/text_laureate/1960_burnet_lecture.txt,330
2969,nobel_medicine,1960,lecture-pdf,Sir Frank Macfarlane Burnet,,https://www.nobelprize.org/uploads/2018/06/burnet-lecture.pdf,nobel_medicine/text_laureate/1960_burnet_lecture_pdf0.txt,29393
2970,nobel_medicine,1960,biographical,Peter Medawar,,https://www.nobelprize.org/prizes/medicine/1960/medawar/biographical/,nobel_medicine/text_laureate/1960_medawar_biographical.txt,3898
2971,nobel_medicine,1960,facts,Peter Medawar,,https://www.nobelprize.org/prizes/medicine/1960/medawar/facts/,nobel_medicine/text_laureate/1960_medawar_facts.txt,1282
2972,nobel_medicine,1960,lecture,Peter Medawar,,https://www.nobelprize.org/prizes/medicine/1960/medawar/lecture/,nobel_medicine/text_laureate/1960_medawar_lecture.txt,26068
2973,nobel_medicine,1961,biographical,Georg von Békésy,,https://www.nobelprize.org/prizes/medicine/1961/bekesy/biographical/,nobel_medicine/text_laureate/1961_bekesy_biographical.txt,3586
2974,nobel_medicine,1961,facts,Georg von Békésy,,https://www.nobelprize.org/prizes/medicine/1961/bekesy/facts/,nobel_medicine/text_laureate/1961_bekesy_facts.txt,1165
2975,nobel_medicine,1961,lecture,Georg von Békésy,,https://www.nobelprize.org/prizes/medicine/1961/bekesy/lecture/,nobel_medicine/text_laureate/1961_bekesy_lecture.txt,366
2976,nobel_medicine,1961,lecture-pdf,Georg von Békésy,,https://www.nobelprize.org/uploads/2018/06/bekesy-lecture.pdf,nobel_medicine/text_laureate/1961_bekesy_lecture_pdf0.txt,32453
2977,nobel_medicine,1962,biographical,Francis Crick,,https://www.nobelprize.org/prizes/medicine/1962/crick/biographical/,nobel_medicine/text_laureate/1962_crick_biographical.txt,4627
2978,nobel_medicine,1962,facts,Francis Crick,,https://www.nobelprize.org/prizes/medicine/1962/crick/facts/,nobel_medicine/text_laureate/1962_crick_facts.txt,1345
2979,nobel_medicine,1962,lecture,Francis Crick,,https://www.nobelprize.org/prizes/medicine/1962/crick/lecture/,nobel_medicine/text_laureate/1962_crick_lecture.txt,21967
2980,nobel_medicine,1962,biographical,James Watson,,https://www.nobelprize.org/prizes/medicine/1962/watson/biographical/,nobel_medicine/text_laureate/1962_watson_biographical.txt,5582
2981,nobel_medicine,1962,facts,James Watson,,https://www.nobelprize.org/prizes/medicine/1962/watson/facts/,nobel_medicine/text_laureate/1962_watson_facts.txt,1360
2982,nobel_medicine,1962,lecture,James Watson,,https://www.nobelprize.org/prizes/medicine/1962/watson/lecture/,nobel_medicine/text_laureate/1962_watson_lecture.txt,415
2983,nobel_medicine,1962,lecture-pdf,James Watson,,https://www.nobelprize.org/uploads/2018/06/watson-lecture.pdf,nobel_medicine/text_laureate/1962_watson_lecture_pdf0.txt,50253
2984,nobel_medicine,1962,biographical,Maurice Wilkins,,https://www.nobelprize.org/prizes/medicine/1962/wilkins/biographical/,nobel_medicine/text_laureate/1962_wilkins_biographical.txt,4272
2985,nobel_medicine,1962,facts,Maurice Wilkins,,https://www.nobelprize.org/prizes/medicine/1962/wilkins/facts/,nobel_medicine/text_laureate/1962_wilkins_facts.txt,1228
2986,nobel_medicine,1962,lecture,Maurice Wilkins,,https://www.nobelprize.org/prizes/medicine/1962/wilkins/lecture/,nobel_medicine/text_laureate/1962_wilkins_lecture.txt,340
2987,nobel_medicine,1962,lecture-pdf,Maurice Wilkins,,https://www.nobelprize.org/uploads/2018/06/wilkins-lecture.pdf,nobel_medicine/text_laureate/1962_wilkins_lecture_pdf0.txt,44790
2988,nobel_medicine,1963,biographical,Sir John Eccles,,https://www.nobelprize.org/prizes/medicine/1963/eccles/biographical/,nobel_medicine/text_laureate/1963_eccles_biographical.txt,9674
2989,nobel_medicine,1963,facts,Sir John Eccles,,https://www.nobelprize.org/prizes/medicine/1963/eccles/facts/,nobel_medicine/text_laureate/1963_eccles_facts.txt,1282
2990,nobel_medicine,1963,lecture,Sir John Eccles,,https://www.nobelprize.org/prizes/medicine/1963/eccles/lecture/,nobel_medicine/text_laureate/1963_eccles_lecture.txt,343
2991,nobel_medicine,1963,lecture-pdf,Sir John Eccles,,https://www.nobelprize.org/uploads/2016/07/eccles-lecture.pdf,nobel_medicine/text_laureate/1963_eccles_lecture_pdf0.txt,44542
2992,nobel_medicine,1963,biographical,Alan Hodgkin,,https://www.nobelprize.org/prizes/medicine/1963/hodgkin/biographical/,nobel_medicine/text_laureate/1963_hodgkin_biographical.txt,5817
2993,nobel_medicine,1963,facts,Alan Hodgkin,,https://www.nobelprize.org/prizes/medicine/1963/hodgkin/facts/,nobel_medicine/text_laureate/1963_hodgkin_facts.txt,1293
2994,nobel_medicine,1963,lecture,Alan Hodgkin,,https://www.nobelprize.org/prizes/medicine/1963/hodgkin/lecture/,nobel_medicine/text_laureate/1963_hodgkin_lecture.txt,336
2995,nobel_medicine,1963,lecture-pdf,Alan Hodgkin,,https://www.nobelprize.org/uploads/2018/06/hodgkin-lecture.pdf,nobel_medicine/text_laureate/1963_hodgkin_lecture_pdf0.txt,34967
2996,nobel_medicine,1963,biographical,Andrew Huxley,,https://www.nobelprize.org/prizes/medicine/1963/huxley/biographical/,nobel_medicine/text_laureate/1963_huxley_biographical.txt,4854
2997,nobel_medicine,1963,facts,Andrew Huxley,,https://www.nobelprize.org/prizes/medicine/1963/huxley/facts/,nobel_medicine/text_laureate/1963_huxley_facts.txt,1288
2998,nobel_medicine,1963,lecture,Andrew Huxley,,https://www.nobelprize.org/prizes/medicine/1963/huxley/lecture/,nobel_medicine/text_laureate/1963_huxley_lecture.txt,356
2999,nobel_medicine,1963,lecture-pdf,Andrew Huxley,,https://www.nobelprize.org/uploads/2018/06/huxley-lecture.pdf,nobel_medicine/text_laureate/1963_huxley_lecture_pdf0.txt,26331
3000,nobel_medicine,1964,biographical,Konrad Bloch,,https://www.nobelprize.org/prizes/medicine/1964/bloch/biographical/,nobel_medicine/text_laureate/1964_bloch_biographical.txt,5250
3001,nobel_medicine,1964,facts,Konrad Bloch,,https://www.nobelprize.org/prizes/medicine/1964/bloch/facts/,nobel_medicine/text_laureate/1964_bloch_facts.txt,1192
3002,nobel_medicine,1964,lecture,Konrad Bloch,,https://www.nobelprize.org/prizes/medicine/1964/bloch/lecture/,nobel_medicine/text_laureate/1964_bloch_lecture.txt,314
3003,nobel_medicine,1964,lecture-pdf,Konrad Bloch,,https://www.nobelprize.org/uploads/2018/06/bloch-lecture.pdf,nobel_medicine/text_laureate/1964_bloch_lecture_pdf0.txt,50351
3004,nobel_medicine,1964,biographical,Feodor Lynen,,https://www.nobelprize.org/prizes/medicine/1964/lynen/biographical/,nobel_medicine/text_laureate/1964_lynen_biographical.txt,3687
3005,nobel_medicine,1964,facts,Feodor Lynen,,https://www.nobelprize.org/prizes/medicine/1964/lynen/facts/,nobel_medicine/text_laureate/1964_lynen_facts.txt,1177
3006,nobel_medicine,1964,lecture,Feodor Lynen,,https://www.nobelprize.org/prizes/medicine/1964/lynen/lecture/,nobel_medicine/text_laureate/1964_lynen_lecture.txt,347
3007,nobel_medicine,1964,lecture-pdf,Feodor Lynen,,https://www.nobelprize.org/uploads/2018/06/lynen-lecture.pdf,nobel_medicine/text_laureate/1964_lynen_lecture_pdf0.txt,66411
3008,nobel_medicine,1965,biographical,François Jacob,,https://www.nobelprize.org/prizes/medicine/1965/jacob/biographical/,nobel_medicine/text_laureate/1965_jacob_biographical.txt,6042
3009,nobel_medicine,1965,facts,François Jacob,,https://www.nobelprize.org/prizes/medicine/1965/jacob/facts/,nobel_medicine/text_laureate/1965_jacob_facts.txt,1157
3010,nobel_medicine,1965,lecture,François Jacob,,https://www.nobelprize.org/prizes/medicine/1965/jacob/lecture/,nobel_medicine/text_laureate/1965_jacob_lecture.txt,347
3011,nobel_medicine,1965,lecture-pdf,François Jacob,,https://www.nobelprize.org/uploads/2018/06/jacob-lecture.pdf,nobel_medicine/text_laureate/1965_jacob_lecture_pdf0.txt,53512
3012,nobel_medicine,1965,biographical,André Lwoff,,https://www.nobelprize.org/prizes/medicine/1965/lwoff/biographical/,nobel_medicine/text_laureate/1965_lwoff_biographical.txt,4569
3013,nobel_medicine,1965,facts,André Lwoff,,https://www.nobelprize.org/prizes/medicine/1965/lwoff/facts/,nobel_medicine/text_laureate/1965_lwoff_facts.txt,1147
3014,nobel_medicine,1965,lecture,André Lwoff,,https://www.nobelprize.org/prizes/medicine/1965/lwoff/lecture/,nobel_medicine/text_laureate/1965_lwoff_lecture.txt,30941
3015,nobel_medicine,1965,biographical,Jacques Monod,,https://www.nobelprize.org/prizes/medicine/1965/monod/biographical/,nobel_medicine/text_laureate/1965_monod_biographical.txt,5137
3016,nobel_medicine,1965,facts,Jacques Monod,,https://www.nobelprize.org/prizes/medicine/1965/monod/facts/,nobel_medicine/text_laureate/1965_monod_facts.txt,1146
3017,nobel_medicine,1965,lecture,Jacques Monod,,https://www.nobelprize.org/prizes/medicine/1965/monod/lecture/,nobel_medicine/text_laureate/1965_monod_lecture.txt,333
3018,nobel_medicine,1965,lecture-pdf,Jacques Monod,,https://www.nobelprize.org/uploads/2018/06/monod-lecture.pdf,nobel_medicine/text_laureate/1965_monod_lecture_pdf0.txt,50510
3019,nobel_medicine,1966,biographical,Charles B. Huggins,,https://www.nobelprize.org/prizes/medicine/1966/huggins/biographical/,nobel_medicine/text_laureate/1966_huggins_biographical.txt,2416
3020,nobel_medicine,1966,facts,Charles B. Huggins,,https://www.nobelprize.org/prizes/medicine/1966/huggins/facts/,nobel_medicine/text_laureate/1966_huggins_facts.txt,1159
3021,nobel_medicine,1966,lecture,Charles B. Huggins,,https://www.nobelprize.org/prizes/medicine/1966/huggins/lecture/,nobel_medicine/text_laureate/1966_huggins_lecture.txt,295
3022,nobel_medicine,1966,lecture-pdf,Charles B. Huggins,,https://www.nobelprize.org/uploads/2018/06/huggins-lecture.pdf,nobel_medicine/text_laureate/1966_huggins_lecture_pdf0.txt,28044
3023,nobel_medicine,1966,biographical,Peyton Rous,,https://www.nobelprize.org/prizes/medicine/1966/rous/biographical/,nobel_medicine/text_laureate/1966_rous_biographical.txt,7384
3024,nobel_medicine,1966,facts,Peyton Rous,,https://www.nobelprize.org/prizes/medicine/1966/rous/facts/,nobel_medicine/text_laureate/1966_rous_facts.txt,1101
3025,nobel_medicine,1966,lecture,Peyton Rous,,https://www.nobelprize.org/prizes/medicine/1966/rous/lecture/,nobel_medicine/text_laureate/1966_rous_lecture.txt,31370
3026,nobel_medicine,1967,biographical,Ragnar Granit,,https://www.nobelprize.org/prizes/medicine/1967/granit/biographical/,nobel_medicine/text_laureate/1967_granit_biographical.txt,7161
3027,nobel_medicine,1967,facts,Ragnar Granit,,https://www.nobelprize.org/prizes/medicine/1967/granit/facts/,nobel_medicine/text_laureate/1967_granit_facts.txt,1251
3028,nobel_medicine,1967,lecture,Ragnar Granit,,https://www.nobelprize.org/prizes/medicine/1967/granit/lecture/,nobel_medicine/text_laureate/1967_granit_lecture.txt,328
3029,nobel_medicine,1967,lecture-pdf,Ragnar Granit,,https://www.nobelprize.org/uploads/2018/06/granit-lecture.pdf,nobel_medicine/text_laureate/1967_granit_lecture_pdf0.txt,25383
3030,nobel_medicine,1967,biographical,Keffer Hartline,,https://www.nobelprize.org/prizes/medicine/1967/hartline/biographical/,nobel_medicine/text_laureate/1967_hartline_biographical.txt,5640
3031,nobel_medicine,1967,facts,Keffer Hartline,,https://www.nobelprize.org/prizes/medicine/1967/hartline/facts/,nobel_medicine/text_laureate/1967_hartline_facts.txt,1221
3032,nobel_medicine,1967,lecture,Keffer Hartline,,https://www.nobelprize.org/prizes/medicine/1967/hartline/lecture/,nobel_medicine/text_laureate/1967_hartline_lecture.txt,308
3033,nobel_medicine,1967,lecture-pdf,Keffer Hartline,,https://www.nobelprize.org/uploads/2018/06/hartline-lecture.pdf,nobel_medicine/text_laureate/1967_hartline_lecture_pdf0.txt,41462
3034,nobel_medicine,1967,biographical,George Wald,,https://www.nobelprize.org/prizes/medicine/1967/wald/biographical/,nobel_medicine/text_laureate/1967_wald_biographical.txt,3811
3035,nobel_medicine,1967,facts,George Wald,,https://www.nobelprize.org/prizes/medicine/1967/wald/facts/,nobel_medicine/text_laureate/1967_wald_facts.txt,1214
3036,nobel_medicine,1967,lecture,George Wald,,https://www.nobelprize.org/prizes/medicine/1967/wald/lecture/,nobel_medicine/text_laureate/1967_wald_lecture.txt,312
3037,nobel_medicine,1967,lecture-pdf,George Wald,,https://www.nobelprize.org/uploads/2018/06/wald-lecture.pdf,nobel_medicine/text_laureate/1967_wald_lecture_pdf0.txt,51176
3038,nobel_medicine,1968,biographical,Robert W. Holley,,https://www.nobelprize.org/prizes/medicine/1968/holley/biographical/,nobel_medicine/text_laureate/1968_holley_biographical.txt,4139
3039,nobel_medicine,1968,facts,Robert W. Holley,,https://www.nobelprize.org/prizes/medicine/1968/holley/facts/,nobel_medicine/text_laureate/1968_holley_facts.txt,1157
3040,nobel_medicine,1968,lecture,Robert W. Holley,,https://www.nobelprize.org/prizes/medicine/1968/holley/lecture/,nobel_medicine/text_laureate/1968_holley_lecture.txt,250
3041,nobel_medicine,1968,lecture-pdf,Robert W. Holley,,https://www.nobelprize.org/uploads/2018/06/holley-lecture.pdf,nobel_medicine/text_laureate/1968_holley_lecture_pdf0.txt,25539
3042,nobel_medicine,1968,biographical,H. Gobind Khorana,,https://www.nobelprize.org/prizes/medicine/1968/khorana/biographical/,nobel_medicine/text_laureate/1968_khorana_biographical.txt,3997
3043,nobel_medicine,1968,facts,H. Gobind Khorana,,https://www.nobelprize.org/prizes/medicine/1968/khorana/facts/,nobel_medicine/text_laureate/1968_khorana_facts.txt,1225
3044,nobel_medicine,1968,lecture,H. Gobind Khorana,,https://www.nobelprize.org/prizes/medicine/1968/khorana/lecture/,nobel_medicine/text_laureate/1968_khorana_lecture.txt,318
3045,nobel_medicine,1968,lecture-pdf,H. Gobind Khorana,,https://www.nobelprize.org/uploads/2018/06/khorana-lecture.pdf,nobel_medicine/text_laureate/1968_khorana_lecture_pdf0.txt,55077
3046,nobel_medicine,1968,biographical,Marshall W. Nirenberg,,https://www.nobelprize.org/prizes/medicine/1968/nirenberg/biographical/,nobel_medicine/text_laureate/1968_nirenberg_biographical.txt,3067
3047,nobel_medicine,1968,facts,Marshall W. Nirenberg,,https://www.nobelprize.org/prizes/medicine/1968/nirenberg/facts/,nobel_medicine/text_laureate/1968_nirenberg_facts.txt,1153
3048,nobel_medicine,1968,lecture,Marshall W. Nirenberg,,https://www.nobelprize.org/prizes/medicine/1968/nirenberg/lecture/,nobel_medicine/text_laureate/1968_nirenberg_lecture.txt,306
3049,nobel_medicine,1968,lecture-pdf,Marshall W. Nirenberg,,https://www.nobelprize.org/uploads/2018/06/nirenberg-lecture.pdf,nobel_medicine/text_laureate/1968_nirenberg_lecture_pdf0.txt,46526
3050,nobel_medicine,1969,biographical,Max Delbrück,,https://www.nobelprize.org/prizes/medicine/1969/delbruck/biographical/,nobel_medicine/text_laureate/1969_delbruck_biographical.txt,6299
3051,nobel_medicine,1969,facts,Max Delbrück,,https://www.nobelprize.org/prizes/medicine/1969/delbruck/facts/,nobel_medicine/text_laureate/1969_delbruck_facts.txt,1201
3052,nobel_medicine,1969,lecture,Max Delbrück,,https://www.nobelprize.org/prizes/medicine/1969/delbruck/lecture/,nobel_medicine/text_laureate/1969_delbruck_lecture.txt,24934
3053,nobel_medicine,1969,biographical,Alfred D. Hershey,,https://www.nobelprize.org/prizes/medicine/1969/hershey/biographical/,nobel_medicine/text_laureate/1969_hershey_biographical.txt,1491
3054,nobel_medicine,1969,facts,Alfred D. Hershey,,https://www.nobelprize.org/prizes/medicine/1969/hershey/facts/,nobel_medicine/text_laureate/1969_hershey_facts.txt,1269
3055,nobel_medicine,1969,lecture,Alfred D. Hershey,,https://www.nobelprize.org/prizes/medicine/1969/hershey/lecture/,nobel_medicine/text_laureate/1969_hershey_lecture.txt,336
3056,nobel_medicine,1969,lecture-pdf,Alfred D. Hershey,,https://www.nobelprize.org/uploads/2018/06/hershey-lecture.pdf,nobel_medicine/text_laureate/1969_hershey_lecture_pdf0.txt,15924
3057,nobel_medicine,1969,biographical,Salvador E. Luria,,https://www.nobelprize.org/prizes/medicine/1969/luria/biographical/,nobel_medicine/text_laureate/1969_luria_biographical.txt,2873
3058,nobel_medicine,1969,facts,Salvador E. Luria,,https://www.nobelprize.org/prizes/medicine/1969/luria/facts/,nobel_medicine/text_laureate/1969_luria_facts.txt,1185
3059,nobel_medicine,1969,lecture,Salvador E. Luria,,https://www.nobelprize.org/prizes/medicine/1969/luria/lecture/,nobel_medicine/text_laureate/1969_luria_lecture.txt,317
3060,nobel_medicine,1969,lecture-pdf,Salvador E. Luria,,https://www.nobelprize.org/uploads/2018/06/luria-lecture.pdf,nobel_medicine/text_laureate/1969_luria_lecture_pdf0.txt,27934
3061,nobel_medicine,1970,biographical,Julius Axelrod,,https://www.nobelprize.org/prizes/medicine/1970/axelrod/biographical/,nobel_medicine/text_laureate/1970_axelrod_biographical.txt,3268
3062,nobel_medicine,1970,facts,Julius Axelrod,,https://www.nobelprize.org/prizes/medicine/1970/axelrod/facts/,nobel_medicine/text_laureate/1970_axelrod_facts.txt,1295
3063,nobel_medicine,1970,lecture,Julius Axelrod,,https://www.nobelprize.org/prizes/medicine/1970/axelrod/lecture/,nobel_medicine/text_laureate/1970_axelrod_lecture.txt,353
3064,nobel_medicine,1970,lecture-pdf,Julius Axelrod,,https://www.nobelprize.org/uploads/2018/06/axelrod-lecture.pdf,nobel_medicine/text_laureate/1970_axelrod_lecture_pdf0.txt,49011
3065,nobel_medicine,1970,biographical,Ulf von Euler,,https://www.nobelprize.org/prizes/medicine/1970/euler/biographical/,nobel_medicine/text_laureate/1970_euler_biographical.txt,6095
3066,nobel_medicine,1970,facts,Ulf von Euler,,https://www.nobelprize.org/prizes/medicine/1970/euler/facts/,nobel_medicine/text_laureate/1970_euler_facts.txt,1168
3067,nobel_medicine,1970,lecture,Ulf von Euler,,https://www.nobelprize.org/prizes/medicine/1970/euler/lecture/,nobel_medicine/text_laureate/1970_euler_lecture.txt,337
3068,nobel_medicine,1970,lecture-pdf,Ulf von Euler,,https://www.nobelprize.org/uploads/2018/06/euler-lecture.pdf,nobel_medicine/text_laureate/1970_euler_lecture_pdf0.txt,22437
3069,nobel_medicine,1970,biographical,Sir Bernard Katz,,https://www.nobelprize.org/prizes/medicine/1970/katz/biographical/,nobel_medicine/text_laureate/1970_katz_biographical.txt,2920
3070,nobel_medicine,1970,facts,Sir Bernard Katz,,https://www.nobelprize.org/prizes/medicine/1970/katz/facts/,nobel_medicine/text_laureate/1970_katz_facts.txt,1206
3071,nobel_medicine,1970,lecture,Sir Bernard Katz,,https://www.nobelprize.org/prizes/medicine/1970/katz/lecture/,nobel_medicine/text_laureate/1970_katz_lecture.txt,353
3072,nobel_medicine,1970,lecture-pdf,Sir Bernard Katz,,https://www.nobelprize.org/uploads/2018/06/katz-lecture.pdf,nobel_medicine/text_laureate/1970_katz_lecture_pdf0.txt,17402
3073,nobel_medicine,1971,biographical,"Earl W. Sutherland, Jr.",,https://www.nobelprize.org/prizes/medicine/1971/sutherland/biographical/,nobel_medicine/text_laureate/1971_sutherland_biographical.txt,2069
3074,nobel_medicine,1971,facts,"Earl W. Sutherland, Jr.",,https://www.nobelprize.org/prizes/medicine/1971/sutherland/facts/,nobel_medicine/text_laureate/1971_sutherland_facts.txt,1127
3075,nobel_medicine,1971,lecture,"Earl W. Sutherland, Jr.",,https://www.nobelprize.org/prizes/medicine/1971/sutherland/lecture/,nobel_medicine/text_laureate/1971_sutherland_lecture.txt,296
3076,nobel_medicine,1971,lecture-pdf,"Earl W. Sutherland, Jr.",,https://www.nobelprize.org/uploads/2018/06/sutherland-lecture.pdf,nobel_medicine/text_laureate/1971_sutherland_lecture_pdf0.txt,44929
3077,nobel_medicine,1972,biographical,Gerald M. Edelman,,https://www.nobelprize.org/prizes/medicine/1972/edelman/biographical/,nobel_medicine/text_laureate/1972_edelman_biographical.txt,7336
3078,nobel_medicine,1972,facts,Gerald M. Edelman,,https://www.nobelprize.org/prizes/medicine/1972/edelman/facts/,nobel_medicine/text_laureate/1972_edelman_facts.txt,1149
3079,nobel_medicine,1972,lecture,Gerald M. Edelman,,https://www.nobelprize.org/prizes/medicine/1972/edelman/lecture/,nobel_medicine/text_laureate/1972_edelman_lecture.txt,340
3080,nobel_medicine,1972,lecture-pdf,Gerald M. Edelman,,https://www.nobelprize.org/uploads/2018/06/edelman-lecture.pdf,nobel_medicine/text_laureate/1972_edelman_lecture_pdf0.txt,58749
3081,nobel_medicine,1972,biographical,Rodney R. Porter,,https://www.nobelprize.org/prizes/medicine/1972/porter/biographical/,nobel_medicine/text_laureate/1972_porter_biographical.txt,2676
3082,nobel_medicine,1972,facts,Rodney R. Porter,,https://www.nobelprize.org/prizes/medicine/1972/porter/facts/,nobel_medicine/text_laureate/1972_porter_facts.txt,1119
3083,nobel_medicine,1972,lecture,Rodney R. Porter,,https://www.nobelprize.org/prizes/medicine/1972/porter/lecture/,nobel_medicine/text_laureate/1972_porter_lecture.txt,268
3084,nobel_medicine,1972,lecture-pdf,Rodney R. Porter,,https://www.nobelprize.org/uploads/2018/06/porter-lecture.pdf,nobel_medicine/text_laureate/1972_porter_lecture_pdf0.txt,24163
3085,nobel_medicine,1973,biographical,Karl von Frisch,,https://www.nobelprize.org/prizes/medicine/1973/frisch/biographical/,nobel_medicine/text_laureate/1973_frisch_biographical.txt,3403
3086,nobel_medicine,1973,facts,Karl von Frisch,,https://www.nobelprize.org/prizes/medicine/1973/frisch/facts/,nobel_medicine/text_laureate/1973_frisch_facts.txt,1237
3087,nobel_medicine,1973,lecture,Karl von Frisch,,https://www.nobelprize.org/prizes/medicine/1973/frisch/lecture/,nobel_medicine/text_laureate/1973_frisch_lecture.txt,1094
3088,nobel_medicine,1973,lecture-pdf,Karl von Frisch,,https://www.nobelprize.org/uploads/2018/06/frisch-lecture.pdf,nobel_medicine/text_laureate/1973_frisch_lecture_pdf0.txt,27406
3089,nobel_medicine,1973,biographical,Konrad Lorenz,,https://www.nobelprize.org/prizes/medicine/1973/lorenz/biographical/,nobel_medicine/text_laureate/1973_lorenz_biographical.txt,24940
3090,nobel_medicine,1973,facts,Konrad Lorenz,,https://www.nobelprize.org/prizes/medicine/1973/lorenz/facts/,nobel_medicine/text_laureate/1973_lorenz_facts.txt,1382
3091,nobel_medicine,1973,lecture,Konrad Lorenz,,https://www.nobelprize.org/prizes/medicine/1973/lorenz/lecture/,nobel_medicine/text_laureate/1973_lorenz_lecture.txt,821
3092,nobel_medicine,1973,lecture-pdf,Konrad Lorenz,,https://www.nobelprize.org/uploads/2018/06/lorenz-lecture.pdf,nobel_medicine/text_laureate/1973_lorenz_lecture_pdf0.txt,24346
3093,nobel_medicine,1973,biographical,Nikolaas Tinbergen,,https://www.nobelprize.org/prizes/medicine/1973/tinbergen/biographical/,nobel_medicine/text_laureate/1973_tinbergen_biographical.txt,11546
3094,nobel_medicine,1973,facts,Nikolaas Tinbergen,,https://www.nobelprize.org/prizes/medicine/1973/tinbergen/facts/,nobel_medicine/text_laureate/1973_tinbergen_facts.txt,1179
3095,nobel_medicine,1973,lecture,Nikolaas Tinbergen,,https://www.nobelprize.org/prizes/medicine/1973/tinbergen/lecture/,nobel_medicine/text_laureate/1973_tinbergen_lecture.txt,785
3096,nobel_medicine,1973,lecture-pdf,Nikolaas Tinbergen,,https://www.nobelprize.org/uploads/2018/06/tinbergen-lecture.pdf,nobel_medicine/text_laureate/1973_tinbergen_lecture_pdf0.txt,48219
3097,nobel_medicine,1974,biographical,Albert Claude,,https://www.nobelprize.org/prizes/medicine/1974/claude/biographical/,nobel_medicine/text_laureate/1974_claude_biographical.txt,17706
3098,nobel_medicine,1974,facts,Albert Claude,,https://www.nobelprize.org/prizes/medicine/1974/claude/facts/,nobel_medicine/text_laureate/1974_claude_facts.txt,1103
3099,nobel_medicine,1974,lecture,Albert Claude,,https://www.nobelprize.org/prizes/medicine/1974/claude/lecture/,nobel_medicine/text_laureate/1974_claude_lecture.txt,13364
3100,nobel_medicine,1974,biographical,Christian de Duve,,https://www.nobelprize.org/prizes/medicine/1974/duve/biographical/,nobel_medicine/text_laureate/1974_duve_biographical.txt,8426
3101,nobel_medicine,1974,facts,Christian de Duve,,https://www.nobelprize.org/prizes/medicine/1974/duve/facts/,nobel_medicine/text_laureate/1974_duve_facts.txt,1239
3102,nobel_medicine,1974,lecture,Christian de Duve,,https://www.nobelprize.org/prizes/medicine/1974/duve/lecture/,nobel_medicine/text_laureate/1974_duve_lecture.txt,352
3103,nobel_medicine,1974,lecture-pdf,Christian de Duve,,https://www.nobelprize.org/uploads/2018/06/duve-lecture.pdf,nobel_medicine/text_laureate/1974_duve_lecture_pdf0.txt,43486
3104,nobel_medicine,1974,biographical,George E. Palade,,https://www.nobelprize.org/prizes/medicine/1974/palade/biographical/,nobel_medicine/text_laureate/1974_palade_biographical.txt,11360
3105,nobel_medicine,1974,facts,George E. Palade,,https://www.nobelprize.org/prizes/medicine/1974/palade/facts/,nobel_medicine/text_laureate/1974_palade_facts.txt,1139
3106,nobel_medicine,1974,lecture,George E. Palade,,https://www.nobelprize.org/prizes/medicine/1974/palade/lecture/,nobel_medicine/text_laureate/1974_palade_lecture.txt,348
3107,nobel_medicine,1974,lecture-pdf,George E. Palade,,https://www.nobelprize.org/uploads/2018/06/palade-lecture.pdf,nobel_medicine/text_laureate/1974_palade_lecture_pdf0.txt,63031
3108,nobel_medicine,1975,biographical,David Baltimore,,https://www.nobelprize.org/prizes/medicine/1975/baltimore/biographical/,nobel_medicine/text_laureate/1975_baltimore_biographical.txt,6251
3109,nobel_medicine,1975,facts,David Baltimore,,https://www.nobelprize.org/prizes/medicine/1975/baltimore/facts/,nobel_medicine/text_laureate/1975_baltimore_facts.txt,1222
3110,nobel_medicine,1975,lecture,David Baltimore,,https://www.nobelprize.org/prizes/medicine/1975/baltimore/lecture/,nobel_medicine/text_laureate/1975_baltimore_lecture.txt,318
3111,nobel_medicine,1975,lecture-pdf,David Baltimore,,https://www.nobelprize.org/uploads/2018/06/baltimore-lecture.pdf,nobel_medicine/text_laureate/1975_baltimore_lecture_pdf0.txt,34868
3112,nobel_medicine,1975,biographical,Renato Dulbecco,,https://www.nobelprize.org/prizes/medicine/1975/dulbecco/biographical/,nobel_medicine/text_laureate/1975_dulbecco_biographical.txt,11035
3113,nobel_medicine,1975,facts,Renato Dulbecco,,https://www.nobelprize.org/prizes/medicine/1975/dulbecco/facts/,nobel_medicine/text_laureate/1975_dulbecco_facts.txt,1272
3114,nobel_medicine,1975,lecture,Renato Dulbecco,,https://www.nobelprize.org/prizes/medicine/1975/dulbecco/lecture/,nobel_medicine/text_laureate/1975_dulbecco_lecture.txt,28279
3115,nobel_medicine,1975,biographical,Howard M. Temin,,https://www.nobelprize.org/prizes/medicine/1975/temin/biographical/,nobel_medicine/text_laureate/1975_temin_biographical.txt,5264
3116,nobel_medicine,1975,facts,Howard M. Temin,,https://www.nobelprize.org/prizes/medicine/1975/temin/facts/,nobel_medicine/text_laureate/1975_temin_facts.txt,1195
3117,nobel_medicine,1975,lecture,Howard M. Temin,,https://www.nobelprize.org/prizes/medicine/1975/temin/lecture/,nobel_medicine/text_laureate/1975_temin_lecture.txt,302
3118,nobel_medicine,1975,lecture-pdf,Howard M. Temin,,https://www.nobelprize.org/uploads/2018/06/temin-lecture.pdf,nobel_medicine/text_laureate/1975_temin_lecture_pdf0.txt,45180
3119,nobel_medicine,1976,biographical,Baruch S. Blumberg,,https://www.nobelprize.org/prizes/medicine/1976/blumberg/biographical/,nobel_medicine/text_laureate/1976_blumberg_biographical.txt,63523
3120,nobel_medicine,1976,facts,Baruch S. Blumberg,,https://www.nobelprize.org/prizes/medicine/1976/blumberg/facts/,nobel_medicine/text_laureate/1976_blumberg_facts.txt,1196
3121,nobel_medicine,1976,lecture,Baruch S. Blumberg,,https://www.nobelprize.org/prizes/medicine/1976/blumberg/lecture/,nobel_medicine/text_laureate/1976_blumberg_lecture.txt,323
3122,nobel_medicine,1976,lecture-pdf,Baruch S. Blumberg,,https://www.nobelprize.org/uploads/2018/06/blumberg-lecture.pdf,nobel_medicine/text_laureate/1976_blumberg_lecture_pdf0.txt,60571
3123,nobel_medicine,1976,biographical,D. Carleton Gajdusek,,https://www.nobelprize.org/prizes/medicine/1976/gajdusek/biographical/,nobel_medicine/text_laureate/1976_gajdusek_biographical.txt,17242
3124,nobel_medicine,1976,facts,D. Carleton Gajdusek,,https://www.nobelprize.org/prizes/medicine/1976/gajdusek/facts/,nobel_medicine/text_laureate/1976_gajdusek_facts.txt,1157
3125,nobel_medicine,1976,lecture,D. Carleton Gajdusek,,https://www.nobelprize.org/prizes/medicine/1976/gajdusek/lecture/,nobel_medicine/text_laureate/1976_gajdusek_lecture.txt,305
3126,nobel_medicine,1976,lecture-pdf,D. Carleton Gajdusek,,https://www.nobelprize.org/uploads/2018/06/gajdusek-lecture.pdf,nobel_medicine/text_laureate/1976_gajdusek_lecture_pdf0.txt,121931
3127,nobel_medicine,1977,biographical,Roger Guillemin,,https://www.nobelprize.org/prizes/medicine/1977/guillemin/biographical/,nobel_medicine/text_laureate/1977_guillemin_biographical.txt,8239
3128,nobel_medicine,1977,facts,Roger Guillemin,,https://www.nobelprize.org/prizes/medicine/1977/guillemin/facts/,nobel_medicine/text_laureate/1977_guillemin_facts.txt,1143
3129,nobel_medicine,1977,lecture,Roger Guillemin,,https://www.nobelprize.org/prizes/medicine/1977/guillemin/lecture/,nobel_medicine/text_laureate/1977_guillemin_lecture.txt,332
3130,nobel_medicine,1977,lecture-pdf,Roger Guillemin,,https://www.nobelprize.org/uploads/2018/06/guillemin-lecture.pdf,nobel_medicine/text_laureate/1977_guillemin_lecture_pdf0.txt,124914
3131,nobel_medicine,1977,biographical,Andrew V. Schally,,https://www.nobelprize.org/prizes/medicine/1977/schally/biographical/,nobel_medicine/text_laureate/1977_schally_biographical.txt,25063
3132,nobel_medicine,1977,facts,Andrew V. Schally,,https://www.nobelprize.org/prizes/medicine/1977/schally/facts/,nobel_medicine/text_laureate/1977_schally_facts.txt,1185
3133,nobel_medicine,1977,lecture,Andrew V. Schally,,https://www.nobelprize.org/prizes/medicine/1977/schally/lecture/,nobel_medicine/text_laureate/1977_schally_lecture.txt,408
3134,nobel_medicine,1977,lecture-pdf,Andrew V. Schally,,https://www.nobelprize.org/uploads/2018/06/schally-lecture.pdf,nobel_medicine/text_laureate/1977_schally_lecture_pdf0.txt,75163
3135,nobel_medicine,1977,biographical,Rosalyn Yalow,,https://www.nobelprize.org/prizes/medicine/1977/yalow/biographical/,nobel_medicine/text_laureate/1977_yalow_biographical.txt,14307
3136,nobel_medicine,1977,facts,Rosalyn Yalow,,https://www.nobelprize.org/prizes/medicine/1977/yalow/facts/,nobel_medicine/text_laureate/1977_yalow_facts.txt,1742
3137,nobel_medicine,1977,lecture,Rosalyn Yalow,,https://www.nobelprize.org/prizes/medicine/1977/yalow/lecture/,nobel_medicine/text_laureate/1977_yalow_lecture.txt,359
3138,nobel_medicine,1977,lecture-pdf,Rosalyn Yalow,,https://www.nobelprize.org/uploads/2018/06/yalow-lecture.pdf,nobel_medicine/text_laureate/1977_yalow_lecture_pdf0.txt,50003
3139,nobel_medicine,1978,biographical,Werner Arber,,https://www.nobelprize.org/prizes/medicine/1978/arber/biographical/,nobel_medicine/text_laureate/1978_arber_biographical.txt,18848
3140,nobel_medicine,1978,facts,Werner Arber,,https://www.nobelprize.org/prizes/medicine/1978/arber/facts/,nobel_medicine/text_laureate/1978_arber_facts.txt,1097
3141,nobel_medicine,1978,lecture,Werner Arber,,https://www.nobelprize.org/prizes/medicine/1978/arber/lecture/,nobel_medicine/text_laureate/1978_arber_lecture.txt,313
3142,nobel_medicine,1978,lecture-pdf,Werner Arber,,https://www.nobelprize.org/uploads/2018/06/arber-lecture.pdf,nobel_medicine/text_laureate/1978_arber_lecture_pdf0.txt,32499
3143,nobel_medicine,1978,biographical,Daniel Nathans,,https://www.nobelprize.org/prizes/medicine/1978/nathans/biographical/,nobel_medicine/text_laureate/1978_nathans_biographical.txt,8198
3144,nobel_medicine,1978,facts,Daniel Nathans,,https://www.nobelprize.org/prizes/medicine/1978/nathans/facts/,nobel_medicine/text_laureate/1978_nathans_facts.txt,1095
3145,nobel_medicine,1978,lecture,Daniel Nathans,,https://www.nobelprize.org/prizes/medicine/1978/nathans/lecture/,nobel_medicine/text_laureate/1978_nathans_lecture.txt,312
3146,nobel_medicine,1978,lecture-pdf,Daniel Nathans,,https://www.nobelprize.org/uploads/2025/10/nathans-lecture-2.pdf,nobel_medicine/text_laureate/1978_nathans_lecture_pdf0.txt,39351
3147,nobel_medicine,1978,biographical,Hamilton O. Smith,,https://www.nobelprize.org/prizes/medicine/1978/smith/biographical/,nobel_medicine/text_laureate/1978_smith_biographical.txt,10303
3148,nobel_medicine,1978,facts,Hamilton O. Smith,,https://www.nobelprize.org/prizes/medicine/1978/smith/facts/,nobel_medicine/text_laureate/1978_smith_facts.txt,1125
3149,nobel_medicine,1978,lecture,Hamilton O. Smith,,https://www.nobelprize.org/prizes/medicine/1978/smith/lecture/,nobel_medicine/text_laureate/1978_smith_lecture.txt,325
3150,nobel_medicine,1978,lecture-pdf,Hamilton O. Smith,,https://www.nobelprize.org/uploads/2018/06/smith-lecture.pdf,nobel_medicine/text_laureate/1978_smith_lecture_pdf0.txt,47764
3151,nobel_medicine,1979,biographical,Allan M. Cormack,,https://www.nobelprize.org/prizes/medicine/1979/cormack/biographical/,nobel_medicine/text_laureate/1979_cormack_biographical.txt,6208
3152,nobel_medicine,1979,facts,Allan M. Cormack,,https://www.nobelprize.org/prizes/medicine/1979/cormack/facts/,nobel_medicine/text_laureate/1979_cormack_facts.txt,1179
3153,nobel_medicine,1979,lecture,Allan M. Cormack,,https://www.nobelprize.org/prizes/medicine/1979/cormack/lecture/,nobel_medicine/text_laureate/1979_cormack_lecture.txt,883
3154,nobel_medicine,1979,lecture-pdf,Allan M. Cormack,,https://www.nobelprize.org/uploads/2018/06/cormack-lecture.pdf,nobel_medicine/text_laureate/1979_cormack_lecture_pdf0.txt,19080
3155,nobel_medicine,1979,biographical,Godfrey N. Hounsfield,,https://www.nobelprize.org/prizes/medicine/1979/hounsfield/biographical/,nobel_medicine/text_laureate/1979_hounsfield_biographical.txt,6976
3156,nobel_medicine,1979,facts,Godfrey N. Hounsfield,,https://www.nobelprize.org/prizes/medicine/1979/hounsfield/facts/,nobel_medicine/text_laureate/1979_hounsfield_facts.txt,1169
3157,nobel_medicine,1979,lecture,Godfrey N. Hounsfield,,https://www.nobelprize.org/prizes/medicine/1979/hounsfield/lecture/,nobel_medicine/text_laureate/1979_hounsfield_lecture.txt,758
3158,nobel_medicine,1979,lecture-pdf,Godfrey N. Hounsfield,,https://www.nobelprize.org/uploads/2018/06/hounsfield-lecture.pdf,nobel_medicine/text_laureate/1979_hounsfield_lecture_pdf0.txt,29464
3159,nobel_medicine,1980,biographical,Baruj Benacerraf,,https://www.nobelprize.org/prizes/medicine/1980/benacerraf/biographical/,nobel_medicine/text_laureate/1980_benacerraf_biographical.txt,14007
3160,nobel_medicine,1980,facts,Baruj Benacerraf,,https://www.nobelprize.org/prizes/medicine/1980/benacerraf/facts/,nobel_medicine/text_laureate/1980_benacerraf_facts.txt,1150
3161,nobel_medicine,1980,lecture,Baruj Benacerraf,,https://www.nobelprize.org/prizes/medicine/1980/benacerraf/lecture/,nobel_medicine/text_laureate/1980_benacerraf_lecture.txt,854
3162,nobel_medicine,1980,lecture-pdf,Baruj Benacerraf,,https://www.nobelprize.org/uploads/2018/06/benacerraf-lecture.pdf,nobel_medicine/text_laureate/1980_benacerraf_lecture_pdf0.txt,89194
3163,nobel_medicine,1980,biographical,Jean Dausset,,https://www.nobelprize.org/prizes/medicine/1980/dausset/biographical/,nobel_medicine/text_laureate/1980_dausset_biographical.txt,8950
3164,nobel_medicine,1980,facts,Jean Dausset,,https://www.nobelprize.org/prizes/medicine/1980/dausset/facts/,nobel_medicine/text_laureate/1980_dausset_facts.txt,1241
3165,nobel_medicine,1980,lecture,Jean Dausset,,https://www.nobelprize.org/prizes/medicine/1980/dausset/lecture/,nobel_medicine/text_laureate/1980_dausset_lecture.txt,856
3166,nobel_medicine,1980,lecture-pdf,Jean Dausset,,https://www.nobelprize.org/uploads/2018/06/dausset-lecture.pdf,nobel_medicine/text_laureate/1980_dausset_lecture_pdf0.txt,41795
3167,nobel_medicine,1980,biographical,George D. Snell,,https://www.nobelprize.org/prizes/medicine/1980/snell/biographical/,nobel_medicine/text_laureate/1980_snell_biographical.txt,6140
3168,nobel_medicine,1980,facts,George D. Snell,,https://www.nobelprize.org/prizes/medicine/1980/snell/facts/,nobel_medicine/text_laureate/1980_snell_facts.txt,1118
3169,nobel_medicine,1980,lecture,George D. Snell,,https://www.nobelprize.org/prizes/medicine/1980/snell/lecture/,nobel_medicine/text_laureate/1980_snell_lecture.txt,739
3170,nobel_medicine,1980,lecture-pdf,George D. Snell,,https://www.nobelprize.org/uploads/2018/06/snell-lecture.pdf,nobel_medicine/text_laureate/1980_snell_lecture_pdf0.txt,42193
3171,nobel_medicine,1981,biographical,David H. Hubel,,https://www.nobelprize.org/prizes/medicine/1981/hubel/biographical/,nobel_medicine/text_laureate/1981_hubel_biographical.txt,7579
3172,nobel_medicine,1981,facts,David H. Hubel,,https://www.nobelprize.org/prizes/medicine/1981/hubel/facts/,nobel_medicine/text_laureate/1981_hubel_facts.txt,1165
3173,nobel_medicine,1981,lecture,David H. Hubel,,https://www.nobelprize.org/prizes/medicine/1981/hubel/lecture/,nobel_medicine/text_laureate/1981_hubel_lecture.txt,905
3174,nobel_medicine,1981,lecture-pdf,David H. Hubel,,https://www.nobelprize.org/uploads/2018/06/hubel-lecture.pdf,nobel_medicine/text_laureate/1981_hubel_lecture_pdf0.txt,66960
3175,nobel_medicine,1981,biographical,Roger W. Sperry,,https://www.nobelprize.org/prizes/medicine/1981/sperry/biographical/,nobel_medicine/text_laureate/1981_sperry_biographical.txt,5507
3176,nobel_medicine,1981,facts,Roger W. Sperry,,https://www.nobelprize.org/prizes/medicine/1981/sperry/facts/,nobel_medicine/text_laureate/1981_sperry_facts.txt,1648
3177,nobel_medicine,1981,lecture,Roger W. Sperry,,https://www.nobelprize.org/prizes/medicine/1981/sperry/lecture/,nobel_medicine/text_laureate/1981_sperry_lecture.txt,36125
3178,nobel_medicine,1981,biographical,Torsten N. Wiesel,,https://www.nobelprize.org/prizes/medicine/1981/wiesel/biographical/,nobel_medicine/text_laureate/1981_wiesel_biographical.txt,9062
3179,nobel_medicine,1981,facts,Torsten N. Wiesel,,https://www.nobelprize.org/prizes/medicine/1981/wiesel/facts/,nobel_medicine/text_laureate/1981_wiesel_facts.txt,1148
3180,nobel_medicine,1981,lecture,Torsten N. Wiesel,,https://www.nobelprize.org/prizes/medicine/1981/wiesel/lecture/,nobel_medicine/text_laureate/1981_wiesel_lecture.txt,926
3181,nobel_medicine,1981,lecture-pdf,Torsten N. Wiesel,,https://www.nobelprize.org/uploads/2018/06/wiesel-lecture.pdf,nobel_medicine/text_laureate/1981_wiesel_lecture_pdf0.txt,53466
3182,nobel_medicine,1982,biographical,Sune K. Bergström,,https://www.nobelprize.org/prizes/medicine/1982/bergstrom/biographical/,nobel_medicine/text_laureate/1982_bergstrom_biographical.txt,3532
3183,nobel_medicine,1982,facts,Sune K. Bergström,,https://www.nobelprize.org/prizes/medicine/1982/bergstrom/facts/,nobel_medicine/text_laureate/1982_bergstrom_facts.txt,1173
3184,nobel_medicine,1982,lecture,Sune K. Bergström,,https://www.nobelprize.org/prizes/medicine/1982/bergstrom/lecture/,nobel_medicine/text_laureate/1982_bergstrom_lecture.txt,829
3185,nobel_medicine,1982,lecture-pdf,Sune K. Bergström,,https://www.nobelprize.org/uploads/2018/06/bergstrom-lecture.pdf,nobel_medicine/text_laureate/1982_bergstrom_lecture_pdf0.txt,40356
3186,nobel_medicine,1982,biographical,Bengt I. Samuelsson,,https://www.nobelprize.org/prizes/medicine/1982/samuelsson/biographical/,nobel_medicine/text_laureate/1982_samuelsson_biographical.txt,4554
3187,nobel_medicine,1982,facts,Bengt I. Samuelsson,,https://www.nobelprize.org/prizes/medicine/1982/samuelsson/facts/,nobel_medicine/text_laureate/1982_samuelsson_facts.txt,1148
3188,nobel_medicine,1982,lecture,Bengt I. Samuelsson,,https://www.nobelprize.org/prizes/medicine/1982/samuelsson/lecture/,nobel_medicine/text_laureate/1982_samuelsson_lecture.txt,1011
3189,nobel_medicine,1982,lecture-pdf,Bengt I. Samuelsson,,https://www.nobelprize.org/uploads/2018/06/samuelsson-lecture.pdf,nobel_medicine/text_laureate/1982_samuelsson_lecture_pdf0.txt,57939
3190,nobel_medicine,1982,biographical,John R. Vane,,https://www.nobelprize.org/prizes/medicine/1982/vane/biographical/,nobel_medicine/text_laureate/1982_vane_biographical.txt,9057
3191,nobel_medicine,1982,facts,John R. Vane,,https://www.nobelprize.org/prizes/medicine/1982/vane/facts/,nobel_medicine/text_laureate/1982_vane_facts.txt,1194
3192,nobel_medicine,1982,lecture,John R. Vane,,https://www.nobelprize.org/prizes/medicine/1982/vane/lecture/,nobel_medicine/text_laureate/1982_vane_lecture.txt,866
3193,nobel_medicine,1982,lecture-pdf,John R. Vane,,https://www.nobelprize.org/uploads/2018/06/vane-lecture.pdf,nobel_medicine/text_laureate/1982_vane_lecture_pdf0.txt,70412
3194,nobel_medicine,1983,biographical,Barbara McClintock,,https://www.nobelprize.org/prizes/medicine/1983/mcclintock/biographical/,nobel_medicine/text_laureate/1983_mcclintock_biographical.txt,7116
3195,nobel_medicine,1983,facts,Barbara McClintock,,https://www.nobelprize.org/prizes/medicine/1983/mcclintock/facts/,nobel_medicine/text_laureate/1983_mcclintock_facts.txt,1804
3196,nobel_medicine,1983,lecture,Barbara McClintock,,https://www.nobelprize.org/prizes/medicine/1983/mcclintock/lecture/,nobel_medicine/text_laureate/1983_mcclintock_lecture.txt,868
3197,nobel_medicine,1983,lecture-pdf,Barbara McClintock,,https://www.nobelprize.org/uploads/2018/06/mcclintock-lecture.pdf,nobel_medicine/text_laureate/1983_mcclintock_lecture_pdf0.txt,61169
3198,nobel_medicine,1984,biographical,Niels K. Jerne,,https://www.nobelprize.org/prizes/medicine/1984/jerne/biographical/,nobel_medicine/text_laureate/1984_jerne_biographical.txt,4661
3199,nobel_medicine,1984,facts,Niels K. Jerne,,https://www.nobelprize.org/prizes/medicine/1984/jerne/facts/,nobel_medicine/text_laureate/1984_jerne_facts.txt,1349
3200,nobel_medicine,1984,lecture,Niels K. Jerne,,https://www.nobelprize.org/prizes/medicine/1984/jerne/lecture/,nobel_medicine/text_laureate/1984_jerne_lecture.txt,773
3201,nobel_medicine,1984,lecture-pdf,Niels K. Jerne,,https://www.nobelprize.org/uploads/2018/06/jerne-lecture.pdf,nobel_medicine/text_laureate/1984_jerne_lecture_pdf0.txt,29017
3202,nobel_medicine,1984,biographical,Georges J.F. Köhler,,https://www.nobelprize.org/prizes/medicine/1984/kohler/biographical/,nobel_medicine/text_laureate/1984_kohler_biographical.txt,1556
3203,nobel_medicine,1984,facts,Georges J.F. Köhler,,https://www.nobelprize.org/prizes/medicine/1984/kohler/facts/,nobel_medicine/text_laureate/1984_kohler_facts.txt,1197
3204,nobel_medicine,1984,lecture,Georges J.F. Köhler,,https://www.nobelprize.org/prizes/medicine/1984/kohler/lecture/,nobel_medicine/text_laureate/1984_kohler_lecture.txt,847
3205,nobel_medicine,1984,lecture-pdf,Georges J.F. Köhler,,https://www.nobelprize.org/uploads/2018/06/kohler-lecture.pdf,nobel_medicine/text_laureate/1984_kohler_lecture_pdf0.txt,36235
3206,nobel_medicine,1984,biographical,César Milstein,,https://www.nobelprize.org/prizes/medicine/1984/milstein/biographical/,nobel_medicine/text_laureate/1984_milstein_biographical.txt,7068
3207,nobel_medicine,1984,facts,César Milstein,,https://www.nobelprize.org/prizes/medicine/1984/milstein/facts/,nobel_medicine/text_laureate/1984_milstein_facts.txt,1249
3208,nobel_medicine,1984,lecture,César Milstein,,https://www.nobelprize.org/prizes/medicine/1984/milstein/lecture/,nobel_medicine/text_laureate/1984_milstein_lecture.txt,922
3209,nobel_medicine,1984,lecture-pdf,César Milstein,,https://www.nobelprize.org/uploads/2018/06/milstein-lecture.pdf,nobel_medicine/text_laureate/1984_milstein_lecture_pdf0.txt,46356
3210,nobel_medicine,1985,biographical,Michael S. Brown,,https://www.nobelprize.org/prizes/medicine/1985/brown/biographical/,nobel_medicine/text_laureate/1985_brown_biographical.txt,7698
3211,nobel_medicine,1985,facts,Michael S. Brown,,https://www.nobelprize.org/prizes/medicine/1985/brown/facts/,nobel_medicine/text_laureate/1985_brown_facts.txt,1138
3212,nobel_medicine,1985,lecture,Michael S. Brown,,https://www.nobelprize.org/prizes/medicine/1985/brown/lecture/,nobel_medicine/text_laureate/1985_brown_lecture.txt,812
3213,nobel_medicine,1985,lecture-pdf,Michael S. Brown,,https://www.nobelprize.org/uploads/2018/06/brown-goldstein-lecture.pdf,nobel_medicine/text_laureate/1985_brown_lecture_pdf0.txt,116097
3214,nobel_medicine,1985,biographical,Joseph L. Goldstein,,https://www.nobelprize.org/prizes/medicine/1985/goldstein/biographical/,nobel_medicine/text_laureate/1985_goldstein_biographical.txt,12180
3215,nobel_medicine,1985,facts,Joseph L. Goldstein,,https://www.nobelprize.org/prizes/medicine/1985/goldstein/facts/,nobel_medicine/text_laureate/1985_goldstein_facts.txt,1135
3216,nobel_medicine,1985,lecture,Joseph L. Goldstein,,https://www.nobelprize.org/prizes/medicine/1985/goldstein/lecture/,nobel_medicine/text_laureate/1985_goldstein_lecture.txt,814
3217,nobel_medicine,1985,lecture-pdf,Joseph L. Goldstein,,https://www.nobelprize.org/uploads/2018/06/brown-goldstein-lecture-1.pdf,nobel_medicine/text_laureate/1985_goldstein_lecture_pdf0.txt,116097
3218,nobel_medicine,1986,biographical,Stanley Cohen,,https://www.nobelprize.org/prizes/medicine/1986/cohen/biographical/,nobel_medicine/text_laureate/1986_cohen_biographical.txt,5533
3219,nobel_medicine,1986,facts,Stanley Cohen,,https://www.nobelprize.org/prizes/medicine/1986/cohen/facts/,nobel_medicine/text_laureate/1986_cohen_facts.txt,1145
3220,nobel_medicine,1986,lecture,Stanley Cohen,,https://www.nobelprize.org/prizes/medicine/1986/cohen/lecture/,nobel_medicine/text_laureate/1986_cohen_lecture.txt,678
3221,nobel_medicine,1986,lecture-pdf,Stanley Cohen,,https://www.nobelprize.org/uploads/2018/06/cohen-lecture.pdf,nobel_medicine/text_laureate/1986_cohen_lecture_pdf0.txt,35288
3222,nobel_medicine,1986,biographical,Rita Levi-Montalcini,,https://www.nobelprize.org/prizes/medicine/1986/levi-montalcini/biographical/,nobel_medicine/text_laureate/1986_levi-montalcini_biographical.txt,6649
3223,nobel_medicine,1986,facts,Rita Levi-Montalcini,,https://www.nobelprize.org/prizes/medicine/1986/levi-montalcini/facts/,nobel_medicine/text_laureate/1986_levi-montalcini_facts.txt,1861
3224,nobel_medicine,1986,lecture,Rita Levi-Montalcini,,https://www.nobelprize.org/prizes/medicine/1986/levi-montalcini/lecture/,nobel_medicine/text_laureate/1986_levi-montalcini_lecture.txt,826
3225,nobel_medicine,1986,lecture-pdf,Rita Levi-Montalcini,,https://www.nobelprize.org/uploads/2018/06/levi-montalcini-lecture.pdf,nobel_medicine/text_laureate/1986_levi-montalcini_lecture_pdf0.txt,58967
3226,nobel_medicine,1987,biographical,Susumu Tonegawa,,https://www.nobelprize.org/prizes/medicine/1987/tonegawa/biographical/,nobel_medicine/text_laureate/1987_tonegawa_biographical.txt,12229
3227,nobel_medicine,1987,facts,Susumu Tonegawa,,https://www.nobelprize.org/prizes/medicine/1987/tonegawa/facts/,nobel_medicine/text_laureate/1987_tonegawa_facts.txt,1117
3228,nobel_medicine,1987,lecture,Susumu Tonegawa,,https://www.nobelprize.org/prizes/medicine/1987/tonegawa/lecture/,nobel_medicine/text_laureate/1987_tonegawa_lecture.txt,756
3229,nobel_medicine,1987,lecture-pdf,Susumu Tonegawa,,https://www.nobelprize.org/uploads/2018/06/tonegawa-lecture.pdf,nobel_medicine/text_laureate/1987_tonegawa_lecture_pdf0.txt,72138
3230,nobel_medicine,1988,biographical,Sir James W. Black,,https://www.nobelprize.org/prizes/medicine/1988/black/biographical/,nobel_medicine/text_laureate/1988_black_biographical.txt,14365
3231,nobel_medicine,1988,facts,Sir James W. Black,,https://www.nobelprize.org/prizes/medicine/1988/black/facts/,nobel_medicine/text_laureate/1988_black_facts.txt,1168
3232,nobel_medicine,1988,lecture,Sir James W. Black,,https://www.nobelprize.org/prizes/medicine/1988/black/lecture/,nobel_medicine/text_laureate/1988_black_lecture.txt,843
3233,nobel_medicine,1988,lecture-pdf,Sir James W. Black,,https://www.nobelprize.org/uploads/2018/06/black-lecture.pdf,nobel_medicine/text_laureate/1988_black_lecture_pdf0.txt,46020
3234,nobel_medicine,1988,biographical,Gertrude B. Elion,,https://www.nobelprize.org/prizes/medicine/1988/elion/biographical/,nobel_medicine/text_laureate/1988_elion_biographical.txt,11330
3235,nobel_medicine,1988,facts,Gertrude B. Elion,,https://www.nobelprize.org/prizes/medicine/1988/elion/facts/,nobel_medicine/text_laureate/1988_elion_facts.txt,1773
3236,nobel_medicine,1988,lecture,Gertrude B. Elion,,https://www.nobelprize.org/prizes/medicine/1988/elion/lecture/,nobel_medicine/text_laureate/1988_elion_lecture.txt,753
3237,nobel_medicine,1988,lecture-pdf,Gertrude B. Elion,,https://www.nobelprize.org/uploads/2018/06/elion-lecture.pdf,nobel_medicine/text_laureate/1988_elion_lecture_pdf0.txt,55148
3238,nobel_medicine,1988,biographical,George H. Hitchings,,https://www.nobelprize.org/prizes/medicine/1988/hitchings/biographical/,nobel_medicine/text_laureate/1988_hitchings_biographical.txt,14663
3239,nobel_medicine,1988,facts,George H. Hitchings,,https://www.nobelprize.org/prizes/medicine/1988/hitchings/facts/,nobel_medicine/text_laureate/1988_hitchings_facts.txt,1235
3240,nobel_medicine,1988,lecture,George H. Hitchings,,https://www.nobelprize.org/prizes/medicine/1988/hitchings/lecture/,nobel_medicine/text_laureate/1988_hitchings_lecture.txt,803
3241,nobel_medicine,1988,lecture-pdf,George H. Hitchings,,https://www.nobelprize.org/uploads/2018/06/hitchings-lecture.pdf,nobel_medicine/text_laureate/1988_hitchings_lecture_pdf0.txt,23391
3242,nobel_medicine,1989,biographical,J. Michael Bishop,,https://www.nobelprize.org/prizes/medicine/1989/bishop/biographical/,nobel_medicine/text_laureate/1989_bishop_biographical.txt,16488
3243,nobel_medicine,1989,facts,J. Michael Bishop,,https://www.nobelprize.org/prizes/medicine/1989/bishop/facts/,nobel_medicine/text_laureate/1989_bishop_facts.txt,1304
3244,nobel_medicine,1989,lecture,J. Michael Bishop,,https://www.nobelprize.org/prizes/medicine/1989/bishop/lecture/,nobel_medicine/text_laureate/1989_bishop_lecture.txt,886
3245,nobel_medicine,1989,lecture-pdf,J. Michael Bishop,,https://www.nobelprize.org/uploads/2018/06/bishop-lecture.pdf,nobel_medicine/text_laureate/1989_bishop_lecture_pdf0.txt,47112
3246,nobel_medicine,1989,biographical,Harold E. Varmus,,https://www.nobelprize.org/prizes/medicine/1989/varmus/biographical/,nobel_medicine/text_laureate/1989_varmus_biographical.txt,8038
3247,nobel_medicine,1989,facts,Harold E. Varmus,,https://www.nobelprize.org/prizes/medicine/1989/varmus/facts/,nobel_medicine/text_laureate/1989_varmus_facts.txt,1206
3248,nobel_medicine,1989,lecture,Harold E. Varmus,,https://www.nobelprize.org/prizes/medicine/1989/varmus/lecture/,nobel_medicine/text_laureate/1989_varmus_lecture.txt,825
3249,nobel_medicine,1989,lecture-pdf,Harold E. Varmus,,https://www.nobelprize.org/uploads/2018/06/varmus-lecture.pdf,nobel_medicine/text_laureate/1989_varmus_lecture_pdf0.txt,50139
3250,nobel_medicine,1990,biographical,Joseph E. Murray,,https://www.nobelprize.org/prizes/medicine/1990/murray/biographical/,nobel_medicine/text_laureate/1990_murray_biographical.txt,8078
3251,nobel_medicine,1990,facts,Joseph E. Murray,,https://www.nobelprize.org/prizes/medicine/1990/murray/facts/,nobel_medicine/text_laureate/1990_murray_facts.txt,1116
3252,nobel_medicine,1990,lecture,Joseph E. Murray,,https://www.nobelprize.org/prizes/medicine/1990/murray/lecture/,nobel_medicine/text_laureate/1990_murray_lecture.txt,33779
3253,nobel_medicine,1990,biographical,E. Donnall Thomas,,https://www.nobelprize.org/prizes/medicine/1990/thomas/biographical/,nobel_medicine/text_laureate/1990_thomas_biographical.txt,8754
3254,nobel_medicine,1990,facts,E. Donnall Thomas,,https://www.nobelprize.org/prizes/medicine/1990/thomas/facts/,nobel_medicine/text_laureate/1990_thomas_facts.txt,1656
3255,nobel_medicine,1990,lecture,E. Donnall Thomas,,https://www.nobelprize.org/prizes/medicine/1990/thomas/lecture/,nobel_medicine/text_laureate/1990_thomas_lecture.txt,768
3256,nobel_medicine,1990,lecture-pdf,E. Donnall Thomas,,https://www.nobelprize.org/uploads/2018/06/thomas-lecture.pdf,nobel_medicine/text_laureate/1990_thomas_lecture_pdf0.txt,24097
3257,nobel_medicine,1991,biographical,Erwin Neher,,https://www.nobelprize.org/prizes/medicine/1991/neher/biographical/,nobel_medicine/text_laureate/1991_neher_biographical.txt,7292
3258,nobel_medicine,1991,facts,Erwin Neher,,https://www.nobelprize.org/prizes/medicine/1991/neher/facts/,nobel_medicine/text_laureate/1991_neher_facts.txt,1157
3259,nobel_medicine,1991,lecture,Erwin Neher,,https://www.nobelprize.org/prizes/medicine/1991/neher/lecture/,nobel_medicine/text_laureate/1991_neher_lecture.txt,799
3260,nobel_medicine,1991,lecture-pdf,Erwin Neher,,https://www.nobelprize.org/uploads/2018/06/neher-lecture.pdf,nobel_medicine/text_laureate/1991_neher_lecture_pdf0.txt,33435
3261,nobel_medicine,1991,biographical,Bert Sakmann,,https://www.nobelprize.org/prizes/medicine/1991/sakmann/biographical/,nobel_medicine/text_laureate/1991_sakmann_biographical.txt,11093
3262,nobel_medicine,1991,facts,Bert Sakmann,,https://www.nobelprize.org/prizes/medicine/1991/sakmann/facts/,nobel_medicine/text_laureate/1991_sakmann_facts.txt,1156
3263,nobel_medicine,1991,lecture,Bert Sakmann,,https://www.nobelprize.org/prizes/medicine/1991/sakmann/lecture/,nobel_medicine/text_laureate/1991_sakmann_lecture.txt,871
3264,nobel_medicine,1991,lecture-pdf,Bert Sakmann,,https://www.nobelprize.org/uploads/2018/06/sakmann-lecture.pdf,nobel_medicine/text_laureate/1991_sakmann_lecture_pdf0.txt,68258
3265,nobel_medicine,1992,biographical,Edmond H. Fischer,,https://www.nobelprize.org/prizes/medicine/1992/fischer/biographical/,nobel_medicine/text_laureate/1992_fischer_biographical.txt,10565
3266,nobel_medicine,1992,facts,Edmond H. Fischer,,https://www.nobelprize.org/prizes/medicine/1992/fischer/facts/,nobel_medicine/text_laureate/1992_fischer_facts.txt,1261
3267,nobel_medicine,1992,lecture,Edmond H. Fischer,,https://www.nobelprize.org/prizes/medicine/1992/fischer/lecture/,nobel_medicine/text_laureate/1992_fischer_lecture.txt,816
3268,nobel_medicine,1992,lecture-pdf,Edmond H. Fischer,,https://www.nobelprize.org/uploads/2018/06/fischer-lecture-1.pdf,nobel_medicine/text_laureate/1992_fischer_lecture_pdf0.txt,38730
3269,nobel_medicine,1992,biographical,Edwin G. Krebs,,https://www.nobelprize.org/prizes/medicine/1992/krebs/biographical/,nobel_medicine/text_laureate/1992_krebs_biographical.txt,13753
3270,nobel_medicine,1992,facts,Edwin G. Krebs,,https://www.nobelprize.org/prizes/medicine/1992/krebs/facts/,nobel_medicine/text_laureate/1992_krebs_facts.txt,1232
3271,nobel_medicine,1992,lecture,Edwin G. Krebs,,https://www.nobelprize.org/prizes/medicine/1992/krebs/lecture/,nobel_medicine/text_laureate/1992_krebs_lecture.txt,780
3272,nobel_medicine,1992,lecture-pdf,Edwin G. Krebs,,https://www.nobelprize.org/uploads/2018/06/krebs-lecture-1.pdf,nobel_medicine/text_laureate/1992_krebs_lecture_pdf0.txt,45735
3273,nobel_medicine,1993,biographical,Richard J. Roberts,,https://www.nobelprize.org/prizes/medicine/1993/roberts/biographical/,nobel_medicine/text_laureate/1993_roberts_biographical.txt,13169
3274,nobel_medicine,1993,facts,Richard J. Roberts,,https://www.nobelprize.org/prizes/medicine/1993/roberts/facts/,nobel_medicine/text_laureate/1993_roberts_facts.txt,1176
3275,nobel_medicine,1993,lecture,Richard J. Roberts,,https://www.nobelprize.org/prizes/medicine/1993/roberts/lecture/,nobel_medicine/text_laureate/1993_roberts_lecture.txt,857
3276,nobel_medicine,1993,lecture-pdf,Richard J. Roberts,,https://www.nobelprize.org/uploads/2016/07/roberts-lecture.pdf,nobel_medicine/text_laureate/1993_roberts_lecture_pdf0.txt,30203
3277,nobel_medicine,1993,biographical,Phillip A. Sharp,,https://www.nobelprize.org/prizes/medicine/1993/sharp/biographical/,nobel_medicine/text_laureate/1993_sharp_biographical.txt,12804
3278,nobel_medicine,1993,facts,Phillip A. Sharp,,https://www.nobelprize.org/prizes/medicine/1993/sharp/facts/,nobel_medicine/text_laureate/1993_sharp_facts.txt,1203
3279,nobel_medicine,1993,lecture,Phillip A. Sharp,,https://www.nobelprize.org/prizes/medicine/1993/sharp/lecture/,nobel_medicine/text_laureate/1993_sharp_lecture.txt,774
3280,nobel_medicine,1993,lecture-pdf,Phillip A. Sharp,,https://www.nobelprize.org/uploads/2018/06/sharp-lecture.pdf,nobel_medicine/text_laureate/1993_sharp_lecture_pdf0.txt,93128
3281,nobel_medicine,1994,biographical,Alfred G. Gilman,,https://www.nobelprize.org/prizes/medicine/1994/gilman/biographical/,nobel_medicine/text_laureate/1994_gilman_biographical.txt,8983
3282,nobel_medicine,1994,facts,Alfred G. Gilman,,https://www.nobelprize.org/prizes/medicine/1994/gilman/facts/,nobel_medicine/text_laureate/1994_gilman_facts.txt,1205
3283,nobel_medicine,1994,lecture,Alfred G. Gilman,,https://www.nobelprize.org/prizes/medicine/1994/gilman/lecture/,nobel_medicine/text_laureate/1994_gilman_lecture.txt,805
3284,nobel_medicine,1994,lecture-pdf,Alfred G. Gilman,,https://www.nobelprize.org/uploads/2018/06/gilman-lecture.pdf,nobel_medicine/text_laureate/1994_gilman_lecture_pdf0.txt,116628
3285,nobel_medicine,1994,biographical,Martin Rodbell,,https://www.nobelprize.org/prizes/medicine/1994/rodbell/biographical/,nobel_medicine/text_laureate/1994_rodbell_biographical.txt,15566
3286,nobel_medicine,1994,facts,Martin Rodbell,,https://www.nobelprize.org/prizes/medicine/1994/rodbell/facts/,nobel_medicine/text_laureate/1994_rodbell_facts.txt,1245
3287,nobel_medicine,1994,lecture,Martin Rodbell,,https://www.nobelprize.org/prizes/medicine/1994/rodbell/lecture/,nobel_medicine/text_laureate/1994_rodbell_lecture.txt,816
3288,nobel_medicine,1994,lecture-pdf,Martin Rodbell,,https://www.nobelprize.org/uploads/2018/06/rodbell-lecture.pdf,nobel_medicine/text_laureate/1994_rodbell_lecture_pdf0.txt,52216
3289,nobel_medicine,1995,biographical,Edward B. Lewis,,https://www.nobelprize.org/prizes/medicine/1995/lewis/biographical/,nobel_medicine/text_laureate/1995_lewis_biographical.txt,5548
3290,nobel_medicine,1995,facts,Edward B. Lewis,,https://www.nobelprize.org/prizes/medicine/1995/lewis/facts/,nobel_medicine/text_laureate/1995_lewis_facts.txt,1158
3291,nobel_medicine,1995,lecture,Edward B. Lewis,,https://www.nobelprize.org/prizes/medicine/1995/lewis/lecture/,nobel_medicine/text_laureate/1995_lewis_lecture.txt,835
3292,nobel_medicine,1995,lecture-pdf,Edward B. Lewis,,https://www.nobelprize.org/uploads/2018/06/lewis-lecture.pdf,nobel_medicine/text_laureate/1995_lewis_lecture_pdf0.txt,103274
3293,nobel_medicine,1995,biographical,Christiane Nüsslein-Volhard,,https://www.nobelprize.org/prizes/medicine/1995/nusslein-volhard/biographical/,nobel_medicine/text_laureate/1995_nusslein-volhard_biographical.txt,32379
3294,nobel_medicine,1995,facts,Christiane Nüsslein-Volhard,,https://www.nobelprize.org/prizes/medicine/1995/nusslein-volhard/facts/,nobel_medicine/text_laureate/1995_nusslein-volhard_facts.txt,1761
3295,nobel_medicine,1995,lecture,Christiane Nüsslein-Volhard,,https://www.nobelprize.org/prizes/medicine/1995/nusslein-volhard/lecture/,nobel_medicine/text_laureate/1995_nusslein-volhard_lecture.txt,955
3296,nobel_medicine,1995,lecture-pdf,Christiane Nüsslein-Volhard,,https://www.nobelprize.org/uploads/2018/06/nusslein-volhard-lecture.pdf,nobel_medicine/text_laureate/1995_nusslein-volhard_lecture_pdf0.txt,60731
3297,nobel_medicine,1995,biographical,Eric F. Wieschaus,,https://www.nobelprize.org/prizes/medicine/1995/wieschaus/biographical/,nobel_medicine/text_laureate/1995_wieschaus_biographical.txt,13593
3298,nobel_medicine,1995,facts,Eric F. Wieschaus,,https://www.nobelprize.org/prizes/medicine/1995/wieschaus/facts/,nobel_medicine/text_laureate/1995_wieschaus_facts.txt,1131
3299,nobel_medicine,1995,lecture,Eric F. Wieschaus,,https://www.nobelprize.org/prizes/medicine/1995/wieschaus/lecture/,nobel_medicine/text_laureate/1995_wieschaus_lecture.txt,922
3300,nobel_medicine,1995,lecture-pdf,Eric F. Wieschaus,,https://www.nobelprize.org/uploads/2017/06/wieschaus-lecture.pdf,nobel_medicine/text_laureate/1995_wieschaus_lecture_pdf0.txt,34266
3301,nobel_medicine,1996,biographical,Peter C. Doherty,,https://www.nobelprize.org/prizes/medicine/1996/doherty/biographical/,nobel_medicine/text_laureate/1996_doherty_biographical.txt,20026
3302,nobel_medicine,1996,facts,Peter C. Doherty,,https://www.nobelprize.org/prizes/medicine/1996/doherty/facts/,nobel_medicine/text_laureate/1996_doherty_facts.txt,1434
3303,nobel_medicine,1996,lecture,Peter C. Doherty,,https://www.nobelprize.org/prizes/medicine/1996/doherty/lecture/,nobel_medicine/text_laureate/1996_doherty_lecture.txt,860
3304,nobel_medicine,1996,lecture-pdf,Peter C. Doherty,,https://www.nobelprize.org/uploads/2018/06/doherty-lecture.pdf,nobel_medicine/text_laureate/1996_doherty_lecture_pdf0.txt,5729
3305,nobel_medicine,1996,biographical,Rolf M. Zinkernagel,,https://www.nobelprize.org/prizes/medicine/1996/zinkernagel/biographical/,nobel_medicine/text_laureate/1996_zinkernagel_biographical.txt,17238
3306,nobel_medicine,1996,facts,Rolf M. Zinkernagel,,https://www.nobelprize.org/prizes/medicine/1996/zinkernagel/facts/,nobel_medicine/text_laureate/1996_zinkernagel_facts.txt,1253
3307,nobel_medicine,1996,lecture,Rolf M. Zinkernagel,,https://www.nobelprize.org/prizes/medicine/1996/zinkernagel/lecture/,nobel_medicine/text_laureate/1996_zinkernagel_lecture.txt,971
3308,nobel_medicine,1997,biographical,Stanley B. Prusiner,,https://www.nobelprize.org/prizes/medicine/1997/prusiner/biographical/,nobel_medicine/text_laureate/1997_prusiner_biographical.txt,14270
3309,nobel_medicine,1997,facts,Stanley B. Prusiner,,https://www.nobelprize.org/prizes/medicine/1997/prusiner/facts/,nobel_medicine/text_laureate/1997_prusiner_facts.txt,1680
3310,nobel_medicine,1997,lecture,Stanley B. Prusiner,,https://www.nobelprize.org/prizes/medicine/1997/prusiner/lecture/,nobel_medicine/text_laureate/1997_prusiner_lecture.txt,791
3311,nobel_medicine,1998,biographical,Robert F. Furchgott,,https://www.nobelprize.org/prizes/medicine/1998/furchgott/biographical/,nobel_medicine/text_laureate/1998_furchgott_biographical.txt,47302
3312,nobel_medicine,1998,facts,Robert F. Furchgott,,https://www.nobelprize.org/prizes/medicine/1998/furchgott/facts/,nobel_medicine/text_laureate/1998_furchgott_facts.txt,1842
3313,nobel_medicine,1998,lecture,Robert F. Furchgott,,https://www.nobelprize.org/prizes/medicine/1998/furchgott/lecture/,nobel_medicine/text_laureate/1998_furchgott_lecture.txt,1052
3314,nobel_medicine,1998,biographical,Louis J. Ignarro,,https://www.nobelprize.org/prizes/medicine/1998/ignarro/biographical/,nobel_medicine/text_laureate/1998_ignarro_biographical.txt,22654
3315,nobel_medicine,1998,facts,Louis J. Ignarro,,https://www.nobelprize.org/prizes/medicine/1998/ignarro/facts/,nobel_medicine/text_laureate/1998_ignarro_facts.txt,1775
3316,nobel_medicine,1998,lecture,Louis J. Ignarro,,https://www.nobelprize.org/prizes/medicine/1998/ignarro/lecture/,nobel_medicine/text_laureate/1998_ignarro_lecture.txt,994
3317,nobel_medicine,1998,biographical,Ferid Murad,,https://www.nobelprize.org/prizes/medicine/1998/murad/biographical/,nobel_medicine/text_laureate/1998_murad_biographical.txt,35785
3318,nobel_medicine,1998,facts,Ferid Murad,,https://www.nobelprize.org/prizes/medicine/1998/murad/facts/,nobel_medicine/text_laureate/1998_murad_facts.txt,1785
3319,nobel_medicine,1998,lecture,Ferid Murad,,https://www.nobelprize.org/prizes/medicine/1998/murad/lecture/,nobel_medicine/text_laureate/1998_murad_lecture.txt,1025
3320,nobel_medicine,1999,biographical,Günter Blobel,,https://www.nobelprize.org/prizes/medicine/1999/blobel/biographical/,nobel_medicine/text_laureate/1999_blobel_biographical.txt,8909
3321,nobel_medicine,1999,facts,Günter Blobel,,https://www.nobelprize.org/prizes/medicine/1999/blobel/facts/,nobel_medicine/text_laureate/1999_blobel_facts.txt,1379
3322,nobel_medicine,1999,lecture,Günter Blobel,,https://www.nobelprize.org/prizes/medicine/1999/blobel/lecture/,nobel_medicine/text_laureate/1999_blobel_lecture.txt,743
3323,nobel_medicine,2000,biographical,Arvid Carlsson,,https://www.nobelprize.org/prizes/medicine/2000/carlsson/biographical/,nobel_medicine/text_laureate/2000_carlsson_biographical.txt,15239
3324,nobel_medicine,2000,facts,Arvid Carlsson,,https://www.nobelprize.org/prizes/medicine/2000/carlsson/facts/,nobel_medicine/text_laureate/2000_carlsson_facts.txt,1656
3325,nobel_medicine,2000,lecture,Arvid Carlsson,,https://www.nobelprize.org/prizes/medicine/2000/carlsson/lecture/,nobel_medicine/text_laureate/2000_carlsson_lecture.txt,584
3326,nobel_medicine,2000,biographical,Paul Greengard,,https://www.nobelprize.org/prizes/medicine/2000/greengard/biographical/,nobel_medicine/text_laureate/2000_greengard_biographical.txt,7424
3327,nobel_medicine,2000,facts,Paul Greengard,,https://www.nobelprize.org/prizes/medicine/2000/greengard/facts/,nobel_medicine/text_laureate/2000_greengard_facts.txt,1235
3328,nobel_medicine,2000,lecture,Paul Greengard,,https://www.nobelprize.org/prizes/medicine/2000/greengard/lecture/,nobel_medicine/text_laureate/2000_greengard_lecture.txt,543
3329,nobel_medicine,2000,biographical,Eric Kandel,,https://www.nobelprize.org/prizes/medicine/2000/kandel/biographical/,nobel_medicine/text_laureate/2000_kandel_biographical.txt,108796
3330,nobel_medicine,2000,facts,Eric Kandel,,https://www.nobelprize.org/prizes/medicine/2000/kandel/facts/,nobel_medicine/text_laureate/2000_kandel_facts.txt,2036
3331,nobel_medicine,2000,lecture,Eric Kandel,,https://www.nobelprize.org/prizes/medicine/2000/kandel/lecture/,nobel_medicine/text_laureate/2000_kandel_lecture.txt,620
3332,nobel_medicine,2001,biographical,Leland Hartwell,,https://www.nobelprize.org/prizes/medicine/2001/hartwell/biographical/,nobel_medicine/text_laureate/2001_hartwell_biographical.txt,8059
3333,nobel_medicine,2001,facts,Leland Hartwell,,https://www.nobelprize.org/prizes/medicine/2001/hartwell/facts/,nobel_medicine/text_laureate/2001_hartwell_facts.txt,1215
3334,nobel_medicine,2001,lecture,Leland Hartwell,,https://www.nobelprize.org/prizes/medicine/2001/hartwell/lecture/,nobel_medicine/text_laureate/2001_hartwell_lecture.txt,777
3335,nobel_medicine,2001,lecture-pdf,Leland Hartwell,,https://www.nobelprize.org/uploads/2018/06/hartwell-lecture.pdf,nobel_medicine/text_laureate/2001_hartwell_lecture_pdf0.txt,61266
3336,nobel_medicine,2001,biographical,Tim Hunt,,https://www.nobelprize.org/prizes/medicine/2001/hunt/biographical/,nobel_medicine/text_laureate/2001_hunt_biographical.txt,21301
3337,nobel_medicine,2001,facts,Tim Hunt,,https://www.nobelprize.org/prizes/medicine/2001/hunt/facts/,nobel_medicine/text_laureate/2001_hunt_facts.txt,1195
3338,nobel_medicine,2001,lecture,Tim Hunt,,https://www.nobelprize.org/prizes/medicine/2001/hunt/lecture/,nobel_medicine/text_laureate/2001_hunt_lecture.txt,830
3339,nobel_medicine,2001,lecture-pdf,Tim Hunt,,https://www.nobelprize.org/uploads/2018/06/hunt-lecture.pdf,nobel_medicine/text_laureate/2001_hunt_lecture_pdf0.txt,97308
3340,nobel_medicine,2001,biographical,Sir Paul Nurse,,https://www.nobelprize.org/prizes/medicine/2001/nurse/biographical/,nobel_medicine/text_laureate/2001_nurse_biographical.txt,25511
3341,nobel_medicine,2001,facts,Sir Paul Nurse,,https://www.nobelprize.org/prizes/medicine/2001/nurse/facts/,nobel_medicine/text_laureate/2001_nurse_facts.txt,1210
3342,nobel_medicine,2001,lecture,Sir Paul Nurse,,https://www.nobelprize.org/prizes/medicine/2001/nurse/lecture/,nobel_medicine/text_laureate/2001_nurse_lecture.txt,783
3343,nobel_medicine,2001,lecture-pdf,Sir Paul Nurse,,https://www.nobelprize.org/uploads/2018/06/nurse-lecture.pdf,nobel_medicine/text_laureate/2001_nurse_lecture_pdf0.txt,47644
3344,nobel_medicine,2002,biographical,Sydney Brenner,,https://www.nobelprize.org/prizes/medicine/2002/brenner/biographical/,nobel_medicine/text_laureate/2002_brenner_biographical.txt,15826
3345,nobel_medicine,2002,facts,Sydney Brenner,,https://www.nobelprize.org/prizes/medicine/2002/brenner/facts/,nobel_medicine/text_laureate/2002_brenner_facts.txt,1318
3346,nobel_medicine,2002,lecture,Sydney Brenner,,https://www.nobelprize.org/prizes/medicine/2002/brenner/lecture/,nobel_medicine/text_laureate/2002_brenner_lecture.txt,840
3347,nobel_medicine,2002,lecture-pdf,Sydney Brenner,,https://www.nobelprize.org/uploads/2018/06/brenner-lecture.pdf,nobel_medicine/text_laureate/2002_brenner_lecture_pdf0.txt,29078
3348,nobel_medicine,2002,biographical,H. Robert Horvitz,,https://www.nobelprize.org/prizes/medicine/2002/horvitz/biographical/,nobel_medicine/text_laureate/2002_horvitz_biographical.txt,98060
3349,nobel_medicine,2002,facts,H. Robert Horvitz,,https://www.nobelprize.org/prizes/medicine/2002/horvitz/facts/,nobel_medicine/text_laureate/2002_horvitz_facts.txt,1299
3350,nobel_medicine,2002,lecture,H. Robert Horvitz,,https://www.nobelprize.org/prizes/medicine/2002/horvitz/lecture/,nobel_medicine/text_laureate/2002_horvitz_lecture.txt,838
3351,nobel_medicine,2002,lecture-pdf,H. Robert Horvitz,,https://www.nobelprize.org/uploads/2018/06/horvitz-lecture.pdf,nobel_medicine/text_laureate/2002_horvitz_lecture_pdf0.txt,79954
3352,nobel_medicine,2002,biographical,John E. Sulston,,https://www.nobelprize.org/prizes/medicine/2002/sulston/biographical/,nobel_medicine/text_laureate/2002_sulston_biographical.txt,19535
3353,nobel_medicine,2002,facts,John E. Sulston,,https://www.nobelprize.org/prizes/medicine/2002/sulston/facts/,nobel_medicine/text_laureate/2002_sulston_facts.txt,1366
3354,nobel_medicine,2002,lecture,John E. Sulston,,https://www.nobelprize.org/prizes/medicine/2002/sulston/lecture/,nobel_medicine/text_laureate/2002_sulston_lecture.txt,854
3355,nobel_medicine,2002,lecture-pdf,John E. Sulston,,https://www.nobelprize.org/uploads/2018/06/sulston-lecture.pdf,nobel_medicine/text_laureate/2002_sulston_lecture_pdf0.txt,36405
3356,nobel_medicine,2003,biographical,Paul C. Lauterbur,,https://www.nobelprize.org/prizes/medicine/2003/lauterbur/biographical/,nobel_medicine/text_laureate/2003_lauterbur_biographical.txt,27462
3357,nobel_medicine,2003,facts,Paul C. Lauterbur,,https://www.nobelprize.org/prizes/medicine/2003/lauterbur/facts/,nobel_medicine/text_laureate/2003_lauterbur_facts.txt,1474
3358,nobel_medicine,2003,lecture,Paul C. Lauterbur,,https://www.nobelprize.org/prizes/medicine/2003/lauterbur/lecture/,nobel_medicine/text_laureate/2003_lauterbur_lecture.txt,597
3359,nobel_medicine,2003,lecture-pdf,Paul C. Lauterbur,,https://www.nobelprize.org/uploads/2018/06/lauterbur-lecture.pdf,nobel_medicine/text_laureate/2003_lauterbur_lecture_pdf0.txt,23373
3360,nobel_medicine,2003,biographical,Sir Peter Mansfield,,https://www.nobelprize.org/prizes/medicine/2003/mansfield/biographical/,nobel_medicine/text_laureate/2003_mansfield_biographical.txt,32761
3361,nobel_medicine,2003,facts,Sir Peter Mansfield,,https://www.nobelprize.org/prizes/medicine/2003/mansfield/facts/,nobel_medicine/text_laureate/2003_mansfield_facts.txt,1521
3362,nobel_medicine,2003,lecture,Sir Peter Mansfield,,https://www.nobelprize.org/prizes/medicine/2003/mansfield/lecture/,nobel_medicine/text_laureate/2003_mansfield_lecture.txt,553
3363,nobel_medicine,2003,lecture-pdf,Sir Peter Mansfield,,https://www.nobelprize.org/uploads/2018/06/mansfield-lecture.pdf,nobel_medicine/text_laureate/2003_mansfield_lecture_pdf0.txt,33253
3364,nobel_medicine,2004,biographical,Richard Axel,,https://www.nobelprize.org/prizes/medicine/2004/axel/biographical/,nobel_medicine/text_laureate/2004_axel_biographical.txt,23920
3365,nobel_medicine,2004,facts,Richard Axel,,https://www.nobelprize.org/prizes/medicine/2004/axel/facts/,nobel_medicine/text_laureate/2004_axel_facts.txt,1255
3366,nobel_medicine,2004,lecture,Richard Axel,,https://www.nobelprize.org/prizes/medicine/2004/axel/lecture/,nobel_medicine/text_laureate/2004_axel_lecture.txt,614
3367,nobel_medicine,2004,lecture-pdf,Richard Axel,,https://www.nobelprize.org/uploads/2018/06/axel-slides.pdf,nobel_medicine/text_laureate/2004_axel_lecture_pdf0.txt,1651
3368,nobel_medicine,2004,lecture-pdf,Richard Axel,,https://www.nobelprize.org/uploads/2018/06/axel-lecture.pdf,nobel_medicine/text_laureate/2004_axel_lecture_pdf1.txt,62816
3369,nobel_medicine,2004,biographical,Linda B. Buck,,https://www.nobelprize.org/prizes/medicine/2004/buck/biographical/,nobel_medicine/text_laureate/2004_buck_biographical.txt,25370
3370,nobel_medicine,2004,facts,Linda B. Buck,,https://www.nobelprize.org/prizes/medicine/2004/buck/facts/,nobel_medicine/text_laureate/2004_buck_facts.txt,1957
3371,nobel_medicine,2004,lecture,Linda B. Buck,,https://www.nobelprize.org/prizes/medicine/2004/buck/lecture/,nobel_medicine/text_laureate/2004_buck_lecture.txt,578
3372,nobel_medicine,2004,lecture-pdf,Linda B. Buck,,https://www.nobelprize.org/uploads/2018/06/buck-slides.pdf,nobel_medicine/text_laureate/2004_buck_lecture_pdf0.txt,5348
3373,nobel_medicine,2004,lecture-pdf,Linda B. Buck,,https://www.nobelprize.org/uploads/2018/06/buck-lecture.pdf,nobel_medicine/text_laureate/2004_buck_lecture_pdf1.txt,36949
3374,nobel_medicine,2005,biographical,Barry J. Marshall,,https://www.nobelprize.org/prizes/medicine/2005/marshall/biographical/,nobel_medicine/text_laureate/2005_marshall_biographical.txt,35330
3375,nobel_medicine,2005,facts,Barry J. Marshall,,https://www.nobelprize.org/prizes/medicine/2005/marshall/facts/,nobel_medicine/text_laureate/2005_marshall_facts.txt,1900
3376,nobel_medicine,2005,lecture,Barry J. Marshall,,https://www.nobelprize.org/prizes/medicine/2005/marshall/lecture/,nobel_medicine/text_laureate/2005_marshall_lecture.txt,933
3377,nobel_medicine,2005,lecture-pdf,Barry J. Marshall,,https://www.nobelprize.org/uploads/2018/06/marshall-slides.pdf,nobel_medicine/text_laureate/2005_marshall_lecture_pdf0.txt,6196
3378,nobel_medicine,2005,lecture-pdf,Barry J. Marshall,,https://www.nobelprize.org/uploads/2018/06/marshall-lecture.pdf,nobel_medicine/text_laureate/2005_marshall_lecture_pdf1.txt,72861
3379,nobel_medicine,2005,biographical,J. Robin Warren,,https://www.nobelprize.org/prizes/medicine/2005/warren/biographical/,nobel_medicine/text_laureate/2005_warren_biographical.txt,33484
3380,nobel_medicine,2005,facts,J. Robin Warren,,https://www.nobelprize.org/prizes/medicine/2005/warren/facts/,nobel_medicine/text_laureate/2005_warren_facts.txt,1666
3381,nobel_medicine,2005,lecture,J. Robin Warren,,https://www.nobelprize.org/prizes/medicine/2005/warren/lecture/,nobel_medicine/text_laureate/2005_warren_lecture.txt,935
3382,nobel_medicine,2005,lecture-pdf,J. Robin Warren,,https://www.nobelprize.org/uploads/2018/06/warren-slides.pdf,nobel_medicine/text_laureate/2005_warren_lecture_pdf0.txt,6726
3383,nobel_medicine,2005,lecture-pdf,J. Robin Warren,,https://www.nobelprize.org/uploads/2018/06/warren-lecture.pdf,nobel_medicine/text_laureate/2005_warren_lecture_pdf1.txt,22868
3384,nobel_medicine,2006,biographical,Andrew Z. Fire,,https://www.nobelprize.org/prizes/medicine/2006/fire/biographical/,nobel_medicine/text_laureate/2006_fire_biographical.txt,3056
3385,nobel_medicine,2006,facts,Andrew Z. Fire,,https://www.nobelprize.org/prizes/medicine/2006/fire/facts/,nobel_medicine/text_laureate/2006_fire_facts.txt,1335
3386,nobel_medicine,2006,lecture,Andrew Z. Fire,,https://www.nobelprize.org/prizes/medicine/2006/fire/lecture/,nobel_medicine/text_laureate/2006_fire_lecture.txt,1020
3387,nobel_medicine,2006,lecture-pdf,Andrew Z. Fire,,https://www.nobelprize.org/uploads/2018/06/fire-slides.pdf,nobel_medicine/text_laureate/2006_fire_lecture_pdf0.txt,23773
3388,nobel_medicine,2006,lecture-pdf,Andrew Z. Fire,,https://www.nobelprize.org/uploads/2018/06/fire_lecture.pdf,nobel_medicine/text_laureate/2006_fire_lecture_pdf1.txt,113638
3389,nobel_medicine,2006,biographical,Craig C. Mello,,https://www.nobelprize.org/prizes/medicine/2006/mello/biographical/,nobel_medicine/text_laureate/2006_mello_biographical.txt,22517
3390,nobel_medicine,2006,facts,Craig C. Mello,,https://www.nobelprize.org/prizes/medicine/2006/mello/facts/,nobel_medicine/text_laureate/2006_mello_facts.txt,1323
3391,nobel_medicine,2006,lecture,Craig C. Mello,,https://www.nobelprize.org/prizes/medicine/2006/mello/lecture/,nobel_medicine/text_laureate/2006_mello_lecture.txt,1025
3392,nobel_medicine,2006,lecture-pdf,Craig C. Mello,,https://www.nobelprize.org/uploads/2018/06/mello-slides.pdf,nobel_medicine/text_laureate/2006_mello_lecture_pdf0.txt,9122
3393,nobel_medicine,2006,lecture-pdf,Craig C. Mello,,https://www.nobelprize.org/uploads/2018/06/mello_lecture.pdf,nobel_medicine/text_laureate/2006_mello_lecture_pdf1.txt,45530
3394,nobel_medicine,2007,biographical,Mario R. Capecchi,,https://www.nobelprize.org/prizes/medicine/2007/capecchi/biographical/,nobel_medicine/text_laureate/2007_capecchi_biographical.txt,31536
3395,nobel_medicine,2007,facts,Mario R. Capecchi,,https://www.nobelprize.org/prizes/medicine/2007/capecchi/facts/,nobel_medicine/text_laureate/2007_capecchi_facts.txt,1353
3396,nobel_medicine,2007,lecture,Mario R. Capecchi,,https://www.nobelprize.org/prizes/medicine/2007/capecchi/lecture/,nobel_medicine/text_laureate/2007_capecchi_lecture.txt,993
3397,nobel_medicine,2007,lecture-pdf,Mario R. Capecchi,,https://www.nobelprize.org/uploads/2018/06/capecchi-slides.pdf,nobel_medicine/text_laureate/2007_capecchi_lecture_pdf0.txt,3067
3398,nobel_medicine,2007,lecture-pdf,Mario R. Capecchi,,https://www.nobelprize.org/uploads/2018/06/capecchi_lecture.pdf,nobel_medicine/text_laureate/2007_capecchi_lecture_pdf1.txt,41377
3399,nobel_medicine,2007,biographical,Sir Martin J. Evans,,https://www.nobelprize.org/prizes/medicine/2007/evans/biographical/,nobel_medicine/text_laureate/2007_evans_biographical.txt,19048
3400,nobel_medicine,2007,facts,Sir Martin J. Evans,,https://www.nobelprize.org/prizes/medicine/2007/evans/facts/,nobel_medicine/text_laureate/2007_evans_facts.txt,1319
3401,nobel_medicine,2007,lecture,Sir Martin J. Evans,,https://www.nobelprize.org/prizes/medicine/2007/evans/lecture/,nobel_medicine/text_laureate/2007_evans_lecture.txt,1048
3402,nobel_medicine,2007,lecture-pdf,Sir Martin J. Evans,,https://www.nobelprize.org/uploads/2018/06/evans-slides.pdf,nobel_medicine/text_laureate/2007_evans_lecture_pdf0.txt,14180
3403,nobel_medicine,2007,lecture-pdf,Sir Martin J. Evans,,https://www.nobelprize.org/uploads/2018/06/evans_lecture.pdf,nobel_medicine/text_laureate/2007_evans_lecture_pdf1.txt,34563
3404,nobel_medicine,2007,biographical,Oliver Smithies,,https://www.nobelprize.org/prizes/medicine/2007/smithies/biographical/,nobel_medicine/text_laureate/2007_smithies_biographical.txt,40755
3405,nobel_medicine,2007,facts,Oliver Smithies,,https://www.nobelprize.org/prizes/medicine/2007/smithies/facts/,nobel_medicine/text_laureate/2007_smithies_facts.txt,1376
3406,nobel_medicine,2007,lecture,Oliver Smithies,,https://www.nobelprize.org/prizes/medicine/2007/smithies/lecture/,nobel_medicine/text_laureate/2007_smithies_lecture.txt,994
3407,nobel_medicine,2007,lecture-pdf,Oliver Smithies,,https://www.nobelprize.org/uploads/2018/06/smithies-slides.pdf,nobel_medicine/text_laureate/2007_smithies_lecture_pdf0.txt,3115
3408,nobel_medicine,2007,lecture-pdf,Oliver Smithies,,https://www.nobelprize.org/uploads/2018/06/smithies_lecture.pdf,nobel_medicine/text_laureate/2007_smithies_lecture_pdf1.txt,40814
3409,nobel_medicine,2008,biographical,Françoise Barré-Sinoussi,,https://www.nobelprize.org/prizes/medicine/2008/barre-sinoussi/biographical/,nobel_medicine/text_laureate/2008_barre-sinoussi_biographical.txt,11692
3410,nobel_medicine,2008,facts,Françoise Barré-Sinoussi,,https://www.nobelprize.org/prizes/medicine/2008/barre-sinoussi/facts/,nobel_medicine/text_laureate/2008_barre-sinoussi_facts.txt,1889
3411,nobel_medicine,2008,lecture,Françoise Barré-Sinoussi,,https://www.nobelprize.org/prizes/medicine/2008/barre-sinoussi/lecture/,nobel_medicine/text_laureate/2008_barre-sinoussi_lecture.txt,1093
3412,nobel_medicine,2008,lecture-pdf,Françoise Barré-Sinoussi,,https://www.nobelprize.org/uploads/2018/06/barre-sinoussi-slides.pdf,nobel_medicine/text_laureate/2008_barre-sinoussi_lecture_pdf0.txt,10009
3413,nobel_medicine,2008,lecture-pdf,Françoise Barré-Sinoussi,,https://www.nobelprize.org/uploads/2018/06/barre-sinoussi_lecture.pdf,nobel_medicine/text_laureate/2008_barre-sinoussi_lecture_pdf1.txt,29366
3414,nobel_medicine,2008,biographical,Harald zur Hausen,,https://www.nobelprize.org/prizes/medicine/2008/hausen/biographical/,nobel_medicine/text_laureate/2008_hausen_biographical.txt,13671
3415,nobel_medicine,2008,facts,Harald zur Hausen,,https://www.nobelprize.org/prizes/medicine/2008/hausen/facts/,nobel_medicine/text_laureate/2008_hausen_facts.txt,1368
3416,nobel_medicine,2008,lecture,Harald zur Hausen,,https://www.nobelprize.org/prizes/medicine/2008/hausen/lecture/,nobel_medicine/text_laureate/2008_hausen_lecture.txt,1068
3417,nobel_medicine,2008,lecture-pdf,Harald zur Hausen,,https://www.nobelprize.org/uploads/2018/06/hausen_slides.pdf,nobel_medicine/text_laureate/2008_hausen_lecture_pdf0.txt,21506
3418,nobel_medicine,2008,lecture-pdf,Harald zur Hausen,,https://www.nobelprize.org/uploads/2018/06/hausen_lecture.pdf,nobel_medicine/text_laureate/2008_hausen_lecture_pdf1.txt,40523
3419,nobel_medicine,2008,biographical,Luc Montagnier,,https://www.nobelprize.org/prizes/medicine/2008/montagnier/biographical/,nobel_medicine/text_laureate/2008_montagnier_biographical.txt,27121
3420,nobel_medicine,2008,facts,Luc Montagnier,,https://www.nobelprize.org/prizes/medicine/2008/montagnier/facts/,nobel_medicine/text_laureate/2008_montagnier_facts.txt,1321
3421,nobel_medicine,2008,lecture,Luc Montagnier,,https://www.nobelprize.org/prizes/medicine/2008/montagnier/lecture/,nobel_medicine/text_laureate/2008_montagnier_lecture.txt,1043
3422,nobel_medicine,2008,lecture-pdf,Luc Montagnier,,https://www.nobelprize.org/uploads/2018/06/montagnier_slides.pdf,nobel_medicine/text_laureate/2008_montagnier_lecture_pdf0.txt,9803
3423,nobel_medicine,2008,lecture-pdf,Luc Montagnier,,https://www.nobelprize.org/uploads/2018/06/montagnier_lecture.pdf,nobel_medicine/text_laureate/2008_montagnier_lecture_pdf1.txt,35723
3424,nobel_medicine,2009,biographical,Elizabeth H. Blackburn,,https://www.nobelprize.org/prizes/medicine/2009/blackburn/biographical/,nobel_medicine/text_laureate/2009_blackburn_biographical.txt,37804
3425,nobel_medicine,2009,facts,Elizabeth H. Blackburn,,https://www.nobelprize.org/prizes/medicine/2009/blackburn/facts/,nobel_medicine/text_laureate/2009_blackburn_facts.txt,2048
3426,nobel_medicine,2009,lecture,Elizabeth H. Blackburn,,https://www.nobelprize.org/prizes/medicine/2009/blackburn/lecture/,nobel_medicine/text_laureate/2009_blackburn_lecture.txt,1167
3427,nobel_medicine,2009,lecture-pdf,Elizabeth H. Blackburn,,https://www.nobelprize.org/uploads/2018/06/blackburn-lecture-slides.pdf,nobel_medicine/text_laureate/2009_blackburn_lecture_pdf0.txt,14049
3428,nobel_medicine,2009,lecture-pdf,Elizabeth H. Blackburn,,https://www.nobelprize.org/uploads/2018/06/blackburn_lecture.pdf,nobel_medicine/text_laureate/2009_blackburn_lecture_pdf1.txt,46999
3429,nobel_medicine,2009,biographical,Carol W. Greider,,https://www.nobelprize.org/prizes/medicine/2009/greider/biographical/,nobel_medicine/text_laureate/2009_greider_biographical.txt,41517
3430,nobel_medicine,2009,facts,Carol W. Greider,,https://www.nobelprize.org/prizes/medicine/2009/greider/facts/,nobel_medicine/text_laureate/2009_greider_facts.txt,1996
3431,nobel_medicine,2009,lecture,Carol W. Greider,,https://www.nobelprize.org/prizes/medicine/2009/greider/lecture/,nobel_medicine/text_laureate/2009_greider_lecture.txt,1148
3432,nobel_medicine,2009,lecture-pdf,Carol W. Greider,,https://www.nobelprize.org/uploads/2018/06/greider-lecture-slides.pdf,nobel_medicine/text_laureate/2009_greider_lecture_pdf0.txt,8727
3433,nobel_medicine,2009,lecture-pdf,Carol W. Greider,,https://www.nobelprize.org/uploads/2018/06/greider_lecture.pdf,nobel_medicine/text_laureate/2009_greider_lecture_pdf1.txt,52925
3434,nobel_medicine,2009,biographical,Jack W. Szostak,,https://www.nobelprize.org/prizes/medicine/2009/szostak/biographical/,nobel_medicine/text_laureate/2009_szostak_biographical.txt,39792
3435,nobel_medicine,2009,facts,Jack W. Szostak,,https://www.nobelprize.org/prizes/medicine/2009/szostak/facts/,nobel_medicine/text_laureate/2009_szostak_facts.txt,1384
3436,nobel_medicine,2009,lecture,Jack W. Szostak,,https://www.nobelprize.org/prizes/medicine/2009/szostak/lecture/,nobel_medicine/text_laureate/2009_szostak_lecture.txt,1154
3437,nobel_medicine,2009,lecture-pdf,Jack W. Szostak,,https://www.nobelprize.org/uploads/2018/06/szostak-lecture-slides.pdf,nobel_medicine/text_laureate/2009_szostak_lecture_pdf0.txt,4944
3438,nobel_medicine,2009,lecture-pdf,Jack W. Szostak,,https://www.nobelprize.org/uploads/2018/06/szostak_lecture.pdf,nobel_medicine/text_laureate/2009_szostak_lecture_pdf1.txt,58718
3439,nobel_medicine,2010,biographical,Robert G. Edwards,,https://www.nobelprize.org/prizes/medicine/2010/edwards/biographical/,nobel_medicine/text_laureate/2010_edwards_biographical.txt,522
3440,nobel_medicine,2010,facts,Robert G. Edwards,,https://www.nobelprize.org/prizes/medicine/2010/edwards/facts/,nobel_medicine/text_laureate/2010_edwards_facts.txt,1804
3441,nobel_medicine,2010,lecture,Robert G. Edwards,,https://www.nobelprize.org/prizes/medicine/2010/edwards/lecture/,nobel_medicine/text_laureate/2010_edwards_lecture.txt,1423
3442,nobel_medicine,2010,lecture-pdf,Robert G. Edwards,,https://www.nobelprize.org/uploads/2018/06/edwards-lecture-slides.pdf,nobel_medicine/text_laureate/2010_edwards_lecture_pdf0.txt,6189
3443,nobel_medicine,2010,lecture-pdf,Robert G. Edwards,,https://www.nobelprize.org/uploads/2018/06/edwards_lecture-1.pdf,nobel_medicine/text_laureate/2010_edwards_lecture_pdf1.txt,48295
3444,nobel_medicine,2011,biographical,Bruce A. Beutler,,https://www.nobelprize.org/prizes/medicine/2011/beutler/biographical/,nobel_medicine/text_laureate/2011_beutler_biographical.txt,65887
3445,nobel_medicine,2011,facts,Bruce A. Beutler,,https://www.nobelprize.org/prizes/medicine/2011/beutler/facts/,nobel_medicine/text_laureate/2011_beutler_facts.txt,1906
3446,nobel_medicine,2011,lecture,Bruce A. Beutler,,https://www.nobelprize.org/prizes/medicine/2011/beutler/lecture/,nobel_medicine/text_laureate/2011_beutler_lecture.txt,1041
3447,nobel_medicine,2011,lecture-pdf,Bruce A. Beutler,,https://www.nobelprize.org/uploads/2018/06/beutler-lecture_slides.pdf,nobel_medicine/text_laureate/2011_beutler_lecture_pdf0.txt,13714
3448,nobel_medicine,2011,lecture-pdf,Bruce A. Beutler,,https://www.nobelprize.org/uploads/2018/06/beutler-lecture.pdf,nobel_medicine/text_laureate/2011_beutler_lecture_pdf1.txt,117082
3449,nobel_medicine,2011,biographical,Jules A. Hoffmann,,https://www.nobelprize.org/prizes/medicine/2011/hoffmann/biographical/,nobel_medicine/text_laureate/2011_hoffmann_biographical.txt,423
3450,nobel_medicine,2011,facts,Jules A. Hoffmann,,https://www.nobelprize.org/prizes/medicine/2011/hoffmann/facts/,nobel_medicine/text_laureate/2011_hoffmann_facts.txt,1808
3451,nobel_medicine,2011,lecture,Jules A. Hoffmann,,https://www.nobelprize.org/prizes/medicine/2011/hoffmann/lecture/,nobel_medicine/text_laureate/2011_hoffmann_lecture.txt,971
3452,nobel_medicine,2011,lecture-pdf,Jules A. Hoffmann,,https://www.nobelprize.org/uploads/2018/06/hoffman-lecture-1.pdf,nobel_medicine/text_laureate/2011_hoffmann_lecture_pdf0.txt,91440
3453,nobel_medicine,2011,lecture-pdf,Jules A. Hoffmann,,https://www.nobelprize.org/uploads/2018/06/hoffmann-lecture_slides.pdf,nobel_medicine/text_laureate/2011_hoffmann_lecture_pdf1.txt,7389
3454,nobel_medicine,2011,biographical,Ralph M. Steinman,,https://www.nobelprize.org/prizes/medicine/2011/steinman/biographical/,nobel_medicine/text_laureate/2011_steinman_biographical.txt,7370
3455,nobel_medicine,2011,facts,Ralph M. Steinman,,https://www.nobelprize.org/prizes/medicine/2011/steinman/facts/,nobel_medicine/text_laureate/2011_steinman_facts.txt,1770
3456,nobel_medicine,2011,lecture,Ralph M. Steinman,,https://www.nobelprize.org/prizes/medicine/2011/steinman/lecture/,nobel_medicine/text_laureate/2011_steinman_lecture.txt,1010
3457,nobel_medicine,2011,lecture-pdf,Ralph M. Steinman,,https://www.nobelprize.org/uploads/2018/06/steinman_lecture.pdf,nobel_medicine/text_laureate/2011_steinman_lecture_pdf0.txt,47935
3458,nobel_medicine,2011,lecture-pdf,Ralph M. Steinman,,https://www.nobelprize.org/uploads/2018/06/steinman-lecture_slides.pdf,nobel_medicine/text_laureate/2011_steinman_lecture_pdf1.txt,11255
3459,nobel_medicine,2012,biographical,Sir John B. Gurdon,,https://www.nobelprize.org/prizes/medicine/2012/gurdon/biographical/,nobel_medicine/text_laureate/2012_gurdon_biographical.txt,23601
3460,nobel_medicine,2012,facts,Sir John B. Gurdon,,https://www.nobelprize.org/prizes/medicine/2012/gurdon/facts/,nobel_medicine/text_laureate/2012_gurdon_facts.txt,1912
3461,nobel_medicine,2012,lecture,Sir John B. Gurdon,,https://www.nobelprize.org/prizes/medicine/2012/gurdon/lecture/,nobel_medicine/text_laureate/2012_gurdon_lecture.txt,1043
3462,nobel_medicine,2012,lecture-pdf,Sir John B. Gurdon,,https://www.nobelprize.org/uploads/2018/06/gurdon-lecture_slides.pdf,nobel_medicine/text_laureate/2012_gurdon_lecture_pdf0.txt,18711
3463,nobel_medicine,2012,lecture-pdf,Sir John B. Gurdon,,https://www.nobelprize.org/uploads/2018/06/gurdon-lecture.pdf,nobel_medicine/text_laureate/2012_gurdon_lecture_pdf1.txt,51403
3464,nobel_medicine,2012,biographical,Shinya Yamanaka,,https://www.nobelprize.org/prizes/medicine/2012/yamanaka/biographical/,nobel_medicine/text_laureate/2012_yamanaka_biographical.txt,25843
3465,nobel_medicine,2012,facts,Shinya Yamanaka,,https://www.nobelprize.org/prizes/medicine/2012/yamanaka/facts/,nobel_medicine/text_laureate/2012_yamanaka_facts.txt,1842
3466,nobel_medicine,2012,lecture,Shinya Yamanaka,,https://www.nobelprize.org/prizes/medicine/2012/yamanaka/lecture/,nobel_medicine/text_laureate/2012_yamanaka_lecture.txt,988
3467,nobel_medicine,2012,lecture-pdf,Shinya Yamanaka,,https://www.nobelprize.org/uploads/2018/06/yamanaka-lecture_slides.pdf,nobel_medicine/text_laureate/2012_yamanaka_lecture_pdf0.txt,3743
3468,nobel_medicine,2012,lecture-pdf,Shinya Yamanaka,,https://www.nobelprize.org/uploads/2018/06/yamanaka-lecture.pdf,nobel_medicine/text_laureate/2012_yamanaka_lecture_pdf1.txt,55883
3469,nobel_medicine,2013,biographical,James E. Rothman,,https://www.nobelprize.org/prizes/medicine/2013/rothman/biographical/,nobel_medicine/text_laureate/2013_rothman_biographical.txt,31084
3470,nobel_medicine,2013,facts,James E. Rothman,,https://www.nobelprize.org/prizes/medicine/2013/rothman/facts/,nobel_medicine/text_laureate/2013_rothman_facts.txt,1688
3471,nobel_medicine,2013,lecture,James E. Rothman,,https://www.nobelprize.org/prizes/medicine/2013/rothman/lecture/,nobel_medicine/text_laureate/2013_rothman_lecture.txt,1073
3472,nobel_medicine,2013,lecture-pdf,James E. Rothman,,https://www.nobelprize.org/uploads/2018/06/rothman-lecture-slides.pdf,nobel_medicine/text_laureate/2013_rothman_lecture_pdf0.txt,6125
3473,nobel_medicine,2013,lecture-pdf,James E. Rothman,,https://www.nobelprize.org/uploads/2018/06/rothman-lecture.pdf,nobel_medicine/text_laureate/2013_rothman_lecture_pdf1.txt,77620
3474,nobel_medicine,2013,biographical,Randy W. Schekman,,https://www.nobelprize.org/prizes/medicine/2013/schekman/biographical/,nobel_medicine/text_laureate/2013_schekman_biographical.txt,36965
3475,nobel_medicine,2013,facts,Randy W. Schekman,,https://www.nobelprize.org/prizes/medicine/2013/schekman/facts/,nobel_medicine/text_laureate/2013_schekman_facts.txt,1903
3476,nobel_medicine,2013,lecture,Randy W. Schekman,,https://www.nobelprize.org/prizes/medicine/2013/schekman/lecture/,nobel_medicine/text_laureate/2013_schekman_lecture.txt,1110
3477,nobel_medicine,2013,lecture-pdf,Randy W. Schekman,,https://www.nobelprize.org/uploads/2018/06/schekman-lecture-slides.pdf,nobel_medicine/text_laureate/2013_schekman_lecture_pdf0.txt,1897
3478,nobel_medicine,2013,lecture-pdf,Randy W. Schekman,,https://www.nobelprize.org/uploads/2018/06/schekman-lecture.pdf,nobel_medicine/text_laureate/2013_schekman_lecture_pdf1.txt,120396
3479,nobel_medicine,2013,biographical,Thomas C. Südhof,,https://www.nobelprize.org/prizes/medicine/2013/sudhof/biographical/,nobel_medicine/text_laureate/2013_sudhof_biographical.txt,32369
3480,nobel_medicine,2013,facts,Thomas C. Südhof,,https://www.nobelprize.org/prizes/medicine/2013/sudhof/facts/,nobel_medicine/text_laureate/2013_sudhof_facts.txt,1830
3481,nobel_medicine,2013,lecture,Thomas C. Südhof,,https://www.nobelprize.org/prizes/medicine/2013/sudhof/lecture/,nobel_medicine/text_laureate/2013_sudhof_lecture.txt,1084
3482,nobel_medicine,2013,lecture-pdf,Thomas C. Südhof,,https://www.nobelprize.org/uploads/2018/06/sudhof-lecture-slides.pdf,nobel_medicine/text_laureate/2013_sudhof_lecture_pdf0.txt,26971
3483,nobel_medicine,2013,lecture-pdf,Thomas C. Südhof,,https://www.nobelprize.org/uploads/2018/06/sudhof-lecture.pdf,nobel_medicine/text_laureate/2013_sudhof_lecture_pdf1.txt,129455
3484,nobel_medicine,2014,biographical,Edvard I. Moser,,https://www.nobelprize.org/prizes/medicine/2014/edvard-moser/biographical/,nobel_medicine/text_laureate/2014_edvard-moser_biographical.txt,76258
3485,nobel_medicine,2014,facts,Edvard I. Moser,,https://www.nobelprize.org/prizes/medicine/2014/edvard-moser/facts/,nobel_medicine/text_laureate/2014_edvard-moser_facts.txt,1764
3486,nobel_medicine,2014,lecture,Edvard I. Moser,,https://www.nobelprize.org/prizes/medicine/2014/edvard-moser/lecture/,nobel_medicine/text_laureate/2014_edvard-moser_lecture.txt,1001
3487,nobel_medicine,2014,lecture-pdf,Edvard I. Moser,,https://www.nobelprize.org/uploads/2018/06/edvard-moser-lecture-slides.pdf,nobel_medicine/text_laureate/2014_edvard-moser_lecture_pdf0.txt,12180
3488,nobel_medicine,2014,lecture-pdf,Edvard I. Moser,,https://www.nobelprize.org/uploads/2018/06/edvard-moser-lecture.pdf,nobel_medicine/text_laureate/2014_edvard-moser_lecture_pdf1.txt,68957
3489,nobel_medicine,2014,biographical,May-Britt Moser,,https://www.nobelprize.org/prizes/medicine/2014/may-britt-moser/biographical/,nobel_medicine/text_laureate/2014_may-britt-moser_biographical.txt,50208
3490,nobel_medicine,2014,facts,May-Britt Moser,,https://www.nobelprize.org/prizes/medicine/2014/may-britt-moser/facts/,nobel_medicine/text_laureate/2014_may-britt-moser_facts.txt,1781
3491,nobel_medicine,2014,lecture,May-Britt Moser,,https://www.nobelprize.org/prizes/medicine/2014/may-britt-moser/lecture/,nobel_medicine/text_laureate/2014_may-britt-moser_lecture.txt,989
3492,nobel_medicine,2014,lecture-pdf,May-Britt Moser,,https://www.nobelprize.org/uploads/2018/06/may-britt-moser-lecture-slides.pdf,nobel_medicine/text_laureate/2014_may-britt-moser_lecture_pdf0.txt,11783
3493,nobel_medicine,2014,lecture-pdf,May-Britt Moser,,https://www.nobelprize.org/uploads/2018/06/may-britt-moser-lecture.pdf,nobel_medicine/text_laureate/2014_may-britt-moser_lecture_pdf1.txt,61880
3494,nobel_medicine,2014,biographical,John O'Keefe,,https://www.nobelprize.org/prizes/medicine/2014/okeefe/biographical/,nobel_medicine/text_laureate/2014_okeefe_biographical.txt,43778
3495,nobel_medicine,2014,facts,John O'Keefe,,https://www.nobelprize.org/prizes/medicine/2014/okeefe/facts/,nobel_medicine/text_laureate/2014_okeefe_facts.txt,1723
3496,nobel_medicine,2014,lecture,John O'Keefe,,https://www.nobelprize.org/prizes/medicine/2014/okeefe/lecture/,nobel_medicine/text_laureate/2014_okeefe_lecture.txt,1012
3497,nobel_medicine,2014,lecture-pdf,John O'Keefe,,https://www.nobelprize.org/uploads/2018/06/okeefe-lecture-slides.pdf,nobel_medicine/text_laureate/2014_okeefe_lecture_pdf0.txt,6883
3498,nobel_medicine,2014,lecture-pdf,John O'Keefe,,https://www.nobelprize.org/uploads/2018/06/okeefe-lecture.pdf,nobel_medicine/text_laureate/2014_okeefe_lecture_pdf1.txt,57026
3499,nobel_medicine,2015,biographical,William C. Campbell,,https://www.nobelprize.org/prizes/medicine/2015/campbell/biographical/,nobel_medicine/text_laureate/2015_campbell_biographical.txt,21301
3500,nobel_medicine,2015,facts,William C. Campbell,,https://www.nobelprize.org/prizes/medicine/2015/campbell/facts/,nobel_medicine/text_laureate/2015_campbell_facts.txt,1660
3501,nobel_medicine,2015,lecture,William C. Campbell,,https://www.nobelprize.org/prizes/medicine/2015/campbell/lecture/,nobel_medicine/text_laureate/2015_campbell_lecture.txt,779
3502,nobel_medicine,2015,lecture-pdf,William C. Campbell,,https://www.nobelprize.org/uploads/2018/06/campbell-lecture.pdf,nobel_medicine/text_laureate/2015_campbell_lecture_pdf1.txt,25343
3503,nobel_medicine,2015,biographical,Satoshi Ōmura,,https://www.nobelprize.org/prizes/medicine/2015/omura/biographical/,nobel_medicine/text_laureate/2015_omura_biographical.txt,29543
3504,nobel_medicine,2015,facts,Satoshi Ōmura,,https://www.nobelprize.org/prizes/medicine/2015/omura/facts/,nobel_medicine/text_laureate/2015_omura_facts.txt,1727
3505,nobel_medicine,2015,lecture,Satoshi Ōmura,,https://www.nobelprize.org/prizes/medicine/2015/omura/lecture/,nobel_medicine/text_laureate/2015_omura_lecture.txt,817
3506,nobel_medicine,2015,lecture-pdf,Satoshi Ōmura,,https://www.nobelprize.org/uploads/2018/06/omura-lecture-slides.pdf,nobel_medicine/text_laureate/2015_omura_lecture_pdf0.txt,7649
3507,nobel_medicine,2015,lecture-pdf,Satoshi Ōmura,,https://www.nobelprize.org/uploads/2018/06/omura-lecture.pdf,nobel_medicine/text_laureate/2015_omura_lecture_pdf1.txt,95386
3508,nobel_medicine,2015,biographical,Tu Youyou,,https://www.nobelprize.org/prizes/medicine/2015/tu/biographical/,nobel_medicine/text_laureate/2015_tu_biographical.txt,27896
3509,nobel_medicine,2015,facts,Tu Youyou,,https://www.nobelprize.org/prizes/medicine/2015/tu/facts/,nobel_medicine/text_laureate/2015_tu_facts.txt,1371
3510,nobel_medicine,2015,lecture,Tu Youyou,,https://www.nobelprize.org/prizes/medicine/2015/tu/lecture/,nobel_medicine/text_laureate/2015_tu_lecture.txt,826
3511,nobel_medicine,2015,lecture-pdf,Tu Youyou,,https://www.nobelprize.org/uploads/2018/06/tu-lecture-slides.pdf,nobel_medicine/text_laureate/2015_tu_lecture_pdf0.txt,2568
3512,nobel_medicine,2015,lecture-pdf,Tu Youyou,,https://www.nobelprize.org/uploads/2018/06/tu-lecture.pdf,nobel_medicine/text_laureate/2015_tu_lecture_pdf1.txt,55386
3513,nobel_medicine,2016,biographical,Yoshinori Ohsumi,,https://www.nobelprize.org/prizes/medicine/2016/ohsumi/biographical/,nobel_medicine/text_laureate/2016_ohsumi_biographical.txt,31457
3514,nobel_medicine,2016,facts,Yoshinori Ohsumi,,https://www.nobelprize.org/prizes/medicine/2016/ohsumi/facts/,nobel_medicine/text_laureate/2016_ohsumi_facts.txt,1708
3515,nobel_medicine,2016,lecture,Yoshinori Ohsumi,,https://www.nobelprize.org/prizes/medicine/2016/ohsumi/lecture/,nobel_medicine/text_laureate/2016_ohsumi_lecture.txt,976
3516,nobel_medicine,2016,lecture-pdf,Yoshinori Ohsumi,,https://www.nobelprize.org/uploads/2018/06/ohsumi-lecture-slides.pdf,nobel_medicine/text_laureate/2016_ohsumi_lecture_pdf0.txt,13273
3517,nobel_medicine,2016,lecture-pdf,Yoshinori Ohsumi,,https://www.nobelprize.org/uploads/2018/06/ohsumi-lecture.pdf,nobel_medicine/text_laureate/2016_ohsumi_lecture_pdf1.txt,73762
3518,nobel_medicine,2017,biographical,Jeffrey C. Hall,,https://www.nobelprize.org/prizes/medicine/2017/hall/biographical/,nobel_medicine/text_laureate/2017_hall_biographical.txt,25966
3519,nobel_medicine,2017,facts,Jeffrey C. Hall,,https://www.nobelprize.org/prizes/medicine/2017/hall/facts/,nobel_medicine/text_laureate/2017_hall_facts.txt,1567
3520,nobel_medicine,2017,lecture,Jeffrey C. Hall,,https://www.nobelprize.org/prizes/medicine/2017/hall/lecture/,nobel_medicine/text_laureate/2017_hall_lecture.txt,716
3521,nobel_medicine,2017,lecture-pdf,Jeffrey C. Hall,,https://www.nobelprize.org/uploads/2017/12/hall-lecture.pdf,nobel_medicine/text_laureate/2017_hall_lecture_pdf0.txt,91333
3522,nobel_medicine,2017,biographical,Michael Rosbash,,https://www.nobelprize.org/prizes/medicine/2017/rosbash/biographical/,nobel_medicine/text_laureate/2017_rosbash_biographical.txt,33779
3523,nobel_medicine,2017,facts,Michael Rosbash,,https://www.nobelprize.org/prizes/medicine/2017/rosbash/facts/,nobel_medicine/text_laureate/2017_rosbash_facts.txt,1848
3524,nobel_medicine,2017,lecture,Michael Rosbash,,https://www.nobelprize.org/prizes/medicine/2017/rosbash/lecture/,nobel_medicine/text_laureate/2017_rosbash_lecture.txt,756
3525,nobel_medicine,2017,lecture-pdf,Michael Rosbash,,https://www.nobelprize.org/uploads/2018/06/rosbash-lecture-slides.pdf,nobel_medicine/text_laureate/2017_rosbash_lecture_pdf0.txt,11570
3526,nobel_medicine,2017,lecture-pdf,Michael Rosbash,,https://www.nobelprize.org/uploads/2017/12/rosbash-lecture.pdf,nobel_medicine/text_laureate/2017_rosbash_lecture_pdf1.txt,92549
3527,nobel_medicine,2017,biographical,Michael W. Young,,https://www.nobelprize.org/prizes/medicine/2017/young/biographical/,nobel_medicine/text_laureate/2017_young_biographical.txt,30804
3528,nobel_medicine,2017,facts,Michael W. Young,,https://www.nobelprize.org/prizes/medicine/2017/young/facts/,nobel_medicine/text_laureate/2017_young_facts.txt,1601
3529,nobel_medicine,2017,lecture,Michael W. Young,,https://www.nobelprize.org/prizes/medicine/2017/young/lecture/,nobel_medicine/text_laureate/2017_young_lecture.txt,713
3530,nobel_medicine,2017,lecture-pdf,Michael W. Young,,https://www.nobelprize.org/uploads/2018/06/young-lecture-slides.pdf,nobel_medicine/text_laureate/2017_young_lecture_pdf0.txt,2271
3531,nobel_medicine,2018,biographical,James P. Allison,,https://www.nobelprize.org/prizes/medicine/2018/allison/biographical/,nobel_medicine/text_laureate/2018_allison_biographical.txt,35810
3532,nobel_medicine,2018,facts,James P. Allison,,https://www.nobelprize.org/prizes/medicine/2018/allison/facts/,nobel_medicine/text_laureate/2018_allison_facts.txt,1865
3533,nobel_medicine,2018,lecture,James P. Allison,,https://www.nobelprize.org/prizes/medicine/2018/allison/lecture/,nobel_medicine/text_laureate/2018_allison_lecture.txt,742
3534,nobel_medicine,2018,lecture-pdf,James P. Allison,,https://www.nobelprize.org/uploads/2018/10/allison-lecture-slides.pdf,nobel_medicine/text_laureate/2018_allison_lecture_pdf0.txt,17364
3535,nobel_medicine,2018,lecture-pdf,James P. Allison,,https://www.nobelprize.org/uploads/2018/10/allison-lecture.pdf,nobel_medicine/text_laureate/2018_allison_lecture_pdf1.txt,38784
3536,nobel_medicine,2018,biographical,Tasuku Honjo,,https://www.nobelprize.org/prizes/medicine/2018/honjo/biographical/,nobel_medicine/text_laureate/2018_honjo_biographical.txt,39306
3537,nobel_medicine,2018,facts,Tasuku Honjo,,https://www.nobelprize.org/prizes/medicine/2018/honjo/facts/,nobel_medicine/text_laureate/2018_honjo_facts.txt,1692
3538,nobel_medicine,2018,lecture,Tasuku Honjo,,https://www.nobelprize.org/prizes/medicine/2018/honjo/lecture/,nobel_medicine/text_laureate/2018_honjo_lecture.txt,735
3539,nobel_medicine,2018,lecture-pdf,Tasuku Honjo,,https://www.nobelprize.org/uploads/2018/10/honjo-slides.pdf,nobel_medicine/text_laureate/2018_honjo_lecture_pdf0.txt,18703
3540,nobel_medicine,2018,lecture-pdf,Tasuku Honjo,,https://www.nobelprize.org/uploads/2018/10/honjo-lecture.pdf,nobel_medicine/text_laureate/2018_honjo_lecture_pdf1.txt,61351
3541,nobel_medicine,2019,biographical,William G. Kaelin Jr,,https://www.nobelprize.org/prizes/medicine/2019/kaelin/biographical/,nobel_medicine/text_laureate/2019_kaelin_biographical.txt,34778
3542,nobel_medicine,2019,facts,William G. Kaelin Jr,,https://www.nobelprize.org/prizes/medicine/2019/kaelin/facts/,nobel_medicine/text_laureate/2019_kaelin_facts.txt,1713
3543,nobel_medicine,2019,lecture,William G. Kaelin Jr,,https://www.nobelprize.org/prizes/medicine/2019/kaelin/lecture/,nobel_medicine/text_laureate/2019_kaelin_lecture.txt,688
3544,nobel_medicine,2019,lecture-pdf,William G. Kaelin Jr,,https://www.nobelprize.org/uploads/2019/10/kaelin-lecture-slides.pdf,nobel_medicine/text_laureate/2019_kaelin_lecture_pdf0.txt,8644
3545,nobel_medicine,2019,lecture-pdf,William G. Kaelin Jr,,https://www.nobelprize.org/uploads/2019/10/kaelin-lecture.pdf,nobel_medicine/text_laureate/2019_kaelin_lecture_pdf1.txt,106617
3546,nobel_medicine,2019,biographical,Sir Peter J. Ratcliffe,,https://www.nobelprize.org/prizes/medicine/2019/ratcliffe/biographical/,nobel_medicine/text_laureate/2019_ratcliffe_biographical.txt,36739
3547,nobel_medicine,2019,facts,Sir Peter J. Ratcliffe,,https://www.nobelprize.org/prizes/medicine/2019/ratcliffe/facts/,nobel_medicine/text_laureate/2019_ratcliffe_facts.txt,1709
3548,nobel_medicine,2019,lecture,Sir Peter J. Ratcliffe,,https://www.nobelprize.org/prizes/medicine/2019/ratcliffe/lecture/,nobel_medicine/text_laureate/2019_ratcliffe_lecture.txt,757
3549,nobel_medicine,2019,lecture-pdf,Sir Peter J. Ratcliffe,,https://www.nobelprize.org/uploads/2019/10/ratcliffe-lecture-slides.pdf,nobel_medicine/text_laureate/2019_ratcliffe_lecture_pdf0.txt,3534
3550,nobel_medicine,2019,lecture-pdf,Sir Peter J. Ratcliffe,,https://www.nobelprize.org/uploads/2019/10/ratcliffe-lecture.pdf,nobel_medicine/text_laureate/2019_ratcliffe_lecture_pdf1.txt,77375
3551,nobel_medicine,2019,biographical,Gregg L. Semenza,,https://www.nobelprize.org/prizes/medicine/2019/semenza/biographical/,nobel_medicine/text_laureate/2019_semenza_biographical.txt,26641
3552,nobel_medicine,2019,facts,Gregg L. Semenza,,https://www.nobelprize.org/prizes/medicine/2019/semenza/facts/,nobel_medicine/text_laureate/2019_semenza_facts.txt,1578
3553,nobel_medicine,2019,lecture,Gregg L. Semenza,,https://www.nobelprize.org/prizes/medicine/2019/semenza/lecture/,nobel_medicine/text_laureate/2019_semenza_lecture.txt,712
3554,nobel_medicine,2019,lecture-pdf,Gregg L. Semenza,,https://www.nobelprize.org/uploads/2019/10/semenza-lecture-slides.pdf,nobel_medicine/text_laureate/2019_semenza_lecture_pdf0.txt,12888
3555,nobel_medicine,2019,lecture-pdf,Gregg L. Semenza,,https://www.nobelprize.org/uploads/2019/10/semenza-lecture.pdf,nobel_medicine/text_laureate/2019_semenza_lecture_pdf1.txt,105959
3556,nobel_medicine,2020,biographical,Harvey J. Alter,,https://www.nobelprize.org/prizes/medicine/2020/alter/biographical/,nobel_medicine/text_laureate/2020_alter_biographical.txt,33844
3557,nobel_medicine,2020,facts,Harvey J. Alter,,https://www.nobelprize.org/prizes/medicine/2020/alter/facts/,nobel_medicine/text_laureate/2020_alter_facts.txt,1199
3558,nobel_medicine,2020,lecture,Harvey J. Alter,,https://www.nobelprize.org/prizes/medicine/2020/alter/lecture/,nobel_medicine/text_laureate/2020_alter_lecture.txt,532
3559,nobel_medicine,2020,lecture-pdf,Harvey J. Alter,,https://www.nobelprize.org/uploads/2024/03/alter-lecture.pdf,nobel_medicine/text_laureate/2020_alter_lecture_pdf0.txt,45562
3560,nobel_medicine,2020,biographical,Michael Houghton,,https://www.nobelprize.org/prizes/medicine/2020/houghton/biographical/,nobel_medicine/text_laureate/2020_houghton_biographical.txt,78687
3561,nobel_medicine,2020,facts,Michael Houghton,,https://www.nobelprize.org/prizes/medicine/2020/houghton/facts/,nobel_medicine/text_laureate/2020_houghton_facts.txt,1168
3562,nobel_medicine,2020,lecture,Michael Houghton,,https://www.nobelprize.org/prizes/medicine/2020/houghton/lecture/,nobel_medicine/text_laureate/2020_houghton_lecture.txt,532
3563,nobel_medicine,2020,lecture-pdf,Michael Houghton,,https://www.nobelprize.org/uploads/2024/03/houghton-lecture.pdf,nobel_medicine/text_laureate/2020_houghton_lecture_pdf0.txt,70422
3564,nobel_medicine,2020,biographical,Charles M. Rice,,https://www.nobelprize.org/prizes/medicine/2020/rice/biographical/,nobel_medicine/text_laureate/2020_rice_biographical.txt,40509
3565,nobel_medicine,2020,facts,Charles M. Rice,,https://www.nobelprize.org/prizes/medicine/2020/rice/facts/,nobel_medicine/text_laureate/2020_rice_facts.txt,1236
3566,nobel_medicine,2020,lecture,Charles M. Rice,,https://www.nobelprize.org/prizes/medicine/2020/rice/lecture/,nobel_medicine/text_laureate/2020_rice_lecture.txt,524
3567,nobel_medicine,2020,lecture-pdf,Charles M. Rice,,https://www.nobelprize.org/uploads/2024/03/rice-lecture.pdf,nobel_medicine/text_laureate/2020_rice_lecture_pdf0.txt,54084
3568,nobel_medicine,2021,biographical,David Julius,,https://www.nobelprize.org/prizes/medicine/2021/julius/biographical/,nobel_medicine/text_laureate/2021_julius_biographical.txt,29460
3569,nobel_medicine,2021,facts,David Julius,,https://www.nobelprize.org/prizes/medicine/2021/julius/facts/,nobel_medicine/text_laureate/2021_julius_facts.txt,1177
3570,nobel_medicine,2021,lecture,David Julius,,https://www.nobelprize.org/prizes/medicine/2021/julius/lecture/,nobel_medicine/text_laureate/2021_julius_lecture.txt,564
3571,nobel_medicine,2021,lecture-pdf,David Julius,,https://www.nobelprize.org/uploads/2025/04/julius-lecture.pdf,nobel_medicine/text_laureate/2021_julius_lecture_pdf0.txt,74715
3572,nobel_medicine,2021,biographical,Ardem Patapoutian,,https://www.nobelprize.org/prizes/medicine/2021/patapoutian/biographical/,nobel_medicine/text_laureate/2021_patapoutian_biographical.txt,25816
3573,nobel_medicine,2021,facts,Ardem Patapoutian,,https://www.nobelprize.org/prizes/medicine/2021/patapoutian/facts/,nobel_medicine/text_laureate/2021_patapoutian_facts.txt,1202
3574,nobel_medicine,2021,lecture,Ardem Patapoutian,,https://www.nobelprize.org/prizes/medicine/2021/patapoutian/lecture/,nobel_medicine/text_laureate/2021_patapoutian_lecture.txt,594
3575,nobel_medicine,2021,lecture-pdf,Ardem Patapoutian,,https://www.nobelprize.org/uploads/2024/11/patapoutian-lecture.pdf,nobel_medicine/text_laureate/2021_patapoutian_lecture_pdf0.txt,31473
3576,nobel_medicine,2022,biographical,Svante Pääbo,,https://www.nobelprize.org/prizes/medicine/2022/paabo/biographical/,nobel_medicine/text_laureate/2022_paabo_biographical.txt,351
3577,nobel_medicine,2022,facts,Svante Pääbo,,https://www.nobelprize.org/prizes/medicine/2022/paabo/facts/,nobel_medicine/text_laureate/2022_paabo_facts.txt,1305
3578,nobel_medicine,2022,lecture,Svante Pääbo,,https://www.nobelprize.org/prizes/medicine/2022/paabo/lecture/,nobel_medicine/text_laureate/2022_paabo_lecture.txt,709
3579,nobel_medicine,2022,lecture-pdf,Svante Pääbo,,https://www.nobelprize.org/uploads/2022/11/paabo-lecture-slides.pdf,nobel_medicine/text_laureate/2022_paabo_lecture_pdf0.txt,7166
3580,nobel_medicine,2023,facts,Katalin Karikó,,https://www.nobelprize.org/prizes/medicine/2023/kariko/facts/,nobel_medicine/text_laureate/2023_kariko_facts.txt,1786
3581,nobel_medicine,2023,lecture,Katalin Karikó,,https://www.nobelprize.org/prizes/medicine/2023/kariko/lecture/,nobel_medicine/text_laureate/2023_kariko_lecture.txt,558
3582,nobel_medicine,2023,facts,Drew Weissman,,https://www.nobelprize.org/prizes/medicine/2023/weissman/facts/,nobel_medicine/text_laureate/2023_weissman_facts.txt,1303
3583,nobel_medicine,2023,lecture,Drew Weissman,,https://www.nobelprize.org/prizes/medicine/2023/weissman/lecture/,nobel_medicine/text_laureate/2023_weissman_lecture.txt,644
3584,nobel_medicine,2023,lecture-pdf,Drew Weissman,,https://www.nobelprize.org/uploads/2023/12/weissman-lecture-slides.pdf,nobel_medicine/text_laureate/2023_weissman_lecture_pdf0.txt,14906
3585,nobel_medicine,2024,facts,Victor Ambros,,https://www.nobelprize.org/prizes/medicine/2024/ambros/facts/,nobel_medicine/text_laureate/2024_ambros_facts.txt,1194
3586,nobel_medicine,2024,lecture,Victor Ambros,,https://www.nobelprize.org/prizes/medicine/2024/ambros/lecture/,nobel_medicine/text_laureate/2024_ambros_lecture.txt,574
3587,nobel_medicine,2024,lecture-pdf,Victor Ambros,,https://www.nobelprize.org/uploads/2024/12/ambros-lecture.pdf,nobel_medicine/text_laureate/2024_ambros_lecture_pdf0.txt,33534
3588,nobel_medicine,2024,facts,Gary Ruvkun,,https://www.nobelprize.org/prizes/medicine/2024/ruvkun/facts/,nobel_medicine/text_laureate/2024_ruvkun_facts.txt,1245
3589,nobel_medicine,2024,lecture,Gary Ruvkun,,https://www.nobelprize.org/prizes/medicine/2024/ruvkun/lecture/,nobel_medicine/text_laureate/2024_ruvkun_lecture.txt,594
3590,nobel_medicine,2025,facts,Mary E. Brunkow,,https://www.nobelprize.org/prizes/medicine/2025/brunkow/facts/,nobel_medicine/text_laureate/2025_brunkow_facts.txt,1619
3591,nobel_medicine,2025,lecture,Mary E. Brunkow,,https://www.nobelprize.org/prizes/medicine/2025/brunkow/lecture/,nobel_medicine/text_laureate/2025_brunkow_lecture.txt,657
3592,nobel_medicine,2025,lecture-pdf,Mary E. Brunkow,,https://www.nobelprize.org/uploads/2026/04/brunkow-lecture-slides.pdf,nobel_medicine/text_laureate/2025_brunkow_lecture_pdf0.txt,8561
3593,nobel_medicine,2025,facts,Fred Ramsdell,,https://www.nobelprize.org/prizes/medicine/2025/ramsdell/facts/,nobel_medicine/text_laureate/2025_ramsdell_facts.txt,1240
3594,nobel_medicine,2025,lecture,Fred Ramsdell,,https://www.nobelprize.org/prizes/medicine/2025/ramsdell/lecture/,nobel_medicine/text_laureate/2025_ramsdell_lecture.txt,628
3595,nobel_medicine,2025,lecture-pdf,Fred Ramsdell,,https://www.nobelprize.org/uploads/2026/04/ramsdell-lecture-slides.pdf,nobel_medicine/text_laureate/2025_ramsdell_lecture_pdf0.txt,9484
3596,nobel_medicine,2025,facts,Shimon Sakaguchi,,https://www.nobelprize.org/prizes/medicine/2025/sakaguchi/facts/,nobel_medicine/text_laureate/2025_sakaguchi_facts.txt,1247
3597,nobel_medicine,2025,lecture,Shimon Sakaguchi,,https://www.nobelprize.org/prizes/medicine/2025/sakaguchi/lecture/,nobel_medicine/text_laureate/2025_sakaguchi_lecture.txt,653
3598,nobel_medicine,2025,lecture-pdf,Shimon Sakaguchi,,https://www.nobelprize.org/uploads/2026/05/sakaguchi-lecture-slides.pdf,nobel_medicine/text_laureate/2025_sakaguchi_lecture_pdf0.txt,10704
3599,dirac,1985,prize-page,,,https://www.ictp.it/home/dirac-medallists-1985,dirac/text/1985.txt,526
3600,dirac,1986,prize-page,,,https://www.ictp.it/home/dirac-medallists-1986,dirac/text/1986.txt,1578
3601,dirac,1987,prize-page,,,https://www.ictp.it/home/dirac-medallists-1987,dirac/text/1987.txt,1619
3602,dirac,1988,prize-page,,,https://www.ictp.it/home/dirac-medallists-1988,dirac/text/1988.txt,2712
3603,dirac,1989,prize-page,,,https://www.ictp.it/home/dirac-medallists-1989,dirac/text/1989.txt,814
3604,dirac,1990,prize-page,,,https://www.ictp.it/home/dirac-medallists-1990,dirac/text/1990.txt,2604
3605,dirac,1991,prize-page,,,https://www.ictp.it/home/dirac-medallists-1991,dirac/text/1991.txt,1424
3606,dirac,1992,prize-page,,,https://www.ictp.it/home/dirac-medallists-1992,dirac/text/1992.txt,1858
3607,dirac,1993,prize-page,,,https://www.ictp.it/home/dirac-medallists-1993,dirac/text/1993.txt,939
3608,dirac,1994,prize-page,,,https://www.ictp.it/home/dirac-medallist-1994,dirac/text/1994.txt,1122
3609,dirac,1995,prize-page,,,https://www.ictp.it/home/dirac-medallist-1995,dirac/text/1995.txt,973
3610,dirac,1996,prize-page,,,https://www.ictp.it/home/dirac-medallists-1996,dirac/text/1996.txt,1670
3611,dirac,1997,prize-page,,,https://www.ictp.it/home/dirac-medallists-1997,dirac/text/1997.txt,2037
3612,dirac,1998,prize-page,,,https://www.ictp.it/home/dirac-medallists-1998,dirac/text/1998.txt,979
3613,dirac,1999,prize-page,,,https://www.ictp.it/home/dirac-medallist-1999,dirac/text/1999.txt,855
3614,dirac,2000,prize-page,,,https://www.ictp.it/home/dirac-medallists-2000,dirac/text/2000.txt,1357
3615,dirac,2001,prize-page,,,https://www.ictp.it/home/dirac-medallist-2001,dirac/text/2001.txt,1092
3616,dirac,2002,prize-page,,,https://www.ictp.it/home/dirac-medallists-2002,dirac/text/2002.txt,1446
3617,dirac,2003,prize-page,,,https://www.ictp.it/home/dirac-medallists-2003,dirac/text/2003.txt,1057
3618,dirac,2004,prize-page,,,https://www.ictp.it/home/dirac-medallists-2004,dirac/text/2004.txt,1055
3619,dirac,2005,prize-page,,,https://www.ictp.it/home/dirac-medallists-2005,dirac/text/2005.txt,813
3620,dirac,2006,prize-page,,,https://www.ictp.it/home/dirac-medallist-2006,dirac/text/2006.txt,506
3621,dirac,2007,prize-page,,,https://www.ictp.it/home/dirac-medallists-2007,dirac/text/2007.txt,478
3622,dirac,2008,prize-page,,,https://www.ictp.it/home/dirac-medallists-2008,dirac/text/2008.txt,1365
3623,dirac,2009,prize-page,,,https://www.ictp.it/home/dirac-medallists-2009,dirac/text/2009.txt,469
3624,dirac,2010,prize-page,,,https://www.ictp.it/home/dirac-medallists-2010,dirac/text/2010.txt,419
3625,dirac,2011,prize-page,,,https://www.ictp.it/home/dirac-medallists-2011,dirac/text/2011.txt,559
3626,dirac,2012,prize-page,,,https://www.ictp.it/home/dirac-medallists-2012,dirac/text/2012.txt,506
3627,dirac,2013,prize-page,,,https://www.ictp.it/home/dirac-medallists-2013,dirac/text/2013.txt,467
3628,dirac,2014,prize-page,,,https://www.ictp.it/home/dirac-medallists-2014,dirac/text/2014.txt,349
3629,dirac,2015,prize-page,,,https://www.ictp.it/home/dirac-medallists-2015,dirac/text/2015.txt,512
3630,dirac,2016,prize-page,,,https://www.ictp.it/home/dirac-medallists-2016,dirac/text/2016.txt,485
3631,dirac,2017,prize-page,,,https://www.ictp.it/home/dirac-medallists-2017,dirac/text/2017.txt,501
3632,dirac,2018,prize-page,,,https://www.ictp.it/home/dirac-medallists-2018,dirac/text/2018.txt,457
3633,dirac,2019,prize-page,,,https://www.ictp.it/home/dirac-medallists-2019,dirac/text/2019.txt,663
3634,dirac,2020,prize-page,,,https://www.ictp.it/home/dirac-medallists-2020,dirac/text/2020.txt,497
3635,dirac,2021,prize-page,,,https://www.ictp.it/home/dirac-medallists-2021,dirac/text/2021.txt,645
3636,dirac,2022,prize-page,,,https://www.ictp.it/home/dirac-medallists-2022,dirac/text/2022.txt,1168
3637,dirac,2023,prize-page,,,https://www.ictp.it/home/dirac-medallists-2023,dirac/text/2023.txt,2777
3638,dirac,2024,prize-page,,,https://www.ictp.it/home/dirac-medallists-2024,dirac/text/2024.txt,3603
3639,dirac,2025,prize-page,,,https://www.ictp.it/home/dirac-medallists-2025,dirac/text/2025.txt,6410
3640,dirac,2026,prize-page,,,https://www.ictp.it/news/2026/8/ictp-announces-2026-dirac-medal-recipients,dirac/text/2026.txt,12195
3641,dirac,2009,news,,,https://www.ictp.it/news/2009/8/ictp-dirac-medallists-2009-announced,dirac/text_news/2009.txt,2824
3642,dirac,2010,news,,,https://www.ictp.it/news/2010/8/dirac-medallists-2010,dirac/text_news/2010.txt,2755
3643,dirac,2011,news,,,https://www.ictp.it/news/2011/8/ictp-awards-2011-dirac-medal,dirac/text_news/2011.txt,2157
3644,dirac,2012,news,,,https://www.ictp.it/news/2012/8/ictp-awards-2012-dirac-medal-condensed-matter-physicists,dirac/text_news/2012.txt,3193
3645,dirac,2013,news,,,https://www.ictp.it/news/2013/8/kibble-peebles-and-rees-share-2013-dirac-medal,dirac/text_news/2013.txt,2791
3646,dirac,2014,news,,,https://www.ictp.it/news/2014/8/ictp-announces-2014-dirac-medallists,dirac/text_news/2014.txt,1881
3647,dirac,2015,news,,,https://www.ictp.it/news/2015/8/ictp-announces-2015-dirac-medallists,dirac/text_news/2015.txt,4152
3648,dirac,2016,news,,,https://www.ictp.it/news/2016/8/2016-dirac-medallists-announced,dirac/text_news/2016.txt,4601
3649,dirac,2017,news,,,https://www.ictp.it/news/2017/8/2017-ictp-dirac-medallists-announced,dirac/text_news/2017.txt,5377
3650,dirac,2018,news,,,https://www.ictp.it/news/2018/8/2018-dirac-medal-winners-announced,dirac/text_news/2018.txt,5578
3651,dirac,2019,news,,,https://www.ictp.it/news/2019/8/2019-dirac-medal-announced,dirac/text_news/2019.txt,6165
3652,dirac,2020,news,,,https://www.ictp.it/news/2020/8/2020-dirac-medal-winners-announced,dirac/text_news/2020.txt,10192
3653,dirac,2021,news,,,https://www.ictp.it/news/2021/8/dirac-medallists-2021-announced,dirac/text_news/2021.txt,7444
3654,dirac,2022,news,,,https://www.ictp.it/news/2022/8/2022-ictp-dirac-medal-winners-announced,dirac/text_news/2022.txt,5575
3655,dirac,2025,news,,,https://www.ictp.it/news/2025/8/2025-ictp-dirac-medal-goes-gravity-explorers,dirac/text_news/2025.txt,7146
3656,dirac,2026,news,,,https://www.ictp.it/news/2026/8/ictp-announces-2026-dirac-medal-recipients,dirac/text_news/2026.txt,12195
3657,abel,2003,prize-page,,,https://abelprize.no/abel-prize-laureates/2003,other_prizes/abel/text/2003.txt,603
3658,abel,2003,official-pdf,,,https://abelprize.no/sites/default/files/2021-04/Press_Release_en_J.P.Serre_2003.pdf,other_prizes/abel/text/2003_doc0.txt,3687
3659,abel,2003,official-pdf,,,https://abelprize.no/sites/default/files/2021-04/Popular_Version_J.P.Serre_2003.pdf,other_prizes/abel/text/2003_doc1.txt,14908
3660,abel,2004,prize-page,,,https://abelprize.no/abel-prize-laureates/2004,other_prizes/abel/text/2004.txt,1171
3661,abel,2004,official-pdf,,,https://abelprize.no/sites/default/files/2021-04/Press_Release_en_Atiyah-Singer_2004.pdf,other_prizes/abel/text/2004_doc0.txt,7688
3662,abel,2004,official-pdf,,,https://abelprize.no/sites/default/files/2021-04/Pressemelding_no_Atiyah-Singer_2004.pdf,other_prizes/abel/text/2004_doc1.txt,8187
3663,abel,2004,official-pdf,,,https://abelprize.no/sites/default/files/migrated-media/Atiyah-%26%23151%3BSinger%20index%20theorem.pdf,other_prizes/abel/text/2004_doc2.txt,13942
3664,abel,2005,prize-page,,,https://abelprize.no/abel-prize-laureates/2005,other_prizes/abel/text/2005.txt,1349
3665,abel,2005,official-pdf,,,https://abelprize.no/sites/default/files/2021-04/The_Abel_Committee_s_citation_and_biography_en_Peter_Lax_2005.pdf,other_prizes/abel/text/2005_doc0.txt,9527
3666,abel,2005,official-pdf,,,https://abelprize.no/sites/default/files/2021-04/Popularised_presentations_long_version_en_Peter_Lax_2005.pdf,other_prizes/abel/text/2005_doc1.txt,22354
3667,abel,2005,official-pdf,,,https://abelprize.no/sites/default/files/2021-04/Popularised_presentations_shorter_version_en_Peter_Lax_2005.pdf,other_prizes/abel/text/2005_doc2.txt,15296
3668,abel,2005,official-pdf,,,https://abelprize.no/sites/default/files/2021-04/Popularised_presentations_summary_en_Peter_Lax_2005.pdf,other_prizes/abel/text/2005_doc3.txt,1120
3669,abel,2006,prize-page,,,https://abelprize.no/abel-prize-laureates/2006,other_prizes/abel/text/2006.txt,1161
3670,abel,2006,official-pdf,,,https://abelprize.no/sites/default/files/2021-04/Citation_and_biography_Carleson_abel_2006.pdf,other_prizes/abel/text/2006_doc0.txt,6347
3671,abel,2006,official-pdf,,,https://abelprize.no/sites/default/files/2021-04/About_Lennart_carleson_and_his_work_en_Carleson_2006.pdf,other_prizes/abel/text/2006_doc1.txt,47357
3672,abel,2007,prize-page,,,https://abelprize.no/abel-prize-laureates/2007,other_prizes/abel/text/2007.txt,1271
3673,abel,2007,official-pdf,,,https://abelprize.no/sites/default/files/2021-04/Biography_en_Srinivasa%20S.%20R.%20Varadhan_2007.pdf,other_prizes/abel/text/2007_doc0.txt,4665
3674,abel,2007,official-pdf,,,https://abelprize.no/sites/default/files/2021-04/The_Abel_Committee_s_citation_en_Srinivasa%20S.%20R.%20Varadhan_2007.pdf,other_prizes/abel/text/2007_doc1.txt,4681
3675,abel,2007,official-pdf,,,https://abelprize.no/sites/default/files/2021-04/varadhan_en_Lindstrom_Srinivasa%20S.%20R.%20Varadhan_2007.pdf,other_prizes/abel/text/2007_doc2.txt,12594
3676,abel,2008,prize-page,,,https://abelprize.no/abel-prize-laureates/2008,other_prizes/abel/text/2008.txt,1552
3677,abel,2008,official-pdf,,,https://abelprize.no/sites/default/files/2021-05/The_Abel_Committee_s_citation_en_Thompson_Tits_2008.pdf,other_prizes/abel/text/2008_doc0.txt,3705
3678,abel,2008,official-pdf,,,https://abelprize.no/sites/default/files/2021-05/Popular_version_Artikkel_1_en_Thompson_Tits_2008.pdf,other_prizes/abel/text/2008_doc1.txt,4162
3679,abel,2008,official-pdf,,,https://abelprize.no/sites/default/files/2021-05/Popular_versionArtikkel_2_en_Thompson_Tits_2008.pdf,other_prizes/abel/text/2008_doc2.txt,6841
3680,abel,2008,official-pdf,,,https://abelprize.no/sites/default/files/2021-05/Popular_versionArtikkel_3_en_Thompson_Tits_2008.pdf,other_prizes/abel/text/2008_doc3.txt,3152
3681,abel,2008,official-pdf,,,https://abelprize.no/sites/default/files/2021-05/Popular_version_Artikkel_4_en_Thompson_Tits_2008.pdf,other_prizes/abel/text/2008_doc4.txt,4640
3682,abel,2008,official-pdf,,,https://abelprize.no/sites/default/files/2021-05/Popular_version_Artikkel_5_en__Thompson_Tits_2008.pdf,other_prizes/abel/text/2008_doc5.txt,2965
3683,abel,2008,official-pdf,,,https://abelprize.no/sites/default/files/2021-05/Popular_version_Artikkel_6_en_Thompson_Tits_2008.pdf,other_prizes/abel/text/2008_doc6.txt,4649
3684,abel,2008,official-pdf,,,https://abelprize.no/sites/default/files/2021-05/Popular_version_Artikkel_7_en_Thompson_Tits_2008.pdf,other_prizes/abel/text/2008_doc7.txt,3852
3685,abel,2009,prize-page,,,https://abelprize.no/abel-prize-laureates/2009,other_prizes/abel/text/2009.txt,1300
3686,abel,2009,official-pdf,,,https://abelprize.no/sites/default/files/2021-04/Biography%20EN%20Mikhail%20Gromov%202009_0.pdf,other_prizes/abel/text/2009_doc0.txt,2903
3687,abel,2009,official-pdf,,,https://abelprize.no/sites/default/files/2021-04/citation%20EN%20Mikhail%20Gromov%202009_0.pdf,other_prizes/abel/text/2009_doc1.txt,2358
3688,abel,2009,official-pdf,,,https://abelprize.no/sites/default/files/2021-09/Said%20about%20Mikhail%20Leonidovich%20Gromov.pdf,other_prizes/abel/text/2009_doc2.txt,2519
3689,abel,2009,official-pdf,,,https://abelprize.no/sites/default/files/2021-09/Differential%20Geometry.pdf,other_prizes/abel/text/2009_doc3.txt,11403
3690,abel,2009,official-pdf,,,https://abelprize.no/sites/default/files/2021-09/Popularized%20description%20of%20Riemannian%20and%20symplectic%20geometry.pdf,other_prizes/abel/text/2009_doc4.txt,2796
3691,abel,2009,official-pdf,,,https://abelprize.no/sites/default/files/2021-09/The%20contributions%20of%20Mikhail%20Gromov.pdf,other_prizes/abel/text/2009_doc5.txt,5923
3692,abel,2009,official-pdf,,,https://abelprize.no/sites/default/files/2021-09/Groups%20and%20growth.pdf,other_prizes/abel/text/2009_doc6.txt,2957
3693,abel,2009,official-pdf,,,https://abelprize.no/sites/default/files/2021-09/Geometry%20-%20the%20playground%20of%20Mikhail%20Gromov%20-%20short.pdf,other_prizes/abel/text/2009_doc7.txt,2293
3694,abel,2010,prize-page,,,https://abelprize.no/abel-prize-laureates/2010,other_prizes/abel/text/2010.txt,971
3695,abel,2010,official-pdf,,,https://abelprize.no/sites/default/files/2021-04/biography_en%202010%20John%20Tate.pdf,other_prizes/abel/text/2010_doc0.txt,3382
3696,abel,2010,official-pdf,,,https://abelprize.no/sites/default/files/2021-04/citation_en%202010%20John%20Tate.pdf,other_prizes/abel/text/2010_doc1.txt,2190
3697,abel,2010,official-pdf,,,https://abelprize.no/sites/default/files/2021-04/Popular_version%20John%20Tate%202010.pdf,other_prizes/abel/text/2010_doc2.txt,9382
3698,abel,2011,prize-page,,,https://abelprize.no/abel-prize-laureates/2011,other_prizes/abel/text/2011.txt,1396
3699,abel,2011,official-pdf,,,https://abelprize.no/sites/default/files/2021-04/biography_en%20John%20Milnor%202011.pdf,other_prizes/abel/text/2011_doc0.txt,4103
3700,abel,2011,official-pdf,,,https://abelprize.no/sites/default/files/2021-04/citation_en%20John%20Milnor%202011.pdf,other_prizes/abel/text/2011_doc1.txt,3327
3701,abel,2011,official-pdf,,,https://abelprize.no/sites/default/files/2021-04/The%20Abel%20Commitee%27s%20citation%2C%20with%20further%20explanations%202011%20John%20Milnor.pdf,other_prizes/abel/text/2011_doc2.txt,15859
3702,abel,2011,official-pdf,,,https://abelprize.no/sites/default/files/2021-04/Topology%20vs.%20Geometry%20John%20Milnor%202011.pdf,other_prizes/abel/text/2011_doc3.txt,5819
3703,abel,2011,official-pdf,,,https://abelprize.no/sites/default/files/2021-04/Exotic%20Spheres%20in%207%20Dimensions%202011%20John%20Milnor.pdf,other_prizes/abel/text/2011_doc4.txt,4125
3704,abel,2011,official-pdf,,,https://abelprize.no/sites/default/files/2021-04/English%20Die%20Hauptvermutung%20der%20kombinatorischen%20Topologie%20John%20Milnor%202011.pdf,other_prizes/abel/text/2011_doc5.txt,3711
3705,abel,2011,official-pdf,,,https://abelprize.no/sites/default/files/2021-04/J.W.%20Milnor%20On%20the%20total%20Curvature%20of%20Knots%202011%20John%20Milnor.pdf,other_prizes/abel/text/2011_doc6.txt,3904
3706,abel,2011,official-pdf,,,https://abelprize.no/sites/default/files/2021-04/The%20Place%20de%20l%27%C3%89toile%20in%20Paris%2C%20with%20The%20Arch%20of%20Triumph%20in%20the%20middle%2C%20has%20Milnor%20number%2025%20John%20Milnor%202011.pdf,other_prizes/abel/text/2011_doc7.txt,3608
3707,abel,2012,prize-page,,,https://abelprize.no/abel-prize-laureates/2012,other_prizes/abel/text/2012.txt,1920
3708,abel,2012,official-pdf,,,https://abelprize.no/sites/default/files/2021-04/Abel%20prize%202012%20Endre%20Szemeredi%20Biography%20eng.pdf,other_prizes/abel/text/2012_doc0.txt,3819
3709,abel,2012,official-pdf,,,https://abelprize.no/sites/default/files/2021-04/Abel%20prize%202012%20Endre%20Szemeredi%20citation%20eng.pdf,other_prizes/abel/text/2012_doc1.txt,3747
3710,abel,2012,official-pdf,,,https://abelprize.no/sites/default/files/2021-04/Abel%20prize%202012%20Endre%20Szemeredi%20Arne%20Sletsj%C3%B8e%20Arithmetic%20progressions%20eng.pdf,other_prizes/abel/text/2012_doc2.txt,3072
3711,abel,2012,official-pdf,,,https://abelprize.no/sites/default/files/2021-04/Abel%20prize%202012%20Endre%20Szemeredi%20Arne%20Sletsj%C3%B8e%20Combinatorics%20eng.pdf,other_prizes/abel/text/2012_doc3.txt,3181
3712,abel,2012,official-pdf,,,https://abelprize.no/sites/default/files/2021-04/Abel%20prize%202012%20Endre%20Szemeredi%20Arne%20Sletsj%C3%B8e%20Number%20theory%20eng.pdf,other_prizes/abel/text/2012_doc4.txt,6281
3713,abel,2012,official-pdf,,,https://abelprize.no/sites/default/files/2021-04/Abel%20prize%202012%20Endre%20Szemeredi%20Arne%20Sletsj%C3%B8e%20theorem%20eng.pdf,other_prizes/abel/text/2012_doc5.txt,5627
3714,abel,2012,official-pdf,,,https://abelprize.no/sites/default/files/2021-04/Abel%20prize%202012%20Endre%20Szemeredi%20W%20T%20Gowers%20The%20work%20of%20Szemeredi%20eng_0.pdf,other_prizes/abel/text/2012_doc6.txt,28421
3715,abel,2013,prize-page,,,https://abelprize.no/abel-prize-laureates/2013,other_prizes/abel/text/2013.txt,1526
3716,abel,2013,official-pdf,,,https://abelprize.no/sites/default/files/2021-04/Abel%20prize%202013%20biography%20Pierre%20Deligne%20eng.pdf,other_prizes/abel/text/2013_doc0.txt,5685
3717,abel,2013,official-pdf,,,https://abelprize.no/sites/default/files/2021-04/Abel%20prize%202013%20citation%20Pierre%20Deligne%20eng.pdf,other_prizes/abel/text/2013_doc1.txt,2987
3718,abel,2013,official-pdf,,,https://abelprize.no/sites/default/files/2021-05/Abel%20prize%202013%20The%20Weil%20Conjecture%20Arne%20Sletsj%C3%B8e%20popular%20text%20eng.pdf,other_prizes/abel/text/2013_doc2.txt,4803
3719,abel,2013,official-pdf,,,https://abelprize.no/sites/default/files/2021-05/The%20Abel%20Prize%202013%20Pierre%20Deligne%20Moduli%20of%20Stable%20Curves%20Arne%20Sletsj%C3%B8e%20popular%20text%20eng.pdf,other_prizes/abel/text/2013_doc3.txt,4880
3720,abel,2013,official-pdf,,,https://abelprize.no/sites/default/files/2021-05/The%20Abel%20Prize%202013%20Pierre%20Deligne%20Riemann%20Hilbert%20Correspondance%20Arne%20Sletsj%C3%B8e%20popular%20text%20eng.pdf,other_prizes/abel/text/2013_doc4.txt,3025
3721,abel,2013,official-pdf,,,https://abelprize.no/sites/default/files/2021-04/Abelprisen%202013%20The%20work%20of%20Pierre%20Deligne%20W%20T%20Gowers%20En_0.pdf,other_prizes/abel/text/2013_doc5.txt,37881
3722,abel,2014,prize-page,,,https://abelprize.no/abel-prize-laureates/2014,other_prizes/abel/text/2014.txt,1669
3723,abel,2014,official-pdf,,,https://abelprize.no/sites/default/files/2021-05/Abel%20prize%202014%20Yakov%20G.%20Sina%20Biography_eng.pdf,other_prizes/abel/text/2014_doc0.txt,5962
3724,abel,2014,official-pdf,,,https://abelprize.no/sites/default/files/2021-05/Abel%20prize%202014%20Yakov%20G.%20Sina%20Citation_eng.pdf,other_prizes/abel/text/2014_doc1.txt,3608
3725,abel,2014,official-pdf,,,https://abelprize.no/sites/default/files/2021-05/Abel%20prize%202014%20Yakov%20G.%20Sina%20popular%20text%20Arne%20Sletsj%C3%B8e%20Chaos_eng.pdf,other_prizes/abel/text/2014_doc2.txt,4924
3726,abel,2014,official-pdf,,,https://abelprize.no/sites/default/files/2021-05/Abel%20prize%202014%20Yakov%20G.%20Sina%20popular%20text%20Arne%20Sletsj%C3%B8e%20Dynamical%20billiard_eng.pdf,other_prizes/abel/text/2014_doc3.txt,5481
3727,abel,2014,official-pdf,,,https://abelprize.no/sites/default/files/2021-05/Abel%20prize%202014%20Yakov%20G.%20Sina%20popular%20text%20Arne%20Sletsj%C3%B8e%20Entropy%20of_eng.pdf,other_prizes/abel/text/2014_doc4.txt,5163
3728,abel,2014,official-pdf,,,https://abelprize.no/sites/default/files/2021-05/popular_taxt_ABSletsjoe_entropi_of_a_dynamic_systemENG.pdf,other_prizes/abel/text/2014_doc5.txt,5577
3729,abel,2015,prize-page,,,https://abelprize.no/abel-prize-laureates/2015,other_prizes/abel/text/2015.txt,2010
3730,abel,2015,official-pdf,,,https://abelprize.no/sites/default/files/2021-05/Citation_en_2015_Nash_Nirenberg.pdf,other_prizes/abel/text/2015_doc0.txt,5840
3731,abel,2015,official-pdf,,,https://abelprize.no/sites/default/files/2021-05/Popul%C3%A6rvit_fremstilling_Never_Change_a_given_distance_Sletsj%C3%B8e_en_2015_Nash_Nirenberg.pdf,other_prizes/abel/text/2015_doc1.txt,4815
3732,abel,2015,official-pdf,,,https://abelprize.no/sites/default/files/2021-05/Popul%C3%A6rvit_fremstilling_Intrinsic_or_Extrinsic_property_Sletsj%C3%B8e_en_2015_Nash_Nirenberg.pdf,other_prizes/abel/text/2015_doc2.txt,3308
3733,abel,2015,official-pdf,,,https://abelprize.no/sites/default/files/2021-05/Popul%C3%A6rvit_fremstilling_Nash_Kuiper_Theorem_Sletsj%C3%B8e_en_2015_Nash_Nirenberg.pdf,other_prizes/abel/text/2015_doc3.txt,4390
3734,abel,2015,official-pdf,,,https://abelprize.no/sites/default/files/2021-05/Popul%C3%A6rvit_fremstilling_Minkowski_Weyl_problems_Sletsj%C3%B8e_en_2015_Nash_Nirenberg.pdf,other_prizes/abel/text/2015_doc4.txt,4908
3735,abel,2015,official-pdf,,,https://abelprize.no/sites/default/files/2021-05/Popul%C3%A6rvit_fremstilling_PDEs_Sletsj%C3%B8e_en_2015_Nash_Nirenberg.pdf,other_prizes/abel/text/2015_doc5.txt,4912
3736,abel,2015,official-pdf,,,https://abelprize.no/sites/default/files/2021-05/Popul%C3%A6rvit_fremstilling_glimpse_bellos_en_2015_Nash_Nirenberg.pdf,other_prizes/abel/text/2015_doc6.txt,6129
3737,abel,2016,prize-page,,,https://abelprize.no/abel-prize-laureates/2016,other_prizes/abel/text/2016.txt,1992
3738,abel,2016,official-pdf,,,https://abelprize.no/sites/default/files/2021-04/bio_en_2016_A.%20Wiles.pdf,other_prizes/abel/text/2016_doc0.txt,5275
3739,abel,2016,official-pdf,,,https://abelprize.no/sites/default/files/2021-04/citation_en_2016_A.Wiles_.pdf,other_prizes/abel/text/2016_doc1.txt,4259
3740,abel,2016,official-pdf,,,https://abelprize.no/sites/default/files/2021-04/Popular_version_Bellos_story_en_2016_A.Wiles_.pdf,other_prizes/abel/text/2016_doc2.txt,5084
3741,abel,2016,official-pdf,,,https://abelprize.no/sites/default/files/2021-04/Popular_version_Sletsj%C3%B8FLTforn_4_2016_A.Wiles_.pdf,other_prizes/abel/text/2016_doc3.txt,3514
3742,abel,2016,official-pdf,,,https://abelprize.no/sites/default/files/2021-04/Popular_version_Sletsj%C3%B8e_marginis_2016_A.Wiles_.pdf,other_prizes/abel/text/2016_doc4.txt,5040
3743,abel,2016,official-pdf,,,https://abelprize.no/sites/default/files/2021-04/Popular_version_Sletsj%C3%B8e_Modularity_2016_A.Wiles_.pdf,other_prizes/abel/text/2016_doc5.txt,3958
3744,abel,2017,prize-page,,,https://abelprize.no/abel-prize-laureates/2017,other_prizes/abel/text/2017.txt,1767
3745,abel,2017,official-pdf,,,https://abelprize.no/sites/default/files/2021-04/bio_Yves_Meyer_en_2017.pdf,other_prizes/abel/text/2017_doc0.txt,9337
3746,abel,2017,official-pdf,,,https://abelprize.no/sites/default/files/2021-04/citation_en_2017_Yves_Meyer.pdf,other_prizes/abel/text/2017_doc1.txt,3724
3747,abel,2017,official-pdf,,,https://abelprize.no/sites/default/files/2021-04/popular_version_A.B.Sletsjoe_2017-2.eng_.pdf,other_prizes/abel/text/2017_doc2.txt,6685
3748,abel,2017,official-pdf,,,https://abelprize.no/sites/default/files/2021-04/ortonormal_sletsoe_2017_abel.pdf,other_prizes/abel/text/2017_doc3.txt,6685
3749,abel,2017,official-pdf,,,https://abelprize.no/sites/default/files/2021-04/The_work_of_Meyer_Tekst_fra_Terence_Tao.pdf,other_prizes/abel/text/2017_doc4.txt,5879
3750,abel,2018,prize-page,,,https://abelprize.no/abel-prize-laureates/2018,other_prizes/abel/text/2018.txt,2004
3751,abel,2018,official-pdf,,,https://abelprize.no/sites/default/files/2021-04/biography_English_Abel_2018%20Robert%20Langlands.pdf,other_prizes/abel/text/2018_doc0.txt,5408
3752,abel,2018,official-pdf,,,https://abelprize.no/sites/default/files/2021-04/citation_English_Abel_2018%20Robert%20Langlands.pdf,other_prizes/abel/text/2018_doc1.txt,2838
3753,abel,2018,official-pdf,,,https://abelprize.no/sites/default/files/2021-04/a_glimpse_of_the_Laureates_work_Abel_2018_.pdf,other_prizes/abel/text/2018_doc2.txt,5283
3754,abel,2018,official-pdf,,,https://abelprize.no/sites/default/files/2021-04/Robert%20P.%20Langlands%202018%2017%20handwritten%20pages%20that%20shaped%20a%20whole%20area%20of%20mathematical%20research%20Arne%20B.%20Sletsj%C3%B8e.pdf,other_prizes/abel/text/2018_doc3.txt,7569
3755,abel,2018,official-pdf,,,https://abelprize.no/sites/default/files/2021-08/Sletsj%C3%B8e_Arne_B_Langlands_Quadratic.pdf,other_prizes/abel/text/2018_doc4.txt,12620
3756,abel,2019,prize-page,,,https://abelprize.no/abel-prize-laureates/2019,other_prizes/abel/text/2019.txt,2280
3757,abel,2019,official-pdf,,,https://abelprize.no/sites/default/files/2021-04/biography_English_Karen_Uhlenbeck_2019_abel.pdf,other_prizes/abel/text/2019_doc0.txt,6653
3758,abel,2019,official-pdf,,,https://abelprize.no/sites/default/files/2021-04/citation_English_Karen_Uhlenbeck_2019_abel.pdf,other_prizes/abel/text/2019_doc1.txt,6757
3759,abel,2019,official-pdf,,,https://abelprize.no/sites/default/files/2021-04/Gauge%20theory%20uhlenbeck%20arne%20sletsj%C3%B8.pdf,other_prizes/abel/text/2019_doc2.txt,3530
3760,abel,2019,official-pdf,,,https://abelprize.no/sites/default/files/2021-04/Calculus%20of%20Variations%20arne%20sletsj%C3%B8e.pdf,other_prizes/abel/text/2019_doc3.txt,6485
3761,abel,2019,official-pdf,,,https://abelprize.no/sites/default/files/2021-04/I%27m%20Forever%20Blowing%20Bubbles.pdf,other_prizes/abel/text/2019_doc4.txt,4218
3762,abel,2020,prize-page,,,https://abelprize.no/abel-prize-laureates/2020,other_prizes/abel/text/2020.txt,3099
3763,abel,2020,official-pdf,,,https://abelprize.no/sites/default/files/2021-04/2020_citation_english_Abel_Margulis_Furstenberg.pdf,other_prizes/abel/text/2020_doc0.txt,6567
3764,abel,2020,official-pdf,,,https://abelprize.no/sites/default/files/2021-04/Random_walk_a_good_strategy_english_sletsjoe.pdf,other_prizes/abel/text/2020_doc1.txt,4360
3765,abel,2020,official-pdf,,,https://abelprize.no/sites/default/files/2021-04/Asymptotic_groups_english.pdf,other_prizes/abel/text/2020_doc3.txt,7841
3766,abel,2020,official-pdf,,,https://abelprize.no/sites/default/files/2021-04/Two_number_theory_english.pdf,other_prizes/abel/text/2020_doc4.txt,4746
3767,abel,2020,official-pdf,,,https://abelprize.no/sites/default/files/2021-04/Recurrences_of_random_walks_english.pdf,other_prizes/abel/text/2020_doc5.txt,3734
3768,abel,2020,official-pdf,,,https://abelprize.no/sites/default/files/2021-04/Margulis_construction_expander_english.pdf,other_prizes/abel/text/2020_doc6.txt,4248
3769,abel,2021,prize-page,,,https://abelprize.no/abel-prize-laureates/2021,other_prizes/abel/text/2021.txt,2387
3770,abel,2021,official-pdf,,,https://abelprize.no/sites/default/files/2021-09/2021_Wigderson_and_Lovasz_citation_english.pdf,other_prizes/abel/text/2021_doc0.txt,7223
3771,abel,2021,official-pdf,,,https://abelprize.no/sites/default/files/2021-09/Proof_beyond_a_reasonable_doubt.pdf,other_prizes/abel/text/2021_doc1.txt,7720
3772,abel,2021,official-pdf,,,https://abelprize.no/sites/default/files/2021-09/Graph_invariants.pdf,other_prizes/abel/text/2021_doc2.txt,9851
3773,abel,2021,official-pdf,,,https://abelprize.no/sites/default/files/2021-09/Lattice_reduction.pdf,other_prizes/abel/text/2021_doc3.txt,8487
3774,abel,2022,prize-page,,,https://abelprize.no/abel-prize-laureates/2022,other_prizes/abel/text/2022.txt,1495
3775,abel,2022,official-pdf,,,https://abelprize.no/sites/default/files/2022-03/topolgy_eng.pdf,other_prizes/abel/text/2022_doc0.txt,6440
3776,abel,2022,official-pdf,,,https://abelprize.no/sites/default/files/2022-03/sullivanmodel_eng.pdf,other_prizes/abel/text/2022_doc1.txt,5341
3777,abel,2022,official-pdf,,,https://abelprize.no/sites/default/files/2022-03/wanderingset_eng.pdf,other_prizes/abel/text/2022_doc2.txt,5944
3778,abel,2022,official-pdf,,,https://abelprize.no/sites/default/files/2022-03/A%20glimpse_of%20the%20laureates%20work%20by%20AlexBellos.pdf,other_prizes/abel/text/2022_doc3.txt,7848
3779,abel,2023,prize-page,,,https://abelprize.no/abel-prize-laureates/2023,other_prizes/abel/text/2023.txt,1544
3780,abel,2023,official-pdf,,,https://abelprize.no/sites/default/files/2023-03/pde.pdf,other_prizes/abel/text/2023_doc0.txt,5540
3781,abel,2023,official-pdf,,,https://abelprize.no/sites/default/files/2023-03/obstacle.pdf,other_prizes/abel/text/2023_doc1.txt,5206
3782,abel,2023,official-pdf,,,https://abelprize.no/sites/default/files/2023-03/freeBoundary.pdf,other_prizes/abel/text/2023_doc2.txt,6551
3783,abel,2023,official-pdf,,,https://abelprize.no/sites/default/files/2023-03/glimpse_Abel2023.pdf,other_prizes/abel/text/2023_doc3.txt,6124
3784,abel,2024,prize-page,,,https://abelprize.no/abel-prize-laureates/2024,other_prizes/abel/text/2024.txt,614
3785,abel,2024,official-pdf,,,https://abelprize.no/sites/default/files/2024-04/Talagrand%20and%20his%20mathematics.pdf,other_prizes/abel/text/2024_doc0.txt,7303
3786,abel,2024,official-pdf,,,https://abelprize.no/sites/default/files/2024-04/Stochastic%20processes.pdf,other_prizes/abel/text/2024_doc1.txt,2657
3787,abel,2024,official-pdf,,,https://abelprize.no/sites/default/files/2024-03/Concentration%20of%20measure.pdf,other_prizes/abel/text/2024_doc2.txt,2234
3788,abel,2024,official-pdf,,,https://abelprize.no/sites/default/files/2024-03/glimpse_of_the_laureates_work_AbelPrize_2024.pdf,other_prizes/abel/text/2024_doc3.txt,6353
3789,abel,2025,prize-page,,,https://abelprize.no/abel-prize-laureates/2025,other_prizes/abel/text/2025.txt,729
3790,abel,2025,official-pdf,,,https://abelprize.no/sites/default/files/2025-03/MasakiKashiwara_s_work_for_non_mathematicians_AbelPrize_2025.pdf,other_prizes/abel/text/2025_doc0.txt,8245
3791,abel,2025,official-pdf,,,https://abelprize.no/sites/default/files/2025-04/kashiwara_v2.pdf,other_prizes/abel/text/2025_doc1.txt,8882
3792,abel,2025,official-pdf,,,https://abelprize.no/sites/default/files/2025-04/RH_v2.pdf,other_prizes/abel/text/2025_doc2.txt,8032
3793,abel,2025,official-pdf,,,https://abelprize.no/sites/default/files/2025-03/krystallENG.pdf,other_prizes/abel/text/2025_doc3.txt,7429
3794,abel,2026,prize-page,,,https://abelprize.no/abel-prize-laureates/2026,other_prizes/abel/text/2026.txt,740
3795,abel,2026,official-pdf,,,https://abelprize.no/sites/default/files/2026-03/From%20Mordell%E2%80%99s%20Conjecture.pdf,other_prizes/abel/text/2026_doc0.txt,4438
3796,abel,2026,official-pdf,,,https://abelprize.no/sites/default/files/2026-03/Faltings%E2%80%99%20theorem.pdf,other_prizes/abel/text/2026_doc1.txt,5387
3797,abel,2026,official-pdf,,,https://abelprize.no/sites/default/files/2026-03/Rational%20solutions.pdf,other_prizes/abel/text/2026_doc2.txt,7346
3798,kavli,2008,prize-page,,astrophysics,https://www.kavliprize.org/prizes/astrophysics/2008,other_prizes/kavli/text/2008_astrophysics.txt,6901
3799,kavli,2008,laureate-bio,,astrophysics,https://www.kavliprize.org/bio/donald-lynden-bell,other_prizes/kavli/text/2008_astrophysics_bio_donald-lynden-bell.txt,2180
3800,kavli,2008,laureate-bio,,astrophysics,https://www.kavliprize.org/bio/maarten-schmidt,other_prizes/kavli/text/2008_astrophysics_bio_maarten-schmidt.txt,2094
3801,kavli,2008,prize-page,,nanoscience,https://www.kavliprize.org/prizes/nanoscience/2008,other_prizes/kavli/text/2008_nanoscience.txt,10448
3802,kavli,2008,laureate-bio,,nanoscience,https://www.kavliprize.org/bio/louis-e-brus,other_prizes/kavli/text/2008_nanoscience_bio_louis-e-brus.txt,2433
3803,kavli,2008,laureate-bio,,nanoscience,https://www.kavliprize.org/bio/sumio-iijima,other_prizes/kavli/text/2008_nanoscience_bio_sumio-iijima.txt,1923
3804,kavli,2008,prize-page,,neuroscience,https://www.kavliprize.org/prizes/neuroscience/2008,other_prizes/kavli/text/2008_neuroscience.txt,9347
3805,kavli,2008,laureate-bio,,neuroscience,https://www.kavliprize.org/bio/pasko-rakic,other_prizes/kavli/text/2008_neuroscience_bio_pasko-rakic.txt,2033
3806,kavli,2008,laureate-bio,,neuroscience,https://www.kavliprize.org/bio/sten-grillner,other_prizes/kavli/text/2008_neuroscience_bio_sten-grillner.txt,1739
3807,kavli,2008,laureate-bio,,neuroscience,https://www.kavliprize.org/bio/thomas-jessell,other_prizes/kavli/text/2008_neuroscience_bio_thomas-jessell.txt,2075
3808,kavli,2010,prize-page,,astrophysics,https://www.kavliprize.org/prizes/astrophysics/2010,other_prizes/kavli/text/2010_astrophysics.txt,11199
3809,kavli,2010,laureate-bio,,astrophysics,https://www.kavliprize.org/bio/james-roger-prior-angel,other_prizes/kavli/text/2010_astrophysics_bio_james-roger-prior-angel.txt,2082
3810,kavli,2010,laureate-bio,,astrophysics,https://www.kavliprize.org/bio/jerry-e-nelson,other_prizes/kavli/text/2010_astrophysics_bio_jerry-e-nelson.txt,2254
3811,kavli,2010,laureate-bio,,astrophysics,https://www.kavliprize.org/bio/raymond-n-wilson,other_prizes/kavli/text/2010_astrophysics_bio_raymond-n-wilson.txt,2424
3812,kavli,2010,prize-page,,nanoscience,https://www.kavliprize.org/prizes/nanoscience/2010,other_prizes/kavli/text/2010_nanoscience.txt,12955
3813,kavli,2010,laureate-bio,,nanoscience,https://www.kavliprize.org/bio/donald-m-eigler,other_prizes/kavli/text/2010_nanoscience_bio_donald-m-eigler.txt,2149
3814,kavli,2010,laureate-bio,,nanoscience,https://www.kavliprize.org/bio/nadrian-c-seeman,other_prizes/kavli/text/2010_nanoscience_bio_nadrian-c-seeman.txt,2146
3815,kavli,2010,prize-page,,neuroscience,https://www.kavliprize.org/prizes/neuroscience/2010,other_prizes/kavli/text/2010_neuroscience.txt,18156
3816,kavli,2010,laureate-bio,,neuroscience,https://www.kavliprize.org/bio/james-e-rothman,other_prizes/kavli/text/2010_neuroscience_bio_james-e-rothman.txt,3223
3817,kavli,2010,laureate-bio,,neuroscience,https://www.kavliprize.org/bio/richard-h-scheller,other_prizes/kavli/text/2010_neuroscience_bio_richard-h-scheller.txt,3057
3818,kavli,2010,laureate-bio,,neuroscience,https://www.kavliprize.org/bio/thomas-c-sudhof,other_prizes/kavli/text/2010_neuroscience_bio_thomas-c-sudhof.txt,2587
3819,kavli,2012,prize-page,,astrophysics,https://www.kavliprize.org/prizes/astrophysics/2012,other_prizes/kavli/text/2012_astrophysics.txt,15481
3820,kavli,2012,laureate-bio,,astrophysics,https://www.kavliprize.org/bio/david-c-jewitt,other_prizes/kavli/text/2012_astrophysics_bio_david-c-jewitt.txt,1880
3821,kavli,2012,laureate-bio,,astrophysics,https://www.kavliprize.org/bio/jane-luu,other_prizes/kavli/text/2012_astrophysics_bio_jane-luu.txt,2106
3822,kavli,2012,laureate-bio,,astrophysics,https://www.kavliprize.org/bio/michael-brown,other_prizes/kavli/text/2012_astrophysics_bio_michael-brown.txt,1761
3823,kavli,2012,prize-page,,nanoscience,https://www.kavliprize.org/prizes/nanoscience/2012,other_prizes/kavli/text/2012_nanoscience.txt,12651
3824,kavli,2012,laureate-bio,,nanoscience,https://www.kavliprize.org/bio/mildred-dresselhaus,other_prizes/kavli/text/2012_nanoscience_bio_mildred-dresselhaus.txt,4829
3825,kavli,2012,prize-page,,neuroscience,https://www.kavliprize.org/prizes/neuroscience/2012,other_prizes/kavli/text/2012_neuroscience.txt,24621
3826,kavli,2012,laureate-bio,,neuroscience,https://www.kavliprize.org/bio/ann-martin-graybiel,other_prizes/kavli/text/2012_neuroscience_bio_ann-martin-graybiel.txt,3837
3827,kavli,2012,laureate-bio,,neuroscience,https://www.kavliprize.org/bio/cornelia-bargmann,other_prizes/kavli/text/2012_neuroscience_bio_cornelia-bargmann.txt,3346
3828,kavli,2012,laureate-bio,,neuroscience,https://www.kavliprize.org/bio/winfried-denk,other_prizes/kavli/text/2012_neuroscience_bio_winfried-denk.txt,3288
3829,kavli,2014,prize-page,,astrophysics,https://www.kavliprize.org/prizes/astrophysics/2014,other_prizes/kavli/text/2014_astrophysics.txt,14925
3830,kavli,2014,laureate-bio,,astrophysics,https://www.kavliprize.org/bio/alan-guth,other_prizes/kavli/text/2014_astrophysics_bio_alan-guth.txt,1687
3831,kavli,2014,laureate-bio,,astrophysics,https://www.kavliprize.org/bio/alexei-starobinsky,other_prizes/kavli/text/2014_astrophysics_bio_alexei-starobinsky.txt,1429
3832,kavli,2014,laureate-bio,,astrophysics,https://www.kavliprize.org/bio/andrei-linde,other_prizes/kavli/text/2014_astrophysics_bio_andrei-linde.txt,1728
3833,kavli,2014,prize-page,,nanoscience,https://www.kavliprize.org/prizes/nanoscience/2014,other_prizes/kavli/text/2014_nanoscience.txt,17770
3834,kavli,2014,laureate-bio,,nanoscience,https://www.kavliprize.org/bio/sir-john-pendry,other_prizes/kavli/text/2014_nanoscience_bio_sir-john-pendry.txt,2619
3835,kavli,2014,laureate-bio,,nanoscience,https://www.kavliprize.org/bio/stefan-hell,other_prizes/kavli/text/2014_nanoscience_bio_stefan-hell.txt,2550
3836,kavli,2014,laureate-bio,,nanoscience,https://www.kavliprize.org/bio/thomas-ebbesen,other_prizes/kavli/text/2014_nanoscience_bio_thomas-ebbesen.txt,2577
3837,kavli,2014,prize-page,,neuroscience,https://www.kavliprize.org/prizes/neuroscience/2014,other_prizes/kavli/text/2014_neuroscience.txt,20003
3838,kavli,2014,laureate-bio,,neuroscience,https://www.kavliprize.org/bio/brenda-milner,other_prizes/kavli/text/2014_neuroscience_bio_brenda-milner.txt,3182
3839,kavli,2014,laureate-bio,,neuroscience,https://www.kavliprize.org/bio/marcus-e-raichle,other_prizes/kavli/text/2014_neuroscience_bio_marcus-e-raichle.txt,2422
3840,kavli,2016,prize-page,,astrophysics,https://www.kavliprize.org/prizes/astrophysics/2016,other_prizes/kavli/text/2016_astrophysics.txt,15898
3841,kavli,2016,laureate-bio,,astrophysics,https://www.kavliprize.org/bio/kip-thorne,other_prizes/kavli/text/2016_astrophysics_bio_kip-thorne.txt,2085
3842,kavli,2016,laureate-bio,,astrophysics,https://www.kavliprize.org/bio/rainer-weiss,other_prizes/kavli/text/2016_astrophysics_bio_rainer-weiss.txt,2018
3843,kavli,2016,laureate-bio,,astrophysics,https://www.kavliprize.org/bio/ronald-drever,other_prizes/kavli/text/2016_astrophysics_bio_ronald-drever.txt,1602
3844,kavli,2016,prize-page,,nanoscience,https://www.kavliprize.org/prizes/nanoscience/2016,other_prizes/kavli/text/2016_nanoscience.txt,12129
3845,kavli,2016,laureate-bio,,nanoscience,https://www.kavliprize.org/bio/calvin-quate,other_prizes/kavli/text/2016_nanoscience_bio_calvin-quate.txt,2300
3846,kavli,2016,laureate-bio,,nanoscience,https://www.kavliprize.org/bio/christoph-gerber,other_prizes/kavli/text/2016_nanoscience_bio_christoph-gerber.txt,2117
3847,kavli,2016,laureate-bio,,nanoscience,https://www.kavliprize.org/bio/gerd-binnig,other_prizes/kavli/text/2016_nanoscience_bio_gerd-binnig.txt,2195
3848,kavli,2016,prize-page,,neuroscience,https://www.kavliprize.org/prizes/neuroscience/2016,other_prizes/kavli/text/2016_neuroscience.txt,18581
3849,kavli,2016,laureate-bio,,neuroscience,https://www.kavliprize.org/bio/carla-shatz,other_prizes/kavli/text/2016_neuroscience_bio_carla-shatz.txt,2296
3850,kavli,2016,laureate-bio,,neuroscience,https://www.kavliprize.org/bio/eve-marder,other_prizes/kavli/text/2016_neuroscience_bio_eve-marder.txt,2164
3851,kavli,2016,laureate-bio,,neuroscience,https://www.kavliprize.org/bio/michael-merzenich,other_prizes/kavli/text/2016_neuroscience_bio_michael-merzenich.txt,1764
3852,kavli,2018,prize-page,,astrophysics,https://www.kavliprize.org/prizes/astrophysics/2018,other_prizes/kavli/text/2018_astrophysics.txt,14440
3853,kavli,2018,laureate-bio,,astrophysics,https://www.kavliprize.org/bio/ewine-van-dishoeck,other_prizes/kavli/text/2018_astrophysics_bio_ewine-van-dishoeck.txt,2522
3854,kavli,2018,prize-page,,nanoscience,https://www.kavliprize.org/prizes/nanoscience/2018,other_prizes/kavli/text/2018_nanoscience.txt,12215
3855,kavli,2018,laureate-bio,,nanoscience,https://www.kavliprize.org/bio/emmanuelle-charpentier,other_prizes/kavli/text/2018_nanoscience_bio_emmanuelle-charpentier.txt,2262
3856,kavli,2018,laureate-bio,,nanoscience,https://www.kavliprize.org/bio/jennifer-a-doudna,other_prizes/kavli/text/2018_nanoscience_bio_jennifer-a-doudna.txt,2134
3857,kavli,2018,laureate-bio,,nanoscience,https://www.kavliprize.org/bio/virginijus-siksnys,other_prizes/kavli/text/2018_nanoscience_bio_virginijus-siksnys.txt,2036
3858,kavli,2018,prize-page,,neuroscience,https://www.kavliprize.org/prizes/neuroscience/2018,other_prizes/kavli/text/2018_neuroscience.txt,13270
3859,kavli,2018,laureate-bio,,neuroscience,https://www.kavliprize.org/bio/a-james-hudspeth,other_prizes/kavli/text/2018_neuroscience_bio_a-james-hudspeth.txt,2301
3860,kavli,2018,laureate-bio,,neuroscience,https://www.kavliprize.org/bio/christine-petit,other_prizes/kavli/text/2018_neuroscience_bio_christine-petit.txt,1986
3861,kavli,2018,laureate-bio,,neuroscience,https://www.kavliprize.org/bio/robert-fettiplace,other_prizes/kavli/text/2018_neuroscience_bio_robert-fettiplace.txt,1900
3862,kavli,2020,prize-page,,astrophysics,https://www.kavliprize.org/prizes/astrophysics/2020,other_prizes/kavli/text/2020_astrophysics.txt,8843
3863,kavli,2020,laureate-bio,,astrophysics,https://www.kavliprize.org/bio/andrew-fabian,other_prizes/kavli/text/2020_astrophysics_bio_andrew-fabian.txt,2357
3864,kavli,2020,prize-page,,nanoscience,https://www.kavliprize.org/prizes/nanoscience/2020,other_prizes/kavli/text/2020_nanoscience.txt,12376
3865,kavli,2020,laureate-bio,,nanoscience,https://www.kavliprize.org/bio/harald-rose,other_prizes/kavli/text/2020_nanoscience_bio_harald-rose.txt,1974
3866,kavli,2020,laureate-bio,,nanoscience,https://www.kavliprize.org/bio/knut-urban,other_prizes/kavli/text/2020_nanoscience_bio_knut-urban.txt,1901
3867,kavli,2020,laureate-bio,,nanoscience,https://www.kavliprize.org/bio/maximilian-haider,other_prizes/kavli/text/2020_nanoscience_bio_maximilian-haider.txt,1749
3868,kavli,2020,laureate-bio,,nanoscience,https://www.kavliprize.org/bio/ondrej-l-krivanek,other_prizes/kavli/text/2020_nanoscience_bio_ondrej-l-krivanek.txt,2570
3869,kavli,2020,prize-page,,neuroscience,https://www.kavliprize.org/prizes/neuroscience/2020,other_prizes/kavli/text/2020_neuroscience.txt,8653
3870,kavli,2022,prize-page,,astrophysics,https://www.kavliprize.org/prizes/astrophysics/2022,other_prizes/kavli/text/2022_astrophysics.txt,12362
3871,kavli,2022,laureate-bio,,astrophysics,https://www.kavliprize.org/bio/conny-aerts,other_prizes/kavli/text/2022_astrophysics_bio_conny-aerts.txt,1717
3872,kavli,2022,laureate-bio,,astrophysics,https://www.kavliprize.org/bio/jorgen-christensen-dalsgaard,other_prizes/kavli/text/2022_astrophysics_bio_jorgen-christensen-dalsgaard.txt,1769
3873,kavli,2022,laureate-bio,,astrophysics,https://www.kavliprize.org/bio/roger-ulrich,other_prizes/kavli/text/2022_astrophysics_bio_roger-ulrich.txt,1740
3874,kavli,2022,prize-page,,nanoscience,https://www.kavliprize.org/prizes/nanoscience/2022,other_prizes/kavli/text/2022_nanoscience.txt,14778
3875,kavli,2022,laureate-bio,,nanoscience,https://www.kavliprize.org/bio/david-l-allara,other_prizes/kavli/text/2022_nanoscience_bio_david-l-allara.txt,1515
3876,kavli,2022,laureate-bio,,nanoscience,https://www.kavliprize.org/bio/george-m-whitesides,other_prizes/kavli/text/2022_nanoscience_bio_george-m-whitesides.txt,1661
3877,kavli,2022,laureate-bio,,nanoscience,https://www.kavliprize.org/bio/jacob-sagiv,other_prizes/kavli/text/2022_nanoscience_bio_jacob-sagiv.txt,1410
3878,kavli,2022,laureate-bio,,nanoscience,https://www.kavliprize.org/bio/ralph-g-nuzzo,other_prizes/kavli/text/2022_nanoscience_bio_ralph-g-nuzzo.txt,1517
3879,kavli,2022,prize-page,,neuroscience,https://www.kavliprize.org/prizes/neuroscience/2022,other_prizes/kavli/text/2022_neuroscience.txt,11671
3880,kavli,2022,laureate-bio,,neuroscience,https://www.kavliprize.org/bio/christopher-a-walsh,other_prizes/kavli/text/2022_neuroscience_bio_christopher-a-walsh.txt,1542
3881,kavli,2022,laureate-bio,,neuroscience,https://www.kavliprize.org/bio/harry-t-orr,other_prizes/kavli/text/2022_neuroscience_bio_harry-t-orr.txt,1572
3882,kavli,2022,laureate-bio,,neuroscience,https://www.kavliprize.org/bio/huda-y-zoghbi,other_prizes/kavli/text/2022_neuroscience_bio_huda-y-zoghbi.txt,1601
3883,kavli,2022,laureate-bio,,neuroscience,https://www.kavliprize.org/bio/jean-louis-mandel,other_prizes/kavli/text/2022_neuroscience_bio_jean-louis-mandel.txt,2261
3884,kavli,2024,prize-page,,astrophysics,https://www.kavliprize.org/prizes/astrophysics/2024,other_prizes/kavli/text/2024_astrophysics.txt,11537
3885,kavli,2024,laureate-bio,,astrophysics,https://www.kavliprize.org/bio/david-charbonneau,other_prizes/kavli/text/2024_astrophysics_bio_david-charbonneau.txt,1879
3886,kavli,2024,laureate-bio,,astrophysics,https://www.kavliprize.org/bio/sara-seager,other_prizes/kavli/text/2024_astrophysics_bio_sara-seager.txt,1866
3887,kavli,2024,prize-page,,nanoscience,https://www.kavliprize.org/prizes/nanoscience/2024,other_prizes/kavli/text/2024_nanoscience.txt,12549
3888,kavli,2024,laureate-bio,,nanoscience,https://www.kavliprize.org/bio/armand-paul-alivisatos,other_prizes/kavli/text/2024_nanoscience_bio_armand-paul-alivisatos.txt,2053
3889,kavli,2024,laureate-bio,,nanoscience,https://www.kavliprize.org/bio/chad-a-mirkin,other_prizes/kavli/text/2024_nanoscience_bio_chad-a-mirkin.txt,1605
3890,kavli,2024,laureate-bio,,nanoscience,https://www.kavliprize.org/bio/robert-langer,other_prizes/kavli/text/2024_nanoscience_bio_robert-langer.txt,1608
3891,kavli,2024,prize-page,,neuroscience,https://www.kavliprize.org/prizes/neuroscience/2024,other_prizes/kavli/text/2024_neuroscience.txt,11563
3892,kavli,2024,laureate-bio,,neuroscience,https://www.kavliprize.org/bio/doris-tsao,other_prizes/kavli/text/2024_neuroscience_bio_doris-tsao.txt,2279
3893,kavli,2024,laureate-bio,,neuroscience,https://www.kavliprize.org/bio/nancy-kanwisher,other_prizes/kavli/text/2024_neuroscience_bio_nancy-kanwisher.txt,2066
3894,kavli,2024,laureate-bio,,neuroscience,https://www.kavliprize.org/bio/winrich-freiwald,other_prizes/kavli/text/2024_neuroscience_bio_winrich-freiwald.txt,1981
3895,kavli,2026,prize-page,,astrophysics,https://www.kavliprize.org/prizes/astrophysics/2026,other_prizes/kavli/text/2026_astrophysics.txt,11289
3896,kavli,2026,laureate-bio,,astrophysics,https://www.kavliprize.org/bio/amina-helmi,other_prizes/kavli/text/2026_astrophysics_bio_amina-helmi.txt,1714
3897,kavli,2026,laureate-bio,,astrophysics,https://www.kavliprize.org/bio/rodrigo-ibata,other_prizes/kavli/text/2026_astrophysics_bio_rodrigo-ibata.txt,1421
3898,kavli,2026,laureate-bio,,astrophysics,https://www.kavliprize.org/bio/vasily-belokurov,other_prizes/kavli/text/2026_astrophysics_bio_vasily-belokurov.txt,1697
3899,kavli,2026,prize-page,,nanoscience,https://www.kavliprize.org/prizes/nanoscience/2026,other_prizes/kavli/text/2026_nanoscience.txt,13845
3900,kavli,2026,laureate-bio,,nanoscience,https://www.kavliprize.org/bio/allan-macdonald,other_prizes/kavli/text/2026_nanoscience_bio_allan-macdonald.txt,2022
3901,kavli,2026,laureate-bio,,nanoscience,https://www.kavliprize.org/bio/eva-andrei,other_prizes/kavli/text/2026_nanoscience_bio_eva-andrei.txt,1933
3902,kavli,2026,laureate-bio,,nanoscience,https://www.kavliprize.org/bio/pablo-jarillo-herrero,other_prizes/kavli/text/2026_nanoscience_bio_pablo-jarillo-herrero.txt,1845
3903,kavli,2026,prize-page,,neuroscience,https://www.kavliprize.org/prizes/neuroscience/2026,other_prizes/kavli/text/2026_neuroscience.txt,11141
3904,kavli,2026,laureate-bio,,neuroscience,https://www.kavliprize.org/bio/christine-holt,other_prizes/kavli/text/2026_neuroscience_bio_christine-holt.txt,1855
3905,kavli,2026,laureate-bio,,neuroscience,https://www.kavliprize.org/bio/erin-schuman,other_prizes/kavli/text/2026_neuroscience_bio_erin-schuman.txt,2171
3906,kavli,2026,laureate-bio,,neuroscience,https://www.kavliprize.org/bio/kelsey-martin,other_prizes/kavli/text/2026_neuroscience_bio_kelsey-martin.txt,2110
3907,kavli,2026,laureate-bio,,neuroscience,https://www.kavliprize.org/bio/oswald-steward,other_prizes/kavli/text/2026_neuroscience_bio_oswald-steward.txt,2054
3908,crafoord,1982,prize-page,,,https://www.crafoordprize.se/,other_prizes/crafoord/text/1982.txt,1034
3909,crafoord,1982,news,,,https://www.crafoordprize.se/news/this-years-crafoord-laureates-can-see-inside-stars-and-describe-geometric-shapes/,other_prizes/crafoord/text/1982_news_this-years-crafoord-laureates-can-see-inside-stars-and-descr.txt,404
3910,crafoord,1983,prize-page,,,https://www.crafoordprize.se/,other_prizes/crafoord/text/1983.txt,1034
3911,crafoord,1984,prize-page,,,https://www.crafoordprize.se/,other_prizes/crafoord/text/1984.txt,1034
3912,crafoord,1985,prize-page,,,https://www.crafoordprize.se/,other_prizes/crafoord/text/1985.txt,1034
3913,crafoord,1986,prize-page,,,https://www.crafoordprize.se/,other_prizes/crafoord/text/1986.txt,1034
3914,crafoord,1987,prize-page,,,https://www.crafoordprize.se/,other_prizes/crafoord/text/1987.txt,1034
3915,crafoord,1988,prize-page,,,https://www.crafoordprize.se/,other_prizes/crafoord/text/1988.txt,1034
3916,crafoord,1989,prize-page,,,https://www.crafoordprize.se/,other_prizes/crafoord/text/1989.txt,1034
3917,crafoord,1990,prize-page,,,https://www.crafoordprize.se/,other_prizes/crafoord/text/1990.txt,1034
3918,crafoord,1991,prize-page,,,https://www.crafoordprize.se/,other_prizes/crafoord/text/1991.txt,1034
3919,crafoord,1992,prize-page,,,https://www.crafoordprize.se/,other_prizes/crafoord/text/1992.txt,1034
3920,crafoord,1993,prize-page,,,https://www.crafoordprize.se/,other_prizes/crafoord/text/1993.txt,1034
3921,crafoord,1994,prize-page,,,https://www.crafoordprize.se/,other_prizes/crafoord/text/1994.txt,1034
3922,crafoord,1995,prize-page,,,https://www.crafoordprize.se/,other_prizes/crafoord/text/1995.txt,1034
3923,crafoord,1996,prize-page,,,https://www.crafoordprize.se/,other_prizes/crafoord/text/1996.txt,1034
3924,crafoord,1997,prize-page,,,https://www.crafoordprize.se/,other_prizes/crafoord/text/1997.txt,1034
3925,crafoord,1998,prize-page,,,https://www.crafoordprize.se/,other_prizes/crafoord/text/1998.txt,1034
3926,crafoord,1999,prize-page,,,https://www.crafoordprize.se/,other_prizes/crafoord/text/1999.txt,1034
3927,crafoord,2000,prize-page,,,https://www.crafoordprize.se/,other_prizes/crafoord/text/2000.txt,1034
3928,crafoord,2001,prize-page,,,https://www.crafoordprize.se/,other_prizes/crafoord/text/2001.txt,1034
3929,crafoord,2002,prize-page,,,https://www.crafoordprize.se/,other_prizes/crafoord/text/2002.txt,1034
3930,crafoord,2003,prize-page,,,https://www.crafoordprize.se/,other_prizes/crafoord/text/2003.txt,1034
3931,crafoord,2004,prize-page,,,https://www.crafoordprize.se/,other_prizes/crafoord/text/2004.txt,1034
3932,crafoord,2005,prize-page,,,https://www.crafoordprize.se/,other_prizes/crafoord/text/2005.txt,1034
3933,crafoord,2006,prize-page,,,https://www.crafoordprize.se/,other_prizes/crafoord/text/2006.txt,1034
3934,crafoord,2007,prize-page,,,https://www.crafoordprize.se/,other_prizes/crafoord/text/2007.txt,1034
3935,crafoord,2008,prize-page,,,https://www.crafoordprize.se/,other_prizes/crafoord/text/2008.txt,1034
3936,crafoord,2009,prize-page,,,https://www.crafoordprize.se/,other_prizes/crafoord/text/2009.txt,1034
3937,crafoord,2010,prize-page,,,https://www.crafoordprize.se/,other_prizes/crafoord/text/2010.txt,1034
3938,crafoord,2011,prize-page,,,https://www.crafoordprize.se/,other_prizes/crafoord/text/2011.txt,1034
3939,crafoord,2012,prize-page,,,https://www.crafoordprize.se/,other_prizes/crafoord/text/2012.txt,1034
3940,crafoord,2013,prize-page,,,https://www.crafoordprize.se/,other_prizes/crafoord/text/2013.txt,1034
3941,crafoord,2014,prize-page,,,https://www.crafoordprize.se/,other_prizes/crafoord/text/2014.txt,1034
3942,crafoord,2015,prize-page,,,https://www.crafoordprize.se/,other_prizes/crafoord/text/2015.txt,1034
3943,crafoord,2016,prize-page,,,https://www.crafoordprize.se/,other_prizes/crafoord/text/2016.txt,1034
3944,crafoord,2017,prize-page,,,https://www.crafoordprize.se/,other_prizes/crafoord/text/2017.txt,1034
3945,crafoord,2018,prize-page,,,https://www.crafoordprize.se/,other_prizes/crafoord/text/2018.txt,1034
3946,crafoord,2019,prize-page,,,https://www.crafoordprize.se/,other_prizes/crafoord/text/2019.txt,1034
3947,crafoord,2020,prize-page,,,https://www.crafoordprize.se/,other_prizes/crafoord/text/2020.txt,1034
3948,crafoord,2021,prize-page,,,https://www.crafoordprize.se/,other_prizes/crafoord/text/2021.txt,1034
3949,crafoord,2022,prize-page,,,https://www.crafoordprize.se/,other_prizes/crafoord/text/2022.txt,1034
3950,crafoord,2023,prize-page,,,https://www.crafoordprize.se/,other_prizes/crafoord/text/2023.txt,1034
3951,crafoord,2024,prize-page,,,https://www.crafoordprize.se/,other_prizes/crafoord/text/2024.txt,1034
3952,crafoord,2025,prize-page,,,https://www.crafoordprize.se/,other_prizes/crafoord/text/2025.txt,1034
3953,crafoord,2026,prize-page,,,https://www.crafoordprize.se/,other_prizes/crafoord/text/2026.txt,1034
3954,wolf_chemistry,1978,laureate-page,Carl Djerassi,,https://wolffund.org.il/carl-djerassi/,other_prizes/wolf/text/1978_carl-djerassi.txt,3027
3955,wolf_physics,1978,laureate-page,Chien-Shiung Wu,,https://wolffund.org.il/chien-shiung-wu/,other_prizes/wolf/text/1978_chien-shiung-wu.txt,3172
3956,wolf_physics,1979,laureate-page,George E. Uhlenbeck,,https://wolffund.org.il/george-e-uhlenbeck/,other_prizes/wolf/text/1979_george-e-uhlenbeck.txt,3656
3957,wolf_physics,1979,laureate-page,Giuseppe Occhialini,,https://wolffund.org.il/giuseppe-occhialini/,other_prizes/wolf/text/1979_giuseppe-occhialini.txt,3760
3958,wolf_chemistry,1979,laureate-page,Herman Mark,,https://wolffund.org.il/herman-f-mark/,other_prizes/wolf/text/1979_herman-mark.txt,4164
3959,wolf_chemistry,1980,laureate-page,Henry Eyring,,https://wolffund.org.il/henry-eyring/,other_prizes/wolf/text/1980_henry-eyring.txt,4327
3960,wolf_physics,1980,laureate-page,Kenneth G. Wilson,,https://wolffund.org.il/kenneth-g-wilson/,other_prizes/wolf/text/1980_kenneth-g-wilson.txt,4954
3961,wolf_physics,1980,laureate-page,Leo P. Kadanoff,,https://wolffund.org.il/leo-p-kadanoff/,other_prizes/wolf/text/1980_leo-p-kadanoff.txt,4823
3962,wolf_physics,1980,laureate-page,Michael E. Fisher,,https://wolffund.org.il/michael-e-fisher/,other_prizes/wolf/text/1980_michael-e-fisher.txt,4914
3963,wolf_physics,1981,laureate-page,Freeman J. Dyson,,https://wolffund.org.il/freeman-j-dyson/,other_prizes/wolf/text/1981_freeman-j-dyson.txt,4727
3964,wolf_physics,1981,laureate-page,Gerard 't Hooft,,https://wolffund.org.il/gerard-t-hooft/,other_prizes/wolf/text/1981_gerard-t-hooft.txt,5119
3965,wolf_chemistry,1981,laureate-page,Joseph Chatt,,https://wolffund.org.il/joseph-chatt/,other_prizes/wolf/text/1981_joseph-chatt.txt,4722
3966,wolf_physics,1981,laureate-page,Victor F. Weisskopf,,https://wolffund.org.il/victor-j-weisskopf/,other_prizes/wolf/text/1981_victor-f-weisskopf.txt,4928
3967,wolf_chemistry,1982,laureate-page,George C. Pimentel,,https://wolffund.org.il/george-c-pimentel/,other_prizes/wolf/text/1982_george-c-pimentel.txt,3962
3968,wolf_physics,1982,laureate-page,Leon M. Lederman,,https://wolffund.org.il/leon-m-lederman/,other_prizes/wolf/text/1982_leon-m-lederman.txt,4308
3969,wolf_physics,1982,laureate-page,Martin L. Perl,,https://wolffund.org.il/martin-m-perl/,other_prizes/wolf/text/1982_martin-l-perl.txt,4478
3970,wolf_chemistry,1983,laureate-page,Harden M. McConnell,,https://wolffund.org.il/harden-m-mcconnell/,other_prizes/wolf/text/1983_harden-m-mcconnell.txt,4605
3971,wolf_chemistry,1983,laureate-page,Herbert S. Gutowsky,,https://wolffund.org.il/herbert-s-gutowsky/,other_prizes/wolf/text/1983_herbert-s-gutowsky.txt,4357
3972,wolf_chemistry,1983,laureate-page,John S. Waugh,,https://wolffund.org.il/john-s-waugh/,other_prizes/wolf/text/1983_john-s-waugh.txt,4321
3973,wolf_chemistry,1984,laureate-page,Rudolph A. Marcus,,https://wolffund.org.il/rudolph-a-marcus/,other_prizes/wolf/text/1984_rudolph-a-marcus.txt,5928
3974,wolf_physics,1984,laureate-page,Theodore H. Maiman,,https://wolffund.org.il/theodore-h-maiman/,other_prizes/wolf/text/1984_theodore-h-maiman.txt,3966
3975,wolf_physics,1985,laureate-page,Conyers Herring,,https://wolffund.org.il/conyers-herring/,other_prizes/wolf/text/1985_conyers-herring.txt,5173
3976,wolf_chemistry,1986,laureate-page,Albert Eschenmoser,,https://wolffund.org.il/albert-eschenmoser/,other_prizes/wolf/text/1986_albert-eschenmoser.txt,4049
3977,wolf_physics,1986,laureate-page,Albert J. Libchaber,,https://wolffund.org.il/albert-j-libchaber/,other_prizes/wolf/text/1986_albert-j-libchaber.txt,4499
3978,wolf_physics,1986,laureate-page,Mitchell J. Feigenbaum,,https://wolffund.org.il/mitchell-j-feigenbaum/,other_prizes/wolf/text/1986_mitchell-j-feigenbaum.txt,5466
3979,wolf_physics,1987,laureate-page,Bruno B. Rossi,,https://wolffund.org.il/bruno-b-rossi/,other_prizes/wolf/text/1987_bruno-b-rossi.txt,7181
3980,wolf_physics,1987,laureate-page,Herbert Friedman,,https://wolffund.org.il/herbert-friedman/,other_prizes/wolf/text/1987_herbert-friedman.txt,5479
3981,wolf_physics,1987,laureate-page,Riccardo Giacconi,,https://wolffund.org.il/riccardo-giacconi/,other_prizes/wolf/text/1987_riccardo-giacconi.txt,7104
3982,wolf_physics,1988,laureate-page,Roger Penrose,,https://wolffund.org.il/roger-penrose/,other_prizes/wolf/text/1988_roger-penrose.txt,4529
3983,wolf_physics,1988,laureate-page,Stephen W. Hawking,,https://wolffund.org.il/stephen-w-hawking/,other_prizes/wolf/text/1988_stephen-w-hawking.txt,5233
3984,wolf_physics,1990,laureate-page,David J. Thouless,,https://wolffund.org.il/david-j-thouless/,other_prizes/wolf/text/1990_david-j-thouless.txt,4531
3985,wolf_physics,1990,laureate-page,Pierre-Gilles de Gennes,,https://wolffund.org.il/pierre-gilles-de-gennes/,other_prizes/wolf/text/1990_pierre-gilles-de-gennes.txt,4460
3986,wolf_chemistry,1991,laureate-page,Alexander Pines,,https://wolffund.org.il/alexander-pines/,other_prizes/wolf/text/1991_alexander-pines.txt,5350
3987,wolf_physics,1991,laureate-page,Maurice Goldhaber,,https://wolffund.org.il/maurice-goldhaber/,other_prizes/wolf/text/1991_maurice-goldhaber.txt,5424
3988,wolf_chemistry,1991,laureate-page,Richard R. Ernst,,https://wolffund.org.il/richard-r-ernst/,other_prizes/wolf/text/1991_richard-r-ernst.txt,5381
3989,wolf_physics,1991,laureate-page,Valentine L. Telegdi,,https://wolffund.org.il/valentine-l-telegdi/,other_prizes/wolf/text/1991_valentine-l-telegdi.txt,5890
3990,wolf_chemistry,1992,laureate-page,John Pople,,https://wolffund.org.il/john-a-pople/,other_prizes/wolf/text/1992_john-pople.txt,5126
3991,wolf_physics,1992,laureate-page,Joseph H. Taylor Jr.,,https://wolffund.org.il/joseph-h-taylor-jr/,other_prizes/wolf/text/1992_joseph-h-taylor-jr.txt,5616
3992,wolf_physics,1993,laureate-page,Benoit B. Mandelbrot,,https://wolffund.org.il/benoit-b-mandelbrot/,other_prizes/wolf/text/1993_benoit-b-mandelbrot.txt,5530
3993,wolf_physics,1994,laureate-page,Vitaly L. Ginzburg,,https://wolffund.org.il/vitaly-l-ginzburg/,other_prizes/wolf/text/1994_vitaly-l-ginzburg.txt,4155
3994,wolf_physics,1994,laureate-page,Yoichiro Nambu,,https://wolffund.org.il/yoichiro-nambu/,other_prizes/wolf/text/1994_yoichiro-nambu.txt,4294
3995,wolf_physics,1996,laureate-page,John A. Wheeler,,https://wolffund.org.il/john-a-wheeler/,other_prizes/wolf/text/1996_john-a-wheeler.txt,6321
3996,wolf_physics,1998,laureate-page,Michael V. Berry,,https://wolffund.org.il/sir-michael-v-berry/,other_prizes/wolf/text/1998_michael-v-berry.txt,6512
3997,wolf_physics,1998,laureate-page,Yakir Aharonov,,https://wolffund.org.il/yakir-aharonov/,other_prizes/wolf/text/1998_yakir-aharonov.txt,6666
3998,wolf_physics,1999,laureate-page,Dan Shechtman,,https://wolffund.org.il/dan-shechtman/,other_prizes/wolf/text/1999_dan-shechtman.txt,4190
3999,wolf_chemistry,1999,laureate-page,Raymond U. Lemieux,,https://wolffund.org.il/raymond-u-lemieux/,other_prizes/wolf/text/1999_raymond-u-lemieux.txt,5282
4000,wolf_physics,2000,laureate-page,Masatoshi Koshiba,,https://wolffund.org.il/masatoshi-koshiba/,other_prizes/wolf/text/2000_masatoshi-koshiba.txt,4388
4001,wolf_physics,2000,laureate-page,Raymond Davis Jr.,,https://wolffund.org.il/raymond-davis-jr/,other_prizes/wolf/text/2000_raymond-davis-jr.txt,4354
4002,wolf_physics,2002,laureate-page,Anthony J. Leggett,,https://wolffund.org.il/anthony-j-leggett/,other_prizes/wolf/text/2002_anthony-j-leggett.txt,4579
4003,wolf_physics,2002,laureate-page,Bertrand Halperin,,https://wolffund.org.il/bertrand-i-halperin/,other_prizes/wolf/text/2002_bertrand-halperin.txt,4623
4004,wolf_physics,2004,laureate-page,François Englert,,https://wolffund.org.il/francois-englert/,other_prizes/wolf/text/2004_francois-englert.txt,5935
4005,wolf_chemistry,2004,laureate-page,Harry B. Gray,,https://wolffund.org.il/harry-b-gray/,other_prizes/wolf/text/2004_harry-b-gray.txt,7009
4006,wolf_physics,2004,laureate-page,Peter Higgs,,https://wolffund.org.il/peter-w-higgs/,other_prizes/wolf/text/2004_peter-higgs.txt,5949
4007,wolf_physics,2004,laureate-page,Robert Brout,,https://wolffund.org.il/robert-brout/,other_prizes/wolf/text/2004_robert-brout.txt,5934
4008,wolf_physics,2005,laureate-page,Daniel Kleppner,,https://wolffund.org.il/daniel-kleppner/,other_prizes/wolf/text/2005_daniel-kleppner.txt,5890
4009,wolf_chemistry,2005,laureate-page,Richard N. Zare,,https://wolffund.org.il/richard-n-zare/,other_prizes/wolf/text/2005_richard-n-zare.txt,5763
4010,wolf_physics,2006,laureate-page,Albert Fert,,https://wolffund.org.il/albert-fert/,other_prizes/wolf/text/2006_albert-fert.txt,5466
4011,wolf_physics,2010,laureate-page,Alain Aspect,,https://wolffund.org.il/alain-aspect/,other_prizes/wolf/text/2010_alain-aspect.txt,4515
4012,wolf_physics,2010,laureate-page,Anton Zeilinger,,https://wolffund.org.il/anton-zeilinger/,other_prizes/wolf/text/2010_anton-zeilinger.txt,4621
4013,wolf_physics,2010,laureate-page,John F. Clauser,,https://wolffund.org.il/john-f-clauser/,other_prizes/wolf/text/2010_john-f-clauser.txt,4518
4014,wolf_physics,2011,laureate-page,Harald Rose,,https://wolffund.org.il/harald-rose/,other_prizes/wolf/text/2011_harald-rose.txt,6172
4015,wolf_physics,2011,laureate-page,Knut Urban,,https://wolffund.org.il/knut-urban/,other_prizes/wolf/text/2011_knut-urban.txt,6161
4016,wolf_physics,2011,laureate-page,Maximilian Haider,,https://wolffund.org.il/maximilian-haider/,other_prizes/wolf/text/2011_maximilian-haider.txt,6173
4017,wolf_chemistry,2012,laureate-page,A. Paul Alivisatos,,https://wolffund.org.il/paul-alivisatos/,other_prizes/wolf/text/2012_a-paul-alivisatos.txt,5222
4018,wolf_chemistry,2012,laureate-page,Charles M. Lieber,,https://wolffund.org.il/charles-m-lieber/,other_prizes/wolf/text/2012_charles-m-lieber.txt,5970
4019,wolf_physics,2012,laureate-page,Jacob Bekenstein,,https://wolffund.org.il/jacob-bekenstein/,other_prizes/wolf/text/2012_jacob-bekenstein.txt,5002
4020,wolf_physics,2013,laureate-page,Juan Ignacio Cirac,,https://wolffund.org.il/juan-ignacio-cirac/,other_prizes/wolf/text/2013_juan-ignacio-cirac.txt,5405
4021,wolf_physics,2013,laureate-page,Peter Zoller,,https://wolffund.org.il/peter-zoller/,other_prizes/wolf/text/2013_peter-zoller.txt,5413
4022,wolf_chemistry,2013,laureate-page,Robert S. Langer,,https://wolffund.org.il/robert-s-langer/,other_prizes/wolf/text/2013_robert-s-langer.txt,6105
4023,wolf_chemistry,2014,laureate-page,Chi-Huey Wong,,https://wolffund.org.il/chi-huey-wong/,other_prizes/wolf/text/2014_chi-huey-wong.txt,4661
4024,wolf_physics,2015,laureate-page,James D. Bjorken,,https://wolffund.org.il/james-d-bjorken/,other_prizes/wolf/text/2015_james-d-bjorken.txt,5613
4025,wolf_physics,2015,laureate-page,Robert P. Kirshner,,https://wolffund.org.il/robert-p-kirshner/,other_prizes/wolf/text/2015_robert-p-kirshner.txt,5489
4026,wolf_chemistry,2016,laureate-page,Stuart Schreiber,,https://wolffund.org.il/schreiber-l-stuart/,other_prizes/wolf/text/2016_stuart-schreiber.txt,6424
4027,wolf_physics,2016,laureate-page,Yoseph Imry,,https://wolffund.org.il/imry-yoseph/,other_prizes/wolf/text/2016_yoseph-imry.txt,5988
4028,wolf_physics,2017,laureate-page,Didier Queloz,,https://wolffund.org.il/didier-queloz/,other_prizes/wolf/text/2017_didier-queloz.txt,5220
4029,wolf_chemistry,2017,laureate-page,Robert G. Bergman,,https://wolffund.org.il/robert-bergman/,other_prizes/wolf/text/2017_robert-g-bergman.txt,5149
4030,wolf_physics,2018,laureate-page,Charles H. Bennett,,https://wolffund.org.il/charles-h-bennett/,other_prizes/wolf/text/2018_charles-h-bennett.txt,10661
4031,wolf_physics,2018,laureate-page,Gilles Brassard,,https://wolffund.org.il/gilles-brassard/,other_prizes/wolf/text/2018_gilles-brassard.txt,10970
4032,wolf_chemistry,2018,laureate-page,Makoto Fujita,,https://wolffund.org.il/makoto-fujita-2/,other_prizes/wolf/text/2018_makoto-fujita.txt,6966
4033,wolf_chemistry,2018,laureate-page,Omar M. Yaghi,,https://wolffund.org.il/omar-yaghi/,other_prizes/wolf/text/2018_omar-m-yaghi.txt,6597
4034,wolf_physics,2020,laureate-page,Allan H. MacDonald,,https://wolffund.org.il/allan-h-macdonald/,other_prizes/wolf/text/2020_allan-h-macdonald.txt,8013
4035,wolf_physics,2020,laureate-page,Pablo Jarillo-Herrero,,https://wolffund.org.il/pablo-jarillo-herrero/,other_prizes/wolf/text/2020_pablo-jarillo-herrero.txt,7707
4036,wolf_physics,2020,laureate-page,Rafi Bistritzer,,https://wolffund.org.il/rafi-bistritzer/,other_prizes/wolf/text/2020_rafi-bistritzer.txt,7704
4037,wolf_physics,2021,laureate-page,Giorgio Parisi,,https://wolffund.org.il/giorgio-parisi/,other_prizes/wolf/text/2021_giorgio-parisi.txt,6215
4038,wolf_physics,2022,laureate-page,Ferenc Krausz,,https://wolffund.org.il/ferenc-krausz/,other_prizes/wolf/text/2022_ferenc-krausz.txt,6077
4039,wolf_physics,2022,laureate-page,Paul Corkum,,https://wolffund.org.il/paul-corkum/,other_prizes/wolf/text/2022_paul-corkum.txt,5981
4040,wolf_physics,2024,laureate-page,Martin Rees,,https://wolffund.org.il/martin-rees/,other_prizes/wolf/text/2024_martin-rees.txt,7518
4041,wolf_chemistry,2025,laureate-page,Helmut F. Schwarz,,https://wolffund.org.il/helmut-schwarz/,other_prizes/wolf/text/2025_helmut-f-schwarz.txt,7265
4042,wolf_physics,2025,laureate-page,Jainendra K. Jain,,https://wolffund.org.il/jainendra-k-jain/,other_prizes/wolf/text/2025_jainendra-k-jain.txt,6624
4043,wolf_physics,2025,laureate-page,James P. Eisenstein,,https://wolffund.org.il/james-p-eisenstein/,other_prizes/wolf/text/2025_james-p-eisenstein.txt,6628
4044,wolf_physics,2025,laureate-page,Mordehai Heiblum,,https://wolffund.org.il/mordehai-moty-heiblum/,other_prizes/wolf/text/2025_mordehai-heiblum.txt,6507
